ISO-10303-21;
HEADER;
FILE_DESCRIPTION(('Open CASCADE Model'),'2;1');
FILE_NAME('Open CASCADE Shape Model','2026-10-01T15:37:39',('Author'),(
    'Open CASCADE'),'Open CASCADE STEP processor 8.0','build123d',
  'Unknown');
FILE_SCHEMA(('AUTOMOTIVE_DESIGN { 1 0 10303 214 1 1 1 1 }'));
ENDSEC;
DATA;
#1 = APPLICATION_PROTOCOL_DEFINITION('international standard',
  'automotive_design',2000,#2);
#2 = APPLICATION_CONTEXT(
  'core data for automotive mechanical design processes');
#3 = SHAPE_DEFINITION_REPRESENTATION(#4,#10);
#4 = PRODUCT_DEFINITION_SHAPE('','',#5);
#5 = PRODUCT_DEFINITION('design','',#6,#9);
#6 = PRODUCT_DEFINITION_FORMATION('','',#7);
#7 = PRODUCT('COMPOUND','COMPOUND','',(#8));
#8 = PRODUCT_CONTEXT('',#2,'mechanical');
#9 = PRODUCT_DEFINITION_CONTEXT('part definition',#2,'design');
#10 = SHAPE_REPRESENTATION('',(#11,#15,#19,#23,#27,#31),#35);
#11 = AXIS2_PLACEMENT_3D('',#12,#13,#14);
#12 = CARTESIAN_POINT('',(0.,0.,0.));
#13 = DIRECTION('',(0.,0.,1.));
#14 = DIRECTION('',(1.,0.,-0.));
#15 = AXIS2_PLACEMENT_3D('',#16,#17,#18);
#16 = CARTESIAN_POINT('',(0.,0.,0.));
#17 = DIRECTION('',(0.,0.,1.));
#18 = DIRECTION('',(1.,0.,-0.));
#19 = AXIS2_PLACEMENT_3D('',#20,#21,#22);
#20 = CARTESIAN_POINT('',(0.,0.,0.));
#21 = DIRECTION('',(0.,0.,1.));
#22 = DIRECTION('',(1.,0.,-0.));
#23 = AXIS2_PLACEMENT_3D('',#24,#25,#26);
#24 = CARTESIAN_POINT('',(0.,0.,0.));
#25 = DIRECTION('',(0.,0.,1.));
#26 = DIRECTION('',(1.,0.,-0.));
#27 = AXIS2_PLACEMENT_3D('',#28,#29,#30);
#28 = CARTESIAN_POINT('',(0.,0.,0.));
#29 = DIRECTION('',(0.,0.,1.));
#30 = DIRECTION('',(1.,0.,-0.));
#31 = AXIS2_PLACEMENT_3D('',#32,#33,#34);
#32 = CARTESIAN_POINT('',(0.,0.,0.));
#33 = DIRECTION('',(0.,0.,1.));
#34 = DIRECTION('',(1.,0.,-0.));
#35 = ( GEOMETRIC_REPRESENTATION_CONTEXT(3) 
GLOBAL_UNCERTAINTY_ASSIGNED_CONTEXT((#39)) GLOBAL_UNIT_ASSIGNED_CONTEXT(
(#36,#37,#38)) REPRESENTATION_CONTEXT('Context #1',
  '3D Context with UNIT and UNCERTAINTY') );
#36 = ( LENGTH_UNIT() NAMED_UNIT(*) SI_UNIT(.MILLI.,.METRE.) );
#37 = ( NAMED_UNIT(*) PLANE_ANGLE_UNIT() SI_UNIT($,.RADIAN.) );
#38 = ( NAMED_UNIT(*) SI_UNIT($,.STERADIAN.) SOLID_ANGLE_UNIT() );
#39 = UNCERTAINTY_MEASURE_WITH_UNIT(LENGTH_MEASURE(5.E-06),#36,
  'distance_accuracy_value','confusion accuracy');
#40 = PRODUCT_RELATED_PRODUCT_CATEGORY('part',$,(#7));
#41 = SHAPE_DEFINITION_REPRESENTATION(#42,#48);
#42 = PRODUCT_DEFINITION_SHAPE('','',#43);
#43 = PRODUCT_DEFINITION('design','',#44,#47);
#44 = PRODUCT_DEFINITION_FORMATION('','',#45);
#45 = PRODUCT('COMPOUND','COMPOUND','',(#46));
#46 = PRODUCT_CONTEXT('',#2,'mechanical');
#47 = PRODUCT_DEFINITION_CONTEXT('part definition',#2,'design');
#48 = ADVANCED_BREP_SHAPE_REPRESENTATION('',(#11,#49),#1247);
#49 = MANIFOLD_SOLID_BREP('',#50);
#50 = CLOSED_SHELL('',(#51,#487,#522,#557,#750,#943,#998,#1059,#1063,
    #1098,#1153,#1188,#1243));
#51 = ADVANCED_FACE('',(#52,#139,#313),#65,.T.);
#52 = FACE_BOUND('',#53,.T.);
#53 = EDGE_LOOP('',(#54,#88,#111,#138));
#54 = ORIENTED_EDGE('',*,*,#55,.T.);
#55 = EDGE_CURVE('',#56,#56,#58,.T.);
#56 = VERTEX_POINT('',#57);
#57 = CARTESIAN_POINT('',(24.15,-5.915044039882E-15,-350.));
#58 = SURFACE_CURVE('',#59,(#64,#76),.PCURVE_S1.);
#59 = CIRCLE('',#60,24.15);
#60 = AXIS2_PLACEMENT_3D('',#61,#62,#63);
#61 = CARTESIAN_POINT('',(0.,0.,-350.));
#62 = DIRECTION('',(0.,0.,1.));
#63 = DIRECTION('',(1.,0.,-0.));
#64 = PCURVE('',#65,#70);
#65 = CYLINDRICAL_SURFACE('',#66,24.15);
#66 = AXIS2_PLACEMENT_3D('',#67,#68,#69);
#67 = CARTESIAN_POINT('',(0.,0.,-800.));
#68 = DIRECTION('',(0.,0.,1.));
#69 = DIRECTION('',(1.,0.,-0.));
#70 = DEFINITIONAL_REPRESENTATION('',(#71),#75);
#71 = LINE('',#72,#73);
#72 = CARTESIAN_POINT('',(0.,450.));
#73 = VECTOR('',#74,1.);
#74 = DIRECTION('',(1.,0.));
#75 = ( GEOMETRIC_REPRESENTATION_CONTEXT(2) 
PARAMETRIC_REPRESENTATION_CONTEXT() REPRESENTATION_CONTEXT('2D SPACE',''
  ) );
#76 = PCURVE('',#77,#82);
#77 = PLANE('',#78);
#78 = AXIS2_PLACEMENT_3D('',#79,#80,#81);
#79 = CARTESIAN_POINT('',(0.,0.,-350.));
#80 = DIRECTION('',(0.,0.,1.));
#81 = DIRECTION('',(1.,0.,-0.));
#82 = DEFINITIONAL_REPRESENTATION('',(#83),#87);
#83 = CIRCLE('',#84,24.15);
#84 = AXIS2_PLACEMENT_2D('',#85,#86);
#85 = CARTESIAN_POINT('',(0.,0.));
#86 = DIRECTION('',(1.,0.));
#87 = ( GEOMETRIC_REPRESENTATION_CONTEXT(2) 
PARAMETRIC_REPRESENTATION_CONTEXT() REPRESENTATION_CONTEXT('2D SPACE',''
  ) );
#88 = ORIENTED_EDGE('',*,*,#89,.T.);
#89 = EDGE_CURVE('',#56,#90,#92,.T.);
#90 = VERTEX_POINT('',#91);
#91 = CARTESIAN_POINT('',(24.15,-5.915044039882E-15,200.));
#92 = SEAM_CURVE('',#93,(#97,#104),.PCURVE_S1.);
#93 = LINE('',#94,#95);
#94 = CARTESIAN_POINT('',(24.15,-5.915044039882E-15,-800.));
#95 = VECTOR('',#96,1.);
#96 = DIRECTION('',(0.,0.,1.));
#97 = PCURVE('',#65,#98);
#98 = DEFINITIONAL_REPRESENTATION('',(#99),#103);
#99 = LINE('',#100,#101);
#100 = CARTESIAN_POINT('',(0.,-0.));
#101 = VECTOR('',#102,1.);
#102 = DIRECTION('',(0.,1.));
#103 = ( GEOMETRIC_REPRESENTATION_CONTEXT(2) 
PARAMETRIC_REPRESENTATION_CONTEXT() REPRESENTATION_CONTEXT('2D SPACE',''
  ) );
#104 = PCURVE('',#65,#105);
#105 = DEFINITIONAL_REPRESENTATION('',(#106),#110);
#106 = LINE('',#107,#108);
#107 = CARTESIAN_POINT('',(6.28318530718,-0.));
#108 = VECTOR('',#109,1.);
#109 = DIRECTION('',(0.,1.));
#110 = ( GEOMETRIC_REPRESENTATION_CONTEXT(2) 
PARAMETRIC_REPRESENTATION_CONTEXT() REPRESENTATION_CONTEXT('2D SPACE',''
  ) );
#111 = ORIENTED_EDGE('',*,*,#112,.F.);
#112 = EDGE_CURVE('',#90,#90,#113,.T.);
#113 = SURFACE_CURVE('',#114,(#119,#126),.PCURVE_S1.);
#114 = CIRCLE('',#115,24.15);
#115 = AXIS2_PLACEMENT_3D('',#116,#117,#118);
#116 = CARTESIAN_POINT('',(0.,0.,200.));
#117 = DIRECTION('',(0.,0.,1.));
#118 = DIRECTION('',(1.,0.,-0.));
#119 = PCURVE('',#65,#120);
#120 = DEFINITIONAL_REPRESENTATION('',(#121),#125);
#121 = LINE('',#122,#123);
#122 = CARTESIAN_POINT('',(0.,1.E+03));
#123 = VECTOR('',#124,1.);
#124 = DIRECTION('',(1.,0.));
#125 = ( GEOMETRIC_REPRESENTATION_CONTEXT(2) 
PARAMETRIC_REPRESENTATION_CONTEXT() REPRESENTATION_CONTEXT('2D SPACE',''
  ) );
#126 = PCURVE('',#127,#132);
#127 = PLANE('',#128);
#128 = AXIS2_PLACEMENT_3D('',#129,#130,#131);
#129 = CARTESIAN_POINT('',(0.,0.,200.));
#130 = DIRECTION('',(0.,0.,1.));
#131 = DIRECTION('',(1.,0.,-0.));
#132 = DEFINITIONAL_REPRESENTATION('',(#133),#137);
#133 = CIRCLE('',#134,24.15);
#134 = AXIS2_PLACEMENT_2D('',#135,#136);
#135 = CARTESIAN_POINT('',(0.,0.));
#136 = DIRECTION('',(1.,0.));
#137 = ( GEOMETRIC_REPRESENTATION_CONTEXT(2) 
PARAMETRIC_REPRESENTATION_CONTEXT() REPRESENTATION_CONTEXT('2D SPACE',''
  ) );
#138 = ORIENTED_EDGE('',*,*,#89,.F.);
#139 = FACE_BOUND('',#140,.T.);
#140 = EDGE_LOOP('',(#141));
#141 = ORIENTED_EDGE('',*,*,#142,.T.);
#142 = EDGE_CURVE('',#143,#143,#145,.T.);
#143 = VERTEX_POINT('',#144);
#144 = CARTESIAN_POINT('',(2.5,24.020251872118,180.));
#145 = SURFACE_CURVE('',#146,(#198,#253),.PCURVE_S1.);
#146 = B_SPLINE_CURVE_WITH_KNOTS('',8,(#147,#148,#149,#150,#151,#152,
    #153,#154,#155,#156,#157,#158,#159,#160,#161,#162,#163,#164,#165,
    #166,#167,#168,#169,#170,#171,#172,#173,#174,#175,#176,#177,#178,
    #179,#180,#181,#182,#183,#184,#185,#186,#187,#188,#189,#190,#191,
    #192,#193,#194,#195,#196,#197),.UNSPECIFIED.,.T.,.F.,(9,7,7,7,7,7,7,
    9),(0.,0.154962825162,0.286427842861,0.411475927593,0.569088298531,
    0.707460699601,0.827668297503,1.),.UNSPECIFIED.);
#147 = CARTESIAN_POINT('',(2.5,24.020251872118,180.));
#148 = CARTESIAN_POINT('',(2.5,24.020251872118,180.26057336339));
#149 = CARTESIAN_POINT('',(2.46896036999,24.023482225102,180.52074347483
    ));
#150 = CARTESIAN_POINT('',(2.407051461077,24.029926458258,
    180.77858612784));
#151 = CARTESIAN_POINT('',(2.313559498363,24.039428762568,
    181.03197297722));
#152 = CARTESIAN_POINT('',(2.18717844906,24.051680552556,181.27808046204
    ));
#153 = CARTESIAN_POINT('',(2.02619861514,24.066119991217,181.51307834659
    ));
#154 = CARTESIAN_POINT('',(1.828787684467,24.081810763687,
    181.73168582146));
#155 = CARTESIAN_POINT('',(1.394001047651,24.110563224467,
    182.09137260858));
#156 = CARTESIAN_POINT('',(1.159477964865,24.124175380387,
    182.24559090407));
#157 = CARTESIAN_POINT('',(0.89342910251,24.136815516627,182.37532080218
    ));
#158 = CARTESIAN_POINT('',(0.602307159542,24.146804371557,
    182.47035972168));
#159 = CARTESIAN_POINT('',(0.295033124159,24.152579144958,
    182.52391337698));
#160 = CARTESIAN_POINT('',(-1.821188121473E-02,24.153422546766,
    182.53270764786));
#161 = CARTESIAN_POINT('',(-0.326978715533,24.149586285108,
    182.49713581362));
#162 = CARTESIAN_POINT('',(-0.902083886648,24.134775699267,
    182.34947390306));
#163 = CARTESIAN_POINT('',(-1.16098932886,24.12438467696,182.24345620232
    ));
#164 = CARTESIAN_POINT('',(-1.395923919995,24.111880899895,
    182.10993293449));
#165 = CARTESIAN_POINT('',(-1.605608983045,24.098368399715,
    181.95450781647));
#166 = CARTESIAN_POINT('',(-1.789585116064,24.084811723706,
    181.78210196718));
#167 = CARTESIAN_POINT('',(-1.947976484382,24.071969459835,
    181.5970908597));
#168 = CARTESIAN_POINT('',(-2.081373236179,24.060391760675,
    181.40337015744));
#169 = CARTESIAN_POINT('',(-2.328647766038,24.037867387004,
    180.9535794574));
#170 = CARTESIAN_POINT('',(-2.429845992033,24.027738336511,
    180.69177124121));
#171 = CARTESIAN_POINT('',(-2.496149789357,24.02072301497,
    180.42333709186));
#172 = CARTESIAN_POINT('',(-2.528788618869,24.017178350501,
    180.15138657441));
#173 = CARTESIAN_POINT('',(-2.528362931628,24.017243816099,
    179.87847925605));
#174 = CARTESIAN_POINT('',(-2.494805285565,24.020893654523,
    179.60701270496));
#175 = CARTESIAN_POINT('',(-2.42734406312,24.027925187377,
    179.33959154536));
#176 = CARTESIAN_POINT('',(-2.234099865718,24.046611729426,
    178.85151241707));
#177 = CARTESIAN_POINT('',(-2.115991425272,24.057640660956,
    178.62799541632));
#178 = CARTESIAN_POINT('',(-1.968883675061,24.070663325664,
    178.41229816812));
#179 = CARTESIAN_POINT('',(-1.791581971516,24.085158593988,
    178.20829919789));
#180 = CARTESIAN_POINT('',(-1.583187037257,24.100344849953,
    178.02078313068));
#181 = CARTESIAN_POINT('',(-1.343287959059,24.115112633576,
    177.85557004198));
#182 = CARTESIAN_POINT('',(-1.072348206561,24.12804477921,
    177.71977149293));
#183 = CARTESIAN_POINT('',(-0.512093688095,24.145976126827,
    177.53773376498));
#184 = CARTESIAN_POINT('',(-0.233855213121,24.151666289201,
    177.48337643703));
#185 = CARTESIAN_POINT('',(5.440278145563E-02,24.153698043989,
    177.46529640184));
#186 = CARTESIAN_POINT('',(0.343672655883,24.151482347294,
    177.48599314662));
#187 = CARTESIAN_POINT('',(0.624646096279,24.145174268983,
    177.54456894173));
#188 = CARTESIAN_POINT('',(0.888633294088,24.135754106001,
    177.63682062122));
#189 = CARTESIAN_POINT('',(1.128569153045,24.124541221619,
    177.75527688879));
#190 = CARTESIAN_POINT('',(1.642057151634,24.096014836569,
    178.08114628175));
#191 = CARTESIAN_POINT('',(1.895879871192,24.077563613123,
    178.31171896137));
#192 = CARTESIAN_POINT('',(2.102126671364,24.059843942713,
    178.56774784134));
#193 = CARTESIAN_POINT('',(2.263371228125,24.044517272076,
    178.84055222059));
#194 = CARTESIAN_POINT('',(2.382189032446,24.032512743636,
    179.12399518189));
#195 = CARTESIAN_POINT('',(2.460663765748,24.024346095773,
    179.41373993661));
#196 = CARTESIAN_POINT('',(2.5,24.020251872118,179.70666193819));
#197 = CARTESIAN_POINT('',(2.5,24.020251872118,180.));
#198 = PCURVE('',#65,#199);
#199 = DEFINITIONAL_REPRESENTATION('',(#200),#252);
#200 = B_SPLINE_CURVE_WITH_KNOTS('',8,(#201,#202,#203,#204,#205,#206,
    #207,#208,#209,#210,#211,#212,#213,#214,#215,#216,#217,#218,#219,
    #220,#221,#222,#223,#224,#225,#226,#227,#228,#229,#230,#231,#232,
    #233,#234,#235,#236,#237,#238,#239,#240,#241,#242,#243,#244,#245,
    #246,#247,#248,#249,#250,#251),.UNSPECIFIED.,.T.,.F.,(9,7,7,7,7,7,7,
    9),(0.,0.154962825162,0.286427842861,0.411475927593,0.569088298531,
    0.707460699601,0.827668297503,1.),.UNSPECIFIED.);
#201 = CARTESIAN_POINT('',(1.467090869036,980.));
#202 = CARTESIAN_POINT('',(1.467090869036,980.26057336339));
#203 = CARTESIAN_POINT('',(1.46838309558,980.52074347483));
#204 = CARTESIAN_POINT('',(1.470960462778,980.77858612784));
#205 = CARTESIAN_POINT('',(1.474851695385,981.03197297722));
#206 = CARTESIAN_POINT('',(1.480109275841,981.27808046204));
#207 = CARTESIAN_POINT('',(1.486801452198,981.51307834659));
#208 = CARTESIAN_POINT('',(1.495000874496,981.73168582146));
#209 = CARTESIAN_POINT('',(1.513043785488,982.09137260858));
#210 = CARTESIAN_POINT('',(1.522770912713,982.24559090407));
#211 = CARTESIAN_POINT('',(1.533798830514,982.37532080218));
#212 = CARTESIAN_POINT('',(1.545858432007,982.47035972168));
#213 = CARTESIAN_POINT('',(1.558580993962,982.52391337698));
#214 = CARTESIAN_POINT('',(1.571549390291,982.53270764786));
#215 = CARTESIAN_POINT('',(1.58433461623,982.49713581362));
#216 = CARTESIAN_POINT('',(1.608156390422,982.34947390306));
#217 = CARTESIAN_POINT('',(1.618884634071,982.24345620232));
#218 = CARTESIAN_POINT('',(1.628625276047,982.10993293449));
#219 = CARTESIAN_POINT('',(1.637325026585,981.95450781647));
#220 = CARTESIAN_POINT('',(1.644963309587,981.78210196718));
#221 = CARTESIAN_POINT('',(1.651543289501,981.5970908597));
#222 = CARTESIAN_POINT('',(1.657087681745,981.40337015744));
#223 = CARTESIAN_POINT('',(1.667369184412,980.9535794574));
#224 = CARTESIAN_POINT('',(1.671580359534,980.69177124121));
#225 = CARTESIAN_POINT('',(1.67434116902,980.42333709186));
#226 = CARTESIAN_POINT('',(1.675700652218,980.15138657441));
#227 = CARTESIAN_POINT('',(1.675682816939,979.87847925605));
#228 = CARTESIAN_POINT('',(1.674285060379,979.60701270496));
#229 = CARTESIAN_POINT('',(1.671476578109,979.33959154536));
#230 = CARTESIAN_POINT('',(1.66343742361,978.85151241707));
#231 = CARTESIAN_POINT('',(1.658525550501,978.62799541632));
#232 = CARTESIAN_POINT('',(1.652410449644,978.41229816812));
#233 = CARTESIAN_POINT('',(1.645044597874,978.20829919789));
#234 = CARTESIAN_POINT('',(1.63639334302,978.02078313068));
#235 = CARTESIAN_POINT('',(1.626442215384,977.85557004198));
#236 = CARTESIAN_POINT('',(1.615211794404,977.71977149293));
#237 = CARTESIAN_POINT('',(1.592000970476,977.53773376498));
#238 = CARTESIAN_POINT('',(1.580478070076,977.48337643703));
#239 = CARTESIAN_POINT('',(1.568543410441,977.46529640184));
#240 = CARTESIAN_POINT('',(1.556567636627,977.48599314662));
#241 = CARTESIAN_POINT('',(1.544932348842,977.54456894173));
#242 = CARTESIAN_POINT('',(1.533995361674,977.63682062122));
#243 = CARTESIAN_POINT('',(1.5240496733,977.75527688879));
#244 = CARTESIAN_POINT('',(1.502754444829,978.08114628175));
#245 = CARTESIAN_POINT('',(1.492217990542,978.31171896137));
#246 = CARTESIAN_POINT('',(1.483647181863,978.56774784134));
#247 = CARTESIAN_POINT('',(1.476940518176,978.84055222059));
#248 = CARTESIAN_POINT('',(1.471995523857,979.12399518189));
#249 = CARTESIAN_POINT('',(1.468728496213,979.41373993661));
#250 = CARTESIAN_POINT('',(1.467090869036,979.70666193819));
#251 = CARTESIAN_POINT('',(1.467090869036,980.));
#252 = ( GEOMETRIC_REPRESENTATION_CONTEXT(2) 
PARAMETRIC_REPRESENTATION_CONTEXT() REPRESENTATION_CONTEXT('2D SPACE',''
  ) );
#253 = PCURVE('',#254,#259);
#254 = CYLINDRICAL_SURFACE('',#255,2.5);
#255 = AXIS2_PLACEMENT_3D('',#256,#257,#258);
#256 = CARTESIAN_POINT('',(0.,40.,180.));
#257 = DIRECTION('',(0.,-1.,2.22044604925E-16));
#258 = DIRECTION('',(1.,0.,0.));
#259 = DEFINITIONAL_REPRESENTATION('',(#260),#312);
#260 = B_SPLINE_CURVE_WITH_KNOTS('',8,(#261,#262,#263,#264,#265,#266,
    #267,#268,#269,#270,#271,#272,#273,#274,#275,#276,#277,#278,#279,
    #280,#281,#282,#283,#284,#285,#286,#287,#288,#289,#290,#291,#292,
    #293,#294,#295,#296,#297,#298,#299,#300,#301,#302,#303,#304,#305,
    #306,#307,#308,#309,#310,#311),.UNSPECIFIED.,.F.,.F.,(9,7,7,7,7,7,7,
    9),(0.,0.154962825162,0.286427842861,0.411475927593,0.569088298531,
    0.707460699601,0.827668297503,1.),.UNSPECIFIED.);
#261 = CARTESIAN_POINT('',(0.,15.979748127882));
#262 = CARTESIAN_POINT('',(0.104229345356,15.979748127882));
#263 = CARTESIAN_POINT('',(0.208296929221,15.976517774898));
#264 = CARTESIAN_POINT('',(0.31316111684,15.970073541742));
#265 = CARTESIAN_POINT('',(0.419667610165,15.960571237432));
#266 = CARTESIAN_POINT('',(0.528645678546,15.948319447444));
#267 = CARTESIAN_POINT('',(0.640948986985,15.933880008783));
#268 = CARTESIAN_POINT('',(0.757531125485,15.918189236313));
#269 = CARTESIAN_POINT('',(0.983243864828,15.889436775533));
#270 = CARTESIAN_POINT('',(1.094846318528,15.875824619613));
#271 = CARTESIAN_POINT('',(1.211613948297,15.863184483373));
#272 = CARTESIAN_POINT('',(1.331759408561,15.853195628443));
#273 = CARTESIAN_POINT('',(1.45400250939,15.847420855042));
#274 = CARTESIAN_POINT('',(1.577235830027,15.846577453234));
#275 = CARTESIAN_POINT('',(1.700401200757,15.850413714892));
#276 = CARTESIAN_POINT('',(1.937904884155,15.865224300733));
#277 = CARTESIAN_POINT('',(2.048760114187,15.87561532304));
#278 = CARTESIAN_POINT('',(2.15542691297,15.888119100105));
#279 = CARTESIAN_POINT('',(2.258381983126,15.901631600285));
#280 = CARTESIAN_POINT('',(2.357983224783,15.915188276294));
#281 = CARTESIAN_POINT('',(2.454499672423,15.928030540165));
#282 = CARTESIAN_POINT('',(2.548108453082,15.939608239325));
#283 = CARTESIAN_POINT('',(2.753420456416,15.962132612996));
#284 = CARTESIAN_POINT('',(2.864691413374,15.972261663489));
#285 = CARTESIAN_POINT('',(2.973845836786,15.97927698503));
#286 = CARTESIAN_POINT('',(3.08178356456,15.982821649499));
#287 = CARTESIAN_POINT('',(3.189347875846,15.982756183901));
#288 = CARTESIAN_POINT('',(3.297380229121,15.979106345477));
#289 = CARTESIAN_POINT('',(3.406770693921,15.972074812623));
#290 = CARTESIAN_POINT('',(3.616747666109,15.953388270574));
#291 = CARTESIAN_POINT('',(3.717266718373,15.942359339044));
#292 = CARTESIAN_POINT('',(3.820592646034,15.929336674336));
#293 = CARTESIAN_POINT('',(3.927180070153,15.914841406012));
#294 = CARTESIAN_POINT('',(4.037542943719,15.899655150047));
#295 = CARTESIAN_POINT('',(4.152277696985,15.884887366424));
#296 = CARTESIAN_POINT('',(4.272135959087,15.87195522079));
#297 = CARTESIAN_POINT('',(4.507770543937,15.854023873173));
#298 = CARTESIAN_POINT('',(4.620337907241,15.848333710799));
#299 = CARTESIAN_POINT('',(4.734234203358,15.846301956011));
#300 = CARTESIAN_POINT('',(4.848197961433,15.848517652706));
#301 = CARTESIAN_POINT('',(4.961042859513,15.854825731017));
#302 = CARTESIAN_POINT('',(5.071492695837,15.864245893999));
#303 = CARTESIAN_POINT('',(5.177915522624,15.875458778381));
#304 = CARTESIAN_POINT('',(5.421180246237,15.903985163431));
#305 = CARTESIAN_POINT('',(5.556323401165,15.922436386877));
#306 = CARTESIAN_POINT('',(5.685335343767,15.940156057287));
#307 = CARTESIAN_POINT('',(5.809583476801,15.955482727924));
#308 = CARTESIAN_POINT('',(5.930324198737,15.967487256364));
#309 = CARTESIAN_POINT('',(6.048680755068,15.975653904227));
#310 = CARTESIAN_POINT('',(6.165850082457,15.979748127882));
#311 = CARTESIAN_POINT('',(6.28318530718,15.979748127882));
#312 = ( GEOMETRIC_REPRESENTATION_CONTEXT(2) 
PARAMETRIC_REPRESENTATION_CONTEXT() REPRESENTATION_CONTEXT('2D SPACE',''
  ) );
#313 = FACE_BOUND('',#314,.T.);
#314 = EDGE_LOOP('',(#315));
#315 = ORIENTED_EDGE('',*,*,#316,.F.);
#316 = EDGE_CURVE('',#317,#317,#319,.T.);
#317 = VERTEX_POINT('',#318);
#318 = CARTESIAN_POINT('',(2.5,-24.02025187211,180.));
#319 = SURFACE_CURVE('',#320,(#372,#427),.PCURVE_S1.);
#320 = B_SPLINE_CURVE_WITH_KNOTS('',8,(#321,#322,#323,#324,#325,#326,
    #327,#328,#329,#330,#331,#332,#333,#334,#335,#336,#337,#338,#339,
    #340,#341,#342,#343,#344,#345,#346,#347,#348,#349,#350,#351,#352,
    #353,#354,#355,#356,#357,#358,#359,#360,#361,#362,#363,#364,#365,
    #366,#367,#368,#369,#370,#371),.UNSPECIFIED.,.T.,.F.,(9,7,7,7,7,7,7,
    9),(0.,0.154962825606,0.286427843681,0.411475928771,0.569088297323,
    0.707460698781,0.82766829702,1.),.UNSPECIFIED.);
#321 = CARTESIAN_POINT('',(2.5,-24.02025187211,180.));
#322 = CARTESIAN_POINT('',(2.5,-24.02025187211,180.26057336339));
#323 = CARTESIAN_POINT('',(2.46896036999,-24.0234822251,180.52074347483)
  );
#324 = CARTESIAN_POINT('',(2.407051461077,-24.02992645825,
    180.77858612784));
#325 = CARTESIAN_POINT('',(2.313559498363,-24.03942876256,
    181.03197297722));
#326 = CARTESIAN_POINT('',(2.18717844906,-24.05168055255,181.27808046204
    ));
#327 = CARTESIAN_POINT('',(2.02619861514,-24.06611999121,181.51307834659
    ));
#328 = CARTESIAN_POINT('',(1.828787684467,-24.08181076368,
    181.73168582146));
#329 = CARTESIAN_POINT('',(1.394001047652,-24.11056322446,
    182.09137260858));
#330 = CARTESIAN_POINT('',(1.159477964864,-24.12417538038,
    182.24559090407));
#331 = CARTESIAN_POINT('',(0.89342910251,-24.13681551662,182.37532080218
    ));
#332 = CARTESIAN_POINT('',(0.602307159544,-24.14680437155,
    182.47035972168));
#333 = CARTESIAN_POINT('',(0.295033124155,-24.15257914495,
    182.52391337698));
#334 = CARTESIAN_POINT('',(-1.821188121264E-02,-24.15342254676,
    182.53270764786));
#335 = CARTESIAN_POINT('',(-0.326978715534,-24.1495862851,
    182.49713581362));
#336 = CARTESIAN_POINT('',(-0.902083886648,-24.13477569926,
    182.34947390306));
#337 = CARTESIAN_POINT('',(-1.16098932886,-24.12438467696,
    182.24345620232));
#338 = CARTESIAN_POINT('',(-1.395923919995,-24.11188089989,
    182.10993293449));
#339 = CARTESIAN_POINT('',(-1.605608983045,-24.09836839971,
    181.95450781647));
#340 = CARTESIAN_POINT('',(-1.789585116064,-24.0848117237,
    181.78210196718));
#341 = CARTESIAN_POINT('',(-1.947976484382,-24.07196945983,
    181.5970908597));
#342 = CARTESIAN_POINT('',(-2.081373236179,-24.06039176067,
    181.40337015744));
#343 = CARTESIAN_POINT('',(-2.328647763557,-24.03786738723,
    180.95357946191));
#344 = CARTESIAN_POINT('',(-2.429845996309,-24.02773833612,
    180.6917712272));
#345 = CARTESIAN_POINT('',(-2.496149788378,-24.02072301504,
    180.42333710739));
#346 = CARTESIAN_POINT('',(-2.52878861586,-24.01717835078,
    180.15138657431));
#347 = CARTESIAN_POINT('',(-2.528362932769,-24.017243816,179.87847924053
    ));
#348 = CARTESIAN_POINT('',(-2.494805287901,-24.02089365428,
    179.60701271919));
#349 = CARTESIAN_POINT('',(-2.427344061274,-24.02792518755,
    179.3395915407));
#350 = CARTESIAN_POINT('',(-2.234099865718,-24.04661172942,
    178.85151241707));
#351 = CARTESIAN_POINT('',(-2.115991425272,-24.05764066095,
    178.62799541632));
#352 = CARTESIAN_POINT('',(-1.968883675061,-24.07066332566,
    178.41229816812));
#353 = CARTESIAN_POINT('',(-1.791581971516,-24.08515859398,
    178.20829919789));
#354 = CARTESIAN_POINT('',(-1.583187037257,-24.10034484995,
    178.02078313068));
#355 = CARTESIAN_POINT('',(-1.343287959059,-24.11511263357,
    177.85557004198));
#356 = CARTESIAN_POINT('',(-1.072348206561,-24.12804477921,
    177.71977149293));
#357 = CARTESIAN_POINT('',(-0.512093688095,-24.14597612682,
    177.53773376498));
#358 = CARTESIAN_POINT('',(-0.233855213121,-24.1516662892,
    177.48337643703));
#359 = CARTESIAN_POINT('',(5.440278145581E-02,-24.15369804398,
    177.46529640184));
#360 = CARTESIAN_POINT('',(0.343672655883,-24.15148234729,
    177.48599314662));
#361 = CARTESIAN_POINT('',(0.624646096279,-24.14517426898,
    177.54456894173));
#362 = CARTESIAN_POINT('',(0.888633294087,-24.135754106,177.63682062122)
  );
#363 = CARTESIAN_POINT('',(1.128569153045,-24.12454122161,
    177.75527688879));
#364 = CARTESIAN_POINT('',(1.642057151634,-24.09601483656,
    178.08114628175));
#365 = CARTESIAN_POINT('',(1.895879871193,-24.07756361312,
    178.31171896137));
#366 = CARTESIAN_POINT('',(2.102126671361,-24.05984394271,
    178.56774784133));
#367 = CARTESIAN_POINT('',(2.263371228129,-24.04451727207,
    178.84055222059));
#368 = CARTESIAN_POINT('',(2.382189032444,-24.03251274363,
    179.12399518189));
#369 = CARTESIAN_POINT('',(2.460663765749,-24.02434609577,
    179.41373993661));
#370 = CARTESIAN_POINT('',(2.5,-24.02025187211,179.70666193819));
#371 = CARTESIAN_POINT('',(2.5,-24.02025187211,180.));
#372 = PCURVE('',#65,#373);
#373 = DEFINITIONAL_REPRESENTATION('',(#374),#426);
#374 = B_SPLINE_CURVE_WITH_KNOTS('',8,(#375,#376,#377,#378,#379,#380,
    #381,#382,#383,#384,#385,#386,#387,#388,#389,#390,#391,#392,#393,
    #394,#395,#396,#397,#398,#399,#400,#401,#402,#403,#404,#405,#406,
    #407,#408,#409,#410,#411,#412,#413,#414,#415,#416,#417,#418,#419,
    #420,#421,#422,#423,#424,#425),.UNSPECIFIED.,.T.,.F.,(9,7,7,7,7,7,7,
    9),(0.,0.154962825606,0.286427843681,0.411475928771,0.569088297323,
    0.707460698781,0.82766829702,1.),.UNSPECIFIED.);
#375 = CARTESIAN_POINT('',(4.816094438143,980.));
#376 = CARTESIAN_POINT('',(4.816094438143,980.26057336339));
#377 = CARTESIAN_POINT('',(4.814802211599,980.52074347483));
#378 = CARTESIAN_POINT('',(4.812224844401,980.77858612784));
#379 = CARTESIAN_POINT('',(4.808333611794,981.03197297722));
#380 = CARTESIAN_POINT('',(4.803076031339,981.27808046204));
#381 = CARTESIAN_POINT('',(4.796383854982,981.51307834659));
#382 = CARTESIAN_POINT('',(4.788184432684,981.73168582146));
#383 = CARTESIAN_POINT('',(4.770141521691,982.09137260858));
#384 = CARTESIAN_POINT('',(4.760414394466,982.24559090407));
#385 = CARTESIAN_POINT('',(4.749386476665,982.37532080218));
#386 = CARTESIAN_POINT('',(4.737326875172,982.47035972168));
#387 = CARTESIAN_POINT('',(4.724604313218,982.52391337698));
#388 = CARTESIAN_POINT('',(4.711635916888,982.53270764786));
#389 = CARTESIAN_POINT('',(4.69885069095,982.49713581362));
#390 = CARTESIAN_POINT('',(4.675028916757,982.34947390306));
#391 = CARTESIAN_POINT('',(4.664300673108,982.24345620232));
#392 = CARTESIAN_POINT('',(4.654560031133,982.10993293449));
#393 = CARTESIAN_POINT('',(4.645860280595,981.95450781647));
#394 = CARTESIAN_POINT('',(4.638221997592,981.78210196718));
#395 = CARTESIAN_POINT('',(4.631642017679,981.5970908597));
#396 = CARTESIAN_POINT('',(4.626097625434,981.40337015744));
#397 = CARTESIAN_POINT('',(4.61581612287,980.95357946191));
#398 = CARTESIAN_POINT('',(4.611604947468,980.6917712272));
#399 = CARTESIAN_POINT('',(4.608844138201,980.42333710739));
#400 = CARTESIAN_POINT('',(4.607484655087,980.15138657431));
#401 = CARTESIAN_POINT('',(4.607502490193,979.87847924053));
#402 = CARTESIAN_POINT('',(4.608900246704,979.60701271919));
#403 = CARTESIAN_POINT('',(4.611708729147,979.3395915407));
#404 = CARTESIAN_POINT('',(4.61974788357,978.85151241707));
#405 = CARTESIAN_POINT('',(4.624659756678,978.62799541632));
#406 = CARTESIAN_POINT('',(4.630774857535,978.41229816812));
#407 = CARTESIAN_POINT('',(4.638140709306,978.20829919789));
#408 = CARTESIAN_POINT('',(4.646791964159,978.02078313068));
#409 = CARTESIAN_POINT('',(4.656743091796,977.85557004198));
#410 = CARTESIAN_POINT('',(4.667973512776,977.71977149293));
#411 = CARTESIAN_POINT('',(4.691184336703,977.53773376498));
#412 = CARTESIAN_POINT('',(4.702707237104,977.48337643703));
#413 = CARTESIAN_POINT('',(4.714641896738,977.46529640184));
#414 = CARTESIAN_POINT('',(4.726617670553,977.48599314662));
#415 = CARTESIAN_POINT('',(4.738252958338,977.54456894173));
#416 = CARTESIAN_POINT('',(4.749189945506,977.63682062122));
#417 = CARTESIAN_POINT('',(4.75913563388,977.75527688879));
#418 = CARTESIAN_POINT('',(4.780430862351,978.08114628175));
#419 = CARTESIAN_POINT('',(4.790967316638,978.31171896137));
#420 = CARTESIAN_POINT('',(4.799538125317,978.56774784133));
#421 = CARTESIAN_POINT('',(4.806244789003,978.84055222059));
#422 = CARTESIAN_POINT('',(4.811189783323,979.12399518189));
#423 = CARTESIAN_POINT('',(4.814456810967,979.41373993661));
#424 = CARTESIAN_POINT('',(4.816094438143,979.70666193819));
#425 = CARTESIAN_POINT('',(4.816094438143,980.));
#426 = ( GEOMETRIC_REPRESENTATION_CONTEXT(2) 
PARAMETRIC_REPRESENTATION_CONTEXT() REPRESENTATION_CONTEXT('2D SPACE',''
  ) );
#427 = PCURVE('',#428,#433);
#428 = CYLINDRICAL_SURFACE('',#429,2.5);
#429 = AXIS2_PLACEMENT_3D('',#430,#431,#432);
#430 = CARTESIAN_POINT('',(0.,40.,180.));
#431 = DIRECTION('',(0.,-1.,2.22044604925E-16));
#432 = DIRECTION('',(1.,0.,0.));
#433 = DEFINITIONAL_REPRESENTATION('',(#434),#486);
#434 = B_SPLINE_CURVE_WITH_KNOTS('',8,(#435,#436,#437,#438,#439,#440,
    #441,#442,#443,#444,#445,#446,#447,#448,#449,#450,#451,#452,#453,
    #454,#455,#456,#457,#458,#459,#460,#461,#462,#463,#464,#465,#466,
    #467,#468,#469,#470,#471,#472,#473,#474,#475,#476,#477,#478,#479,
    #480,#481,#482,#483,#484,#485),.UNSPECIFIED.,.F.,.F.,(9,7,7,7,7,7,7,
    9),(0.,0.154962825606,0.286427843681,0.411475928771,0.569088297323,
    0.707460698781,0.82766829702,1.),.UNSPECIFIED.);
#435 = CARTESIAN_POINT('',(0.,64.020251872118));
#436 = CARTESIAN_POINT('',(0.104229345356,64.020251872118));
#437 = CARTESIAN_POINT('',(0.208296929221,64.023482225102));
#438 = CARTESIAN_POINT('',(0.31316111684,64.029926458258));
#439 = CARTESIAN_POINT('',(0.419667610165,64.039428762568));
#440 = CARTESIAN_POINT('',(0.528645678546,64.051680552556));
#441 = CARTESIAN_POINT('',(0.640948986985,64.066119991217));
#442 = CARTESIAN_POINT('',(0.757531125485,64.081810763687));
#443 = CARTESIAN_POINT('',(0.983243864827,64.110563224467));
#444 = CARTESIAN_POINT('',(1.094846318529,64.124175380387));
#445 = CARTESIAN_POINT('',(1.211613948296,64.136815516627));
#446 = CARTESIAN_POINT('',(1.331759408561,64.146804371557));
#447 = CARTESIAN_POINT('',(1.454002509391,64.152579144958));
#448 = CARTESIAN_POINT('',(1.577235830026,64.153422546766));
#449 = CARTESIAN_POINT('',(1.700401200757,64.149586285108));
#450 = CARTESIAN_POINT('',(1.937904884156,64.134775699267));
#451 = CARTESIAN_POINT('',(2.048760114187,64.12438467696));
#452 = CARTESIAN_POINT('',(2.15542691297,64.111880899895));
#453 = CARTESIAN_POINT('',(2.258381983126,64.098368399715));
#454 = CARTESIAN_POINT('',(2.357983224782,64.084811723706));
#455 = CARTESIAN_POINT('',(2.454499672424,64.071969459835));
#456 = CARTESIAN_POINT('',(2.548108453082,64.060391760675));
#457 = CARTESIAN_POINT('',(2.753420454356,64.03786738723));
#458 = CARTESIAN_POINT('',(2.864691419576,64.027738336123));
#459 = CARTESIAN_POINT('',(2.973845830074,64.020723015049));
#460 = CARTESIAN_POINT('',(3.081783564521,64.017178350785));
#461 = CARTESIAN_POINT('',(3.18934788256,64.017243816006));
#462 = CARTESIAN_POINT('',(3.297380223005,64.020893654289));
#463 = CARTESIAN_POINT('',(3.406770695927,64.027925187555));
#464 = CARTESIAN_POINT('',(3.616747666109,64.046611729426));
#465 = CARTESIAN_POINT('',(3.717266718373,64.057640660956));
#466 = CARTESIAN_POINT('',(3.820592646034,64.070663325664));
#467 = CARTESIAN_POINT('',(3.927180070153,64.085158593988));
#468 = CARTESIAN_POINT('',(4.03754294372,64.100344849953));
#469 = CARTESIAN_POINT('',(4.152277696984,64.115112633576));
#470 = CARTESIAN_POINT('',(4.272135959087,64.12804477921));
#471 = CARTESIAN_POINT('',(4.507770543938,64.145976126827));
#472 = CARTESIAN_POINT('',(4.620337907241,64.151666289201));
#473 = CARTESIAN_POINT('',(4.734234203359,64.15369804399));
#474 = CARTESIAN_POINT('',(4.848197961431,64.151482347294));
#475 = CARTESIAN_POINT('',(4.961042859514,64.145174268983));
#476 = CARTESIAN_POINT('',(5.071492695836,64.135754106001));
#477 = CARTESIAN_POINT('',(5.177915522624,64.124541221619));
#478 = CARTESIAN_POINT('',(5.421180246237,64.096014836569));
#479 = CARTESIAN_POINT('',(5.556323401165,64.077563613123));
#480 = CARTESIAN_POINT('',(5.685335343768,64.059843942713));
#481 = CARTESIAN_POINT('',(5.8095834768,64.044517272076));
#482 = CARTESIAN_POINT('',(5.930324198739,64.032512743636));
#483 = CARTESIAN_POINT('',(6.048680755068,64.024346095773));
#484 = CARTESIAN_POINT('',(6.165850082457,64.020251872118));
#485 = CARTESIAN_POINT('',(6.28318530718,64.020251872118));
#486 = ( GEOMETRIC_REPRESENTATION_CONTEXT(2) 
PARAMETRIC_REPRESENTATION_CONTEXT() REPRESENTATION_CONTEXT('2D SPACE',''
  ) );
#487 = ADVANCED_FACE('',(#488,#519),#77,.T.);
#488 = FACE_BOUND('',#489,.T.);
#489 = EDGE_LOOP('',(#490));
#490 = ORIENTED_EDGE('',*,*,#491,.T.);
#491 = EDGE_CURVE('',#492,#492,#494,.T.);
#492 = VERTEX_POINT('',#493);
#493 = CARTESIAN_POINT('',(55.,-1.347111479062E-14,-350.));
#494 = SURFACE_CURVE('',#495,(#500,#507),.PCURVE_S1.);
#495 = CIRCLE('',#496,55.);
#496 = AXIS2_PLACEMENT_3D('',#497,#498,#499);
#497 = CARTESIAN_POINT('',(0.,0.,-350.));
#498 = DIRECTION('',(0.,0.,1.));
#499 = DIRECTION('',(1.,0.,-0.));
#500 = PCURVE('',#77,#501);
#501 = DEFINITIONAL_REPRESENTATION('',(#502),#506);
#502 = CIRCLE('',#503,55.);
#503 = AXIS2_PLACEMENT_2D('',#504,#505);
#504 = CARTESIAN_POINT('',(0.,0.));
#505 = DIRECTION('',(1.,0.));
#506 = ( GEOMETRIC_REPRESENTATION_CONTEXT(2) 
PARAMETRIC_REPRESENTATION_CONTEXT() REPRESENTATION_CONTEXT('2D SPACE',''
  ) );
#507 = PCURVE('',#508,#513);
#508 = CYLINDRICAL_SURFACE('',#509,55.);
#509 = AXIS2_PLACEMENT_3D('',#510,#511,#512);
#510 = CARTESIAN_POINT('',(0.,0.,-829.));
#511 = DIRECTION('',(0.,0.,1.));
#512 = DIRECTION('',(1.,0.,-0.));
#513 = DEFINITIONAL_REPRESENTATION('',(#514),#518);
#514 = LINE('',#515,#516);
#515 = CARTESIAN_POINT('',(0.,479.));
#516 = VECTOR('',#517,1.);
#517 = DIRECTION('',(1.,0.));
#518 = ( GEOMETRIC_REPRESENTATION_CONTEXT(2) 
PARAMETRIC_REPRESENTATION_CONTEXT() REPRESENTATION_CONTEXT('2D SPACE',''
  ) );
#519 = FACE_BOUND('',#520,.T.);
#520 = EDGE_LOOP('',(#521));
#521 = ORIENTED_EDGE('',*,*,#55,.F.);
#522 = ADVANCED_FACE('',(#523,#526),#127,.T.);
#523 = FACE_BOUND('',#524,.T.);
#524 = EDGE_LOOP('',(#525));
#525 = ORIENTED_EDGE('',*,*,#112,.T.);
#526 = FACE_BOUND('',#527,.T.);
#527 = EDGE_LOOP('',(#528));
#528 = ORIENTED_EDGE('',*,*,#529,.F.);
#529 = EDGE_CURVE('',#530,#530,#532,.T.);
#530 = VERTEX_POINT('',#531);
#531 = CARTESIAN_POINT('',(20.95,-5.131270088427E-15,200.));
#532 = SURFACE_CURVE('',#533,(#538,#545),.PCURVE_S1.);
#533 = CIRCLE('',#534,20.95);
#534 = AXIS2_PLACEMENT_3D('',#535,#536,#537);
#535 = CARTESIAN_POINT('',(0.,0.,200.));
#536 = DIRECTION('',(0.,0.,1.));
#537 = DIRECTION('',(1.,0.,-0.));
#538 = PCURVE('',#127,#539);
#539 = DEFINITIONAL_REPRESENTATION('',(#540),#544);
#540 = CIRCLE('',#541,20.95);
#541 = AXIS2_PLACEMENT_2D('',#542,#543);
#542 = CARTESIAN_POINT('',(0.,0.));
#543 = DIRECTION('',(1.,0.));
#544 = ( GEOMETRIC_REPRESENTATION_CONTEXT(2) 
PARAMETRIC_REPRESENTATION_CONTEXT() REPRESENTATION_CONTEXT('2D SPACE',''
  ) );
#545 = PCURVE('',#546,#551);
#546 = CYLINDRICAL_SURFACE('',#547,20.95);
#547 = AXIS2_PLACEMENT_3D('',#548,#549,#550);
#548 = CARTESIAN_POINT('',(0.,0.,-801.));
#549 = DIRECTION('',(0.,0.,1.));
#550 = DIRECTION('',(1.,0.,-0.));
#551 = DEFINITIONAL_REPRESENTATION('',(#552),#556);
#552 = LINE('',#553,#554);
#553 = CARTESIAN_POINT('',(0.,1.001E+03));
#554 = VECTOR('',#555,1.);
#555 = DIRECTION('',(1.,0.));
#556 = ( GEOMETRIC_REPRESENTATION_CONTEXT(2) 
PARAMETRIC_REPRESENTATION_CONTEXT() REPRESENTATION_CONTEXT('2D SPACE',''
  ) );
#557 = ADVANCED_FACE('',(#558),#254,.F.);
#558 = FACE_BOUND('',#559,.F.);
#559 = EDGE_LOOP('',(#560,#727,#748,#749));
#560 = ORIENTED_EDGE('',*,*,#561,.F.);
#561 = EDGE_CURVE('',#562,#562,#564,.T.);
#562 = VERTEX_POINT('',#563);
#563 = CARTESIAN_POINT('',(2.5,20.800300478599,180.));
#564 = SURFACE_CURVE('',#565,(#617,#672),.PCURVE_S1.);
#565 = B_SPLINE_CURVE_WITH_KNOTS('',8,(#566,#567,#568,#569,#570,#571,
    #572,#573,#574,#575,#576,#577,#578,#579,#580,#581,#582,#583,#584,
    #585,#586,#587,#588,#589,#590,#591,#592,#593,#594,#595,#596,#597,
    #598,#599,#600,#601,#602,#603,#604,#605,#606,#607,#608,#609,#610,
    #611,#612,#613,#614,#615,#616),.UNSPECIFIED.,.T.,.F.,(9,7,7,7,7,7,7,
    9),(0.,0.154988342588,0.286468571568,0.411523592518,0.569064102114,
    0.707443130013,0.827655545253,1.),.UNSPECIFIED.);
#566 = CARTESIAN_POINT('',(2.5,20.800300478599,180.));
#567 = CARTESIAN_POINT('',(2.5,20.800300478599,180.26065596846));
#568 = CARTESIAN_POINT('',(2.468940682495,20.804033272835,
    180.52090298827));
#569 = CARTESIAN_POINT('',(2.40699485219,20.811479506524,180.77879997285
    ));
#570 = CARTESIAN_POINT('',(2.313460038945,20.822456713348,
    181.03220555661));
#571 = CARTESIAN_POINT('',(2.187047220512,20.836603971574,
    181.27829159046));
#572 = CARTESIAN_POINT('',(2.026064652754,20.853268301768,181.5132329579
    ));
#573 = CARTESIAN_POINT('',(1.828694502023,20.871367622096,
    181.73176290868));
#574 = CARTESIAN_POINT('',(1.394089865713,20.904521839076,
    182.09129913189));
#575 = CARTESIAN_POINT('',(1.159613373873,20.920219701669,
    182.24551433108));
#576 = CARTESIAN_POINT('',(0.893581564414,20.934796059726,
    182.37526395062));
#577 = CARTESIAN_POINT('',(0.602458925402,20.946312735948,
    182.47032588303));
#578 = CARTESIAN_POINT('',(0.295172010889,20.952971308123,
    182.52390318485));
#579 = CARTESIAN_POINT('',(-1.810194089062E-02,20.953946495146,
    182.53271739996));
#580 = CARTESIAN_POINT('',(-0.32691646261,20.949525391872,
    182.49715179745));
#581 = CARTESIAN_POINT('',(-0.902126211193,20.932447601812,
    182.34946303596));
#582 = CARTESIAN_POINT('',(-1.161032281216,20.920465844174,
    182.24343324156));
#583 = CARTESIAN_POINT('',(-1.395942782671,20.90604784771,
    182.10991229599));
#584 = CARTESIAN_POINT('',(-1.605596777978,20.890464736439,
    181.95450613754));
#585 = CARTESIAN_POINT('',(-1.789549586983,20.874826956464,
    181.78212886363));
#586 = CARTESIAN_POINT('',(-1.947934917245,20.860008644953,
    181.59714177584));
#587 = CARTESIAN_POINT('',(-2.081345630403,20.846644950948,
    181.40342037216));
#588 = CARTESIAN_POINT('',(-2.328612033717,20.820645460981,
    180.95364445425));
#589 = CARTESIAN_POINT('',(-2.42981512407,20.808950452796,
    180.69186767013));
#590 = CARTESIAN_POINT('',(-2.496140397193,20.800846192336,
    180.42342651717));
#591 = CARTESIAN_POINT('',(-2.52879665054,20.796749735931,
    180.15143988861));
#592 = CARTESIAN_POINT('',(-2.528373125689,20.796825249736,
    179.87848629983));
#593 = CARTESIAN_POINT('',(-2.494803874662,20.801042410187,
    179.60698542122));
#594 = CARTESIAN_POINT('',(-2.427331483252,20.809163371555,
    179.33955977224));
#595 = CARTESIAN_POINT('',(-2.234065378206,20.830739820731,
    178.85142531156));
#596 = CARTESIAN_POINT('',(-2.115925528394,20.843474721192,
    178.62788609878));
#597 = CARTESIAN_POINT('',(-1.968804534594,20.858506232985,
    178.41220640357));
#598 = CARTESIAN_POINT('',(-1.791511226812,20.875231226933,
    178.20824190907));
#599 = CARTESIAN_POINT('',(-1.583141461078,20.892747531839,
    178.02075925294));
#600 = CARTESIAN_POINT('',(-1.343272991675,20.909776919411,
    177.85556691686));
#601 = CARTESIAN_POINT('',(-1.072353669517,20.92468797254,
    177.71977326795));
#602 = CARTESIAN_POINT('',(-0.512090977923,20.945362020894,
    177.53773288439));
#603 = CARTESIAN_POINT('',(-0.233826727082,20.951922061118,
    177.48336793621));
#604 = CARTESIAN_POINT('',(5.446608782917E-02,20.954263380244,
    177.46528917066));
#605 = CARTESIAN_POINT('',(0.343769470229,20.951707994003,
    177.48599811041));
#606 = CARTESIAN_POINT('',(0.624767480878,20.944434950197,
    177.54459465224));
#607 = CARTESIAN_POINT('',(0.888758186317,20.933572286746,
    177.63687079524));
#608 = CARTESIAN_POINT('',(1.128659867857,20.920642708218,
    177.75533445816));
#609 = CARTESIAN_POINT('',(1.641937357894,20.887755860509,
    178.08107025833));
#610 = CARTESIAN_POINT('',(1.895689360942,20.866478924119,
    178.31154302948));
#611 = CARTESIAN_POINT('',(2.101931232414,20.84603464917,178.56748363283
    ));
#612 = CARTESIAN_POINT('',(2.263226684789,20.828337711936,
    178.84025109029));
#613 = CARTESIAN_POINT('',(2.382117127224,20.814468029765,
    179.12372906287));
#614 = CARTESIAN_POINT('',(2.460647666659,20.805030432721,
    179.41356947733));
#615 = CARTESIAN_POINT('',(2.5,20.800300478599,179.70660192843));
#616 = CARTESIAN_POINT('',(2.5,20.800300478599,180.));
#617 = PCURVE('',#254,#618);
#618 = DEFINITIONAL_REPRESENTATION('',(#619),#671);
#619 = B_SPLINE_CURVE_WITH_KNOTS('',8,(#620,#621,#622,#623,#624,#625,
    #626,#627,#628,#629,#630,#631,#632,#633,#634,#635,#636,#637,#638,
    #639,#640,#641,#642,#643,#644,#645,#646,#647,#648,#649,#650,#651,
    #652,#653,#654,#655,#656,#657,#658,#659,#660,#661,#662,#663,#664,
    #665,#666,#667,#668,#669,#670),.UNSPECIFIED.,.F.,.F.,(9,7,7,7,7,7,7,
    9),(0.,0.154988342588,0.286468571568,0.411523592518,0.569064102114,
    0.707443130013,0.827655545253,1.),.UNSPECIFIED.);
#620 = CARTESIAN_POINT('',(0.,19.199699521401));
#621 = CARTESIAN_POINT('',(0.104262387385,19.199699521401));
#622 = CARTESIAN_POINT('',(0.208360738896,19.195966727165));
#623 = CARTESIAN_POINT('',(0.31324828474,19.188520493476));
#624 = CARTESIAN_POINT('',(0.419766886521,19.177543286652));
#625 = CARTESIAN_POINT('',(0.528743236533,19.163396028426));
#626 = CARTESIAN_POINT('',(0.641029699979,19.146731698232));
#627 = CARTESIAN_POINT('',(0.757579499706,19.128632377904));
#628 = CARTESIAN_POINT('',(0.983197756308,19.095478160924));
#629 = CARTESIAN_POINT('',(1.094785065368,19.079780298331));
#630 = CARTESIAN_POINT('',(1.211550176408,19.065203940274));
#631 = CARTESIAN_POINT('',(1.331698321439,19.053687264052));
#632 = CARTESIAN_POINT('',(1.453948000792,19.047028691877));
#633 = CARTESIAN_POINT('',(1.577192258964,19.046053504854));
#634 = CARTESIAN_POINT('',(1.700375491897,19.050474608128));
#635 = CARTESIAN_POINT('',(1.937922363107,19.067552398188));
#636 = CARTESIAN_POINT('',(2.048779044662,19.079534155826));
#637 = CARTESIAN_POINT('',(2.155437325837,19.09395215229));
#638 = CARTESIAN_POINT('',(2.258378738296,19.109535263561));
#639 = CARTESIAN_POINT('',(2.357966072285,19.125173043536));
#640 = CARTESIAN_POINT('',(2.454473819874,19.139991355047));
#641 = CARTESIAN_POINT('',(2.548085532011,19.153355049052));
#642 = CARTESIAN_POINT('',(2.753390787876,19.179354539019));
#643 = CARTESIAN_POINT('',(2.864651664482,19.191049547204));
#644 = CARTESIAN_POINT('',(2.973810905361,19.199153807664));
#645 = CARTESIAN_POINT('',(3.081762874274,19.203250264069));
#646 = CARTESIAN_POINT('',(3.189344533336,19.203174750264));
#647 = CARTESIAN_POINT('',(3.297390584602,19.198957589813));
#648 = CARTESIAN_POINT('',(3.406784363064,19.190836628445));
#649 = CARTESIAN_POINT('',(3.616785139851,19.169260179269));
#650 = CARTESIAN_POINT('',(3.717317075477,19.156525278808));
#651 = CARTESIAN_POINT('',(3.820640085885,19.141493767015));
#652 = CARTESIAN_POINT('',(3.927215580735,19.124768773067));
#653 = CARTESIAN_POINT('',(4.037563083348,19.107252468161));
#654 = CARTESIAN_POINT('',(4.152283772698,19.090223080589));
#655 = CARTESIAN_POINT('',(4.27213366145,19.07531202746));
#656 = CARTESIAN_POINT('',(4.507771683795,19.054637979106));
#657 = CARTESIAN_POINT('',(4.620349800512,19.048077938882));
#658 = CARTESIAN_POINT('',(4.734259215721,19.045736619756));
#659 = CARTESIAN_POINT('',(4.848235981156,19.048292005997));
#660 = CARTESIAN_POINT('',(4.961091353219,19.055565049803));
#661 = CARTESIAN_POINT('',(5.071545624952,19.066427713254));
#662 = CARTESIAN_POINT('',(5.177958498728,19.079357291782));
#663 = CARTESIAN_POINT('',(5.421123494002,19.112244139491));
#664 = CARTESIAN_POINT('',(5.556221349775,19.133521075881));
#665 = CARTESIAN_POINT('',(5.685207395723,19.15396535083));
#666 = CARTESIAN_POINT('',(5.809453496839,19.171662288064));
#667 = CARTESIAN_POINT('',(5.93021622031,19.185531970235));
#668 = CARTESIAN_POINT('',(6.04861257508,19.194969567279));
#669 = CARTESIAN_POINT('',(6.165826078554,19.199699521401));
#670 = CARTESIAN_POINT('',(6.28318530718,19.199699521401));
#671 = ( GEOMETRIC_REPRESENTATION_CONTEXT(2) 
PARAMETRIC_REPRESENTATION_CONTEXT() REPRESENTATION_CONTEXT('2D SPACE',''
  ) );
#672 = PCURVE('',#546,#673);
#673 = DEFINITIONAL_REPRESENTATION('',(#674),#726);
#674 = B_SPLINE_CURVE_WITH_KNOTS('',8,(#675,#676,#677,#678,#679,#680,
    #681,#682,#683,#684,#685,#686,#687,#688,#689,#690,#691,#692,#693,
    #694,#695,#696,#697,#698,#699,#700,#701,#702,#703,#704,#705,#706,
    #707,#708,#709,#710,#711,#712,#713,#714,#715,#716,#717,#718,#719,
    #720,#721,#722,#723,#724,#725),.UNSPECIFIED.,.T.,.F.,(9,7,7,7,7,7,7,
    9),(0.,0.154988342588,0.286468571568,0.411523592518,0.569064102114,
    0.707443130013,0.827655545253,1.),.UNSPECIFIED.);
#675 = CARTESIAN_POINT('',(1.451179538877,981.));
#676 = CARTESIAN_POINT('',(1.451179538877,981.26065596846));
#677 = CARTESIAN_POINT('',(1.452672752309,981.52090298827));
#678 = CARTESIAN_POINT('',(1.455650880402,981.77879997285));
#679 = CARTESIAN_POINT('',(1.460146168514,982.03220555661));
#680 = CARTESIAN_POINT('',(1.466217673033,982.27829159046));
#681 = CARTESIAN_POINT('',(1.473942223717,982.5132329579));
#682 = CARTESIAN_POINT('',(1.483401653724,982.73176290868));
#683 = CARTESIAN_POINT('',(1.504206780305,983.09129913189));
#684 = CARTESIAN_POINT('',(1.515423543331,983.24551433108));
#685 = CARTESIAN_POINT('',(1.528139434356,983.37526395061));
#686 = CARTESIAN_POINT('',(1.542042950249,983.47032588303));
#687 = CARTESIAN_POINT('',(1.556709055585,983.52390318484));
#688 = CARTESIAN_POINT('',(1.571658771379,983.53271739996));
#689 = CARTESIAN_POINT('',(1.586399088274,983.49715179745));
#690 = CARTESIAN_POINT('',(1.61386749924,983.34946303596));
#691 = CARTESIAN_POINT('',(1.626237310199,983.24343324156));
#692 = CARTESIAN_POINT('',(1.637469380781,983.10991229599));
#693 = CARTESIAN_POINT('',(1.647503001182,982.95450613754));
#694 = CARTESIAN_POINT('',(1.656314572723,982.78212886363));
#695 = CARTESIAN_POINT('',(1.663907453244,982.59714177584));
#696 = CARTESIAN_POINT('',(1.670307301015,982.40342037216));
#697 = CARTESIAN_POINT('',(1.682175059442,981.95364445425));
#698 = CARTESIAN_POINT('',(1.68703764927,981.69186767013));
#699 = CARTESIAN_POINT('',(1.69022705724,981.42342651717));
#700 = CARTESIAN_POINT('',(1.6917980937,981.15143988861));
#701 = CARTESIAN_POINT('',(1.691777557576,980.87848629983));
#702 = CARTESIAN_POINT('',(1.690162594662,980.60698542122));
#703 = CARTESIAN_POINT('',(1.686918828498,980.33955977224));
#704 = CARTESIAN_POINT('',(1.677636404387,979.85142531156));
#705 = CARTESIAN_POINT('',(1.671964636311,979.62788609878));
#706 = CARTESIAN_POINT('',(1.664905809455,979.41220640357));
#707 = CARTESIAN_POINT('',(1.656406055571,979.20824190907));
#708 = CARTESIAN_POINT('',(1.646426178358,979.02075925294));
#709 = CARTESIAN_POINT('',(1.634949915255,978.85556691686));
#710 = CARTESIAN_POINT('',(1.622000761726,978.71977326795));
#711 = CARTESIAN_POINT('',(1.595239711388,978.53773288439));
#712 = CARTESIAN_POINT('',(1.581954898675,978.48336793621));
#713 = CARTESIAN_POINT('',(1.568196188244,978.46528917066));
#714 = CARTESIAN_POINT('',(1.55439044072,978.48599811041));
#715 = CARTESIAN_POINT('',(1.540976458899,978.54459465224));
#716 = CARTESIAN_POINT('',(1.528366520237,978.63687079524));
#717 = CARTESIAN_POINT('',(1.516899339796,978.75533445816));
#718 = CARTESIAN_POINT('',(1.492348982839,979.08107025833));
#719 = CARTESIAN_POINT('',(1.480196564232,979.31154302948));
#720 = CARTESIAN_POINT('',(1.470305207445,979.56748363283));
#721 = CARTESIAN_POINT('',(1.462560287177,979.84025109029));
#722 = CARTESIAN_POINT('',(1.456846907501,980.12372906287));
#723 = CARTESIAN_POINT('',(1.453071449608,980.41356947733));
#724 = CARTESIAN_POINT('',(1.451179538877,980.70660192843));
#725 = CARTESIAN_POINT('',(1.451179538877,981.));
#726 = ( GEOMETRIC_REPRESENTATION_CONTEXT(2) 
PARAMETRIC_REPRESENTATION_CONTEXT() REPRESENTATION_CONTEXT('2D SPACE',''
  ) );
#727 = ORIENTED_EDGE('',*,*,#728,.F.);
#728 = EDGE_CURVE('',#143,#562,#729,.T.);
#729 = SEAM_CURVE('',#730,(#734,#741),.PCURVE_S1.);
#730 = LINE('',#731,#732);
#731 = CARTESIAN_POINT('',(2.5,40.,180.));
#732 = VECTOR('',#733,1.);
#733 = DIRECTION('',(0.,-1.,2.22044604925E-16));
#734 = PCURVE('',#254,#735);
#735 = DEFINITIONAL_REPRESENTATION('',(#736),#740);
#736 = LINE('',#737,#738);
#737 = CARTESIAN_POINT('',(6.28318530718,-0.));
#738 = VECTOR('',#739,1.);
#739 = DIRECTION('',(0.,1.));
#740 = ( GEOMETRIC_REPRESENTATION_CONTEXT(2) 
PARAMETRIC_REPRESENTATION_CONTEXT() REPRESENTATION_CONTEXT('2D SPACE',''
  ) );
#741 = PCURVE('',#254,#742);
#742 = DEFINITIONAL_REPRESENTATION('',(#743),#747);
#743 = LINE('',#744,#745);
#744 = CARTESIAN_POINT('',(0.,-0.));
#745 = VECTOR('',#746,1.);
#746 = DIRECTION('',(0.,1.));
#747 = ( GEOMETRIC_REPRESENTATION_CONTEXT(2) 
PARAMETRIC_REPRESENTATION_CONTEXT() REPRESENTATION_CONTEXT('2D SPACE',''
  ) );
#748 = ORIENTED_EDGE('',*,*,#142,.T.);
#749 = ORIENTED_EDGE('',*,*,#728,.T.);
#750 = ADVANCED_FACE('',(#751),#428,.F.);
#751 = FACE_BOUND('',#752,.F.);
#752 = EDGE_LOOP('',(#753,#754,#777,#942));
#753 = ORIENTED_EDGE('',*,*,#316,.F.);
#754 = ORIENTED_EDGE('',*,*,#755,.F.);
#755 = EDGE_CURVE('',#756,#317,#758,.T.);
#756 = VERTEX_POINT('',#757);
#757 = CARTESIAN_POINT('',(2.5,-20.80030047859,180.));
#758 = SEAM_CURVE('',#759,(#763,#770),.PCURVE_S1.);
#759 = LINE('',#760,#761);
#760 = CARTESIAN_POINT('',(2.5,40.,180.));
#761 = VECTOR('',#762,1.);
#762 = DIRECTION('',(0.,-1.,2.22044604925E-16));
#763 = PCURVE('',#428,#764);
#764 = DEFINITIONAL_REPRESENTATION('',(#765),#769);
#765 = LINE('',#766,#767);
#766 = CARTESIAN_POINT('',(6.28318530718,-0.));
#767 = VECTOR('',#768,1.);
#768 = DIRECTION('',(0.,1.));
#769 = ( GEOMETRIC_REPRESENTATION_CONTEXT(2) 
PARAMETRIC_REPRESENTATION_CONTEXT() REPRESENTATION_CONTEXT('2D SPACE',''
  ) );
#770 = PCURVE('',#428,#771);
#771 = DEFINITIONAL_REPRESENTATION('',(#772),#776);
#772 = LINE('',#773,#774);
#773 = CARTESIAN_POINT('',(0.,-0.));
#774 = VECTOR('',#775,1.);
#775 = DIRECTION('',(0.,1.));
#776 = ( GEOMETRIC_REPRESENTATION_CONTEXT(2) 
PARAMETRIC_REPRESENTATION_CONTEXT() REPRESENTATION_CONTEXT('2D SPACE',''
  ) );
#777 = ORIENTED_EDGE('',*,*,#778,.T.);
#778 = EDGE_CURVE('',#756,#756,#779,.T.);
#779 = SURFACE_CURVE('',#780,(#832,#887),.PCURVE_S1.);
#780 = B_SPLINE_CURVE_WITH_KNOTS('',8,(#781,#782,#783,#784,#785,#786,
    #787,#788,#789,#790,#791,#792,#793,#794,#795,#796,#797,#798,#799,
    #800,#801,#802,#803,#804,#805,#806,#807,#808,#809,#810,#811,#812,
    #813,#814,#815,#816,#817,#818,#819,#820,#821,#822,#823,#824,#825,
    #826,#827,#828,#829,#830,#831),.UNSPECIFIED.,.T.,.F.,(9,7,7,7,7,7,7,
    9),(0.,0.154988344671,0.286468572869,0.411523593081,0.569064104598,
    0.7074431317,0.827655546246,1.),.UNSPECIFIED.);
#781 = CARTESIAN_POINT('',(2.5,-20.80030047859,180.));
#782 = CARTESIAN_POINT('',(2.5,-20.80030047859,180.26065597343));
#783 = CARTESIAN_POINT('',(2.468940685989,-20.80403327253,
    180.52090297385));
#784 = CARTESIAN_POINT('',(2.406994844447,-20.81147950717,
    180.77879998774));
#785 = CARTESIAN_POINT('',(2.313460042134,-20.8224567131,181.03220555741
    ));
#786 = CARTESIAN_POINT('',(2.187047228091,-20.83660397093,
    181.27829157552));
#787 = CARTESIAN_POINT('',(2.026064642262,-20.8532683026,181.51323297054
    ));
#788 = CARTESIAN_POINT('',(1.828694506582,-20.87136762174,
    181.73176290491));
#789 = CARTESIAN_POINT('',(1.394089865714,-20.90452183907,
    182.09129913189));
#790 = CARTESIAN_POINT('',(1.15961337387,-20.92021970167,182.24551433109
    ));
#791 = CARTESIAN_POINT('',(0.893581564419,-20.93479605972,
    182.37526395061));
#792 = CARTESIAN_POINT('',(0.602458925398,-20.94631273594,
    182.47032588304));
#793 = CARTESIAN_POINT('',(0.29517201089,-20.95297130812,182.52390318484
    ));
#794 = CARTESIAN_POINT('',(-1.810194089035E-02,-20.95394649514,
    182.53271739996));
#795 = CARTESIAN_POINT('',(-0.326916462611,-20.94952539187,
    182.49715179745));
#796 = CARTESIAN_POINT('',(-0.902126211209,-20.93244760181,
    182.34946303596));
#797 = CARTESIAN_POINT('',(-1.161032281223,-20.92046584417,
    182.24343324155));
#798 = CARTESIAN_POINT('',(-1.395942782662,-20.90604784771,
    182.10991229599));
#799 = CARTESIAN_POINT('',(-1.605596777966,-20.89046473644,
    181.95450613755));
#800 = CARTESIAN_POINT('',(-1.789549586979,-20.87482695646,
    181.78212886364));
#801 = CARTESIAN_POINT('',(-1.94793491725,-20.86000864495,
    181.59714177584));
#802 = CARTESIAN_POINT('',(-2.081345630411,-20.84664495094,
    181.40342037214));
#803 = CARTESIAN_POINT('',(-2.3286120362,-20.82064546072,180.95364444973
    ));
#804 = CARTESIAN_POINT('',(-2.429815119792,-20.80895045324,
    180.69186768415));
#805 = CARTESIAN_POINT('',(-2.496140398173,-20.80084619224,
    180.42342650163));
#806 = CARTESIAN_POINT('',(-2.528796653552,-20.7967497356,
    180.15143988871));
#807 = CARTESIAN_POINT('',(-2.528373124548,-20.79682524984,
    179.87848631536));
#808 = CARTESIAN_POINT('',(-2.494803872325,-20.80104241045,
    179.60698540698));
#809 = CARTESIAN_POINT('',(-2.427331485099,-20.80916337134,
    179.33955977691));
#810 = CARTESIAN_POINT('',(-2.234065378206,-20.83073982073,
    178.85142531156));
#811 = CARTESIAN_POINT('',(-2.115925528393,-20.84347472119,
    178.62788609878));
#812 = CARTESIAN_POINT('',(-1.968804534595,-20.85850623298,
    178.41220640357));
#813 = CARTESIAN_POINT('',(-1.791511226812,-20.87523122693,
    178.20824190907));
#814 = CARTESIAN_POINT('',(-1.583141461077,-20.89274753183,
    178.02075925293));
#815 = CARTESIAN_POINT('',(-1.343272991676,-20.90977691941,
    177.85556691686));
#816 = CARTESIAN_POINT('',(-1.072353669516,-20.92468797254,
    177.71977326795));
#817 = CARTESIAN_POINT('',(-0.512090977923,-20.94536202089,
    177.53773288439));
#818 = CARTESIAN_POINT('',(-0.23382672708,-20.95192206111,
    177.48336793621));
#819 = CARTESIAN_POINT('',(5.446608782244E-02,-20.95426338024,
    177.46528917066));
#820 = CARTESIAN_POINT('',(0.343769470239,-20.951707994,177.48599811042)
  );
#821 = CARTESIAN_POINT('',(0.62476748087,-20.94443495019,177.54459465223
    ));
#822 = CARTESIAN_POINT('',(0.88875818632,-20.93357228674,177.63687079524
    ));
#823 = CARTESIAN_POINT('',(1.128659867856,-20.92064270821,
    177.75533445816));
#824 = CARTESIAN_POINT('',(1.641937357894,-20.8877558605,178.08107025833
    ));
#825 = CARTESIAN_POINT('',(1.895689360941,-20.86647892411,
    178.31154302948));
#826 = CARTESIAN_POINT('',(2.101931232415,-20.84603464917,
    178.56748363283));
#827 = CARTESIAN_POINT('',(2.263226684788,-20.82833771193,178.8402510903
    ));
#828 = CARTESIAN_POINT('',(2.382117127225,-20.81446802976,
    179.12372906287));
#829 = CARTESIAN_POINT('',(2.460647666659,-20.80503043272,
    179.41356947733));
#830 = CARTESIAN_POINT('',(2.5,-20.80030047859,179.70660192843));
#831 = CARTESIAN_POINT('',(2.5,-20.80030047859,180.));
#832 = PCURVE('',#428,#833);
#833 = DEFINITIONAL_REPRESENTATION('',(#834),#886);
#834 = B_SPLINE_CURVE_WITH_KNOTS('',8,(#835,#836,#837,#838,#839,#840,
    #841,#842,#843,#844,#845,#846,#847,#848,#849,#850,#851,#852,#853,
    #854,#855,#856,#857,#858,#859,#860,#861,#862,#863,#864,#865,#866,
    #867,#868,#869,#870,#871,#872,#873,#874,#875,#876,#877,#878,#879,
    #880,#881,#882,#883,#884,#885),.UNSPECIFIED.,.F.,.F.,(9,7,7,7,7,7,7,
    9),(0.,0.154988344671,0.286468572869,0.411523593081,0.569064104598,
    0.7074431317,0.827655546246,1.),.UNSPECIFIED.);
#835 = CARTESIAN_POINT('',(0.,60.800300478599));
#836 = CARTESIAN_POINT('',(0.104262389374,60.800300478599));
#837 = CARTESIAN_POINT('',(0.208360732576,60.804033272537));
#838 = CARTESIAN_POINT('',(0.313248291972,60.811479507172));
#839 = CARTESIAN_POINT('',(0.419766886245,60.822456713102));
#840 = CARTESIAN_POINT('',(0.52874322931,60.836603970937));
#841 = CARTESIAN_POINT('',(0.6410297069,60.853268302606));
#842 = CARTESIAN_POINT('',(0.757579497339,60.871367621748));
#843 = CARTESIAN_POINT('',(0.983197756308,60.904521839076));
#844 = CARTESIAN_POINT('',(1.09478506537,60.92021970167));
#845 = CARTESIAN_POINT('',(1.211550176404,60.934796059726));
#846 = CARTESIAN_POINT('',(1.331698321442,60.946312735948));
#847 = CARTESIAN_POINT('',(1.45394800079,60.952971308123));
#848 = CARTESIAN_POINT('',(1.577192258964,60.953946495146));
#849 = CARTESIAN_POINT('',(1.700375491897,60.949525391872));
#850 = CARTESIAN_POINT('',(1.937922363113,60.932447601812));
#851 = CARTESIAN_POINT('',(2.048779044665,60.920465844173));
#852 = CARTESIAN_POINT('',(2.155437325834,60.906047847711));
#853 = CARTESIAN_POINT('',(2.25837873829,60.89046473644));
#854 = CARTESIAN_POINT('',(2.357966072281,60.874826956464));
#855 = CARTESIAN_POINT('',(2.454473819875,60.860008644952));
#856 = CARTESIAN_POINT('',(2.548085532018,60.846644950947));
#857 = CARTESIAN_POINT('',(2.753390789938,60.82064546072));
#858 = CARTESIAN_POINT('',(2.864651658275,60.808950453244));
#859 = CARTESIAN_POINT('',(2.97381091208,60.800846192244));
#860 = CARTESIAN_POINT('',(3.081762874313,60.796749735603));
#861 = CARTESIAN_POINT('',(3.189344526615,60.796825249844));
#862 = CARTESIAN_POINT('',(3.297390590722,60.801042410457));
#863 = CARTESIAN_POINT('',(3.406784361057,60.809163371349));
#864 = CARTESIAN_POINT('',(3.616785139851,60.830739820731));
#865 = CARTESIAN_POINT('',(3.717317075477,60.843474721192));
#866 = CARTESIAN_POINT('',(3.820640085885,60.858506232985));
#867 = CARTESIAN_POINT('',(3.927215580735,60.875231226933));
#868 = CARTESIAN_POINT('',(4.037563083348,60.892747531839));
#869 = CARTESIAN_POINT('',(4.152283772698,60.909776919411));
#870 = CARTESIAN_POINT('',(4.272133661451,60.92468797254));
#871 = CARTESIAN_POINT('',(4.507771683795,60.945362020894));
#872 = CARTESIAN_POINT('',(4.620349800514,60.951922061118));
#873 = CARTESIAN_POINT('',(4.734259215717,60.954263380244));
#874 = CARTESIAN_POINT('',(4.848235981163,60.951707994002));
#875 = CARTESIAN_POINT('',(4.961091353214,60.944434950197));
#876 = CARTESIAN_POINT('',(5.071545624954,60.933572286746));
#877 = CARTESIAN_POINT('',(5.177958498728,60.920642708219));
#878 = CARTESIAN_POINT('',(5.421123494003,60.887755860508));
#879 = CARTESIAN_POINT('',(5.556221349774,60.866478924119));
#880 = CARTESIAN_POINT('',(5.685207395724,60.84603464917));
#881 = CARTESIAN_POINT('',(5.809453496838,60.828337711936));
#882 = CARTESIAN_POINT('',(5.930216220311,60.814468029765));
#883 = CARTESIAN_POINT('',(6.04861257508,60.805030432721));
#884 = CARTESIAN_POINT('',(6.165826078554,60.800300478599));
#885 = CARTESIAN_POINT('',(6.28318530718,60.800300478599));
#886 = ( GEOMETRIC_REPRESENTATION_CONTEXT(2) 
PARAMETRIC_REPRESENTATION_CONTEXT() REPRESENTATION_CONTEXT('2D SPACE',''
  ) );
#887 = PCURVE('',#546,#888);
#888 = DEFINITIONAL_REPRESENTATION('',(#889),#941);
#889 = B_SPLINE_CURVE_WITH_KNOTS('',8,(#890,#891,#892,#893,#894,#895,
    #896,#897,#898,#899,#900,#901,#902,#903,#904,#905,#906,#907,#908,
    #909,#910,#911,#912,#913,#914,#915,#916,#917,#918,#919,#920,#921,
    #922,#923,#924,#925,#926,#927,#928,#929,#930,#931,#932,#933,#934,
    #935,#936,#937,#938,#939,#940),.UNSPECIFIED.,.T.,.F.,(9,7,7,7,7,7,7,
    9),(0.,0.154988344671,0.286468572869,0.411523593081,0.569064104598,
    0.7074431317,0.827655546246,1.),.UNSPECIFIED.);
#890 = CARTESIAN_POINT('',(4.832005768302,981.));
#891 = CARTESIAN_POINT('',(4.832005768302,981.26065597343));
#892 = CARTESIAN_POINT('',(4.830512555038,981.52090297385));
#893 = CARTESIAN_POINT('',(4.827534426407,981.77879998774));
#894 = CARTESIAN_POINT('',(4.823039138819,982.03220555741));
#895 = CARTESIAN_POINT('',(4.81696763451,982.27829157552));
#896 = CARTESIAN_POINT('',(4.80924308296,982.51323297054));
#897 = CARTESIAN_POINT('',(4.799783653673,982.73176290491));
#898 = CARTESIAN_POINT('',(4.778978526875,983.09129913189));
#899 = CARTESIAN_POINT('',(4.767761763848,983.24551433109));
#900 = CARTESIAN_POINT('',(4.755045872824,983.37526395061));
#901 = CARTESIAN_POINT('',(4.741142356931,983.47032588303));
#902 = CARTESIAN_POINT('',(4.726476251595,983.52390318484));
#903 = CARTESIAN_POINT('',(4.711526535801,983.53271739996));
#904 = CARTESIAN_POINT('',(4.696786218906,983.49715179745));
#905 = CARTESIAN_POINT('',(4.669317807939,983.34946303596));
#906 = CARTESIAN_POINT('',(4.65694799698,983.24343324155));
#907 = CARTESIAN_POINT('',(4.645715926399,983.10991229599));
#908 = CARTESIAN_POINT('',(4.635682305998,982.95450613755));
#909 = CARTESIAN_POINT('',(4.626870734457,982.78212886364));
#910 = CARTESIAN_POINT('',(4.619277853936,982.59714177584));
#911 = CARTESIAN_POINT('',(4.612878006164,982.40342037214));
#912 = CARTESIAN_POINT('',(4.601010247618,981.95364444973));
#913 = CARTESIAN_POINT('',(4.596147658115,981.69186768415));
#914 = CARTESIAN_POINT('',(4.592958249892,981.42342650163));
#915 = CARTESIAN_POINT('',(4.591387213335,981.15143988871));
#916 = CARTESIAN_POINT('',(4.591407749658,980.87848631536));
#917 = CARTESIAN_POINT('',(4.59302271263,980.60698540698));
#918 = CARTESIAN_POINT('',(4.596266478593,980.33955977691));
#919 = CARTESIAN_POINT('',(4.605548902792,979.85142531156));
#920 = CARTESIAN_POINT('',(4.611220670868,979.62788609878));
#921 = CARTESIAN_POINT('',(4.618279497725,979.41220640357));
#922 = CARTESIAN_POINT('',(4.626779251608,979.20824190907));
#923 = CARTESIAN_POINT('',(4.636759128822,979.02075925293));
#924 = CARTESIAN_POINT('',(4.648235391925,978.85556691686));
#925 = CARTESIAN_POINT('',(4.661184545453,978.71977326795));
#926 = CARTESIAN_POINT('',(4.687945595791,978.53773288439));
#927 = CARTESIAN_POINT('',(4.701230408505,978.48336793621));
#928 = CARTESIAN_POINT('',(4.714989118936,978.46528917066));
#929 = CARTESIAN_POINT('',(4.72879486646,978.48599811042));
#930 = CARTESIAN_POINT('',(4.74220884828,978.54459465223));
#931 = CARTESIAN_POINT('',(4.754818786943,978.63687079524));
#932 = CARTESIAN_POINT('',(4.766285967384,978.75533445816));
#933 = CARTESIAN_POINT('',(4.790836324341,979.08107025833));
#934 = CARTESIAN_POINT('',(4.802988742948,979.31154302948));
#935 = CARTESIAN_POINT('',(4.812880099734,979.56748363283));
#936 = CARTESIAN_POINT('',(4.820625020002,979.84025109029));
#937 = CARTESIAN_POINT('',(4.826338399679,980.12372906287));
#938 = CARTESIAN_POINT('',(4.830113857571,980.41356947733));
#939 = CARTESIAN_POINT('',(4.832005768302,980.70660192843));
#940 = CARTESIAN_POINT('',(4.832005768302,981.));
#941 = ( GEOMETRIC_REPRESENTATION_CONTEXT(2) 
PARAMETRIC_REPRESENTATION_CONTEXT() REPRESENTATION_CONTEXT('2D SPACE',''
  ) );
#942 = ORIENTED_EDGE('',*,*,#755,.T.);
#943 = ADVANCED_FACE('',(#944),#508,.T.);
#944 = FACE_BOUND('',#945,.T.);
#945 = EDGE_LOOP('',(#946,#947,#970,#997));
#946 = ORIENTED_EDGE('',*,*,#491,.F.);
#947 = ORIENTED_EDGE('',*,*,#948,.F.);
#948 = EDGE_CURVE('',#949,#492,#951,.T.);
#949 = VERTEX_POINT('',#950);
#950 = CARTESIAN_POINT('',(55.,-1.347111479062E-14,-829.));
#951 = SEAM_CURVE('',#952,(#956,#963),.PCURVE_S1.);
#952 = LINE('',#953,#954);
#953 = CARTESIAN_POINT('',(55.,-1.347111479062E-14,-829.));
#954 = VECTOR('',#955,1.);
#955 = DIRECTION('',(0.,0.,1.));
#956 = PCURVE('',#508,#957);
#957 = DEFINITIONAL_REPRESENTATION('',(#958),#962);
#958 = LINE('',#959,#960);
#959 = CARTESIAN_POINT('',(6.28318530718,-0.));
#960 = VECTOR('',#961,1.);
#961 = DIRECTION('',(0.,1.));
#962 = ( GEOMETRIC_REPRESENTATION_CONTEXT(2) 
PARAMETRIC_REPRESENTATION_CONTEXT() REPRESENTATION_CONTEXT('2D SPACE',''
  ) );
#963 = PCURVE('',#508,#964);
#964 = DEFINITIONAL_REPRESENTATION('',(#965),#969);
#965 = LINE('',#966,#967);
#966 = CARTESIAN_POINT('',(0.,-0.));
#967 = VECTOR('',#968,1.);
#968 = DIRECTION('',(0.,1.));
#969 = ( GEOMETRIC_REPRESENTATION_CONTEXT(2) 
PARAMETRIC_REPRESENTATION_CONTEXT() REPRESENTATION_CONTEXT('2D SPACE',''
  ) );
#970 = ORIENTED_EDGE('',*,*,#971,.T.);
#971 = EDGE_CURVE('',#949,#949,#972,.T.);
#972 = SURFACE_CURVE('',#973,(#978,#985),.PCURVE_S1.);
#973 = CIRCLE('',#974,55.);
#974 = AXIS2_PLACEMENT_3D('',#975,#976,#977);
#975 = CARTESIAN_POINT('',(0.,0.,-829.));
#976 = DIRECTION('',(0.,0.,1.));
#977 = DIRECTION('',(1.,0.,-0.));
#978 = PCURVE('',#508,#979);
#979 = DEFINITIONAL_REPRESENTATION('',(#980),#984);
#980 = LINE('',#981,#982);
#981 = CARTESIAN_POINT('',(0.,0.));
#982 = VECTOR('',#983,1.);
#983 = DIRECTION('',(1.,0.));
#984 = ( GEOMETRIC_REPRESENTATION_CONTEXT(2) 
PARAMETRIC_REPRESENTATION_CONTEXT() REPRESENTATION_CONTEXT('2D SPACE',''
  ) );
#985 = PCURVE('',#986,#991);
#986 = PLANE('',#987);
#987 = AXIS2_PLACEMENT_3D('',#988,#989,#990);
#988 = CARTESIAN_POINT('',(0.,0.,-829.));
#989 = DIRECTION('',(0.,0.,1.));
#990 = DIRECTION('',(1.,0.,-0.));
#991 = DEFINITIONAL_REPRESENTATION('',(#992),#996);
#992 = CIRCLE('',#993,55.);
#993 = AXIS2_PLACEMENT_2D('',#994,#995);
#994 = CARTESIAN_POINT('',(0.,0.));
#995 = DIRECTION('',(1.,0.));
#996 = ( GEOMETRIC_REPRESENTATION_CONTEXT(2) 
PARAMETRIC_REPRESENTATION_CONTEXT() REPRESENTATION_CONTEXT('2D SPACE',''
  ) );
#997 = ORIENTED_EDGE('',*,*,#948,.T.);
#998 = ADVANCED_FACE('',(#999,#1053,#1056),#546,.F.);
#999 = FACE_BOUND('',#1000,.F.);
#1000 = EDGE_LOOP('',(#1001,#1024,#1025,#1026));
#1001 = ORIENTED_EDGE('',*,*,#1002,.T.);
#1002 = EDGE_CURVE('',#1003,#530,#1005,.T.);
#1003 = VERTEX_POINT('',#1004);
#1004 = CARTESIAN_POINT('',(20.95,-5.131270088427E-15,-800.));
#1005 = SEAM_CURVE('',#1006,(#1010,#1017),.PCURVE_S1.);
#1006 = LINE('',#1007,#1008);
#1007 = CARTESIAN_POINT('',(20.95,-5.131270088427E-15,-801.));
#1008 = VECTOR('',#1009,1.);
#1009 = DIRECTION('',(0.,0.,1.));
#1010 = PCURVE('',#546,#1011);
#1011 = DEFINITIONAL_REPRESENTATION('',(#1012),#1016);
#1012 = LINE('',#1013,#1014);
#1013 = CARTESIAN_POINT('',(6.28318530718,-0.));
#1014 = VECTOR('',#1015,1.);
#1015 = DIRECTION('',(0.,1.));
#1016 = ( GEOMETRIC_REPRESENTATION_CONTEXT(2) 
PARAMETRIC_REPRESENTATION_CONTEXT() REPRESENTATION_CONTEXT('2D SPACE',''
  ) );
#1017 = PCURVE('',#546,#1018);
#1018 = DEFINITIONAL_REPRESENTATION('',(#1019),#1023);
#1019 = LINE('',#1020,#1021);
#1020 = CARTESIAN_POINT('',(0.,-0.));
#1021 = VECTOR('',#1022,1.);
#1022 = DIRECTION('',(0.,1.));
#1023 = ( GEOMETRIC_REPRESENTATION_CONTEXT(2) 
PARAMETRIC_REPRESENTATION_CONTEXT() REPRESENTATION_CONTEXT('2D SPACE',''
  ) );
#1024 = ORIENTED_EDGE('',*,*,#529,.F.);
#1025 = ORIENTED_EDGE('',*,*,#1002,.F.);
#1026 = ORIENTED_EDGE('',*,*,#1027,.T.);
#1027 = EDGE_CURVE('',#1003,#1003,#1028,.T.);
#1028 = SURFACE_CURVE('',#1029,(#1034,#1041),.PCURVE_S1.);
#1029 = CIRCLE('',#1030,20.95);
#1030 = AXIS2_PLACEMENT_3D('',#1031,#1032,#1033);
#1031 = CARTESIAN_POINT('',(0.,0.,-800.));
#1032 = DIRECTION('',(0.,0.,1.));
#1033 = DIRECTION('',(1.,0.,-0.));
#1034 = PCURVE('',#546,#1035);
#1035 = DEFINITIONAL_REPRESENTATION('',(#1036),#1040);
#1036 = LINE('',#1037,#1038);
#1037 = CARTESIAN_POINT('',(0.,1.));
#1038 = VECTOR('',#1039,1.);
#1039 = DIRECTION('',(1.,0.));
#1040 = ( GEOMETRIC_REPRESENTATION_CONTEXT(2) 
PARAMETRIC_REPRESENTATION_CONTEXT() REPRESENTATION_CONTEXT('2D SPACE',''
  ) );
#1041 = PCURVE('',#1042,#1047);
#1042 = PLANE('',#1043);
#1043 = AXIS2_PLACEMENT_3D('',#1044,#1045,#1046);
#1044 = CARTESIAN_POINT('',(0.,0.,-800.));
#1045 = DIRECTION('',(0.,0.,1.));
#1046 = DIRECTION('',(1.,0.,-0.));
#1047 = DEFINITIONAL_REPRESENTATION('',(#1048),#1052);
#1048 = CIRCLE('',#1049,20.95);
#1049 = AXIS2_PLACEMENT_2D('',#1050,#1051);
#1050 = CARTESIAN_POINT('',(0.,0.));
#1051 = DIRECTION('',(1.,0.));
#1052 = ( GEOMETRIC_REPRESENTATION_CONTEXT(2) 
PARAMETRIC_REPRESENTATION_CONTEXT() REPRESENTATION_CONTEXT('2D SPACE',''
  ) );
#1053 = FACE_BOUND('',#1054,.F.);
#1054 = EDGE_LOOP('',(#1055));
#1055 = ORIENTED_EDGE('',*,*,#561,.T.);
#1056 = FACE_BOUND('',#1057,.F.);
#1057 = EDGE_LOOP('',(#1058));
#1058 = ORIENTED_EDGE('',*,*,#778,.F.);
#1059 = ADVANCED_FACE('',(#1060),#986,.F.);
#1060 = FACE_BOUND('',#1061,.T.);
#1061 = EDGE_LOOP('',(#1062));
#1062 = ORIENTED_EDGE('',*,*,#971,.F.);
#1063 = ADVANCED_FACE('',(#1064,#1067),#1042,.T.);
#1064 = FACE_BOUND('',#1065,.T.);
#1065 = EDGE_LOOP('',(#1066));
#1066 = ORIENTED_EDGE('',*,*,#1027,.T.);
#1067 = FACE_BOUND('',#1068,.T.);
#1068 = EDGE_LOOP('',(#1069));
#1069 = ORIENTED_EDGE('',*,*,#1070,.F.);
#1070 = EDGE_CURVE('',#1071,#1071,#1073,.T.);
#1071 = VERTEX_POINT('',#1072);
#1072 = CARTESIAN_POINT('',(20.,-4.898587196589E-15,-800.));
#1073 = SURFACE_CURVE('',#1074,(#1079,#1086),.PCURVE_S1.);
#1074 = CIRCLE('',#1075,20.);
#1075 = AXIS2_PLACEMENT_3D('',#1076,#1077,#1078);
#1076 = CARTESIAN_POINT('',(0.,0.,-800.));
#1077 = DIRECTION('',(0.,0.,1.));
#1078 = DIRECTION('',(1.,0.,-0.));
#1079 = PCURVE('',#1042,#1080);
#1080 = DEFINITIONAL_REPRESENTATION('',(#1081),#1085);
#1081 = CIRCLE('',#1082,20.);
#1082 = AXIS2_PLACEMENT_2D('',#1083,#1084);
#1083 = CARTESIAN_POINT('',(0.,0.));
#1084 = DIRECTION('',(1.,0.));
#1085 = ( GEOMETRIC_REPRESENTATION_CONTEXT(2) 
PARAMETRIC_REPRESENTATION_CONTEXT() REPRESENTATION_CONTEXT('2D SPACE',''
  ) );
#1086 = PCURVE('',#1087,#1092);
#1087 = CYLINDRICAL_SURFACE('',#1088,20.);
#1088 = AXIS2_PLACEMENT_3D('',#1089,#1090,#1091);
#1089 = CARTESIAN_POINT('',(0.,0.,-800.));
#1090 = DIRECTION('',(0.,0.,1.));
#1091 = DIRECTION('',(1.,0.,-0.));
#1092 = DEFINITIONAL_REPRESENTATION('',(#1093),#1097);
#1093 = LINE('',#1094,#1095);
#1094 = CARTESIAN_POINT('',(0.,0.));
#1095 = VECTOR('',#1096,1.);
#1096 = DIRECTION('',(1.,0.));
#1097 = ( GEOMETRIC_REPRESENTATION_CONTEXT(2) 
PARAMETRIC_REPRESENTATION_CONTEXT() REPRESENTATION_CONTEXT('2D SPACE',''
  ) );
#1098 = ADVANCED_FACE('',(#1099),#1087,.T.);
#1099 = FACE_BOUND('',#1100,.T.);
#1100 = EDGE_LOOP('',(#1101,#1130,#1151,#1152));
#1101 = ORIENTED_EDGE('',*,*,#1102,.F.);
#1102 = EDGE_CURVE('',#1103,#1103,#1105,.T.);
#1103 = VERTEX_POINT('',#1104);
#1104 = CARTESIAN_POINT('',(20.,-4.898587196589E-15,-465.));
#1105 = SURFACE_CURVE('',#1106,(#1111,#1118),.PCURVE_S1.);
#1106 = CIRCLE('',#1107,20.);
#1107 = AXIS2_PLACEMENT_3D('',#1108,#1109,#1110);
#1108 = CARTESIAN_POINT('',(0.,0.,-465.));
#1109 = DIRECTION('',(0.,0.,1.));
#1110 = DIRECTION('',(1.,0.,-0.));
#1111 = PCURVE('',#1087,#1112);
#1112 = DEFINITIONAL_REPRESENTATION('',(#1113),#1117);
#1113 = LINE('',#1114,#1115);
#1114 = CARTESIAN_POINT('',(0.,335.));
#1115 = VECTOR('',#1116,1.);
#1116 = DIRECTION('',(1.,0.));
#1117 = ( GEOMETRIC_REPRESENTATION_CONTEXT(2) 
PARAMETRIC_REPRESENTATION_CONTEXT() REPRESENTATION_CONTEXT('2D SPACE',''
  ) );
#1118 = PCURVE('',#1119,#1124);
#1119 = PLANE('',#1120);
#1120 = AXIS2_PLACEMENT_3D('',#1121,#1122,#1123);
#1121 = CARTESIAN_POINT('',(0.,0.,-465.));
#1122 = DIRECTION('',(0.,0.,1.));
#1123 = DIRECTION('',(1.,0.,-0.));
#1124 = DEFINITIONAL_REPRESENTATION('',(#1125),#1129);
#1125 = CIRCLE('',#1126,20.);
#1126 = AXIS2_PLACEMENT_2D('',#1127,#1128);
#1127 = CARTESIAN_POINT('',(0.,0.));
#1128 = DIRECTION('',(1.,0.));
#1129 = ( GEOMETRIC_REPRESENTATION_CONTEXT(2) 
PARAMETRIC_REPRESENTATION_CONTEXT() REPRESENTATION_CONTEXT('2D SPACE',''
  ) );
#1130 = ORIENTED_EDGE('',*,*,#1131,.F.);
#1131 = EDGE_CURVE('',#1071,#1103,#1132,.T.);
#1132 = SEAM_CURVE('',#1133,(#1137,#1144),.PCURVE_S1.);
#1133 = LINE('',#1134,#1135);
#1134 = CARTESIAN_POINT('',(20.,-4.898587196589E-15,-800.));
#1135 = VECTOR('',#1136,1.);
#1136 = DIRECTION('',(0.,0.,1.));
#1137 = PCURVE('',#1087,#1138);
#1138 = DEFINITIONAL_REPRESENTATION('',(#1139),#1143);
#1139 = LINE('',#1140,#1141);
#1140 = CARTESIAN_POINT('',(6.28318530718,-0.));
#1141 = VECTOR('',#1142,1.);
#1142 = DIRECTION('',(0.,1.));
#1143 = ( GEOMETRIC_REPRESENTATION_CONTEXT(2) 
PARAMETRIC_REPRESENTATION_CONTEXT() REPRESENTATION_CONTEXT('2D SPACE',''
  ) );
#1144 = PCURVE('',#1087,#1145);
#1145 = DEFINITIONAL_REPRESENTATION('',(#1146),#1150);
#1146 = LINE('',#1147,#1148);
#1147 = CARTESIAN_POINT('',(0.,-0.));
#1148 = VECTOR('',#1149,1.);
#1149 = DIRECTION('',(0.,1.));
#1150 = ( GEOMETRIC_REPRESENTATION_CONTEXT(2) 
PARAMETRIC_REPRESENTATION_CONTEXT() REPRESENTATION_CONTEXT('2D SPACE',''
  ) );
#1151 = ORIENTED_EDGE('',*,*,#1070,.T.);
#1152 = ORIENTED_EDGE('',*,*,#1131,.T.);
#1153 = ADVANCED_FACE('',(#1154,#1157),#1119,.T.);
#1154 = FACE_BOUND('',#1155,.T.);
#1155 = EDGE_LOOP('',(#1156));
#1156 = ORIENTED_EDGE('',*,*,#1102,.T.);
#1157 = FACE_BOUND('',#1158,.T.);
#1158 = EDGE_LOOP('',(#1159));
#1159 = ORIENTED_EDGE('',*,*,#1160,.F.);
#1160 = EDGE_CURVE('',#1161,#1161,#1163,.T.);
#1161 = VERTEX_POINT('',#1162);
#1162 = CARTESIAN_POINT('',(18.,-4.40872847693E-15,-465.));
#1163 = SURFACE_CURVE('',#1164,(#1169,#1176),.PCURVE_S1.);
#1164 = CIRCLE('',#1165,18.);
#1165 = AXIS2_PLACEMENT_3D('',#1166,#1167,#1168);
#1166 = CARTESIAN_POINT('',(0.,0.,-465.));
#1167 = DIRECTION('',(0.,0.,1.));
#1168 = DIRECTION('',(1.,0.,-0.));
#1169 = PCURVE('',#1119,#1170);
#1170 = DEFINITIONAL_REPRESENTATION('',(#1171),#1175);
#1171 = CIRCLE('',#1172,18.);
#1172 = AXIS2_PLACEMENT_2D('',#1173,#1174);
#1173 = CARTESIAN_POINT('',(0.,0.));
#1174 = DIRECTION('',(1.,0.));
#1175 = ( GEOMETRIC_REPRESENTATION_CONTEXT(2) 
PARAMETRIC_REPRESENTATION_CONTEXT() REPRESENTATION_CONTEXT('2D SPACE',''
  ) );
#1176 = PCURVE('',#1177,#1182);
#1177 = CYLINDRICAL_SURFACE('',#1178,18.);
#1178 = AXIS2_PLACEMENT_3D('',#1179,#1180,#1181);
#1179 = CARTESIAN_POINT('',(0.,0.,-801.));
#1180 = DIRECTION('',(0.,0.,1.));
#1181 = DIRECTION('',(1.,0.,-0.));
#1182 = DEFINITIONAL_REPRESENTATION('',(#1183),#1187);
#1183 = LINE('',#1184,#1185);
#1184 = CARTESIAN_POINT('',(0.,336.));
#1185 = VECTOR('',#1186,1.);
#1186 = DIRECTION('',(1.,0.));
#1187 = ( GEOMETRIC_REPRESENTATION_CONTEXT(2) 
PARAMETRIC_REPRESENTATION_CONTEXT() REPRESENTATION_CONTEXT('2D SPACE',''
  ) );
#1188 = ADVANCED_FACE('',(#1189),#1177,.F.);
#1189 = FACE_BOUND('',#1190,.F.);
#1190 = EDGE_LOOP('',(#1191,#1192,#1215,#1242));
#1191 = ORIENTED_EDGE('',*,*,#1160,.F.);
#1192 = ORIENTED_EDGE('',*,*,#1193,.F.);
#1193 = EDGE_CURVE('',#1194,#1161,#1196,.T.);
#1194 = VERTEX_POINT('',#1195);
#1195 = CARTESIAN_POINT('',(18.,-4.40872847693E-15,-800.));
#1196 = SEAM_CURVE('',#1197,(#1201,#1208),.PCURVE_S1.);
#1197 = LINE('',#1198,#1199);
#1198 = CARTESIAN_POINT('',(18.,-4.40872847693E-15,-801.));
#1199 = VECTOR('',#1200,1.);
#1200 = DIRECTION('',(0.,0.,1.));
#1201 = PCURVE('',#1177,#1202);
#1202 = DEFINITIONAL_REPRESENTATION('',(#1203),#1207);
#1203 = LINE('',#1204,#1205);
#1204 = CARTESIAN_POINT('',(6.28318530718,-0.));
#1205 = VECTOR('',#1206,1.);
#1206 = DIRECTION('',(0.,1.));
#1207 = ( GEOMETRIC_REPRESENTATION_CONTEXT(2) 
PARAMETRIC_REPRESENTATION_CONTEXT() REPRESENTATION_CONTEXT('2D SPACE',''
  ) );
#1208 = PCURVE('',#1177,#1209);
#1209 = DEFINITIONAL_REPRESENTATION('',(#1210),#1214);
#1210 = LINE('',#1211,#1212);
#1211 = CARTESIAN_POINT('',(0.,-0.));
#1212 = VECTOR('',#1213,1.);
#1213 = DIRECTION('',(0.,1.));
#1214 = ( GEOMETRIC_REPRESENTATION_CONTEXT(2) 
PARAMETRIC_REPRESENTATION_CONTEXT() REPRESENTATION_CONTEXT('2D SPACE',''
  ) );
#1215 = ORIENTED_EDGE('',*,*,#1216,.T.);
#1216 = EDGE_CURVE('',#1194,#1194,#1217,.T.);
#1217 = SURFACE_CURVE('',#1218,(#1223,#1230),.PCURVE_S1.);
#1218 = CIRCLE('',#1219,18.);
#1219 = AXIS2_PLACEMENT_3D('',#1220,#1221,#1222);
#1220 = CARTESIAN_POINT('',(0.,0.,-800.));
#1221 = DIRECTION('',(0.,0.,1.));
#1222 = DIRECTION('',(1.,0.,-0.));
#1223 = PCURVE('',#1177,#1224);
#1224 = DEFINITIONAL_REPRESENTATION('',(#1225),#1229);
#1225 = LINE('',#1226,#1227);
#1226 = CARTESIAN_POINT('',(0.,1.));
#1227 = VECTOR('',#1228,1.);
#1228 = DIRECTION('',(1.,0.));
#1229 = ( GEOMETRIC_REPRESENTATION_CONTEXT(2) 
PARAMETRIC_REPRESENTATION_CONTEXT() REPRESENTATION_CONTEXT('2D SPACE',''
  ) );
#1230 = PCURVE('',#1231,#1236);
#1231 = PLANE('',#1232);
#1232 = AXIS2_PLACEMENT_3D('',#1233,#1234,#1235);
#1233 = CARTESIAN_POINT('',(0.,0.,-800.));
#1234 = DIRECTION('',(0.,0.,1.));
#1235 = DIRECTION('',(1.,0.,-0.));
#1236 = DEFINITIONAL_REPRESENTATION('',(#1237),#1241);
#1237 = CIRCLE('',#1238,18.);
#1238 = AXIS2_PLACEMENT_2D('',#1239,#1240);
#1239 = CARTESIAN_POINT('',(0.,0.));
#1240 = DIRECTION('',(1.,0.));
#1241 = ( GEOMETRIC_REPRESENTATION_CONTEXT(2) 
PARAMETRIC_REPRESENTATION_CONTEXT() REPRESENTATION_CONTEXT('2D SPACE',''
  ) );
#1242 = ORIENTED_EDGE('',*,*,#1193,.T.);
#1243 = ADVANCED_FACE('',(#1244),#1231,.T.);
#1244 = FACE_BOUND('',#1245,.T.);
#1245 = EDGE_LOOP('',(#1246));
#1246 = ORIENTED_EDGE('',*,*,#1216,.T.);
#1247 = ( GEOMETRIC_REPRESENTATION_CONTEXT(3) 
GLOBAL_UNCERTAINTY_ASSIGNED_CONTEXT((#1251)) 
GLOBAL_UNIT_ASSIGNED_CONTEXT((#1248,#1249,#1250)) REPRESENTATION_CONTEXT
('Context #1','3D Context with UNIT and UNCERTAINTY') );
#1248 = ( LENGTH_UNIT() NAMED_UNIT(*) SI_UNIT(.MILLI.,.METRE.) );
#1249 = ( NAMED_UNIT(*) PLANE_ANGLE_UNIT() SI_UNIT($,.RADIAN.) );
#1250 = ( NAMED_UNIT(*) SI_UNIT($,.STERADIAN.) SOLID_ANGLE_UNIT() );
#1251 = UNCERTAINTY_MEASURE_WITH_UNIT(LENGTH_MEASURE(1.E-07),#1248,
  'distance_accuracy_value','confusion accuracy');
#1252 = CONTEXT_DEPENDENT_SHAPE_REPRESENTATION(#1253,#1255);
#1253 = ( REPRESENTATION_RELATIONSHIP('','',#48,#10) 
REPRESENTATION_RELATIONSHIP_WITH_TRANSFORMATION(#1254) 
SHAPE_REPRESENTATION_RELATIONSHIP() );
#1254 = ITEM_DEFINED_TRANSFORMATION('','',#11,#15);
#1255 = PRODUCT_DEFINITION_SHAPE('Placement','Placement of an item',
  #1256);
#1256 = NEXT_ASSEMBLY_USAGE_OCCURRENCE('1','=>[0:1:1:2]','',#5,#43,$);
#1257 = PRODUCT_RELATED_PRODUCT_CATEGORY('part',$,(#45));
#1258 = SHAPE_DEFINITION_REPRESENTATION(#1259,#1265);
#1259 = PRODUCT_DEFINITION_SHAPE('','',#1260);
#1260 = PRODUCT_DEFINITION('design','',#1261,#1264);
#1261 = PRODUCT_DEFINITION_FORMATION('','',#1262);
#1262 = PRODUCT('COMPOUND','COMPOUND','',(#1263));
#1263 = PRODUCT_CONTEXT('',#2,'mechanical');
#1264 = PRODUCT_DEFINITION_CONTEXT('part definition',#2,'design');
#1265 = ADVANCED_BREP_SHAPE_REPRESENTATION('',(#11,#1266),#1544);
#1266 = MANIFOLD_SOLID_BREP('',#1267);
#1267 = CLOSED_SHELL('',(#1268,#1356,#1391,#1426,#1481,#1536,#1540));
#1268 = ADVANCED_FACE('',(#1269),#1282,.T.);
#1269 = FACE_BOUND('',#1270,.T.);
#1270 = EDGE_LOOP('',(#1271,#1305,#1328,#1355));
#1271 = ORIENTED_EDGE('',*,*,#1272,.F.);
#1272 = EDGE_CURVE('',#1273,#1273,#1275,.T.);
#1273 = VERTEX_POINT('',#1274);
#1274 = CARTESIAN_POINT('',(17.,-4.163799117101E-15,-350.));
#1275 = SURFACE_CURVE('',#1276,(#1281,#1293),.PCURVE_S1.);
#1276 = CIRCLE('',#1277,17.);
#1277 = AXIS2_PLACEMENT_3D('',#1278,#1279,#1280);
#1278 = CARTESIAN_POINT('',(0.,0.,-350.));
#1279 = DIRECTION('',(0.,0.,1.));
#1280 = DIRECTION('',(1.,0.,-0.));
#1281 = PCURVE('',#1282,#1287);
#1282 = CYLINDRICAL_SURFACE('',#1283,17.);
#1283 = AXIS2_PLACEMENT_3D('',#1284,#1285,#1286);
#1284 = CARTESIAN_POINT('',(0.,0.,-465.));
#1285 = DIRECTION('',(0.,0.,1.));
#1286 = DIRECTION('',(1.,0.,-0.));
#1287 = DEFINITIONAL_REPRESENTATION('',(#1288),#1292);
#1288 = LINE('',#1289,#1290);
#1289 = CARTESIAN_POINT('',(0.,115.));
#1290 = VECTOR('',#1291,1.);
#1291 = DIRECTION('',(1.,0.));
#1292 = ( GEOMETRIC_REPRESENTATION_CONTEXT(2) 
PARAMETRIC_REPRESENTATION_CONTEXT() REPRESENTATION_CONTEXT('2D SPACE',''
  ) );
#1293 = PCURVE('',#1294,#1299);
#1294 = PLANE('',#1295);
#1295 = AXIS2_PLACEMENT_3D('',#1296,#1297,#1298);
#1296 = CARTESIAN_POINT('',(0.,0.,-350.));
#1297 = DIRECTION('',(0.,0.,1.));
#1298 = DIRECTION('',(1.,0.,-0.));
#1299 = DEFINITIONAL_REPRESENTATION('',(#1300),#1304);
#1300 = CIRCLE('',#1301,17.);
#1301 = AXIS2_PLACEMENT_2D('',#1302,#1303);
#1302 = CARTESIAN_POINT('',(0.,0.));
#1303 = DIRECTION('',(1.,0.));
#1304 = ( GEOMETRIC_REPRESENTATION_CONTEXT(2) 
PARAMETRIC_REPRESENTATION_CONTEXT() REPRESENTATION_CONTEXT('2D SPACE',''
  ) );
#1305 = ORIENTED_EDGE('',*,*,#1306,.F.);
#1306 = EDGE_CURVE('',#1307,#1273,#1309,.T.);
#1307 = VERTEX_POINT('',#1308);
#1308 = CARTESIAN_POINT('',(17.,-4.163799117101E-15,-450.));
#1309 = SEAM_CURVE('',#1310,(#1314,#1321),.PCURVE_S1.);
#1310 = LINE('',#1311,#1312);
#1311 = CARTESIAN_POINT('',(17.,-4.163799117101E-15,-465.));
#1312 = VECTOR('',#1313,1.);
#1313 = DIRECTION('',(0.,0.,1.));
#1314 = PCURVE('',#1282,#1315);
#1315 = DEFINITIONAL_REPRESENTATION('',(#1316),#1320);
#1316 = LINE('',#1317,#1318);
#1317 = CARTESIAN_POINT('',(6.28318530718,-0.));
#1318 = VECTOR('',#1319,1.);
#1319 = DIRECTION('',(0.,1.));
#1320 = ( GEOMETRIC_REPRESENTATION_CONTEXT(2) 
PARAMETRIC_REPRESENTATION_CONTEXT() REPRESENTATION_CONTEXT('2D SPACE',''
  ) );
#1321 = PCURVE('',#1282,#1322);
#1322 = DEFINITIONAL_REPRESENTATION('',(#1323),#1327);
#1323 = LINE('',#1324,#1325);
#1324 = CARTESIAN_POINT('',(0.,-0.));
#1325 = VECTOR('',#1326,1.);
#1326 = DIRECTION('',(0.,1.));
#1327 = ( GEOMETRIC_REPRESENTATION_CONTEXT(2) 
PARAMETRIC_REPRESENTATION_CONTEXT() REPRESENTATION_CONTEXT('2D SPACE',''
  ) );
#1328 = ORIENTED_EDGE('',*,*,#1329,.T.);
#1329 = EDGE_CURVE('',#1307,#1307,#1330,.T.);
#1330 = SURFACE_CURVE('',#1331,(#1336,#1343),.PCURVE_S1.);
#1331 = CIRCLE('',#1332,17.);
#1332 = AXIS2_PLACEMENT_3D('',#1333,#1334,#1335);
#1333 = CARTESIAN_POINT('',(0.,0.,-450.));
#1334 = DIRECTION('',(0.,0.,1.));
#1335 = DIRECTION('',(1.,0.,-0.));
#1336 = PCURVE('',#1282,#1337);
#1337 = DEFINITIONAL_REPRESENTATION('',(#1338),#1342);
#1338 = LINE('',#1339,#1340);
#1339 = CARTESIAN_POINT('',(0.,15.));
#1340 = VECTOR('',#1341,1.);
#1341 = DIRECTION('',(1.,0.));
#1342 = ( GEOMETRIC_REPRESENTATION_CONTEXT(2) 
PARAMETRIC_REPRESENTATION_CONTEXT() REPRESENTATION_CONTEXT('2D SPACE',''
  ) );
#1343 = PCURVE('',#1344,#1349);
#1344 = PLANE('',#1345);
#1345 = AXIS2_PLACEMENT_3D('',#1346,#1347,#1348);
#1346 = CARTESIAN_POINT('',(0.,0.,-450.));
#1347 = DIRECTION('',(0.,0.,1.));
#1348 = DIRECTION('',(1.,0.,-0.));
#1349 = DEFINITIONAL_REPRESENTATION('',(#1350),#1354);
#1350 = CIRCLE('',#1351,17.);
#1351 = AXIS2_PLACEMENT_2D('',#1352,#1353);
#1352 = CARTESIAN_POINT('',(0.,0.));
#1353 = DIRECTION('',(1.,0.));
#1354 = ( GEOMETRIC_REPRESENTATION_CONTEXT(2) 
PARAMETRIC_REPRESENTATION_CONTEXT() REPRESENTATION_CONTEXT('2D SPACE',''
  ) );
#1355 = ORIENTED_EDGE('',*,*,#1306,.T.);
#1356 = ADVANCED_FACE('',(#1357,#1388),#1294,.F.);
#1357 = FACE_BOUND('',#1358,.F.);
#1358 = EDGE_LOOP('',(#1359));
#1359 = ORIENTED_EDGE('',*,*,#1360,.T.);
#1360 = EDGE_CURVE('',#1361,#1361,#1363,.T.);
#1361 = VERTEX_POINT('',#1362);
#1362 = CARTESIAN_POINT('',(20.75,-5.082284216462E-15,-350.));
#1363 = SURFACE_CURVE('',#1364,(#1369,#1376),.PCURVE_S1.);
#1364 = CIRCLE('',#1365,20.75);
#1365 = AXIS2_PLACEMENT_3D('',#1366,#1367,#1368);
#1366 = CARTESIAN_POINT('',(0.,0.,-350.));
#1367 = DIRECTION('',(0.,0.,1.));
#1368 = DIRECTION('',(1.,0.,-0.));
#1369 = PCURVE('',#1294,#1370);
#1370 = DEFINITIONAL_REPRESENTATION('',(#1371),#1375);
#1371 = CIRCLE('',#1372,20.75);
#1372 = AXIS2_PLACEMENT_2D('',#1373,#1374);
#1373 = CARTESIAN_POINT('',(0.,0.));
#1374 = DIRECTION('',(1.,0.));
#1375 = ( GEOMETRIC_REPRESENTATION_CONTEXT(2) 
PARAMETRIC_REPRESENTATION_CONTEXT() REPRESENTATION_CONTEXT('2D SPACE',''
  ) );
#1376 = PCURVE('',#1377,#1382);
#1377 = CYLINDRICAL_SURFACE('',#1378,20.75);
#1378 = AXIS2_PLACEMENT_3D('',#1379,#1380,#1381);
#1379 = CARTESIAN_POINT('',(0.,0.,-350.));
#1380 = DIRECTION('',(0.,0.,1.));
#1381 = DIRECTION('',(1.,0.,-0.));
#1382 = DEFINITIONAL_REPRESENTATION('',(#1383),#1387);
#1383 = LINE('',#1384,#1385);
#1384 = CARTESIAN_POINT('',(0.,0.));
#1385 = VECTOR('',#1386,1.);
#1386 = DIRECTION('',(1.,0.));
#1387 = ( GEOMETRIC_REPRESENTATION_CONTEXT(2) 
PARAMETRIC_REPRESENTATION_CONTEXT() REPRESENTATION_CONTEXT('2D SPACE',''
  ) );
#1388 = FACE_BOUND('',#1389,.F.);
#1389 = EDGE_LOOP('',(#1390));
#1390 = ORIENTED_EDGE('',*,*,#1272,.F.);
#1391 = ADVANCED_FACE('',(#1392,#1423),#1344,.T.);
#1392 = FACE_BOUND('',#1393,.T.);
#1393 = EDGE_LOOP('',(#1394));
#1394 = ORIENTED_EDGE('',*,*,#1395,.T.);
#1395 = EDGE_CURVE('',#1396,#1396,#1398,.T.);
#1396 = VERTEX_POINT('',#1397);
#1397 = CARTESIAN_POINT('',(20.75,-5.082284216462E-15,-450.));
#1398 = SURFACE_CURVE('',#1399,(#1404,#1411),.PCURVE_S1.);
#1399 = CIRCLE('',#1400,20.75);
#1400 = AXIS2_PLACEMENT_3D('',#1401,#1402,#1403);
#1401 = CARTESIAN_POINT('',(0.,0.,-450.));
#1402 = DIRECTION('',(0.,0.,1.));
#1403 = DIRECTION('',(1.,0.,-0.));
#1404 = PCURVE('',#1344,#1405);
#1405 = DEFINITIONAL_REPRESENTATION('',(#1406),#1410);
#1406 = CIRCLE('',#1407,20.75);
#1407 = AXIS2_PLACEMENT_2D('',#1408,#1409);
#1408 = CARTESIAN_POINT('',(0.,0.));
#1409 = DIRECTION('',(1.,0.));
#1410 = ( GEOMETRIC_REPRESENTATION_CONTEXT(2) 
PARAMETRIC_REPRESENTATION_CONTEXT() REPRESENTATION_CONTEXT('2D SPACE',''
  ) );
#1411 = PCURVE('',#1412,#1417);
#1412 = CYLINDRICAL_SURFACE('',#1413,20.75);
#1413 = AXIS2_PLACEMENT_3D('',#1414,#1415,#1416);
#1414 = CARTESIAN_POINT('',(0.,0.,-465.));
#1415 = DIRECTION('',(0.,0.,1.));
#1416 = DIRECTION('',(1.,0.,-0.));
#1417 = DEFINITIONAL_REPRESENTATION('',(#1418),#1422);
#1418 = LINE('',#1419,#1420);
#1419 = CARTESIAN_POINT('',(0.,15.));
#1420 = VECTOR('',#1421,1.);
#1421 = DIRECTION('',(1.,0.));
#1422 = ( GEOMETRIC_REPRESENTATION_CONTEXT(2) 
PARAMETRIC_REPRESENTATION_CONTEXT() REPRESENTATION_CONTEXT('2D SPACE',''
  ) );
#1423 = FACE_BOUND('',#1424,.T.);
#1424 = EDGE_LOOP('',(#1425));
#1425 = ORIENTED_EDGE('',*,*,#1329,.F.);
#1426 = ADVANCED_FACE('',(#1427),#1377,.T.);
#1427 = FACE_BOUND('',#1428,.T.);
#1428 = EDGE_LOOP('',(#1429,#1458,#1479,#1480));
#1429 = ORIENTED_EDGE('',*,*,#1430,.F.);
#1430 = EDGE_CURVE('',#1431,#1431,#1433,.T.);
#1431 = VERTEX_POINT('',#1432);
#1432 = CARTESIAN_POINT('',(20.75,-5.082284216462E-15,-335.));
#1433 = SURFACE_CURVE('',#1434,(#1439,#1446),.PCURVE_S1.);
#1434 = CIRCLE('',#1435,20.75);
#1435 = AXIS2_PLACEMENT_3D('',#1436,#1437,#1438);
#1436 = CARTESIAN_POINT('',(0.,0.,-335.));
#1437 = DIRECTION('',(0.,0.,1.));
#1438 = DIRECTION('',(1.,0.,-0.));
#1439 = PCURVE('',#1377,#1440);
#1440 = DEFINITIONAL_REPRESENTATION('',(#1441),#1445);
#1441 = LINE('',#1442,#1443);
#1442 = CARTESIAN_POINT('',(0.,15.));
#1443 = VECTOR('',#1444,1.);
#1444 = DIRECTION('',(1.,0.));
#1445 = ( GEOMETRIC_REPRESENTATION_CONTEXT(2) 
PARAMETRIC_REPRESENTATION_CONTEXT() REPRESENTATION_CONTEXT('2D SPACE',''
  ) );
#1446 = PCURVE('',#1447,#1452);
#1447 = PLANE('',#1448);
#1448 = AXIS2_PLACEMENT_3D('',#1449,#1450,#1451);
#1449 = CARTESIAN_POINT('',(0.,0.,-335.));
#1450 = DIRECTION('',(0.,0.,1.));
#1451 = DIRECTION('',(1.,0.,-0.));
#1452 = DEFINITIONAL_REPRESENTATION('',(#1453),#1457);
#1453 = CIRCLE('',#1454,20.75);
#1454 = AXIS2_PLACEMENT_2D('',#1455,#1456);
#1455 = CARTESIAN_POINT('',(0.,0.));
#1456 = DIRECTION('',(1.,0.));
#1457 = ( GEOMETRIC_REPRESENTATION_CONTEXT(2) 
PARAMETRIC_REPRESENTATION_CONTEXT() REPRESENTATION_CONTEXT('2D SPACE',''
  ) );
#1458 = ORIENTED_EDGE('',*,*,#1459,.F.);
#1459 = EDGE_CURVE('',#1361,#1431,#1460,.T.);
#1460 = SEAM_CURVE('',#1461,(#1465,#1472),.PCURVE_S1.);
#1461 = LINE('',#1462,#1463);
#1462 = CARTESIAN_POINT('',(20.75,-5.082284216462E-15,-350.));
#1463 = VECTOR('',#1464,1.);
#1464 = DIRECTION('',(0.,0.,1.));
#1465 = PCURVE('',#1377,#1466);
#1466 = DEFINITIONAL_REPRESENTATION('',(#1467),#1471);
#1467 = LINE('',#1468,#1469);
#1468 = CARTESIAN_POINT('',(6.28318530718,-0.));
#1469 = VECTOR('',#1470,1.);
#1470 = DIRECTION('',(0.,1.));
#1471 = ( GEOMETRIC_REPRESENTATION_CONTEXT(2) 
PARAMETRIC_REPRESENTATION_CONTEXT() REPRESENTATION_CONTEXT('2D SPACE',''
  ) );
#1472 = PCURVE('',#1377,#1473);
#1473 = DEFINITIONAL_REPRESENTATION('',(#1474),#1478);
#1474 = LINE('',#1475,#1476);
#1475 = CARTESIAN_POINT('',(0.,-0.));
#1476 = VECTOR('',#1477,1.);
#1477 = DIRECTION('',(0.,1.));
#1478 = ( GEOMETRIC_REPRESENTATION_CONTEXT(2) 
PARAMETRIC_REPRESENTATION_CONTEXT() REPRESENTATION_CONTEXT('2D SPACE',''
  ) );
#1479 = ORIENTED_EDGE('',*,*,#1360,.T.);
#1480 = ORIENTED_EDGE('',*,*,#1459,.T.);
#1481 = ADVANCED_FACE('',(#1482),#1412,.T.);
#1482 = FACE_BOUND('',#1483,.T.);
#1483 = EDGE_LOOP('',(#1484,#1485,#1508,#1535));
#1484 = ORIENTED_EDGE('',*,*,#1395,.F.);
#1485 = ORIENTED_EDGE('',*,*,#1486,.F.);
#1486 = EDGE_CURVE('',#1487,#1396,#1489,.T.);
#1487 = VERTEX_POINT('',#1488);
#1488 = CARTESIAN_POINT('',(20.75,-5.082284216462E-15,-465.));
#1489 = SEAM_CURVE('',#1490,(#1494,#1501),.PCURVE_S1.);
#1490 = LINE('',#1491,#1492);
#1491 = CARTESIAN_POINT('',(20.75,-5.082284216462E-15,-465.));
#1492 = VECTOR('',#1493,1.);
#1493 = DIRECTION('',(0.,0.,1.));
#1494 = PCURVE('',#1412,#1495);
#1495 = DEFINITIONAL_REPRESENTATION('',(#1496),#1500);
#1496 = LINE('',#1497,#1498);
#1497 = CARTESIAN_POINT('',(6.28318530718,-0.));
#1498 = VECTOR('',#1499,1.);
#1499 = DIRECTION('',(0.,1.));
#1500 = ( GEOMETRIC_REPRESENTATION_CONTEXT(2) 
PARAMETRIC_REPRESENTATION_CONTEXT() REPRESENTATION_CONTEXT('2D SPACE',''
  ) );
#1501 = PCURVE('',#1412,#1502);
#1502 = DEFINITIONAL_REPRESENTATION('',(#1503),#1507);
#1503 = LINE('',#1504,#1505);
#1504 = CARTESIAN_POINT('',(0.,-0.));
#1505 = VECTOR('',#1506,1.);
#1506 = DIRECTION('',(0.,1.));
#1507 = ( GEOMETRIC_REPRESENTATION_CONTEXT(2) 
PARAMETRIC_REPRESENTATION_CONTEXT() REPRESENTATION_CONTEXT('2D SPACE',''
  ) );
#1508 = ORIENTED_EDGE('',*,*,#1509,.T.);
#1509 = EDGE_CURVE('',#1487,#1487,#1510,.T.);
#1510 = SURFACE_CURVE('',#1511,(#1516,#1523),.PCURVE_S1.);
#1511 = CIRCLE('',#1512,20.75);
#1512 = AXIS2_PLACEMENT_3D('',#1513,#1514,#1515);
#1513 = CARTESIAN_POINT('',(0.,0.,-465.));
#1514 = DIRECTION('',(0.,0.,1.));
#1515 = DIRECTION('',(1.,0.,-0.));
#1516 = PCURVE('',#1412,#1517);
#1517 = DEFINITIONAL_REPRESENTATION('',(#1518),#1522);
#1518 = LINE('',#1519,#1520);
#1519 = CARTESIAN_POINT('',(0.,0.));
#1520 = VECTOR('',#1521,1.);
#1521 = DIRECTION('',(1.,0.));
#1522 = ( GEOMETRIC_REPRESENTATION_CONTEXT(2) 
PARAMETRIC_REPRESENTATION_CONTEXT() REPRESENTATION_CONTEXT('2D SPACE',''
  ) );
#1523 = PCURVE('',#1524,#1529);
#1524 = PLANE('',#1525);
#1525 = AXIS2_PLACEMENT_3D('',#1526,#1527,#1528);
#1526 = CARTESIAN_POINT('',(0.,0.,-465.));
#1527 = DIRECTION('',(0.,0.,1.));
#1528 = DIRECTION('',(1.,0.,-0.));
#1529 = DEFINITIONAL_REPRESENTATION('',(#1530),#1534);
#1530 = CIRCLE('',#1531,20.75);
#1531 = AXIS2_PLACEMENT_2D('',#1532,#1533);
#1532 = CARTESIAN_POINT('',(0.,0.));
#1533 = DIRECTION('',(1.,0.));
#1534 = ( GEOMETRIC_REPRESENTATION_CONTEXT(2) 
PARAMETRIC_REPRESENTATION_CONTEXT() REPRESENTATION_CONTEXT('2D SPACE',''
  ) );
#1535 = ORIENTED_EDGE('',*,*,#1486,.T.);
#1536 = ADVANCED_FACE('',(#1537),#1447,.T.);
#1537 = FACE_BOUND('',#1538,.T.);
#1538 = EDGE_LOOP('',(#1539));
#1539 = ORIENTED_EDGE('',*,*,#1430,.T.);
#1540 = ADVANCED_FACE('',(#1541),#1524,.F.);
#1541 = FACE_BOUND('',#1542,.F.);
#1542 = EDGE_LOOP('',(#1543));
#1543 = ORIENTED_EDGE('',*,*,#1509,.T.);
#1544 = ( GEOMETRIC_REPRESENTATION_CONTEXT(3) 
GLOBAL_UNCERTAINTY_ASSIGNED_CONTEXT((#1548)) 
GLOBAL_UNIT_ASSIGNED_CONTEXT((#1545,#1546,#1547)) REPRESENTATION_CONTEXT
('Context #1','3D Context with UNIT and UNCERTAINTY') );
#1545 = ( LENGTH_UNIT() NAMED_UNIT(*) SI_UNIT(.MILLI.,.METRE.) );
#1546 = ( NAMED_UNIT(*) PLANE_ANGLE_UNIT() SI_UNIT($,.RADIAN.) );
#1547 = ( NAMED_UNIT(*) SI_UNIT($,.STERADIAN.) SOLID_ANGLE_UNIT() );
#1548 = UNCERTAINTY_MEASURE_WITH_UNIT(LENGTH_MEASURE(1.E-07),#1545,
  'distance_accuracy_value','confusion accuracy');
#1549 = CONTEXT_DEPENDENT_SHAPE_REPRESENTATION(#1550,#1552);
#1550 = ( REPRESENTATION_RELATIONSHIP('','',#1265,#10) 
REPRESENTATION_RELATIONSHIP_WITH_TRANSFORMATION(#1551) 
SHAPE_REPRESENTATION_RELATIONSHIP() );
#1551 = ITEM_DEFINED_TRANSFORMATION('','',#11,#19);
#1552 = PRODUCT_DEFINITION_SHAPE('Placement','Placement of an item',
  #1553);
#1553 = NEXT_ASSEMBLY_USAGE_OCCURRENCE('2','=>[0:1:1:3]','',#5,#1260,$);
#1554 = PRODUCT_RELATED_PRODUCT_CATEGORY('part',$,(#1262));
#1555 = SHAPE_DEFINITION_REPRESENTATION(#1556,#1562);
#1556 = PRODUCT_DEFINITION_SHAPE('','',#1557);
#1557 = PRODUCT_DEFINITION('design','',#1558,#1561);
#1558 = PRODUCT_DEFINITION_FORMATION('','',#1559);
#1559 = PRODUCT('COMPOUND','COMPOUND','',(#1560));
#1560 = PRODUCT_CONTEXT('',#2,'mechanical');
#1561 = PRODUCT_DEFINITION_CONTEXT('part definition',#2,'design');
#1562 = ADVANCED_BREP_SHAPE_REPRESENTATION('',(#11,#1563),#1745);
#1563 = MANIFOLD_SOLID_BREP('',#1564);
#1564 = CLOSED_SHELL('',(#1565,#1653,#1688,#1718));
#1565 = ADVANCED_FACE('',(#1566),#1579,.T.);
#1566 = FACE_BOUND('',#1567,.T.);
#1567 = EDGE_LOOP('',(#1568,#1602,#1625,#1652));
#1568 = ORIENTED_EDGE('',*,*,#1569,.F.);
#1569 = EDGE_CURVE('',#1570,#1570,#1572,.T.);
#1570 = VERTEX_POINT('',#1571);
#1571 = CARTESIAN_POINT('',(20.95,-5.131270088427E-15,-245.));
#1572 = SURFACE_CURVE('',#1573,(#1578,#1590),.PCURVE_S1.);
#1573 = CIRCLE('',#1574,20.95);
#1574 = AXIS2_PLACEMENT_3D('',#1575,#1576,#1577);
#1575 = CARTESIAN_POINT('',(0.,0.,-245.));
#1576 = DIRECTION('',(0.,0.,1.));
#1577 = DIRECTION('',(1.,0.,-0.));
#1578 = PCURVE('',#1579,#1584);
#1579 = CYLINDRICAL_SURFACE('',#1580,20.95);
#1580 = AXIS2_PLACEMENT_3D('',#1581,#1582,#1583);
#1581 = CARTESIAN_POINT('',(0.,0.,-325.));
#1582 = DIRECTION('',(0.,0.,1.));
#1583 = DIRECTION('',(1.,0.,-0.));
#1584 = DEFINITIONAL_REPRESENTATION('',(#1585),#1589);
#1585 = LINE('',#1586,#1587);
#1586 = CARTESIAN_POINT('',(0.,80.));
#1587 = VECTOR('',#1588,1.);
#1588 = DIRECTION('',(1.,0.));
#1589 = ( GEOMETRIC_REPRESENTATION_CONTEXT(2) 
PARAMETRIC_REPRESENTATION_CONTEXT() REPRESENTATION_CONTEXT('2D SPACE',''
  ) );
#1590 = PCURVE('',#1591,#1596);
#1591 = PLANE('',#1592);
#1592 = AXIS2_PLACEMENT_3D('',#1593,#1594,#1595);
#1593 = CARTESIAN_POINT('',(0.,0.,-245.));
#1594 = DIRECTION('',(0.,0.,1.));
#1595 = DIRECTION('',(1.,0.,-0.));
#1596 = DEFINITIONAL_REPRESENTATION('',(#1597),#1601);
#1597 = CIRCLE('',#1598,20.95);
#1598 = AXIS2_PLACEMENT_2D('',#1599,#1600);
#1599 = CARTESIAN_POINT('',(0.,0.));
#1600 = DIRECTION('',(1.,0.));
#1601 = ( GEOMETRIC_REPRESENTATION_CONTEXT(2) 
PARAMETRIC_REPRESENTATION_CONTEXT() REPRESENTATION_CONTEXT('2D SPACE',''
  ) );
#1602 = ORIENTED_EDGE('',*,*,#1603,.F.);
#1603 = EDGE_CURVE('',#1604,#1570,#1606,.T.);
#1604 = VERTEX_POINT('',#1605);
#1605 = CARTESIAN_POINT('',(20.95,-5.131270088427E-15,-325.));
#1606 = SEAM_CURVE('',#1607,(#1611,#1618),.PCURVE_S1.);
#1607 = LINE('',#1608,#1609);
#1608 = CARTESIAN_POINT('',(20.95,-5.131270088427E-15,-325.));
#1609 = VECTOR('',#1610,1.);
#1610 = DIRECTION('',(0.,0.,1.));
#1611 = PCURVE('',#1579,#1612);
#1612 = DEFINITIONAL_REPRESENTATION('',(#1613),#1617);
#1613 = LINE('',#1614,#1615);
#1614 = CARTESIAN_POINT('',(6.28318530718,-0.));
#1615 = VECTOR('',#1616,1.);
#1616 = DIRECTION('',(0.,1.));
#1617 = ( GEOMETRIC_REPRESENTATION_CONTEXT(2) 
PARAMETRIC_REPRESENTATION_CONTEXT() REPRESENTATION_CONTEXT('2D SPACE',''
  ) );
#1618 = PCURVE('',#1579,#1619);
#1619 = DEFINITIONAL_REPRESENTATION('',(#1620),#1624);
#1620 = LINE('',#1621,#1622);
#1621 = CARTESIAN_POINT('',(0.,-0.));
#1622 = VECTOR('',#1623,1.);
#1623 = DIRECTION('',(0.,1.));
#1624 = ( GEOMETRIC_REPRESENTATION_CONTEXT(2) 
PARAMETRIC_REPRESENTATION_CONTEXT() REPRESENTATION_CONTEXT('2D SPACE',''
  ) );
#1625 = ORIENTED_EDGE('',*,*,#1626,.T.);
#1626 = EDGE_CURVE('',#1604,#1604,#1627,.T.);
#1627 = SURFACE_CURVE('',#1628,(#1633,#1640),.PCURVE_S1.);
#1628 = CIRCLE('',#1629,20.95);
#1629 = AXIS2_PLACEMENT_3D('',#1630,#1631,#1632);
#1630 = CARTESIAN_POINT('',(0.,0.,-325.));
#1631 = DIRECTION('',(0.,0.,1.));
#1632 = DIRECTION('',(1.,0.,-0.));
#1633 = PCURVE('',#1579,#1634);
#1634 = DEFINITIONAL_REPRESENTATION('',(#1635),#1639);
#1635 = LINE('',#1636,#1637);
#1636 = CARTESIAN_POINT('',(0.,0.));
#1637 = VECTOR('',#1638,1.);
#1638 = DIRECTION('',(1.,0.));
#1639 = ( GEOMETRIC_REPRESENTATION_CONTEXT(2) 
PARAMETRIC_REPRESENTATION_CONTEXT() REPRESENTATION_CONTEXT('2D SPACE',''
  ) );
#1640 = PCURVE('',#1641,#1646);
#1641 = PLANE('',#1642);
#1642 = AXIS2_PLACEMENT_3D('',#1643,#1644,#1645);
#1643 = CARTESIAN_POINT('',(0.,0.,-325.));
#1644 = DIRECTION('',(0.,0.,1.));
#1645 = DIRECTION('',(1.,0.,-0.));
#1646 = DEFINITIONAL_REPRESENTATION('',(#1647),#1651);
#1647 = CIRCLE('',#1648,20.95);
#1648 = AXIS2_PLACEMENT_2D('',#1649,#1650);
#1649 = CARTESIAN_POINT('',(0.,0.));
#1650 = DIRECTION('',(1.,0.));
#1651 = ( GEOMETRIC_REPRESENTATION_CONTEXT(2) 
PARAMETRIC_REPRESENTATION_CONTEXT() REPRESENTATION_CONTEXT('2D SPACE',''
  ) );
#1652 = ORIENTED_EDGE('',*,*,#1603,.T.);
#1653 = ADVANCED_FACE('',(#1654,#1657),#1591,.T.);
#1654 = FACE_BOUND('',#1655,.T.);
#1655 = EDGE_LOOP('',(#1656));
#1656 = ORIENTED_EDGE('',*,*,#1569,.T.);
#1657 = FACE_BOUND('',#1658,.T.);
#1658 = EDGE_LOOP('',(#1659));
#1659 = ORIENTED_EDGE('',*,*,#1660,.F.);
#1660 = EDGE_CURVE('',#1661,#1661,#1663,.T.);
#1661 = VERTEX_POINT('',#1662);
#1662 = CARTESIAN_POINT('',(3.,-7.347880794884E-16,-245.));
#1663 = SURFACE_CURVE('',#1664,(#1669,#1676),.PCURVE_S1.);
#1664 = CIRCLE('',#1665,3.);
#1665 = AXIS2_PLACEMENT_3D('',#1666,#1667,#1668);
#1666 = CARTESIAN_POINT('',(0.,0.,-245.));
#1667 = DIRECTION('',(0.,0.,1.));
#1668 = DIRECTION('',(1.,0.,-0.));
#1669 = PCURVE('',#1591,#1670);
#1670 = DEFINITIONAL_REPRESENTATION('',(#1671),#1675);
#1671 = CIRCLE('',#1672,3.);
#1672 = AXIS2_PLACEMENT_2D('',#1673,#1674);
#1673 = CARTESIAN_POINT('',(0.,0.));
#1674 = DIRECTION('',(1.,0.));
#1675 = ( GEOMETRIC_REPRESENTATION_CONTEXT(2) 
PARAMETRIC_REPRESENTATION_CONTEXT() REPRESENTATION_CONTEXT('2D SPACE',''
  ) );
#1676 = PCURVE('',#1677,#1682);
#1677 = CYLINDRICAL_SURFACE('',#1678,3.);
#1678 = AXIS2_PLACEMENT_3D('',#1679,#1680,#1681);
#1679 = CARTESIAN_POINT('',(0.,0.,-326.));
#1680 = DIRECTION('',(0.,0.,1.));
#1681 = DIRECTION('',(1.,0.,-0.));
#1682 = DEFINITIONAL_REPRESENTATION('',(#1683),#1687);
#1683 = LINE('',#1684,#1685);
#1684 = CARTESIAN_POINT('',(0.,81.));
#1685 = VECTOR('',#1686,1.);
#1686 = DIRECTION('',(1.,0.));
#1687 = ( GEOMETRIC_REPRESENTATION_CONTEXT(2) 
PARAMETRIC_REPRESENTATION_CONTEXT() REPRESENTATION_CONTEXT('2D SPACE',''
  ) );
#1688 = ADVANCED_FACE('',(#1689,#1692),#1641,.F.);
#1689 = FACE_BOUND('',#1690,.F.);
#1690 = EDGE_LOOP('',(#1691));
#1691 = ORIENTED_EDGE('',*,*,#1626,.T.);
#1692 = FACE_BOUND('',#1693,.F.);
#1693 = EDGE_LOOP('',(#1694));
#1694 = ORIENTED_EDGE('',*,*,#1695,.F.);
#1695 = EDGE_CURVE('',#1696,#1696,#1698,.T.);
#1696 = VERTEX_POINT('',#1697);
#1697 = CARTESIAN_POINT('',(3.,-7.347880794884E-16,-325.));
#1698 = SURFACE_CURVE('',#1699,(#1704,#1711),.PCURVE_S1.);
#1699 = CIRCLE('',#1700,3.);
#1700 = AXIS2_PLACEMENT_3D('',#1701,#1702,#1703);
#1701 = CARTESIAN_POINT('',(0.,0.,-325.));
#1702 = DIRECTION('',(0.,0.,1.));
#1703 = DIRECTION('',(1.,0.,-0.));
#1704 = PCURVE('',#1641,#1705);
#1705 = DEFINITIONAL_REPRESENTATION('',(#1706),#1710);
#1706 = CIRCLE('',#1707,3.);
#1707 = AXIS2_PLACEMENT_2D('',#1708,#1709);
#1708 = CARTESIAN_POINT('',(0.,0.));
#1709 = DIRECTION('',(1.,0.));
#1710 = ( GEOMETRIC_REPRESENTATION_CONTEXT(2) 
PARAMETRIC_REPRESENTATION_CONTEXT() REPRESENTATION_CONTEXT('2D SPACE',''
  ) );
#1711 = PCURVE('',#1677,#1712);
#1712 = DEFINITIONAL_REPRESENTATION('',(#1713),#1717);
#1713 = LINE('',#1714,#1715);
#1714 = CARTESIAN_POINT('',(0.,1.));
#1715 = VECTOR('',#1716,1.);
#1716 = DIRECTION('',(1.,0.));
#1717 = ( GEOMETRIC_REPRESENTATION_CONTEXT(2) 
PARAMETRIC_REPRESENTATION_CONTEXT() REPRESENTATION_CONTEXT('2D SPACE',''
  ) );
#1718 = ADVANCED_FACE('',(#1719),#1677,.F.);
#1719 = FACE_BOUND('',#1720,.F.);
#1720 = EDGE_LOOP('',(#1721,#1722,#1743,#1744));
#1721 = ORIENTED_EDGE('',*,*,#1660,.F.);
#1722 = ORIENTED_EDGE('',*,*,#1723,.F.);
#1723 = EDGE_CURVE('',#1696,#1661,#1724,.T.);
#1724 = SEAM_CURVE('',#1725,(#1729,#1736),.PCURVE_S1.);
#1725 = LINE('',#1726,#1727);
#1726 = CARTESIAN_POINT('',(3.,-7.347880794884E-16,-326.));
#1727 = VECTOR('',#1728,1.);
#1728 = DIRECTION('',(0.,0.,1.));
#1729 = PCURVE('',#1677,#1730);
#1730 = DEFINITIONAL_REPRESENTATION('',(#1731),#1735);
#1731 = LINE('',#1732,#1733);
#1732 = CARTESIAN_POINT('',(6.28318530718,-0.));
#1733 = VECTOR('',#1734,1.);
#1734 = DIRECTION('',(0.,1.));
#1735 = ( GEOMETRIC_REPRESENTATION_CONTEXT(2) 
PARAMETRIC_REPRESENTATION_CONTEXT() REPRESENTATION_CONTEXT('2D SPACE',''
  ) );
#1736 = PCURVE('',#1677,#1737);
#1737 = DEFINITIONAL_REPRESENTATION('',(#1738),#1742);
#1738 = LINE('',#1739,#1740);
#1739 = CARTESIAN_POINT('',(0.,-0.));
#1740 = VECTOR('',#1741,1.);
#1741 = DIRECTION('',(0.,1.));
#1742 = ( GEOMETRIC_REPRESENTATION_CONTEXT(2) 
PARAMETRIC_REPRESENTATION_CONTEXT() REPRESENTATION_CONTEXT('2D SPACE',''
  ) );
#1743 = ORIENTED_EDGE('',*,*,#1695,.T.);
#1744 = ORIENTED_EDGE('',*,*,#1723,.T.);
#1745 = ( GEOMETRIC_REPRESENTATION_CONTEXT(3) 
GLOBAL_UNCERTAINTY_ASSIGNED_CONTEXT((#1749)) 
GLOBAL_UNIT_ASSIGNED_CONTEXT((#1746,#1747,#1748)) REPRESENTATION_CONTEXT
('Context #1','3D Context with UNIT and UNCERTAINTY') );
#1746 = ( LENGTH_UNIT() NAMED_UNIT(*) SI_UNIT(.MILLI.,.METRE.) );
#1747 = ( NAMED_UNIT(*) PLANE_ANGLE_UNIT() SI_UNIT($,.RADIAN.) );
#1748 = ( NAMED_UNIT(*) SI_UNIT($,.STERADIAN.) SOLID_ANGLE_UNIT() );
#1749 = UNCERTAINTY_MEASURE_WITH_UNIT(LENGTH_MEASURE(1.E-07),#1746,
  'distance_accuracy_value','confusion accuracy');
#1750 = CONTEXT_DEPENDENT_SHAPE_REPRESENTATION(#1751,#1753);
#1751 = ( REPRESENTATION_RELATIONSHIP('','',#1562,#10) 
REPRESENTATION_RELATIONSHIP_WITH_TRANSFORMATION(#1752) 
SHAPE_REPRESENTATION_RELATIONSHIP() );
#1752 = ITEM_DEFINED_TRANSFORMATION('','',#11,#23);
#1753 = PRODUCT_DEFINITION_SHAPE('Placement','Placement of an item',
  #1754);
#1754 = NEXT_ASSEMBLY_USAGE_OCCURRENCE('3','=>[0:1:1:4]','',#5,#1557,$);
#1755 = PRODUCT_RELATED_PRODUCT_CATEGORY('part',$,(#1559));
#1756 = SHAPE_DEFINITION_REPRESENTATION(#1757,#1763);
#1757 = PRODUCT_DEFINITION_SHAPE('','',#1758);
#1758 = PRODUCT_DEFINITION('design','',#1759,#1762);
#1759 = PRODUCT_DEFINITION_FORMATION('','',#1760);
#1760 = PRODUCT('COMPOUND','COMPOUND','',(#1761));
#1761 = PRODUCT_CONTEXT('',#2,'mechanical');
#1762 = PRODUCT_DEFINITION_CONTEXT('part definition',#2,'design');
#1763 = ADVANCED_BREP_SHAPE_REPRESENTATION('',(#11,#1764),#7992);
#1764 = MANIFOLD_SOLID_BREP('',#1765);
#1765 = CLOSED_SHELL('',(#1766,#2587,#2618,#2707,#2763,#2767,#2772,#2803
    ,#2884,#2940,#2944,#2949,#3003,#3058,#3093,#4501,#4532,#4610,#4687,
    #4722,#4777,#4812,#4867,#4871,#4899,#4904,#4939,#4994,#4998,#5029,
    #5062,#5139,#5174,#5229,#5264,#5319,#5323,#5351,#5356,#5391,#5446,
    #5481,#6182,#6237,#6241,#6296,#6300,#6335,#6390,#6425,#6480,#6515,
    #7685,#7740,#7779,#7834,#7838,#7842,#7898,#7933,#7988));
#1766 = ADVANCED_FACE('',(#1767,#1853,#2220),#1780,.T.);
#1767 = FACE_BOUND('',#1768,.T.);
#1768 = EDGE_LOOP('',(#1769,#1803,#1826,#1852));
#1769 = ORIENTED_EDGE('',*,*,#1770,.T.);
#1770 = EDGE_CURVE('',#1771,#1771,#1773,.T.);
#1771 = VERTEX_POINT('',#1772);
#1772 = CARTESIAN_POINT('',(28.,-6.858022075225E-15,160.));
#1773 = SURFACE_CURVE('',#1774,(#1779,#1791),.PCURVE_S1.);
#1774 = CIRCLE('',#1775,28.);
#1775 = AXIS2_PLACEMENT_3D('',#1776,#1777,#1778);
#1776 = CARTESIAN_POINT('',(0.,0.,160.));
#1777 = DIRECTION('',(0.,0.,1.));
#1778 = DIRECTION('',(1.,0.,-0.));
#1779 = PCURVE('',#1780,#1785);
#1780 = CYLINDRICAL_SURFACE('',#1781,28.);
#1781 = AXIS2_PLACEMENT_3D('',#1782,#1783,#1784);
#1782 = CARTESIAN_POINT('',(0.,0.,160.));
#1783 = DIRECTION('',(0.,0.,1.));
#1784 = DIRECTION('',(1.,0.,-0.));
#1785 = DEFINITIONAL_REPRESENTATION('',(#1786),#1790);
#1786 = LINE('',#1787,#1788);
#1787 = CARTESIAN_POINT('',(0.,0.));
#1788 = VECTOR('',#1789,1.);
#1789 = DIRECTION('',(1.,0.));
#1790 = ( GEOMETRIC_REPRESENTATION_CONTEXT(2) 
PARAMETRIC_REPRESENTATION_CONTEXT() REPRESENTATION_CONTEXT('2D SPACE',''
  ) );
#1791 = PCURVE('',#1792,#1797);
#1792 = PLANE('',#1793);
#1793 = AXIS2_PLACEMENT_3D('',#1794,#1795,#1796);
#1794 = CARTESIAN_POINT('',(0.,0.,160.));
#1795 = DIRECTION('',(0.,0.,1.));
#1796 = DIRECTION('',(1.,0.,-0.));
#1797 = DEFINITIONAL_REPRESENTATION('',(#1798),#1802);
#1798 = CIRCLE('',#1799,28.);
#1799 = AXIS2_PLACEMENT_2D('',#1800,#1801);
#1800 = CARTESIAN_POINT('',(0.,0.));
#1801 = DIRECTION('',(1.,0.));
#1802 = ( GEOMETRIC_REPRESENTATION_CONTEXT(2) 
PARAMETRIC_REPRESENTATION_CONTEXT() REPRESENTATION_CONTEXT('2D SPACE',''
  ) );
#1803 = ORIENTED_EDGE('',*,*,#1804,.T.);
#1804 = EDGE_CURVE('',#1771,#1805,#1807,.T.);
#1805 = VERTEX_POINT('',#1806);
#1806 = CARTESIAN_POINT('',(28.,-6.858022075225E-15,200.));
#1807 = SEAM_CURVE('',#1808,(#1812,#1819),.PCURVE_S1.);
#1808 = LINE('',#1809,#1810);
#1809 = CARTESIAN_POINT('',(28.,-6.858022075225E-15,160.));
#1810 = VECTOR('',#1811,1.);
#1811 = DIRECTION('',(0.,0.,1.));
#1812 = PCURVE('',#1780,#1813);
#1813 = DEFINITIONAL_REPRESENTATION('',(#1814),#1818);
#1814 = LINE('',#1815,#1816);
#1815 = CARTESIAN_POINT('',(6.28318530718,-0.));
#1816 = VECTOR('',#1817,1.);
#1817 = DIRECTION('',(0.,1.));
#1818 = ( GEOMETRIC_REPRESENTATION_CONTEXT(2) 
PARAMETRIC_REPRESENTATION_CONTEXT() REPRESENTATION_CONTEXT('2D SPACE',''
  ) );
#1819 = PCURVE('',#1780,#1820);
#1820 = DEFINITIONAL_REPRESENTATION('',(#1821),#1825);
#1821 = LINE('',#1822,#1823);
#1822 = CARTESIAN_POINT('',(0.,-0.));
#1823 = VECTOR('',#1824,1.);
#1824 = DIRECTION('',(0.,1.));
#1825 = ( GEOMETRIC_REPRESENTATION_CONTEXT(2) 
PARAMETRIC_REPRESENTATION_CONTEXT() REPRESENTATION_CONTEXT('2D SPACE',''
  ) );
#1826 = ORIENTED_EDGE('',*,*,#1827,.F.);
#1827 = EDGE_CURVE('',#1805,#1805,#1828,.T.);
#1828 = SURFACE_CURVE('',#1829,(#1834,#1841),.PCURVE_S1.);
#1829 = CIRCLE('',#1830,28.);
#1830 = AXIS2_PLACEMENT_3D('',#1831,#1832,#1833);
#1831 = CARTESIAN_POINT('',(0.,0.,200.));
#1832 = DIRECTION('',(0.,0.,1.));
#1833 = DIRECTION('',(1.,0.,-0.));
#1834 = PCURVE('',#1780,#1835);
#1835 = DEFINITIONAL_REPRESENTATION('',(#1836),#1840);
#1836 = LINE('',#1837,#1838);
#1837 = CARTESIAN_POINT('',(0.,40.));
#1838 = VECTOR('',#1839,1.);
#1839 = DIRECTION('',(1.,0.));
#1840 = ( GEOMETRIC_REPRESENTATION_CONTEXT(2) 
PARAMETRIC_REPRESENTATION_CONTEXT() REPRESENTATION_CONTEXT('2D SPACE',''
  ) );
#1841 = PCURVE('',#1842,#1847);
#1842 = CONICAL_SURFACE('',#1843,28.,0.785398163397);
#1843 = AXIS2_PLACEMENT_3D('',#1844,#1845,#1846);
#1844 = CARTESIAN_POINT('',(0.,0.,200.));
#1845 = DIRECTION('',(0.,0.,1.));
#1846 = DIRECTION('',(1.,0.,-0.));
#1847 = DEFINITIONAL_REPRESENTATION('',(#1848),#1851);
#1848 = B_SPLINE_CURVE_WITH_KNOTS('',1,(#1849,#1850),.UNSPECIFIED.,.F.,
  .F.,(2,2),(0.,6.28318530718),.PIECEWISE_BEZIER_KNOTS.);
#1849 = CARTESIAN_POINT('',(0.,0.));
#1850 = CARTESIAN_POINT('',(6.28318530718,0.));
#1851 = ( GEOMETRIC_REPRESENTATION_CONTEXT(2) 
PARAMETRIC_REPRESENTATION_CONTEXT() REPRESENTATION_CONTEXT('2D SPACE',''
  ) );
#1852 = ORIENTED_EDGE('',*,*,#1804,.F.);
#1853 = FACE_BOUND('',#1854,.T.);
#1854 = EDGE_LOOP('',(#1855,#2000));
#1855 = ORIENTED_EDGE('',*,*,#1856,.T.);
#1856 = EDGE_CURVE('',#1857,#1859,#1861,.T.);
#1857 = VERTEX_POINT('',#1858);
#1858 = CARTESIAN_POINT('',(-1.052675387769E-05,27.999999999847,
    177.50000000093));
#1859 = VERTEX_POINT('',#1860);
#1860 = CARTESIAN_POINT('',(2.994907905741E-04,28.000000000001,
    182.49999998954));
#1861 = SURFACE_CURVE('',#1862,(#1893,#1944),.PCURVE_S1.);
#1862 = B_SPLINE_CURVE_WITH_KNOTS('',8,(#1863,#1864,#1865,#1866,#1867,
    #1868,#1869,#1870,#1871,#1872,#1873,#1874,#1875,#1876,#1877,#1878,
    #1879,#1880,#1881,#1882,#1883,#1884,#1885,#1886,#1887,#1888,#1889,
    #1890,#1891,#1892),.UNSPECIFIED.,.F.,.F.,(9,7,7,7,9),(0.7496525996,
    0.827679875459,1.,1.153068149265,1.249585353358),.UNSPECIFIED.);
#1863 = CARTESIAN_POINT('',(-1.0526753875E-05,27.999999999694,
    177.50000000184));
#1864 = CARTESIAN_POINT('',(0.183468939085,28.000000067609,
    177.49999923961));
#1865 = CARTESIAN_POINT('',(0.366929398103,27.998626066236,
    177.5153880579));
#1866 = CARTESIAN_POINT('',(0.54796862629,27.995878496129,177.5461608356
    ));
#1867 = CARTESIAN_POINT('',(0.72419732832,27.991858221615,
    177.59171414518));
#1868 = CARTESIAN_POINT('',(0.893346521112,27.986765561319,
    177.65085597669));
#1869 = CARTESIAN_POINT('',(1.053373104813,27.980876963238,
    177.72181250382));
#1870 = CARTESIAN_POINT('',(1.202557449838,27.974500357589,
    177.80223128973));
#1871 = CARTESIAN_POINT('',(1.642147082984,27.953445542645,
    178.08120335392));
#1872 = CARTESIAN_POINT('',(1.896021094702,27.937535923291,
    178.31184990671));
#1873 = CARTESIAN_POINT('',(2.102272416599,27.922263317833,
    178.56794418495));
#1874 = CARTESIAN_POINT('',(2.263482238663,27.909060686344,
    178.84077916153));
#1875 = CARTESIAN_POINT('',(2.382248620241,27.898724548142,
    179.12420342793));
#1876 = CARTESIAN_POINT('',(2.460680725066,27.891694396207,
    179.4138850673));
#1877 = CARTESIAN_POINT('',(2.5,27.888169534769,179.70672518527));
#1878 = CARTESIAN_POINT('',(2.5,27.888169534769,180.26050952107));
#1879 = CARTESIAN_POINT('',(2.468975581848,27.890950490362,
    180.52061969163));
#1880 = CARTESIAN_POINT('',(2.407095407779,27.896498386257,
    180.77841981978));
#1881 = CARTESIAN_POINT('',(2.313636872602,27.904680493553,
    181.03179197243));
#1882 = CARTESIAN_POINT('',(2.187280560184,27.915233684295,
    181.27791623457));
#1883 = CARTESIAN_POINT('',(2.02630272775,27.927676468119,
    181.51295825151));
#1884 = CARTESIAN_POINT('',(1.828859939919,27.941202860855,
    181.73162604655));
#1885 = CARTESIAN_POINT('',(1.445191454162,27.963073980032,
    182.04902422137));
#1886 = CARTESIAN_POINT('',(1.277527503129,27.971728877204,
    182.1657299816));
#1887 = CARTESIAN_POINT('',(1.091975670312,27.980090441271,
    182.27082514511));
#1888 = CARTESIAN_POINT('',(0.890863439187,27.987591236544,
    182.35976970302));
#1889 = CARTESIAN_POINT('',(0.67731537352,27.993666106427,
    182.42905937777));
#1890 = CARTESIAN_POINT('',(0.455018386425,27.99787920176,
    182.47624707502));
#1891 = CARTESIAN_POINT('',(0.227983947735,27.99999756368,
    182.49997271446));
#1892 = CARTESIAN_POINT('',(2.994907914702E-04,28.000000000002,
    182.49999999702));
#1893 = PCURVE('',#1780,#1894);
#1894 = DEFINITIONAL_REPRESENTATION('',(#1895),#1943);
#1895 = B_SPLINE_CURVE_WITH_KNOTS('',3,(#1896,#1897,#1898,#1899,#1900,
    #1901,#1902,#1903,#1904,#1905,#1906,#1907,#1908,#1909,#1910,#1911,
    #1912,#1913,#1914,#1915,#1916,#1917,#1918,#1919,#1920,#1921,#1922,
    #1923,#1924,#1925,#1926,#1927,#1928,#1929,#1930,#1931,#1932,#1933,
    #1934,#1935,#1936,#1937,#1938,#1939,#1940,#1941,#1942),
  .UNSPECIFIED.,.F.,.F.,(4,1,1,1,1,1,1,1,1,1,1,1,1,1,1,1,1,1,1,1,1,1,1,1
    ,1,1,1,1,1,1,1,1,1,1,1,1,1,1,1,1,1,1,1,1,4),(0.7496525996,
    0.76101470764,0.77237681568,0.78373892372,0.79510103176,
    0.806463139799,0.817825247839,0.829187355879,0.840549463919,
    0.851911571959,0.863273679999,0.874635788039,0.885997896079,
    0.897360004119,0.908722112159,0.920084220199,0.931446328239,
    0.942808436279,0.954170544319,0.965532652359,0.976894760399,
    0.988256868439,0.999618976479,1.010981084519,1.022343192559,
    1.033705300599,1.045067408639,1.056429516679,1.067791624719,
    1.079153732759,1.090515840799,1.101877948839,1.113240056878,
    1.124602164918,1.135964272958,1.147326380998,1.158688489038,
    1.170050597078,1.181412705118,1.192774813158,1.204136921198,
    1.215499029238,1.226861137278,1.238223245318,1.249585353358),
  .QUASI_UNIFORM_KNOTS.);
#1896 = CARTESIAN_POINT('',(1.57079670275,17.500000001846));
#1897 = CARTESIAN_POINT('',(1.568251963344,17.499962446361));
#1898 = CARTESIAN_POINT('',(1.563163441005,17.506120262813));
#1899 = CARTESIAN_POINT('',(1.55561917825,17.533334343633));
#1900 = CARTESIAN_POINT('',(1.548250516397,17.577976133066));
#1901 = CARTESIAN_POINT('',(1.541139534738,17.638894758523));
#1902 = CARTESIAN_POINT('',(1.53436542393,17.714505041799));
#1903 = CARTESIAN_POINT('',(1.527993076779,17.802908909032));
#1904 = CARTESIAN_POINT('',(1.522107595333,17.901255052943));
#1905 = CARTESIAN_POINT('',(1.516674181187,18.008278204103));
#1906 = CARTESIAN_POINT('',(1.511650259968,18.123490907908));
#1907 = CARTESIAN_POINT('',(1.507040275235,18.245650278903));
#1908 = CARTESIAN_POINT('',(1.502834894864,18.373861136069));
#1909 = CARTESIAN_POINT('',(1.499027694915,18.507265249792));
#1910 = CARTESIAN_POINT('',(1.495611036342,18.645111128517));
#1911 = CARTESIAN_POINT('',(1.492577476857,18.786723285083));
#1912 = CARTESIAN_POINT('',(1.489919666141,18.931499638636));
#1913 = CARTESIAN_POINT('',(1.487630620007,19.078902384697));
#1914 = CARTESIAN_POINT('',(1.485703871323,19.228451295809));
#1915 = CARTESIAN_POINT('',(1.484133637388,19.379717271457));
#1916 = CARTESIAN_POINT('',(1.482914971654,19.532314953457));
#1917 = CARTESIAN_POINT('',(1.482043911324,19.685900429071));
#1918 = CARTESIAN_POINT('',(1.481517627773,19.840150274783));
#1919 = CARTESIAN_POINT('',(1.481334559773,19.994810117254));
#1920 = CARTESIAN_POINT('',(1.481494620362,20.1494830154));
#1921 = CARTESIAN_POINT('',(1.481997743598,20.303740623033));
#1922 = CARTESIAN_POINT('',(1.482845274357,20.457340138683));
#1923 = CARTESIAN_POINT('',(1.484039871373,20.609960235557));
#1924 = CARTESIAN_POINT('',(1.485585354554,20.761263340985));
#1925 = CARTESIAN_POINT('',(1.4874865703,20.91087090319));
#1926 = CARTESIAN_POINT('',(1.489749253446,21.058362031188));
#1927 = CARTESIAN_POINT('',(1.492379878018,21.203265613672));
#1928 = CARTESIAN_POINT('',(1.495385529918,21.345054167474));
#1929 = CARTESIAN_POINT('',(1.498773657444,21.483135367088));
#1930 = CARTESIAN_POINT('',(1.502552223447,21.61684825847));
#1931 = CARTESIAN_POINT('',(1.506728288516,21.745439252523));
#1932 = CARTESIAN_POINT('',(1.511312364289,21.868109573185));
#1933 = CARTESIAN_POINT('',(1.516301131471,21.983791424746));
#1934 = CARTESIAN_POINT('',(1.521822938922,22.093695354934));
#1935 = CARTESIAN_POINT('',(1.527823168336,22.194584720128));
#1936 = CARTESIAN_POINT('',(1.534258873271,22.284208441397));
#1937 = CARTESIAN_POINT('',(1.541073222073,22.36047915338));
#1938 = CARTESIAN_POINT('',(1.548203769698,22.42169375176));
#1939 = CARTESIAN_POINT('',(1.55558166091,22.466489743782));
#1940 = CARTESIAN_POINT('',(1.5631336888,22.493820034301));
#1941 = CARTESIAN_POINT('',(1.568232738078,22.500021115823));
#1942 = CARTESIAN_POINT('',(1.570785630695,22.499999997022));
#1943 = ( GEOMETRIC_REPRESENTATION_CONTEXT(2) 
PARAMETRIC_REPRESENTATION_CONTEXT() REPRESENTATION_CONTEXT('2D SPACE',''
  ) );
#1944 = PCURVE('',#1945,#1950);
#1945 = CYLINDRICAL_SURFACE('',#1946,2.5);
#1946 = AXIS2_PLACEMENT_3D('',#1947,#1948,#1949);
#1947 = CARTESIAN_POINT('',(0.,28.,180.));
#1948 = DIRECTION('',(0.,-1.,2.22044604925E-16));
#1949 = DIRECTION('',(1.,0.,0.));
#1950 = DEFINITIONAL_REPRESENTATION('',(#1951),#1999);
#1951 = B_SPLINE_CURVE_WITH_KNOTS('',3,(#1952,#1953,#1954,#1955,#1956,
    #1957,#1958,#1959,#1960,#1961,#1962,#1963,#1964,#1965,#1966,#1967,
    #1968,#1969,#1970,#1971,#1972,#1973,#1974,#1975,#1976,#1977,#1978,
    #1979,#1980,#1981,#1982,#1983,#1984,#1985,#1986,#1987,#1988,#1989,
    #1990,#1991,#1992,#1993,#1994,#1995,#1996,#1997,#1998),
  .UNSPECIFIED.,.F.,.F.,(4,1,1,1,1,1,1,1,1,1,1,1,1,1,1,1,1,1,1,1,1,1,1,1
    ,1,1,1,1,1,1,1,1,1,1,1,1,1,1,1,1,1,1,1,1,4),(0.7496525996,
    0.76101470764,0.77237681568,0.78373892372,0.79510103176,
    0.806463139799,0.817825247839,0.829187355879,0.840549463919,
    0.851911571959,0.863273679999,0.874635788039,0.885997896079,
    0.897360004119,0.908722112159,0.920084220199,0.931446328239,
    0.942808436279,0.954170544319,0.965532652359,0.976894760399,
    0.988256868439,0.999618976479,1.010981084519,1.022343192559,
    1.033705300599,1.045067408639,1.056429516679,1.067791624719,
    1.079153732759,1.090515840799,1.101877948839,1.113240056878,
    1.124602164918,1.135964272958,1.147326380998,1.158688489038,
    1.170050597078,1.181412705118,1.192774813158,1.204136921198,
    1.215499029238,1.226861137278,1.238223245318,1.249585353358),
  .QUASI_UNIFORM_KNOTS.);
#1952 = CARTESIAN_POINT('',(4.712384769683,3.057607500523E-10));
#1953 = CARTESIAN_POINT('',(4.740882712015,-6.010068034367E-06));
#1954 = CARTESIAN_POINT('',(4.797878949995,5.486761781918E-04));
#1955 = CARTESIAN_POINT('',(4.882990211769,2.963648253634E-03));
#1956 = CARTESIAN_POINT('',(4.967339849525,6.870858375525E-03));
#1957 = CARTESIAN_POINT('',(5.050529642329,1.208694422929E-02));
#1958 = CARTESIAN_POINT('',(5.132099055686,1.83766525999E-02));
#1959 = CARTESIAN_POINT('',(5.211636391003,2.547045788158E-02));
#1960 = CARTESIAN_POINT('',(5.288283917131,3.303316688012E-02));
#1961 = CARTESIAN_POINT('',(5.362570300868,4.087174074912E-02));
#1962 = CARTESIAN_POINT('',(5.435184374083,4.885334419308E-02));
#1963 = CARTESIAN_POINT('',(5.506156702843,5.679812795185E-02));
#1964 = CARTESIAN_POINT('',(5.575676829793,6.456312765225E-02));
#1965 = CARTESIAN_POINT('',(5.643877930309,7.201880657072E-02));
#1966 = CARTESIAN_POINT('',(5.710897412162,7.905406973004E-02));
#1967 = CARTESIAN_POINT('',(5.77686306806,8.5573445942E-02));
#1968 = CARTESIAN_POINT('',(5.841898827263,9.14962464237E-02));
#1969 = CARTESIAN_POINT('',(5.906125028867,9.67551426616E-02));
#1970 = CARTESIAN_POINT('',(5.969659962234,0.101294909296));
#1971 = CARTESIAN_POINT('',(6.032621080845,0.105071182655));
#1972 = CARTESIAN_POINT('',(6.095125717697,0.108049314341));
#1973 = CARTESIAN_POINT('',(6.157293722912,0.110203330633));
#1974 = CARTESIAN_POINT('',(6.219242637491,0.111515005513));
#1975 = CARTESIAN_POINT('',(6.281110673895,0.111973086945));
#1976 = CARTESIAN_POINT('',(6.342976004752,0.111572542939));
#1977 = CARTESIAN_POINT('',(6.404904094439,0.110318104763));
#1978 = CARTESIAN_POINT('',(6.467037224095,0.108220884038));
#1979 = CARTESIAN_POINT('',(6.529492831852,0.105298845378));
#1980 = CARTESIAN_POINT('',(6.592392020897,0.101577541183));
#1981 = CARTESIAN_POINT('',(6.655853271357,9.709100127034E-02));
#1982 = CARTESIAN_POINT('',(6.719995534662,9.188276640436E-02));
#1983 = CARTESIAN_POINT('',(6.784938782143,8.600704245113E-02));
#1984 = CARTESIAN_POINT('',(6.850805644007,7.952990463253E-02));
#1985 = CARTESIAN_POINT('',(6.917721638776,7.2530682671E-02));
#1986 = CARTESIAN_POINT('',(6.98582053559,6.510289964543E-02));
#1987 = CARTESIAN_POINT('',(7.055231471053,5.735696792636E-02));
#1988 = CARTESIAN_POINT('',(7.126135246507,4.941628133303E-02));
#1989 = CARTESIAN_POINT('',(7.198564148071,4.143776902004E-02));
#1990 = CARTESIAN_POINT('',(7.274319891777,3.341562713734E-02));
#1991 = CARTESIAN_POINT('',(7.352587010208,2.56691951013E-02));
#1992 = CARTESIAN_POINT('',(7.432973977868,1.848251088725E-02));
#1993 = CARTESIAN_POINT('',(7.515058397544,1.21401219229E-02));
#1994 = CARTESIAN_POINT('',(7.5984914717,6.89953124712E-03));
#1995 = CARTESIAN_POINT('',(7.682954974098,2.979200278774E-03));
#1996 = CARTESIAN_POINT('',(7.768157975333,5.540208041487E-04));
#1997 = CARTESIAN_POINT('',(7.825272513425,-4.560105191231E-06));
#1998 = CARTESIAN_POINT('',(7.853861837658,-1.971756091734E-12));
#1999 = ( GEOMETRIC_REPRESENTATION_CONTEXT(2) 
PARAMETRIC_REPRESENTATION_CONTEXT() REPRESENTATION_CONTEXT('2D SPACE',''
  ) );
#2000 = ORIENTED_EDGE('',*,*,#2001,.T.);
#2001 = EDGE_CURVE('',#1859,#1857,#2002,.T.);
#2002 = SURFACE_CURVE('',#2003,(#2055,#2110),.PCURVE_S1.);
#2003 = B_SPLINE_CURVE_WITH_KNOTS('',8,(#2004,#2005,#2006,#2007,#2008,
    #2009,#2010,#2011,#2012,#2013,#2014,#2015,#2016,#2017,#2018,#2019,
    #2020,#2021,#2022,#2023,#2024,#2025,#2026,#2027,#2028,#2029,#2030,
    #2031,#2032,#2033,#2034,#2035,#2036,#2037,#2038,#2039,#2040,#2041,
    #2042,#2043,#2044,#2045,#2046,#2047,#2048,#2049,#2050,#2051,#2052,
    #2053,#2054),.UNSPECIFIED.,.T.,.F.,(9,7,7,7,7,7,7,9),(0.,
    0.154943088575,0.286396506428,0.411439535769,0.569108264487,
    0.707475854851,0.827679875459,1.),.UNSPECIFIED.);
#2004 = CARTESIAN_POINT('',(2.5,27.888169534769,180.));
#2005 = CARTESIAN_POINT('',(2.5,27.888169534769,180.26050952107));
#2006 = CARTESIAN_POINT('',(2.468975581848,27.890950490362,
    180.52061969163));
#2007 = CARTESIAN_POINT('',(2.407095407779,27.896498386257,
    180.77841981978));
#2008 = CARTESIAN_POINT('',(2.313636872602,27.904680493553,
    181.03179197243));
#2009 = CARTESIAN_POINT('',(2.187280560184,27.915233684295,
    181.27791623457));
#2010 = CARTESIAN_POINT('',(2.02630272775,27.927676468119,
    181.51295825151));
#2011 = CARTESIAN_POINT('',(1.828859939919,27.941202860855,
    181.73162604655));
#2012 = CARTESIAN_POINT('',(1.393931936901,27.965996041792,
    182.09142978196));
#2013 = CARTESIAN_POINT('',(1.159372657707,27.977732728058,
    182.24565042904));
#2014 = CARTESIAN_POINT('',(0.893310626508,27.988631633661,
    182.37536494466));
#2015 = CARTESIAN_POINT('',(0.602189254211,27.997245815947,
    182.47038601914));
#2016 = CARTESIAN_POINT('',(0.294925135697,28.002225556502,
    182.52392133102));
#2017 = CARTESIAN_POINT('',(-1.829745898639E-02,28.0029512636,
    182.53270006468));
#2018 = CARTESIAN_POINT('',(-0.327027209458,27.999641831023,
    182.4971233625));
#2019 = CARTESIAN_POINT('',(-0.902051162049,27.986870589256,
    182.34948230531));
#2020 = CARTESIAN_POINT('',(-1.160956270533,27.977910398513,
    182.24347391508));
#2021 = CARTESIAN_POINT('',(-1.395909675576,27.96712840606,
    182.10994872961));
#2022 = CARTESIAN_POINT('',(-1.605618894735,27.955477741944,
    181.95450877974));
#2023 = CARTESIAN_POINT('',(-1.789613093717,27.943791158536,
    181.78208067686));
#2024 = CARTESIAN_POINT('',(-1.948009046739,27.932723118356,
    181.59705093188));
#2025 = CARTESIAN_POINT('',(-2.081394819542,27.922747563488,
    181.40333089745));
#2026 = CARTESIAN_POINT('',(-2.328675430069,27.903340421981,
    180.95352913671));
#2027 = CARTESIAN_POINT('',(-2.429869958905,27.894615021215,
    180.69169644666));
#2028 = CARTESIAN_POINT('',(-2.496157085776,27.888574386453,
    180.42326768251));
#2029 = CARTESIAN_POINT('',(-2.528782367262,27.885523120101,
    180.15134520465));
#2030 = CARTESIAN_POINT('',(-2.528355020401,27.885579554743,
    179.87847383687));
#2031 = CARTESIAN_POINT('',(-2.494806406437,27.888721842553,
    179.60703392195));
#2032 = CARTESIAN_POINT('',(-2.427353808285,27.894777611355,
    179.33961615884));
#2033 = CARTESIAN_POINT('',(-2.234126745228,27.910874063573,
    178.85158030696));
#2034 = CARTESIAN_POINT('',(-2.116042823043,27.920374110008,
    178.62808072883));
#2035 = CARTESIAN_POINT('',(-1.968945500707,27.931594702347,
    178.41236993871));
#2036 = CARTESIAN_POINT('',(-1.791637399416,27.944087762613,
    178.20834419009));
#2037 = CARTESIAN_POINT('',(-1.583222975228,27.957179836511,
    178.02080208329));
#2038 = CARTESIAN_POINT('',(-1.343300074806,27.969913619031,
    177.85557272734));
#2039 = CARTESIAN_POINT('',(-1.072344273172,27.98106551484,
    177.7197702149));
#2040 = CARTESIAN_POINT('',(-0.512095801015,27.996529107074,
    177.53773445151));
#2041 = CARTESIAN_POINT('',(-0.233877389552,28.001436443226,
    177.48338305421));
#2042 = CARTESIAN_POINT('',(5.435353567879E-02,28.003189284553,
    177.46530201899));
#2043 = CARTESIAN_POINT('',(0.343597382482,28.00127897519,
    177.48598928407));
#2044 = CARTESIAN_POINT('',(0.624551688377,27.995839092873,
    177.54454896866));
#2045 = CARTESIAN_POINT('',(0.88853609025,27.987716313824,
    177.63678158769));
#2046 = CARTESIAN_POINT('',(1.128498523236,27.978047522665,
    177.75523206575));
#2047 = CARTESIAN_POINT('',(1.642147082984,27.953445542645,
    178.08120335392));
#2048 = CARTESIAN_POINT('',(1.896021094702,27.937535923291,
    178.31184990671));
#2049 = CARTESIAN_POINT('',(2.102272416599,27.922263317833,
    178.56794418495));
#2050 = CARTESIAN_POINT('',(2.263482238663,27.909060686344,
    178.84077916153));
#2051 = CARTESIAN_POINT('',(2.382248620241,27.898724548142,
    179.12420342793));
#2052 = CARTESIAN_POINT('',(2.460680725066,27.891694396207,
    179.4138850673));
#2053 = CARTESIAN_POINT('',(2.5,27.888169534769,179.70672518527));
#2054 = CARTESIAN_POINT('',(2.5,27.888169534769,180.));
#2055 = PCURVE('',#1780,#2056);
#2056 = DEFINITIONAL_REPRESENTATION('',(#2057),#2109);
#2057 = B_SPLINE_CURVE_WITH_KNOTS('',8,(#2058,#2059,#2060,#2061,#2062,
    #2063,#2064,#2065,#2066,#2067,#2068,#2069,#2070,#2071,#2072,#2073,
    #2074,#2075,#2076,#2077,#2078,#2079,#2080,#2081,#2082,#2083,#2084,
    #2085,#2086,#2087,#2088,#2089,#2090,#2091,#2092,#2093,#2094,#2095,
    #2096,#2097,#2098,#2099,#2100,#2101,#2102,#2103,#2104,#2105,#2106,
    #2107,#2108),.UNSPECIFIED.,.T.,.F.,(9,7,7,7,7,7,7,9),(0.,
    0.154943088575,0.286396506428,0.411439535769,0.569108264487,
    0.707475854851,0.827679875459,1.),.UNSPECIFIED.);
#2058 = CARTESIAN_POINT('',(1.481391554867,20.));
#2059 = CARTESIAN_POINT('',(1.481391554867,20.260509521077));
#2060 = CARTESIAN_POINT('',(1.482504012269,20.520619691636));
#2061 = CARTESIAN_POINT('',(1.48472288327,20.778419819786));
#2062 = CARTESIAN_POINT('',(1.488073445905,21.031791972431));
#2063 = CARTESIAN_POINT('',(1.492601805239,21.277916234578));
#2064 = CARTESIAN_POINT('',(1.49836789602,21.512958251519));
#2065 = CARTESIAN_POINT('',(1.505435488307,21.731626046554));
#2066 = CARTESIAN_POINT('',(1.520993849044,22.091429781969));
#2067 = CARTESIAN_POINT('',(1.529381243034,22.245650429042));
#2068 = CARTESIAN_POINT('',(1.538890770696,22.375364944661));
#2069 = CARTESIAN_POINT('',(1.549291082992,22.470386019146));
#2070 = CARTESIAN_POINT('',(1.56026415792,22.523921331027));
#2071 = CARTESIAN_POINT('',(1.571449132357,22.532700064682));
#2072 = CARTESIAN_POINT('',(1.582475099451,22.497123362502));
#2073 = CARTESIAN_POINT('',(1.603016733712,22.34948230531));
#2074 = CARTESIAN_POINT('',(1.612268169053,22.243473915082));
#2075 = CARTESIAN_POINT('',(1.620667380387,22.109948729619));
#2076 = CARTESIAN_POINT('',(1.628167986984,21.954508779747));
#2077 = CARTESIAN_POINT('',(1.634752174675,21.782080676867));
#2078 = CARTESIAN_POINT('',(1.640422844234,21.597050931881));
#2079 = CARTESIAN_POINT('',(1.645199894821,21.40333089745));
#2080 = CARTESIAN_POINT('',(1.65405850195,20.953529136718));
#2081 = CARTESIAN_POINT('',(1.657685896055,20.69169644666));
#2082 = CARTESIAN_POINT('',(1.660063093961,20.423267682512));
#2083 = CARTESIAN_POINT('',(1.661233387891,20.15134520465));
#2084 = CARTESIAN_POINT('',(1.661217992,19.878473836877));
#2085 = CARTESIAN_POINT('',(1.660014575762,19.607033921956));
#2086 = CARTESIAN_POINT('',(1.657595914016,19.339616158846));
#2087 = CARTESIAN_POINT('',(1.650671044453,18.851580306964));
#2088 = CARTESIAN_POINT('',(1.646440149295,18.628080728835));
#2089 = CARTESIAN_POINT('',(1.641171500466,18.412369938713));
#2090 = CARTESIAN_POINT('',(1.634823578471,18.208344190095));
#2091 = CARTESIAN_POINT('',(1.62736605774,18.020802083292));
#2092 = CARTESIAN_POINT('',(1.618786210918,17.855572727343));
#2093 = CARTESIAN_POINT('',(1.609101916117,17.719770214901));
#2094 = CARTESIAN_POINT('',(1.589085421858,17.537734451512));
#2095 = CARTESIAN_POINT('',(1.579147998644,17.483383054212));
#2096 = CARTESIAN_POINT('',(1.568854991892,17.465302018994));
#2097 = CARTESIAN_POINT('',(1.558526314532,17.485989284075));
#2098 = CARTESIAN_POINT('',(1.548491733461,17.54454896866));
#2099 = CARTESIAN_POINT('',(1.539059973283,17.636781587697));
#2100 = CARTESIAN_POINT('',(1.530483180676,17.755232065753));
#2101 = CARTESIAN_POINT('',(1.512117559359,18.081203353925));
#2102 = CARTESIAN_POINT('',(1.503033829894,18.311849906716));
#2103 = CARTESIAN_POINT('',(1.495648115013,18.56794418495));
#2104 = CARTESIAN_POINT('',(1.489871487544,18.840779161532));
#2105 = CARTESIAN_POINT('',(1.485613826898,19.124203427934));
#2106 = CARTESIAN_POINT('',(1.482801445248,19.4138850673));
#2107 = CARTESIAN_POINT('',(1.481391554867,19.706725185276));
#2108 = CARTESIAN_POINT('',(1.481391554867,20.));
#2109 = ( GEOMETRIC_REPRESENTATION_CONTEXT(2) 
PARAMETRIC_REPRESENTATION_CONTEXT() REPRESENTATION_CONTEXT('2D SPACE',''
  ) );
#2110 = PCURVE('',#2111,#2116);
#2111 = CYLINDRICAL_SURFACE('',#2112,2.5);
#2112 = AXIS2_PLACEMENT_3D('',#2113,#2114,#2115);
#2113 = CARTESIAN_POINT('',(0.,28.,180.));
#2114 = DIRECTION('',(0.,-1.,2.22044604925E-16));
#2115 = DIRECTION('',(1.,0.,0.));
#2116 = DEFINITIONAL_REPRESENTATION('',(#2117),#2219);
#2117 = B_SPLINE_CURVE_WITH_KNOTS('',10,(#2118,#2119,#2120,#2121,#2122,
    #2123,#2124,#2125,#2126,#2127,#2128,#2129,#2130,#2131,#2132,#2133,
    #2134,#2135,#2136,#2137,#2138,#2139,#2140,#2141,#2142,#2143,#2144,
    #2145,#2146,#2147,#2148,#2149,#2150,#2151,#2152,#2153,#2154,#2155,
    #2156,#2157,#2158,#2159,#2160,#2161,#2162,#2163,#2164,#2165,#2166,
    #2167,#2168,#2169,#2170,#2171,#2172,#2173,#2174,#2175,#2176,#2177,
    #2178,#2179,#2180,#2181,#2182,#2183,#2184,#2185,#2186,#2187,#2188,
    #2189,#2190,#2191,#2192,#2193,#2194,#2195,#2196,#2197,#2198,#2199,
    #2200,#2201,#2202,#2203,#2204,#2205,#2206,#2207,#2208,#2209,#2210,
    #2211,#2212,#2213,#2214,#2215,#2216,#2217,#2218),.UNSPECIFIED.,.F.,
  .F.,(11,9,9,9,9,9,9,9,9,9,9,11),(0.25264253666,0.283705665594,
    0.287345876016,0.402922556912,0.413757870746,0.497731552959,
    0.560711814619,0.572520613681,0.66108660664,0.70536960312,
    0.71090497768,0.7496525996),.UNSPECIFIED.);
#2118 = CARTESIAN_POINT('',(1.570676530479,-1.971756091734E-12));
#2119 = CARTESIAN_POINT('',(1.59384175184,-6.196965120306E-07));
#2120 = CARTESIAN_POINT('',(1.617023257826,1.318433821327E-04));
#2121 = CARTESIAN_POINT('',(1.640213786466,3.977299285711E-04));
#2122 = CARTESIAN_POINT('',(1.663406071292,7.966300895307E-04));
#2123 = CARTESIAN_POINT('',(1.686592794919,1.327399673666E-03));
#2124 = CARTESIAN_POINT('',(1.709766542629,1.988176361363E-03));
#2125 = CARTESIAN_POINT('',(1.732919755949,2.776395914552E-03));
#2126 = CARTESIAN_POINT('',(1.756044686238,3.688808386509E-03));
#2127 = CARTESIAN_POINT('',(1.779133348261,4.721494331667E-03));
#2128 = CARTESIAN_POINT('',(1.804877957239,6.004457579924E-03));
#2129 = CARTESIAN_POINT('',(1.807577620664,6.140611570363E-03));
#2130 = CARTESIAN_POINT('',(1.810277483913,6.2783929206E-03));
#2131 = CARTESIAN_POINT('',(1.812975920549,6.417705426719E-03));
#2132 = CARTESIAN_POINT('',(1.815673014628,6.558546245504E-03));
#2133 = CARTESIAN_POINT('',(1.818370279165,6.700991334658E-03));
#2134 = CARTESIAN_POINT('',(1.821068331905,6.845068473157E-03));
#2135 = CARTESIAN_POINT('',(1.823765124043,6.990659500162E-03));
#2136 = CARTESIAN_POINT('',(1.826457317519,7.137573410909E-03));
#2137 = CARTESIAN_POINT('',(1.914557732873,1.199631549952E-02));
#2138 = CARTESIAN_POINT('',(1.997373762767,1.813800707352E-02));
#2139 = CARTESIAN_POINT('',(2.077862108457,2.537426519269E-02));
#2140 = CARTESIAN_POINT('',(2.156226768457,3.335961107382E-02));
#2141 = CARTESIAN_POINT('',(2.232630511272,4.176363584169E-02));
#2142 = CARTESIAN_POINT('',(2.307206486024,5.028628477208E-02));
#2143 = CARTESIAN_POINT('',(2.380063402983,5.866644576288E-02));
#2144 = CARTESIAN_POINT('',(2.451287627032,6.66856692316E-02));
#2145 = CARTESIAN_POINT('',(2.520945527058,7.416884663823E-02));
#2146 = CARTESIAN_POINT('',(2.595477914663,8.162256497507E-02));
#2147 = CARTESIAN_POINT('',(2.601853624372,8.225563063866E-02));
#2148 = CARTESIAN_POINT('',(2.608211415005,8.288227444382E-02));
#2149 = CARTESIAN_POINT('',(2.614574238192,8.350455163418E-02));
#2150 = CARTESIAN_POINT('',(2.620882554853,8.411673414957E-02));
#2151 = CARTESIAN_POINT('',(2.627235774475,8.472812139189E-02));
#2152 = CARTESIAN_POINT('',(2.633526762715,8.532845214177E-02));
#2153 = CARTESIAN_POINT('',(2.639824055364,8.592417044269E-02));
#2154 = CARTESIAN_POINT('',(2.6461106025,8.651351999209E-02));
#2155 = CARTESIAN_POINT('',(2.701036609406,9.161501116063E-02));
#2156 = CARTESIAN_POINT('',(2.749132980456,9.575404159492E-02));
#2157 = CARTESIAN_POINT('',(2.796753081598,9.947412348724E-02));
#2158 = CARTESIAN_POINT('',(2.843968514361,0.102742644612));
#2159 = CARTESIAN_POINT('',(2.890847215698,0.1055333989));
#2160 = CARTESIAN_POINT('',(2.937454299886,0.107826089453));
#2161 = CARTESIAN_POINT('',(2.983852900434,0.109605831555));
#2162 = CARTESIAN_POINT('',(3.030105011987,0.110862655685));
#2163 = CARTESIAN_POINT('',(3.076272332232,0.111591010531));
#2164 = CARTESIAN_POINT('',(3.157025682474,0.111937957607));
#2165 = CARTESIAN_POINT('',(3.191621497243,0.111788529755));
#2166 = CARTESIAN_POINT('',(3.226230739647,0.111340550358));
#2167 = CARTESIAN_POINT('',(3.260879641883,0.110594893908));
#2168 = CARTESIAN_POINT('',(3.295594667161,0.109553802271));
#2169 = CARTESIAN_POINT('',(3.330402700051,0.108220945474));
#2170 = CARTESIAN_POINT('',(3.365331236845,0.106601482505));
#2171 = CARTESIAN_POINT('',(3.400408575904,0.104702122101));
#2172 = CARTESIAN_POINT('',(3.435664008014,0.102531183541));
#2173 = CARTESIAN_POINT('',(3.477777506501,9.964255879785E-02));
#2174 = CARTESIAN_POINT('',(3.484434679442,9.917723946734E-02));
#2175 = CARTESIAN_POINT('',(3.491097873794,9.870290371205E-02));
#2176 = CARTESIAN_POINT('',(3.49777077948,9.821936321651E-02));
#2177 = CARTESIAN_POINT('',(3.504452089258,9.772679480211E-02));
#2178 = CARTESIAN_POINT('',(3.511139405478,9.722546711254E-02));
#2179 = CARTESIAN_POINT('',(3.517833868713,9.671539707512E-02));
#2180 = CARTESIAN_POINT('',(3.524539330745,9.619638876779E-02));
#2181 = CARTESIAN_POINT('',(3.53125724057,9.566839914747E-02));
#2182 = CARTESIAN_POINT('',(3.588449640916,9.110617521923E-02));
#2183 = CARTESIAN_POINT('',(3.639535637903,8.658684989966E-02));
#2184 = CARTESIAN_POINT('',(3.691297980158,8.160819606868E-02));
#2185 = CARTESIAN_POINT('',(3.743792057267,7.621515601459E-02));
#2186 = CARTESIAN_POINT('',(3.797074979718,7.046460542292E-02));
#2187 = CARTESIAN_POINT('',(3.85120643577,6.44264406342E-02));
#2188 = CARTESIAN_POINT('',(3.906249842937,5.818425694402E-02));
#2189 = CARTESIAN_POINT('',(3.962273794083,5.183561794519E-02));
#2190 = CARTESIAN_POINT('',(4.019353798133,4.549191591209E-02));
#2191 = CARTESIAN_POINT('',(4.106684574027,3.617077688474E-02));
#2192 = CARTESIAN_POINT('',(4.136079938665,3.309613588258E-02));
#2193 = CARTESIAN_POINT('',(4.165771027386,3.006940365012E-02));
#2194 = CARTESIAN_POINT('',(4.195768957019,2.710694399042E-02));
#2195 = CARTESIAN_POINT('',(4.226085458963,2.422589766587E-02));
#2196 = CARTESIAN_POINT('',(4.256732995011,2.144409898388E-02));
#2197 = CARTESIAN_POINT('',(4.287724873164,1.877999238261E-02));
#2198 = CARTESIAN_POINT('',(4.319075363458,1.625254901664E-02));
#2199 = CARTESIAN_POINT('',(4.350799813777,1.38811833427E-02));
#2200 = CARTESIAN_POINT('',(4.386929134666,1.141123050067E-02));
#2201 = CARTESIAN_POINT('',(4.390949949013,1.113951690854E-02));
#2202 = CARTESIAN_POINT('',(4.394974686414,1.087073086199E-02));
#2203 = CARTESIAN_POINT('',(4.399010176229,1.060447173552E-02));
#2204 = CARTESIAN_POINT('',(4.403051119128,1.034112943308E-02));
#2205 = CARTESIAN_POINT('',(4.407091907943,1.008110528545E-02));
#2206 = CARTESIAN_POINT('',(4.411135457249,9.824237543841E-03));
#2207 = CARTESIAN_POINT('',(4.41518632197,9.570260001547E-03));
#2208 = CARTESIAN_POINT('',(4.419238958082,9.319574019558E-03));
#2209 = CARTESIAN_POINT('',(4.451691703218,7.339509675581E-03));
#2210 = CARTESIAN_POINT('',(4.480264644417,5.763776146657E-03));
#2211 = CARTESIAN_POINT('',(4.508988888185,4.357769767484E-03));
#2212 = CARTESIAN_POINT('',(4.537840304155,3.13284286156E-03));
#2213 = CARTESIAN_POINT('',(4.566795903002,2.098692042059E-03));
#2214 = CARTESIAN_POINT('',(4.595833621234,1.263254555687E-03));
#2215 = CARTESIAN_POINT('',(4.624932105961,6.326046265507E-04));
#2216 = CARTESIAN_POINT('',(4.654070499679,2.10849800021E-04));
#2217 = CARTESIAN_POINT('',(4.68322822505,2.728659488188E-08));
#2218 = CARTESIAN_POINT('',(4.712384769683,3.057607500523E-10));
#2219 = ( GEOMETRIC_REPRESENTATION_CONTEXT(2) 
PARAMETRIC_REPRESENTATION_CONTEXT() REPRESENTATION_CONTEXT('2D SPACE',''
  ) );
#2220 = FACE_BOUND('',#2221,.T.);
#2221 = EDGE_LOOP('',(#2222,#2367));
#2222 = ORIENTED_EDGE('',*,*,#2223,.T.);
#2223 = EDGE_CURVE('',#2224,#2226,#2228,.T.);
#2224 = VERTEX_POINT('',#2225);
#2225 = CARTESIAN_POINT('',(3.039438712103E-04,-27.99999999997,
    182.499999989));
#2226 = VERTEX_POINT('',#2227);
#2227 = CARTESIAN_POINT('',(-1.005869502194E-05,-27.99999999984,
    177.50000000093));
#2228 = SURFACE_CURVE('',#2229,(#2260,#2311),.PCURVE_S1.);
#2229 = B_SPLINE_CURVE_WITH_KNOTS('',8,(#2230,#2231,#2232,#2233,#2234,
    #2235,#2236,#2237,#2238,#2239,#2240,#2241,#2242,#2243,#2244,#2245,
    #2246,#2247,#2248,#2249,#2250,#2251,#2252,#2253,#2254,#2255,#2256,
    #2257,#2258,#2259),.UNSPECIFIED.,.F.,.F.,(9,7,7,7,9),(0.,
    9.76992092337E-02,0.252642297809,0.427073180054,0.506056190679),
  .UNSPECIFIED.);
#2230 = CARTESIAN_POINT('',(3.039438721197E-04,-27.99999999995,
    182.49999999648));
#2231 = CARTESIAN_POINT('',(0.227987833056,-27.99999752742,
    182.49997230843));
#2232 = CARTESIAN_POINT('',(0.455021647208,-27.99787913995,
    182.47624638284));
#2233 = CARTESIAN_POINT('',(0.677317983893,-27.99366603216,
    182.42905853078));
#2234 = CARTESIAN_POINT('',(0.890865405874,-27.98759116319,
    182.35976883323));
#2235 = CARTESIAN_POINT('',(1.091977031206,-27.98009037994,
    182.27082437431));
#2236 = CARTESIAN_POINT('',(1.277528322925,-27.97172883488,
    182.16572941096));
#2237 = CARTESIAN_POINT('',(1.445191816888,-27.96307395935,
    182.0490239213));
#2238 = CARTESIAN_POINT('',(1.828859939919,-27.94120286085,
    181.73162604655));
#2239 = CARTESIAN_POINT('',(2.02630272775,-27.92767646811,
    181.51295825151));
#2240 = CARTESIAN_POINT('',(2.187280560184,-27.91523368429,
    181.27791623457));
#2241 = CARTESIAN_POINT('',(2.313636872603,-27.90468049355,
    181.03179197243));
#2242 = CARTESIAN_POINT('',(2.407095407779,-27.89649838625,
    180.77841981978));
#2243 = CARTESIAN_POINT('',(2.468975581848,-27.89095049036,
    180.52061969163));
#2244 = CARTESIAN_POINT('',(2.5,-27.88816953476,180.26050952107));
#2245 = CARTESIAN_POINT('',(2.5,-27.88816953476,179.70672518527));
#2246 = CARTESIAN_POINT('',(2.460680725066,-27.8916943962,179.4138850673
    ));
#2247 = CARTESIAN_POINT('',(2.382248620241,-27.89872454814,
    179.12420342793));
#2248 = CARTESIAN_POINT('',(2.263482238663,-27.90906068634,
    178.84077916153));
#2249 = CARTESIAN_POINT('',(2.102272416598,-27.92226331783,
    178.56794418495));
#2250 = CARTESIAN_POINT('',(1.896021094702,-27.93753592329,
    178.31184990671));
#2251 = CARTESIAN_POINT('',(1.642147082984,-27.95344554264,
    178.08120335392));
#2252 = CARTESIAN_POINT('',(1.202557493527,-27.97450035549,
    177.80223131745));
#2253 = CARTESIAN_POINT('',(1.053373199955,-27.98087695917,
    177.72181255511));
#2254 = CARTESIAN_POINT('',(0.893346674198,-27.98676555568,
    177.65085604456));
#2255 = CARTESIAN_POINT('',(0.724197544071,-27.99185821512,
    177.59171422062));
#2256 = CARTESIAN_POINT('',(0.547968907266,-27.99587848971,
    177.54616090823));
#2257 = CARTESIAN_POINT('',(0.366929744478,-27.99862606098,
    177.51538811678));
#2258 = CARTESIAN_POINT('',(0.183469348594,-28.00000006454,
    177.49999927396));
#2259 = CARTESIAN_POINT('',(-1.005869501765E-05,-27.99999999969,
    177.50000000184));
#2260 = PCURVE('',#1780,#2261);
#2261 = DEFINITIONAL_REPRESENTATION('',(#2262),#2310);
#2262 = B_SPLINE_CURVE_WITH_KNOTS('',3,(#2263,#2264,#2265,#2266,#2267,
    #2268,#2269,#2270,#2271,#2272,#2273,#2274,#2275,#2276,#2277,#2278,
    #2279,#2280,#2281,#2282,#2283,#2284,#2285,#2286,#2287,#2288,#2289,
    #2290,#2291,#2292,#2293,#2294,#2295,#2296,#2297,#2298,#2299,#2300,
    #2301,#2302,#2303,#2304,#2305,#2306,#2307,#2308,#2309),
  .UNSPECIFIED.,.F.,.F.,(4,1,1,1,1,1,1,1,1,1,1,1,1,1,1,1,1,1,1,1,1,1,1,1
    ,1,1,1,1,1,1,1,1,1,1,1,1,1,1,1,1,1,1,1,1,4),(0.,1.150127706088E-02,
    2.300255412177E-02,3.450383118265E-02,4.600510824353E-02,
    5.750638530442E-02,6.90076623653E-02,8.050893942618E-02,
    9.201021648707E-02,0.103511493548,0.115012770609,0.12651404767,
    0.138015324731,0.149516601791,0.161017878852,0.172519155913,
    0.184020432974,0.195521710035,0.207022987096,0.218524264157,
    0.230025541218,0.241526818279,0.253028095339,0.2645293724,
    0.276030649461,0.287531926522,0.299033203583,0.310534480644,
    0.322035757705,0.333537034766,0.345038311827,0.356539588887,
    0.368040865948,0.379542143009,0.39104342007,0.402544697131,
    0.414045974192,0.425547251253,0.437048528314,0.448549805374,
    0.460051082435,0.471552359496,0.483053636557,0.494554913618,
    0.506056190679),.QUASI_UNIFORM_KNOTS.);
#2263 = CARTESIAN_POINT('',(4.712399835523,22.499999996484));
#2264 = CARTESIAN_POINT('',(4.714952726686,22.500020987905));
#2265 = CARTESIAN_POINT('',(4.720051772502,22.493819659185));
#2266 = CARTESIAN_POINT('',(4.727603793725,22.466489026522));
#2267 = CARTESIAN_POINT('',(4.734981676964,22.421692727288));
#2268 = CARTESIAN_POINT('',(4.742112215504,22.360477861819));
#2269 = CARTESIAN_POINT('',(4.748926554326,22.284206927123));
#2270 = CARTESIAN_POINT('',(4.755362248576,22.194583031759));
#2271 = CARTESIAN_POINT('',(4.761362466935,22.09369354159));
#2272 = CARTESIAN_POINT('',(4.766884262772,21.98378954641));
#2273 = CARTESIAN_POINT('',(4.771873019555,21.868107658529));
#2274 = CARTESIAN_POINT('',(4.776457086729,21.745437294435));
#2275 = CARTESIAN_POINT('',(4.780633143403,21.616846284968));
#2276 = CARTESIAN_POINT('',(4.784411701634,21.483133393168));
#2277 = CARTESIAN_POINT('',(4.787799821884,21.345052208458));
#2278 = CARTESIAN_POINT('',(4.790805467021,21.203263682022));
#2279 = CARTESIAN_POINT('',(4.793436085317,21.058360137709));
#2280 = CARTESIAN_POINT('',(4.79569876266,20.910869057013));
#2281 = CARTESIAN_POINT('',(4.797599973057,20.761261549845));
#2282 = CARTESIAN_POINT('',(4.799145451323,20.609958505952));
#2283 = CARTESIAN_POINT('',(4.800340043839,20.457338476077));
#2284 = CARTESIAN_POINT('',(4.801187570496,20.303739031902));
#2285 = CARTESIAN_POINT('',(4.80169069001,20.149481499718));
#2286 = CARTESIAN_POINT('',(4.80185074724,19.994808679324));
#2287 = CARTESIAN_POINT('',(4.801667676238,19.840148920558));
#2288 = CARTESIAN_POINT('',(4.801141390038,19.685899159616));
#2289 = CARTESIAN_POINT('',(4.800270327399,19.53231377081));
#2290 = CARTESIAN_POINT('',(4.799051659694,19.379716177065));
#2291 = CARTESIAN_POINT('',(4.797481424121,19.228450290929));
#2292 = CARTESIAN_POINT('',(4.795554674135,19.078901470248));
#2293 = CARTESIAN_POINT('',(4.79326562704,18.931498815178));
#2294 = CARTESIAN_POINT('',(4.790607815708,18.786722552742));
#2295 = CARTESIAN_POINT('',(4.787574255964,18.645110486907));
#2296 = CARTESIAN_POINT('',(4.784157597496,18.507264697914));
#2297 = CARTESIAN_POINT('',(4.780350398031,18.373860672204));
#2298 = CARTESIAN_POINT('',(4.776145018531,18.245649900459));
#2299 = CARTESIAN_POINT('',(4.771535035075,18.123490611332));
#2300 = CARTESIAN_POINT('',(4.766511115536,18.008277984476));
#2301 = CARTESIAN_POINT('',(4.761077703532,17.901254904625));
#2302 = CARTESIAN_POINT('',(4.75519222453,17.80290882228));
#2303 = CARTESIAN_POINT('',(4.748819880423,17.714505009567));
#2304 = CARTESIAN_POINT('',(4.742045773097,17.638894768124));
#2305 = CARTESIAN_POINT('',(4.734934795268,17.577976169007));
#2306 = CARTESIAN_POINT('',(4.727566137463,17.533334388041));
#2307 = CARTESIAN_POINT('',(4.720021878842,17.506120296406));
#2308 = CARTESIAN_POINT('',(4.714933359224,17.499962459777));
#2309 = CARTESIAN_POINT('',(4.712388621146,17.500000001844));
#2310 = ( GEOMETRIC_REPRESENTATION_CONTEXT(2) 
PARAMETRIC_REPRESENTATION_CONTEXT() REPRESENTATION_CONTEXT('2D SPACE',''
  ) );
#2311 = PCURVE('',#2312,#2317);
#2312 = CYLINDRICAL_SURFACE('',#2313,2.5);
#2313 = AXIS2_PLACEMENT_3D('',#2314,#2315,#2316);
#2314 = CARTESIAN_POINT('',(0.,-21.45,180.));
#2315 = DIRECTION('',(0.,-1.,2.22044604925E-16));
#2316 = DIRECTION('',(1.,0.,0.));
#2317 = DEFINITIONAL_REPRESENTATION('',(#2318),#2366);
#2318 = B_SPLINE_CURVE_WITH_KNOTS('',3,(#2319,#2320,#2321,#2322,#2323,
    #2324,#2325,#2326,#2327,#2328,#2329,#2330,#2331,#2332,#2333,#2334,
    #2335,#2336,#2337,#2338,#2339,#2340,#2341,#2342,#2343,#2344,#2345,
    #2346,#2347,#2348,#2349,#2350,#2351,#2352,#2353,#2354,#2355,#2356,
    #2357,#2358,#2359,#2360,#2361,#2362,#2363,#2364,#2365),
  .UNSPECIFIED.,.F.,.F.,(4,1,1,1,1,1,1,1,1,1,1,1,1,1,1,1,1,1,1,1,1,1,1,1
    ,1,1,1,1,1,1,1,1,1,1,1,1,1,1,1,1,1,1,1,1,4),(0.,1.150127706088E-02,
    2.300255412177E-02,3.450383118265E-02,4.600510824353E-02,
    5.750638530442E-02,6.90076623653E-02,8.050893942618E-02,
    9.201021648707E-02,0.103511493548,0.115012770609,0.12651404767,
    0.138015324731,0.149516601791,0.161017878852,0.172519155913,
    0.184020432974,0.195521710035,0.207022987096,0.218524264157,
    0.230025541218,0.241526818279,0.253028095339,0.2645293724,
    0.276030649461,0.287531926522,0.299033203583,0.310534480644,
    0.322035757705,0.333537034766,0.345038311827,0.356539588887,
    0.368040865948,0.379542143009,0.39104342007,0.402544697131,
    0.414045974192,0.425547251253,0.437048528314,0.448549805374,
    0.460051082435,0.471552359496,0.483053636557,0.494554913618,
    0.506056190679),.QUASI_UNIFORM_KNOTS.);
#2319 = CARTESIAN_POINT('',(7.853860056426,6.549999999954));
#2320 = CARTESIAN_POINT('',(7.825270748514,6.55000454867));
#2321 = CARTESIAN_POINT('',(7.768156244779,6.549445945713));
#2322 = CARTESIAN_POINT('',(7.682953300059,6.54702073639));
#2323 = CARTESIAN_POINT('',(7.598489858921,6.543100379944));
#2324 = CARTESIAN_POINT('',(7.51505685078,6.537859768945));
#2325 = CARTESIAN_POINT('',(7.432972501861,6.531517365301));
#2326 = CARTESIAN_POINT('',(7.352585610347,6.524330672273));
#2327 = CARTESIAN_POINT('',(7.274318572258,6.516584236989));
#2328 = CARTESIAN_POINT('',(7.198562919351,6.508562097646));
#2329 = CARTESIAN_POINT('',(7.126134098049,6.500583590639));
#2330 = CARTESIAN_POINT('',(7.055230380058,6.492642909712));
#2331 = CARTESIAN_POINT('',(6.985819503107,6.484896986121));
#2332 = CARTESIAN_POINT('',(6.917720659967,6.477469212511));
#2333 = CARTESIAN_POINT('',(6.850804716043,6.470470001028));
#2334 = CARTESIAN_POINT('',(6.784937902038,6.463992874338));
#2335 = CARTESIAN_POINT('',(6.719994699808,6.458117161863));
#2336 = CARTESIAN_POINT('',(6.655852479344,6.452908938553));
#2337 = CARTESIAN_POINT('',(6.592391269538,6.448422410046));
#2338 = CARTESIAN_POINT('',(6.529492119145,6.444701116918));
#2339 = CARTESIAN_POINT('',(6.467036548228,6.441779088827));
#2340 = CARTESIAN_POINT('',(6.404903453741,6.439681878044));
#2341 = CARTESIAN_POINT('',(6.342975397822,6.438427449078));
#2342 = CARTESIAN_POINT('',(6.281110099086,6.438026913472));
#2343 = CARTESIAN_POINT('',(6.219242094996,6.438485002405));
#2344 = CARTESIAN_POINT('',(6.157293211328,6.439796683821));
#2345 = CARTESIAN_POINT('',(6.095125236341,6.44195070565));
#2346 = CARTESIAN_POINT('',(6.032620629117,6.444928841842));
#2347 = CARTESIAN_POINT('',(5.969659539766,6.448705118657));
#2348 = CARTESIAN_POINT('',(5.906124635473,6.453244887686));
#2349 = CARTESIAN_POINT('',(5.84189846294,6.458503785262));
#2350 = CARTESIAN_POINT('',(5.776862732981,6.464426586044));
#2351 = CARTESIAN_POINT('',(5.710897106674,6.470945961555));
#2352 = CARTESIAN_POINT('',(5.643877654933,6.477981223071));
#2353 = CARTESIAN_POINT('',(5.575676585229,6.485436899485));
#2354 = CARTESIAN_POINT('',(5.506156489965,6.493201895933));
#2355 = CARTESIAN_POINT('',(5.435184193998,6.50114667583));
#2356 = CARTESIAN_POINT('',(5.362570154739,6.509128274995));
#2357 = CARTESIAN_POINT('',(5.288283806917,6.516966844331));
#2358 = CARTESIAN_POINT('',(5.211636316794,6.524529548996));
#2359 = CARTESIAN_POINT('',(5.13209902158,6.53162335008));
#2360 = CARTESIAN_POINT('',(5.050529650519,6.537913054988));
#2361 = CARTESIAN_POINT('',(4.967339901687,6.543129138526));
#2362 = CARTESIAN_POINT('',(4.882990308839,6.547036347832));
#2363 = CARTESIAN_POINT('',(4.797879092323,6.549451320827));
#2364 = CARTESIAN_POINT('',(4.740882884363,6.550006008864));
#2365 = CARTESIAN_POINT('',(4.712384956907,6.549999999694));
#2366 = ( GEOMETRIC_REPRESENTATION_CONTEXT(2) 
PARAMETRIC_REPRESENTATION_CONTEXT() REPRESENTATION_CONTEXT('2D SPACE',''
  ) );
#2367 = ORIENTED_EDGE('',*,*,#2368,.F.);
#2368 = EDGE_CURVE('',#2224,#2226,#2369,.T.);
#2369 = SURFACE_CURVE('',#2370,(#2422,#2477),.PCURVE_S1.);
#2370 = B_SPLINE_CURVE_WITH_KNOTS('',8,(#2371,#2372,#2373,#2374,#2375,
    #2376,#2377,#2378,#2379,#2380,#2381,#2382,#2383,#2384,#2385,#2386,
    #2387,#2388,#2389,#2390,#2391,#2392,#2393,#2394,#2395,#2396,#2397,
    #2398,#2399,#2400,#2401,#2402,#2403,#2404,#2405,#2406,#2407,#2408,
    #2409,#2410,#2411,#2412,#2413,#2414,#2415,#2416,#2417,#2418,#2419,
    #2420,#2421),.UNSPECIFIED.,.T.,.F.,(9,7,7,7,7,7,7,9),(0.,
    0.154943088575,0.286396506429,0.411439535769,0.569108264487,
    0.707475854851,0.82767987546,1.),.UNSPECIFIED.);
#2371 = CARTESIAN_POINT('',(2.5,-27.88816953476,180.));
#2372 = CARTESIAN_POINT('',(2.5,-27.88816953476,180.26050952107));
#2373 = CARTESIAN_POINT('',(2.468975581848,-27.89095049036,
    180.52061969163));
#2374 = CARTESIAN_POINT('',(2.407095407779,-27.89649838625,
    180.77841981978));
#2375 = CARTESIAN_POINT('',(2.313636872603,-27.90468049355,
    181.03179197243));
#2376 = CARTESIAN_POINT('',(2.187280560184,-27.91523368429,
    181.27791623457));
#2377 = CARTESIAN_POINT('',(2.02630272775,-27.92767646811,
    181.51295825151));
#2378 = CARTESIAN_POINT('',(1.828859939919,-27.94120286085,
    181.73162604655));
#2379 = CARTESIAN_POINT('',(1.393931936901,-27.96599604179,
    182.09142978196));
#2380 = CARTESIAN_POINT('',(1.159372657705,-27.97773272805,
    182.24565042904));
#2381 = CARTESIAN_POINT('',(0.893310626515,-27.98863163366,
    182.37536494466));
#2382 = CARTESIAN_POINT('',(0.602189254201,-27.99724581594,
    182.47038601914));
#2383 = CARTESIAN_POINT('',(0.294925135706,-28.0022255565,
    182.52392133102));
#2384 = CARTESIAN_POINT('',(-1.829745899027E-02,-28.0029512636,
    182.53270006468));
#2385 = CARTESIAN_POINT('',(-0.327027209457,-27.99964183102,
    182.4971233625));
#2386 = CARTESIAN_POINT('',(-0.902051162049,-27.98687058925,
    182.34948230531));
#2387 = CARTESIAN_POINT('',(-1.160956270534,-27.97791039851,
    182.24347391508));
#2388 = CARTESIAN_POINT('',(-1.395909675576,-27.96712840606,
    182.10994872962));
#2389 = CARTESIAN_POINT('',(-1.605618894735,-27.95547774194,
    181.95450877974));
#2390 = CARTESIAN_POINT('',(-1.789613093717,-27.94379115853,
    181.78208067686));
#2391 = CARTESIAN_POINT('',(-1.948009046739,-27.93272311835,
    181.59705093188));
#2392 = CARTESIAN_POINT('',(-2.081394819542,-27.92274756348,
    181.40333089745));
#2393 = CARTESIAN_POINT('',(-2.328675430069,-27.90334042198,
    180.95352913671));
#2394 = CARTESIAN_POINT('',(-2.429869958905,-27.89461502121,
    180.69169644666));
#2395 = CARTESIAN_POINT('',(-2.496157085776,-27.88857438645,
    180.42326768251));
#2396 = CARTESIAN_POINT('',(-2.528782367262,-27.8855231201,
    180.15134520465));
#2397 = CARTESIAN_POINT('',(-2.528355020401,-27.88557955474,
    179.87847383687));
#2398 = CARTESIAN_POINT('',(-2.494806406437,-27.88872184255,
    179.60703392195));
#2399 = CARTESIAN_POINT('',(-2.427353808285,-27.89477761135,
    179.33961615884));
#2400 = CARTESIAN_POINT('',(-2.234126745228,-27.91087406357,
    178.85158030696));
#2401 = CARTESIAN_POINT('',(-2.116042823044,-27.92037411,178.62808072883
    ));
#2402 = CARTESIAN_POINT('',(-1.968945500707,-27.93159470234,
    178.41236993871));
#2403 = CARTESIAN_POINT('',(-1.791637399416,-27.94408776261,
    178.20834419009));
#2404 = CARTESIAN_POINT('',(-1.583222975229,-27.95717983651,
    178.02080208329));
#2405 = CARTESIAN_POINT('',(-1.343300074806,-27.96991361903,
    177.85557272734));
#2406 = CARTESIAN_POINT('',(-1.072344273173,-27.98106551484,
    177.7197702149));
#2407 = CARTESIAN_POINT('',(-0.512095801014,-27.99652910707,
    177.53773445151));
#2408 = CARTESIAN_POINT('',(-0.233877389553,-28.00143644322,
    177.48338305421));
#2409 = CARTESIAN_POINT('',(5.435353568084E-02,-28.00318928455,
    177.46530201899));
#2410 = CARTESIAN_POINT('',(0.343597382479,-28.00127897519,
    177.48598928407));
#2411 = CARTESIAN_POINT('',(0.624551688379,-27.99583909287,
    177.54454896866));
#2412 = CARTESIAN_POINT('',(0.888536090248,-27.98771631382,
    177.63678158769));
#2413 = CARTESIAN_POINT('',(1.128498523236,-27.97804752266,
    177.75523206575));
#2414 = CARTESIAN_POINT('',(1.642147082984,-27.95344554264,
    178.08120335392));
#2415 = CARTESIAN_POINT('',(1.896021094702,-27.93753592329,
    178.31184990671));
#2416 = CARTESIAN_POINT('',(2.102272416598,-27.92226331783,
    178.56794418495));
#2417 = CARTESIAN_POINT('',(2.263482238663,-27.90906068634,
    178.84077916153));
#2418 = CARTESIAN_POINT('',(2.382248620241,-27.89872454814,
    179.12420342793));
#2419 = CARTESIAN_POINT('',(2.460680725066,-27.8916943962,179.4138850673
    ));
#2420 = CARTESIAN_POINT('',(2.5,-27.88816953476,179.70672518527));
#2421 = CARTESIAN_POINT('',(2.5,-27.88816953476,180.));
#2422 = PCURVE('',#1780,#2423);
#2423 = DEFINITIONAL_REPRESENTATION('',(#2424),#2476);
#2424 = B_SPLINE_CURVE_WITH_KNOTS('',8,(#2425,#2426,#2427,#2428,#2429,
    #2430,#2431,#2432,#2433,#2434,#2435,#2436,#2437,#2438,#2439,#2440,
    #2441,#2442,#2443,#2444,#2445,#2446,#2447,#2448,#2449,#2450,#2451,
    #2452,#2453,#2454,#2455,#2456,#2457,#2458,#2459,#2460,#2461,#2462,
    #2463,#2464,#2465,#2466,#2467,#2468,#2469,#2470,#2471,#2472,#2473,
    #2474,#2475),.UNSPECIFIED.,.T.,.F.,(9,7,7,7,7,7,7,9),(0.,
    0.154943088575,0.286396506429,0.411439535769,0.569108264487,
    0.707475854851,0.82767987546,1.),.UNSPECIFIED.);
#2425 = CARTESIAN_POINT('',(4.801793752312,20.));
#2426 = CARTESIAN_POINT('',(4.801793752312,20.260509521077));
#2427 = CARTESIAN_POINT('',(4.80068129491,20.520619691636));
#2428 = CARTESIAN_POINT('',(4.79846242391,20.778419819786));
#2429 = CARTESIAN_POINT('',(4.795111861274,21.031791972431));
#2430 = CARTESIAN_POINT('',(4.790583501941,21.277916234578));
#2431 = CARTESIAN_POINT('',(4.78481741116,21.51295825152));
#2432 = CARTESIAN_POINT('',(4.777749818873,21.731626046554));
#2433 = CARTESIAN_POINT('',(4.762191458136,22.091429781969));
#2434 = CARTESIAN_POINT('',(4.753804064145,22.245650429044));
#2435 = CARTESIAN_POINT('',(4.744294536484,22.375364944659));
#2436 = CARTESIAN_POINT('',(4.733894224187,22.470386019147));
#2437 = CARTESIAN_POINT('',(4.72292114926,22.523921331027));
#2438 = CARTESIAN_POINT('',(4.711736174823,22.532700064682));
#2439 = CARTESIAN_POINT('',(4.700710207728,22.497123362502));
#2440 = CARTESIAN_POINT('',(4.680168573468,22.34948230531));
#2441 = CARTESIAN_POINT('',(4.670917138126,22.243473915082));
#2442 = CARTESIAN_POINT('',(4.662517926792,22.10994872962));
#2443 = CARTESIAN_POINT('',(4.655017320196,21.954508779747));
#2444 = CARTESIAN_POINT('',(4.648433132504,21.782080676867));
#2445 = CARTESIAN_POINT('',(4.642762462945,21.597050931881));
#2446 = CARTESIAN_POINT('',(4.637985412359,21.40333089745));
#2447 = CARTESIAN_POINT('',(4.62912680523,20.953529136718));
#2448 = CARTESIAN_POINT('',(4.625499411125,20.69169644666));
#2449 = CARTESIAN_POINT('',(4.623122213218,20.423267682512));
#2450 = CARTESIAN_POINT('',(4.621951919288,20.151345204651));
#2451 = CARTESIAN_POINT('',(4.621967315179,19.878473836877));
#2452 = CARTESIAN_POINT('',(4.623170731418,19.607033921955));
#2453 = CARTESIAN_POINT('',(4.625589393164,19.339616158846));
#2454 = CARTESIAN_POINT('',(4.632514262727,18.851580306964));
#2455 = CARTESIAN_POINT('',(4.636745157884,18.628080728835));
#2456 = CARTESIAN_POINT('',(4.642013806714,18.412369938713));
#2457 = CARTESIAN_POINT('',(4.648361728709,18.208344190095));
#2458 = CARTESIAN_POINT('',(4.655819249439,18.020802083292));
#2459 = CARTESIAN_POINT('',(4.664399096262,17.855572727343));
#2460 = CARTESIAN_POINT('',(4.674083391063,17.719770214901));
#2461 = CARTESIAN_POINT('',(4.694099885321,17.537734451512));
#2462 = CARTESIAN_POINT('',(4.704037308536,17.483383054212));
#2463 = CARTESIAN_POINT('',(4.714330315288,17.465302018994));
#2464 = CARTESIAN_POINT('',(4.724658992648,17.485989284075));
#2465 = CARTESIAN_POINT('',(4.734693573719,17.54454896866));
#2466 = CARTESIAN_POINT('',(4.744125333897,17.636781587696));
#2467 = CARTESIAN_POINT('',(4.752702126503,17.755232065753));
#2468 = CARTESIAN_POINT('',(4.77106774782,18.081203353925));
#2469 = CARTESIAN_POINT('',(4.780151477285,18.311849906717));
#2470 = CARTESIAN_POINT('',(4.787537192167,18.56794418495));
#2471 = CARTESIAN_POINT('',(4.793313819636,18.840779161531));
#2472 = CARTESIAN_POINT('',(4.797571480281,19.124203427935));
#2473 = CARTESIAN_POINT('',(4.800383861932,19.4138850673));
#2474 = CARTESIAN_POINT('',(4.801793752312,19.706725185276));
#2475 = CARTESIAN_POINT('',(4.801793752312,20.));
#2476 = ( GEOMETRIC_REPRESENTATION_CONTEXT(2) 
PARAMETRIC_REPRESENTATION_CONTEXT() REPRESENTATION_CONTEXT('2D SPACE',''
  ) );
#2477 = PCURVE('',#2478,#2483);
#2478 = CYLINDRICAL_SURFACE('',#2479,2.5);
#2479 = AXIS2_PLACEMENT_3D('',#2480,#2481,#2482);
#2480 = CARTESIAN_POINT('',(0.,-21.45,180.));
#2481 = DIRECTION('',(0.,-1.,2.22044604925E-16));
#2482 = DIRECTION('',(1.,0.,0.));
#2483 = DEFINITIONAL_REPRESENTATION('',(#2484),#2586);
#2484 = B_SPLINE_CURVE_WITH_KNOTS('',10,(#2485,#2486,#2487,#2488,#2489,
    #2490,#2491,#2492,#2493,#2494,#2495,#2496,#2497,#2498,#2499,#2500,
    #2501,#2502,#2503,#2504,#2505,#2506,#2507,#2508,#2509,#2510,#2511,
    #2512,#2513,#2514,#2515,#2516,#2517,#2518,#2519,#2520,#2521,#2522,
    #2523,#2524,#2525,#2526,#2527,#2528,#2529,#2530,#2531,#2532,#2533,
    #2534,#2535,#2536,#2537,#2538,#2539,#2540,#2541,#2542,#2543,#2544,
    #2545,#2546,#2547,#2548,#2549,#2550,#2551,#2552,#2553,#2554,#2555,
    #2556,#2557,#2558,#2559,#2560,#2561,#2562,#2563,#2564,#2565,#2566,
    #2567,#2568,#2569,#2570,#2571,#2572,#2573,#2574,#2575,#2576,#2577,
    #2578,#2579,#2580,#2581,#2582,#2583,#2584,#2585),.UNSPECIFIED.,.F.,
  .F.,(11,9,9,9,9,9,9,9,9,9,9,11),(0.252642297809,0.283705443226,
    0.28734565558,0.402922397805,0.413757717389,0.497731444162,
    0.560711739241,0.572520544569,0.661086584525,0.705369604503,
    0.710904982,0.749652624481),.UNSPECIFIED.);
#2485 = CARTESIAN_POINT('',(1.570674749246,6.549999999954));
#2486 = CARTESIAN_POINT('',(1.593839981773,6.550000628859));
#2487 = CARTESIAN_POINT('',(1.617021499388,6.54986817487));
#2488 = CARTESIAN_POINT('',(1.64021204011,6.549602297251));
#2489 = CARTESIAN_POINT('',(1.663404337462,6.549203405819));
#2490 = CARTESIAN_POINT('',(1.686591074051,6.548672644728));
#2491 = CARTESIAN_POINT('',(1.709764835154,6.548011876264));
#2492 = CARTESIAN_POINT('',(1.732918062295,6.547223664631));
#2493 = CARTESIAN_POINT('',(1.756043006829,6.546311259747));
#2494 = CARTESIAN_POINT('',(1.779131683523,6.545278581031));
#2495 = CARTESIAN_POINT('',(1.804876309368,6.543995625431));
#2496 = CARTESIAN_POINT('',(1.807575974348,6.543859472248));
#2497 = CARTESIAN_POINT('',(1.810275839788,6.543721691669));
#2498 = CARTESIAN_POINT('',(1.812974278421,6.543582379938));
#2499 = CARTESIAN_POINT('',(1.815671373887,6.543441539921));
#2500 = CARTESIAN_POINT('',(1.818368639638,6.543299095638));
#2501 = CARTESIAN_POINT('',(1.821066694194,6.543155019271));
#2502 = CARTESIAN_POINT('',(1.823763489069,6.54300942896));
#2503 = CARTESIAN_POINT('',(1.826455685673,6.542862515734));
#2504 = CARTESIAN_POINT('',(1.914556193714,6.53800379641));
#2505 = CARTESIAN_POINT('',(1.997372306633,6.531862120249));
#2506 = CARTESIAN_POINT('',(2.077860729802,6.524625871305));
#2507 = CARTESIAN_POINT('',(2.1562254626,6.516640529072));
#2508 = CARTESIAN_POINT('',(2.232629274181,6.508236503281));
#2509 = CARTESIAN_POINT('',(2.307205314197,6.499713849557));
#2510 = CARTESIAN_POINT('',(2.380062293362,6.491333680877));
#2511 = CARTESIAN_POINT('',(2.451286576919,6.483314447631));
#2512 = CARTESIAN_POINT('',(2.52094453404,6.475831259075));
#2513 = CARTESIAN_POINT('',(2.595476981714,6.468377527725));
#2514 = CARTESIAN_POINT('',(2.601852696487,6.467744461144));
#2515 = CARTESIAN_POINT('',(2.608210492748,6.467117814929));
#2516 = CARTESIAN_POINT('',(2.614573317929,6.466495539644));
#2517 = CARTESIAN_POINT('',(2.620881645824,6.465883354191));
#2518 = CARTESIAN_POINT('',(2.627234863408,6.46527196723));
#2519 = CARTESIAN_POINT('',(2.633525863203,6.464671632857));
#2520 = CARTESIAN_POINT('',(2.639823157406,6.464075914577));
#2521 = CARTESIAN_POINT('',(2.646109709542,6.463486563641));
#2522 = CARTESIAN_POINT('',(2.701035755848,6.458385062727));
#2523 = CARTESIAN_POINT('',(2.749132160092,6.454246023481));
#2524 = CARTESIAN_POINT('',(2.796752292907,6.450525932754));
#2525 = CARTESIAN_POINT('',(2.843967755988,6.447257402905));
#2526 = CARTESIAN_POINT('',(2.890846486427,6.444466640114));
#2527 = CARTESIAN_POINT('',(2.937453598631,6.442173941373));
#2528 = CARTESIAN_POINT('',(2.983852226224,6.440394191475));
#2529 = CARTESIAN_POINT('',(3.030104363958,6.439137360003));
#2530 = CARTESIAN_POINT('',(3.076271709618,6.438408998322));
#2531 = CARTESIAN_POINT('',(3.157025103174,6.438062040248));
#2532 = CARTESIAN_POINT('',(3.191620936131,6.438211463697));
#2533 = CARTESIAN_POINT('',(3.226230196388,6.438659439017));
#2534 = CARTESIAN_POINT('',(3.260879116183,6.439405091731));
#2535 = CARTESIAN_POINT('',(3.295594158761,6.440446179987));
#2536 = CARTESIAN_POINT('',(3.330402208733,6.441779033764));
#2537 = CARTESIAN_POINT('',(3.365330762425,6.443398494084));
#2538 = CARTESIAN_POINT('',(3.400408118236,6.445297852213));
#2539 = CARTESIAN_POINT('',(3.435663566989,6.447468788871));
#2540 = CARTESIAN_POINT('',(3.477777085154,6.450357411802));
#2541 = CARTESIAN_POINT('',(3.484434261177,6.450822730853));
#2542 = CARTESIAN_POINT('',(3.491097458739,6.451297066355));
#2543 = CARTESIAN_POINT('',(3.49777036738,6.451780606581));
#2544 = CARTESIAN_POINT('',(3.504451680198,6.452273174754));
#2545 = CARTESIAN_POINT('',(3.511138999731,6.452774502255));
#2546 = CARTESIAN_POINT('',(3.517833466143,6.453284572101));
#2547 = CARTESIAN_POINT('',(3.524538930938,6.453803580178));
#2548 = CARTESIAN_POINT('',(3.531256843788,6.454331569617));
#2549 = CARTESIAN_POINT('',(3.588449269531,6.458893792036));
#2550 = CARTESIAN_POINT('',(3.639535289249,6.463413116762));
#2551 = CARTESIAN_POINT('',(3.691297654636,6.468391770742));
#2552 = CARTESIAN_POINT('',(3.743791755359,6.473784811674));
#2553 = CARTESIAN_POINT('',(3.797074701985,6.479535363838));
#2554 = CARTESIAN_POINT('',(3.851206182856,6.485573530835));
#2555 = CARTESIAN_POINT('',(3.906249615569,6.491815717282));
#2556 = CARTESIAN_POINT('',(3.962273593082,6.498164359472));
#2557 = CARTESIAN_POINT('',(4.019353624421,6.504508064982));
#2558 = CARTESIAN_POINT('',(4.106684442811,6.513829209393));
#2559 = CARTESIAN_POINT('',(4.136079821875,6.516903852217));
#2560 = CARTESIAN_POINT('',(4.165770925298,6.519930586277));
#2561 = CARTESIAN_POINT('',(4.195768869923,6.522893047747));
#2562 = CARTESIAN_POINT('',(4.226085387168,6.525774095838));
#2563 = CARTESIAN_POINT('',(4.256732938842,6.528555896215));
#2564 = CARTESIAN_POINT('',(4.287724832968,6.531220004413));
#2565 = CARTESIAN_POINT('',(4.319075339602,6.533747449246));
#2566 = CARTESIAN_POINT('',(4.350799806654,6.536118816227));
#2567 = CARTESIAN_POINT('',(4.386929146838,6.538588770324));
#2568 = CARTESIAN_POINT('',(4.390949963329,6.538860484053));
#2569 = CARTESIAN_POINT('',(4.394974702907,6.539129270233));
#2570 = CARTESIAN_POINT('',(4.399010194866,6.539395529486));
#2571 = CARTESIAN_POINT('',(4.403051139903,6.539658871909));
#2572 = CARTESIAN_POINT('',(4.40709193089,6.53991889618));
#2573 = CARTESIAN_POINT('',(4.411135482384,6.540175764047));
#2574 = CARTESIAN_POINT('',(4.415186349274,6.54042974171));
#2575 = CARTESIAN_POINT('',(4.419238987564,6.540680427803));
#2576 = CARTESIAN_POINT('',(4.451691750123,6.542660493018));
#2577 = CARTESIAN_POINT('',(4.480264706732,6.544236227131));
#2578 = CARTESIAN_POINT('',(4.508988966037,6.545642233897));
#2579 = CARTESIAN_POINT('',(4.53784039763,6.546867160977));
#2580 = CARTESIAN_POINT('',(4.566796012157,6.547901311744));
#2581 = CARTESIAN_POINT('',(4.595833746088,6.548736748944));
#2582 = CARTESIAN_POINT('',(4.624932246502,6.549367398349));
#2583 = CARTESIAN_POINT('',(4.654070655866,6.549789152414));
#2584 = CARTESIAN_POINT('',(4.683228396809,6.549999973932));
#2585 = CARTESIAN_POINT('',(4.712384956907,6.549999999694));
#2586 = ( GEOMETRIC_REPRESENTATION_CONTEXT(2) 
PARAMETRIC_REPRESENTATION_CONTEXT() REPRESENTATION_CONTEXT('2D SPACE',''
  ) );
#2587 = ADVANCED_FACE('',(#2588),#2478,.T.);
#2588 = FACE_BOUND('',#2589,.T.);
#2589 = EDGE_LOOP('',(#2590,#2617));
#2590 = ORIENTED_EDGE('',*,*,#2591,.F.);
#2591 = EDGE_CURVE('',#2224,#2226,#2592,.T.);
#2592 = SURFACE_CURVE('',#2593,(#2598,#2605),.PCURVE_S1.);
#2593 = CIRCLE('',#2594,2.5);
#2594 = AXIS2_PLACEMENT_3D('',#2595,#2596,#2597);
#2595 = CARTESIAN_POINT('',(0.,-28.,180.));
#2596 = DIRECTION('',(0.,-1.,2.22044604925E-16));
#2597 = DIRECTION('',(1.,0.,0.));
#2598 = PCURVE('',#2478,#2599);
#2599 = DEFINITIONAL_REPRESENTATION('',(#2600),#2604);
#2600 = LINE('',#2601,#2602);
#2601 = CARTESIAN_POINT('',(0.,6.55));
#2602 = VECTOR('',#2603,1.);
#2603 = DIRECTION('',(1.,0.));
#2604 = ( GEOMETRIC_REPRESENTATION_CONTEXT(2) 
PARAMETRIC_REPRESENTATION_CONTEXT() REPRESENTATION_CONTEXT('2D SPACE',''
  ) );
#2605 = PCURVE('',#2606,#2611);
#2606 = PLANE('',#2607);
#2607 = AXIS2_PLACEMENT_3D('',#2608,#2609,#2610);
#2608 = CARTESIAN_POINT('',(0.,-28.,180.));
#2609 = DIRECTION('',(0.,-1.,2.22044604925E-16));
#2610 = DIRECTION('',(1.,0.,0.));
#2611 = DEFINITIONAL_REPRESENTATION('',(#2612),#2616);
#2612 = CIRCLE('',#2613,2.5);
#2613 = AXIS2_PLACEMENT_2D('',#2614,#2615);
#2614 = CARTESIAN_POINT('',(0.,0.));
#2615 = DIRECTION('',(1.,0.));
#2616 = ( GEOMETRIC_REPRESENTATION_CONTEXT(2) 
PARAMETRIC_REPRESENTATION_CONTEXT() REPRESENTATION_CONTEXT('2D SPACE',''
  ) );
#2617 = ORIENTED_EDGE('',*,*,#2368,.T.);
#2618 = ADVANCED_FACE('',(#2619,#2678),#2606,.F.);
#2619 = FACE_BOUND('',#2620,.F.);
#2620 = EDGE_LOOP('',(#2621,#2652));
#2621 = ORIENTED_EDGE('',*,*,#2622,.T.);
#2622 = EDGE_CURVE('',#2623,#2625,#2627,.T.);
#2623 = VERTEX_POINT('',#2624);
#2624 = CARTESIAN_POINT('',(-8.266365894245E-16,-28.,175.5));
#2625 = VERTEX_POINT('',#2626);
#2626 = CARTESIAN_POINT('',(4.5,-28.,180.));
#2627 = SURFACE_CURVE('',#2628,(#2633,#2640),.PCURVE_S1.);
#2628 = CIRCLE('',#2629,4.5);
#2629 = AXIS2_PLACEMENT_3D('',#2630,#2631,#2632);
#2630 = CARTESIAN_POINT('',(0.,-28.,180.));
#2631 = DIRECTION('',(0.,-1.,2.22044604925E-16));
#2632 = DIRECTION('',(1.,0.,0.));
#2633 = PCURVE('',#2606,#2634);
#2634 = DEFINITIONAL_REPRESENTATION('',(#2635),#2639);
#2635 = CIRCLE('',#2636,4.5);
#2636 = AXIS2_PLACEMENT_2D('',#2637,#2638);
#2637 = CARTESIAN_POINT('',(0.,0.));
#2638 = DIRECTION('',(1.,0.));
#2639 = ( GEOMETRIC_REPRESENTATION_CONTEXT(2) 
PARAMETRIC_REPRESENTATION_CONTEXT() REPRESENTATION_CONTEXT('2D SPACE',''
  ) );
#2640 = PCURVE('',#2641,#2646);
#2641 = CYLINDRICAL_SURFACE('',#2642,4.5);
#2642 = AXIS2_PLACEMENT_3D('',#2643,#2644,#2645);
#2643 = CARTESIAN_POINT('',(0.,-28.,180.));
#2644 = DIRECTION('',(0.,-1.,2.22044604925E-16));
#2645 = DIRECTION('',(1.,0.,0.));
#2646 = DEFINITIONAL_REPRESENTATION('',(#2647),#2651);
#2647 = LINE('',#2648,#2649);
#2648 = CARTESIAN_POINT('',(0.,0.));
#2649 = VECTOR('',#2650,1.);
#2650 = DIRECTION('',(1.,0.));
#2651 = ( GEOMETRIC_REPRESENTATION_CONTEXT(2) 
PARAMETRIC_REPRESENTATION_CONTEXT() REPRESENTATION_CONTEXT('2D SPACE',''
  ) );
#2652 = ORIENTED_EDGE('',*,*,#2653,.F.);
#2653 = EDGE_CURVE('',#2623,#2625,#2654,.T.);
#2654 = SURFACE_CURVE('',#2655,(#2660,#2671),.PCURVE_S1.);
#2655 = CIRCLE('',#2656,4.5);
#2656 = AXIS2_PLACEMENT_3D('',#2657,#2658,#2659);
#2657 = CARTESIAN_POINT('',(0.,-28.,180.));
#2658 = DIRECTION('',(0.,1.,0.));
#2659 = DIRECTION('',(-1.836970198721E-16,0.,-1.));
#2660 = PCURVE('',#2606,#2661);
#2661 = DEFINITIONAL_REPRESENTATION('',(#2662),#2670);
#2662 = ( BOUNDED_CURVE() B_SPLINE_CURVE(2,(#2663,#2664,#2665,#2666,
#2667,#2668,#2669),.UNSPECIFIED.,.T.,.F.) B_SPLINE_CURVE_WITH_KNOTS((1,2
    ,2,2,2,1),(-2.094395102393,0.,2.094395102393,4.188790204786,
6.28318530718,8.377580409573),.UNSPECIFIED.) CURVE() 
GEOMETRIC_REPRESENTATION_ITEM() RATIONAL_B_SPLINE_CURVE((1.,0.5,1.,0.5,
1.,0.5,1.)) REPRESENTATION_ITEM('') );
#2663 = CARTESIAN_POINT('',(-8.266365894245E-16,-4.5));
#2664 = CARTESIAN_POINT('',(-7.79422863406,-4.5));
#2665 = CARTESIAN_POINT('',(-3.89711431703,2.25));
#2666 = CARTESIAN_POINT('',(5.510910596163E-16,9.));
#2667 = CARTESIAN_POINT('',(3.89711431703,2.25));
#2668 = CARTESIAN_POINT('',(7.79422863406,-4.5));
#2669 = CARTESIAN_POINT('',(-8.266365894245E-16,-4.5));
#2670 = ( GEOMETRIC_REPRESENTATION_CONTEXT(2) 
PARAMETRIC_REPRESENTATION_CONTEXT() REPRESENTATION_CONTEXT('2D SPACE',''
  ) );
#2671 = PCURVE('',#2641,#2672);
#2672 = DEFINITIONAL_REPRESENTATION('',(#2673),#2677);
#2673 = LINE('',#2674,#2675);
#2674 = CARTESIAN_POINT('',(4.712388980385,0.));
#2675 = VECTOR('',#2676,1.);
#2676 = DIRECTION('',(-1.,-0.));
#2677 = ( GEOMETRIC_REPRESENTATION_CONTEXT(2) 
PARAMETRIC_REPRESENTATION_CONTEXT() REPRESENTATION_CONTEXT('2D SPACE',''
  ) );
#2678 = FACE_BOUND('',#2679,.F.);
#2679 = EDGE_LOOP('',(#2680,#2706));
#2680 = ORIENTED_EDGE('',*,*,#2681,.T.);
#2681 = EDGE_CURVE('',#2224,#2226,#2682,.T.);
#2682 = SURFACE_CURVE('',#2683,(#2688,#2699),.PCURVE_S1.);
#2683 = CIRCLE('',#2684,2.5);
#2684 = AXIS2_PLACEMENT_3D('',#2685,#2686,#2687);
#2685 = CARTESIAN_POINT('',(0.,-28.,180.));
#2686 = DIRECTION('',(0.,1.,-9.207212810477E-12));
#2687 = DIRECTION('',(1.215775481203E-04,9.207212742431E-12,
    0.999999992609));
#2688 = PCURVE('',#2606,#2689);
#2689 = DEFINITIONAL_REPRESENTATION('',(#2690),#2698);
#2690 = ( BOUNDED_CURVE() B_SPLINE_CURVE(2,(#2691,#2692,#2693,#2694,
#2695,#2696,#2697),.UNSPECIFIED.,.T.,.F.) B_SPLINE_CURVE_WITH_KNOTS((1,2
    ,2,2,2,1),(-2.094395102393,0.,2.094395102393,4.188790204786,
6.28318530718,8.377580409573),.UNSPECIFIED.) CURVE() 
GEOMETRIC_REPRESENTATION_ITEM() RATIONAL_B_SPLINE_CURVE((1.,0.5,1.,0.5,
1.,0.5,1.)) REPRESENTATION_ITEM('') );
#2691 = CARTESIAN_POINT('',(3.039438703009E-04,2.499999981524));
#2692 = CARTESIAN_POINT('',(4.33043093079,2.499473535298));
#2693 = CARTESIAN_POINT('',(2.164911521525,-1.250263213875));
#2694 = CARTESIAN_POINT('',(-6.078877406011E-04,-4.999999963047));
#2695 = CARTESIAN_POINT('',(-2.165215465395,-1.249736767649));
#2696 = CARTESIAN_POINT('',(-4.32982304305,2.50052642775));
#2697 = CARTESIAN_POINT('',(3.039438703009E-04,2.499999981524));
#2698 = ( GEOMETRIC_REPRESENTATION_CONTEXT(2) 
PARAMETRIC_REPRESENTATION_CONTEXT() REPRESENTATION_CONTEXT('2D SPACE',''
  ) );
#2699 = PCURVE('',#2312,#2700);
#2700 = DEFINITIONAL_REPRESENTATION('',(#2701),#2705);
#2701 = LINE('',#2702,#2703);
#2702 = CARTESIAN_POINT('',(7.853860056426,6.55));
#2703 = VECTOR('',#2704,1.);
#2704 = DIRECTION('',(-1.,-0.));
#2705 = ( GEOMETRIC_REPRESENTATION_CONTEXT(2) 
PARAMETRIC_REPRESENTATION_CONTEXT() REPRESENTATION_CONTEXT('2D SPACE',''
  ) );
#2706 = ORIENTED_EDGE('',*,*,#2591,.F.);
#2707 = ADVANCED_FACE('',(#2708),#2641,.T.);
#2708 = FACE_BOUND('',#2709,.T.);
#2709 = EDGE_LOOP('',(#2710,#2733,#2760,#2761,#2762));
#2710 = ORIENTED_EDGE('',*,*,#2711,.T.);
#2711 = EDGE_CURVE('',#2625,#2712,#2714,.T.);
#2712 = VERTEX_POINT('',#2713);
#2713 = CARTESIAN_POINT('',(4.5,-31.5,180.));
#2714 = SEAM_CURVE('',#2715,(#2719,#2726),.PCURVE_S1.);
#2715 = LINE('',#2716,#2717);
#2716 = CARTESIAN_POINT('',(4.5,-28.,180.));
#2717 = VECTOR('',#2718,1.);
#2718 = DIRECTION('',(0.,-1.,2.22044604925E-16));
#2719 = PCURVE('',#2641,#2720);
#2720 = DEFINITIONAL_REPRESENTATION('',(#2721),#2725);
#2721 = LINE('',#2722,#2723);
#2722 = CARTESIAN_POINT('',(6.28318530718,-0.));
#2723 = VECTOR('',#2724,1.);
#2724 = DIRECTION('',(0.,1.));
#2725 = ( GEOMETRIC_REPRESENTATION_CONTEXT(2) 
PARAMETRIC_REPRESENTATION_CONTEXT() REPRESENTATION_CONTEXT('2D SPACE',''
  ) );
#2726 = PCURVE('',#2641,#2727);
#2727 = DEFINITIONAL_REPRESENTATION('',(#2728),#2732);
#2728 = LINE('',#2729,#2730);
#2729 = CARTESIAN_POINT('',(0.,-0.));
#2730 = VECTOR('',#2731,1.);
#2731 = DIRECTION('',(0.,1.));
#2732 = ( GEOMETRIC_REPRESENTATION_CONTEXT(2) 
PARAMETRIC_REPRESENTATION_CONTEXT() REPRESENTATION_CONTEXT('2D SPACE',''
  ) );
#2733 = ORIENTED_EDGE('',*,*,#2734,.F.);
#2734 = EDGE_CURVE('',#2712,#2712,#2735,.T.);
#2735 = SURFACE_CURVE('',#2736,(#2741,#2748),.PCURVE_S1.);
#2736 = CIRCLE('',#2737,4.5);
#2737 = AXIS2_PLACEMENT_3D('',#2738,#2739,#2740);
#2738 = CARTESIAN_POINT('',(0.,-31.5,180.));
#2739 = DIRECTION('',(0.,-1.,2.22044604925E-16));
#2740 = DIRECTION('',(1.,0.,0.));
#2741 = PCURVE('',#2641,#2742);
#2742 = DEFINITIONAL_REPRESENTATION('',(#2743),#2747);
#2743 = LINE('',#2744,#2745);
#2744 = CARTESIAN_POINT('',(0.,3.5));
#2745 = VECTOR('',#2746,1.);
#2746 = DIRECTION('',(1.,0.));
#2747 = ( GEOMETRIC_REPRESENTATION_CONTEXT(2) 
PARAMETRIC_REPRESENTATION_CONTEXT() REPRESENTATION_CONTEXT('2D SPACE',''
  ) );
#2748 = PCURVE('',#2749,#2754);
#2749 = PLANE('',#2750);
#2750 = AXIS2_PLACEMENT_3D('',#2751,#2752,#2753);
#2751 = CARTESIAN_POINT('',(0.,-31.5,180.));
#2752 = DIRECTION('',(0.,-1.,2.22044604925E-16));
#2753 = DIRECTION('',(1.,0.,0.));
#2754 = DEFINITIONAL_REPRESENTATION('',(#2755),#2759);
#2755 = CIRCLE('',#2756,4.5);
#2756 = AXIS2_PLACEMENT_2D('',#2757,#2758);
#2757 = CARTESIAN_POINT('',(0.,0.));
#2758 = DIRECTION('',(1.,0.));
#2759 = ( GEOMETRIC_REPRESENTATION_CONTEXT(2) 
PARAMETRIC_REPRESENTATION_CONTEXT() REPRESENTATION_CONTEXT('2D SPACE',''
  ) );
#2760 = ORIENTED_EDGE('',*,*,#2711,.F.);
#2761 = ORIENTED_EDGE('',*,*,#2653,.F.);
#2762 = ORIENTED_EDGE('',*,*,#2622,.T.);
#2763 = ADVANCED_FACE('',(#2764),#2749,.T.);
#2764 = FACE_BOUND('',#2765,.T.);
#2765 = EDGE_LOOP('',(#2766));
#2766 = ORIENTED_EDGE('',*,*,#2734,.T.);
#2767 = ADVANCED_FACE('',(#2768),#2312,.T.);
#2768 = FACE_BOUND('',#2769,.T.);
#2769 = EDGE_LOOP('',(#2770,#2771));
#2770 = ORIENTED_EDGE('',*,*,#2681,.T.);
#2771 = ORIENTED_EDGE('',*,*,#2223,.F.);
#2772 = ADVANCED_FACE('',(#2773),#2111,.T.);
#2773 = FACE_BOUND('',#2774,.T.);
#2774 = EDGE_LOOP('',(#2775,#2776));
#2775 = ORIENTED_EDGE('',*,*,#2001,.F.);
#2776 = ORIENTED_EDGE('',*,*,#2777,.T.);
#2777 = EDGE_CURVE('',#1859,#1857,#2778,.T.);
#2778 = SURFACE_CURVE('',#2779,(#2784,#2791),.PCURVE_S1.);
#2779 = CIRCLE('',#2780,2.5);
#2780 = AXIS2_PLACEMENT_3D('',#2781,#2782,#2783);
#2781 = CARTESIAN_POINT('',(0.,28.,180.));
#2782 = DIRECTION('',(0.,-1.,2.22044604925E-16));
#2783 = DIRECTION('',(1.,0.,0.));
#2784 = PCURVE('',#2111,#2785);
#2785 = DEFINITIONAL_REPRESENTATION('',(#2786),#2790);
#2786 = LINE('',#2787,#2788);
#2787 = CARTESIAN_POINT('',(0.,0.));
#2788 = VECTOR('',#2789,1.);
#2789 = DIRECTION('',(1.,0.));
#2790 = ( GEOMETRIC_REPRESENTATION_CONTEXT(2) 
PARAMETRIC_REPRESENTATION_CONTEXT() REPRESENTATION_CONTEXT('2D SPACE',''
  ) );
#2791 = PCURVE('',#2792,#2797);
#2792 = PLANE('',#2793);
#2793 = AXIS2_PLACEMENT_3D('',#2794,#2795,#2796);
#2794 = CARTESIAN_POINT('',(0.,28.,180.));
#2795 = DIRECTION('',(0.,-1.,2.22044604925E-16));
#2796 = DIRECTION('',(1.,0.,0.));
#2797 = DEFINITIONAL_REPRESENTATION('',(#2798),#2802);
#2798 = CIRCLE('',#2799,2.5);
#2799 = AXIS2_PLACEMENT_2D('',#2800,#2801);
#2800 = CARTESIAN_POINT('',(0.,0.));
#2801 = DIRECTION('',(1.,0.));
#2802 = ( GEOMETRIC_REPRESENTATION_CONTEXT(2) 
PARAMETRIC_REPRESENTATION_CONTEXT() REPRESENTATION_CONTEXT('2D SPACE',''
  ) );
#2803 = ADVANCED_FACE('',(#2804,#2859),#2792,.T.);
#2804 = FACE_BOUND('',#2805,.T.);
#2805 = EDGE_LOOP('',(#2806,#2837));
#2806 = ORIENTED_EDGE('',*,*,#2807,.T.);
#2807 = EDGE_CURVE('',#2808,#2810,#2812,.T.);
#2808 = VERTEX_POINT('',#2809);
#2809 = CARTESIAN_POINT('',(-8.266365894245E-16,28.,175.5));
#2810 = VERTEX_POINT('',#2811);
#2811 = CARTESIAN_POINT('',(4.5,28.,180.));
#2812 = SURFACE_CURVE('',#2813,(#2818,#2825),.PCURVE_S1.);
#2813 = CIRCLE('',#2814,4.5);
#2814 = AXIS2_PLACEMENT_3D('',#2815,#2816,#2817);
#2815 = CARTESIAN_POINT('',(0.,28.,180.));
#2816 = DIRECTION('',(0.,-1.,2.22044604925E-16));
#2817 = DIRECTION('',(1.,0.,0.));
#2818 = PCURVE('',#2792,#2819);
#2819 = DEFINITIONAL_REPRESENTATION('',(#2820),#2824);
#2820 = CIRCLE('',#2821,4.5);
#2821 = AXIS2_PLACEMENT_2D('',#2822,#2823);
#2822 = CARTESIAN_POINT('',(0.,0.));
#2823 = DIRECTION('',(1.,0.));
#2824 = ( GEOMETRIC_REPRESENTATION_CONTEXT(2) 
PARAMETRIC_REPRESENTATION_CONTEXT() REPRESENTATION_CONTEXT('2D SPACE',''
  ) );
#2825 = PCURVE('',#2826,#2831);
#2826 = CYLINDRICAL_SURFACE('',#2827,4.5);
#2827 = AXIS2_PLACEMENT_3D('',#2828,#2829,#2830);
#2828 = CARTESIAN_POINT('',(0.,31.5,180.));
#2829 = DIRECTION('',(0.,-1.,2.22044604925E-16));
#2830 = DIRECTION('',(1.,0.,0.));
#2831 = DEFINITIONAL_REPRESENTATION('',(#2832),#2836);
#2832 = LINE('',#2833,#2834);
#2833 = CARTESIAN_POINT('',(0.,3.5));
#2834 = VECTOR('',#2835,1.);
#2835 = DIRECTION('',(1.,0.));
#2836 = ( GEOMETRIC_REPRESENTATION_CONTEXT(2) 
PARAMETRIC_REPRESENTATION_CONTEXT() REPRESENTATION_CONTEXT('2D SPACE',''
  ) );
#2837 = ORIENTED_EDGE('',*,*,#2838,.T.);
#2838 = EDGE_CURVE('',#2810,#2808,#2839,.T.);
#2839 = SURFACE_CURVE('',#2840,(#2845,#2852),.PCURVE_S1.);
#2840 = CIRCLE('',#2841,4.5);
#2841 = AXIS2_PLACEMENT_3D('',#2842,#2843,#2844);
#2842 = CARTESIAN_POINT('',(0.,28.,180.));
#2843 = DIRECTION('',(0.,-1.,0.));
#2844 = DIRECTION('',(1.,0.,0.));
#2845 = PCURVE('',#2792,#2846);
#2846 = DEFINITIONAL_REPRESENTATION('',(#2847),#2851);
#2847 = CIRCLE('',#2848,4.5);
#2848 = AXIS2_PLACEMENT_2D('',#2849,#2850);
#2849 = CARTESIAN_POINT('',(0.,0.));
#2850 = DIRECTION('',(1.,0.));
#2851 = ( GEOMETRIC_REPRESENTATION_CONTEXT(2) 
PARAMETRIC_REPRESENTATION_CONTEXT() REPRESENTATION_CONTEXT('2D SPACE',''
  ) );
#2852 = PCURVE('',#2826,#2853);
#2853 = DEFINITIONAL_REPRESENTATION('',(#2854),#2858);
#2854 = LINE('',#2855,#2856);
#2855 = CARTESIAN_POINT('',(0.,3.5));
#2856 = VECTOR('',#2857,1.);
#2857 = DIRECTION('',(1.,0.));
#2858 = ( GEOMETRIC_REPRESENTATION_CONTEXT(2) 
PARAMETRIC_REPRESENTATION_CONTEXT() REPRESENTATION_CONTEXT('2D SPACE',''
  ) );
#2859 = FACE_BOUND('',#2860,.T.);
#2860 = EDGE_LOOP('',(#2861,#2883));
#2861 = ORIENTED_EDGE('',*,*,#2862,.F.);
#2862 = EDGE_CURVE('',#1857,#1859,#2863,.T.);
#2863 = SURFACE_CURVE('',#2864,(#2869,#2876),.PCURVE_S1.);
#2864 = CIRCLE('',#2865,2.5);
#2865 = AXIS2_PLACEMENT_3D('',#2866,#2867,#2868);
#2866 = CARTESIAN_POINT('',(0.,28.,180.));
#2867 = DIRECTION('',(0.,-1.,6.11521500333E-11));
#2868 = DIRECTION('',(-4.21070155261E-06,-6.115215003276E-11,
    -0.999999999991));
#2869 = PCURVE('',#2792,#2870);
#2870 = DEFINITIONAL_REPRESENTATION('',(#2871),#2875);
#2871 = CIRCLE('',#2872,2.5);
#2872 = AXIS2_PLACEMENT_2D('',#2873,#2874);
#2873 = CARTESIAN_POINT('',(0.,0.));
#2874 = DIRECTION('',(-4.21070155261E-06,-0.999999999991));
#2875 = ( GEOMETRIC_REPRESENTATION_CONTEXT(2) 
PARAMETRIC_REPRESENTATION_CONTEXT() REPRESENTATION_CONTEXT('2D SPACE',''
  ) );
#2876 = PCURVE('',#1945,#2877);
#2877 = DEFINITIONAL_REPRESENTATION('',(#2878),#2882);
#2878 = LINE('',#2879,#2880);
#2879 = CARTESIAN_POINT('',(4.712384769683,0.));
#2880 = VECTOR('',#2881,1.);
#2881 = DIRECTION('',(1.,0.));
#2882 = ( GEOMETRIC_REPRESENTATION_CONTEXT(2) 
PARAMETRIC_REPRESENTATION_CONTEXT() REPRESENTATION_CONTEXT('2D SPACE',''
  ) );
#2883 = ORIENTED_EDGE('',*,*,#2777,.F.);
#2884 = ADVANCED_FACE('',(#2885),#2826,.T.);
#2885 = FACE_BOUND('',#2886,.T.);
#2886 = EDGE_LOOP('',(#2887,#2910,#2911,#2912,#2913));
#2887 = ORIENTED_EDGE('',*,*,#2888,.T.);
#2888 = EDGE_CURVE('',#2889,#2810,#2891,.T.);
#2889 = VERTEX_POINT('',#2890);
#2890 = CARTESIAN_POINT('',(4.5,31.5,180.));
#2891 = SEAM_CURVE('',#2892,(#2896,#2903),.PCURVE_S1.);
#2892 = LINE('',#2893,#2894);
#2893 = CARTESIAN_POINT('',(4.5,31.5,180.));
#2894 = VECTOR('',#2895,1.);
#2895 = DIRECTION('',(0.,-1.,2.22044604925E-16));
#2896 = PCURVE('',#2826,#2897);
#2897 = DEFINITIONAL_REPRESENTATION('',(#2898),#2902);
#2898 = LINE('',#2899,#2900);
#2899 = CARTESIAN_POINT('',(6.28318530718,-0.));
#2900 = VECTOR('',#2901,1.);
#2901 = DIRECTION('',(0.,1.));
#2902 = ( GEOMETRIC_REPRESENTATION_CONTEXT(2) 
PARAMETRIC_REPRESENTATION_CONTEXT() REPRESENTATION_CONTEXT('2D SPACE',''
  ) );
#2903 = PCURVE('',#2826,#2904);
#2904 = DEFINITIONAL_REPRESENTATION('',(#2905),#2909);
#2905 = LINE('',#2906,#2907);
#2906 = CARTESIAN_POINT('',(0.,-0.));
#2907 = VECTOR('',#2908,1.);
#2908 = DIRECTION('',(0.,1.));
#2909 = ( GEOMETRIC_REPRESENTATION_CONTEXT(2) 
PARAMETRIC_REPRESENTATION_CONTEXT() REPRESENTATION_CONTEXT('2D SPACE',''
  ) );
#2910 = ORIENTED_EDGE('',*,*,#2807,.F.);
#2911 = ORIENTED_EDGE('',*,*,#2838,.F.);
#2912 = ORIENTED_EDGE('',*,*,#2888,.F.);
#2913 = ORIENTED_EDGE('',*,*,#2914,.T.);
#2914 = EDGE_CURVE('',#2889,#2889,#2915,.T.);
#2915 = SURFACE_CURVE('',#2916,(#2921,#2928),.PCURVE_S1.);
#2916 = CIRCLE('',#2917,4.5);
#2917 = AXIS2_PLACEMENT_3D('',#2918,#2919,#2920);
#2918 = CARTESIAN_POINT('',(0.,31.5,180.));
#2919 = DIRECTION('',(0.,-1.,2.22044604925E-16));
#2920 = DIRECTION('',(1.,0.,0.));
#2921 = PCURVE('',#2826,#2922);
#2922 = DEFINITIONAL_REPRESENTATION('',(#2923),#2927);
#2923 = LINE('',#2924,#2925);
#2924 = CARTESIAN_POINT('',(0.,0.));
#2925 = VECTOR('',#2926,1.);
#2926 = DIRECTION('',(1.,0.));
#2927 = ( GEOMETRIC_REPRESENTATION_CONTEXT(2) 
PARAMETRIC_REPRESENTATION_CONTEXT() REPRESENTATION_CONTEXT('2D SPACE',''
  ) );
#2928 = PCURVE('',#2929,#2934);
#2929 = PLANE('',#2930);
#2930 = AXIS2_PLACEMENT_3D('',#2931,#2932,#2933);
#2931 = CARTESIAN_POINT('',(0.,31.5,180.));
#2932 = DIRECTION('',(0.,-1.,2.22044604925E-16));
#2933 = DIRECTION('',(1.,0.,0.));
#2934 = DEFINITIONAL_REPRESENTATION('',(#2935),#2939);
#2935 = CIRCLE('',#2936,4.5);
#2936 = AXIS2_PLACEMENT_2D('',#2937,#2938);
#2937 = CARTESIAN_POINT('',(0.,0.));
#2938 = DIRECTION('',(1.,0.));
#2939 = ( GEOMETRIC_REPRESENTATION_CONTEXT(2) 
PARAMETRIC_REPRESENTATION_CONTEXT() REPRESENTATION_CONTEXT('2D SPACE',''
  ) );
#2940 = ADVANCED_FACE('',(#2941),#2929,.F.);
#2941 = FACE_BOUND('',#2942,.T.);
#2942 = EDGE_LOOP('',(#2943));
#2943 = ORIENTED_EDGE('',*,*,#2914,.F.);
#2944 = ADVANCED_FACE('',(#2945),#1945,.T.);
#2945 = FACE_BOUND('',#2946,.T.);
#2946 = EDGE_LOOP('',(#2947,#2948));
#2947 = ORIENTED_EDGE('',*,*,#1856,.F.);
#2948 = ORIENTED_EDGE('',*,*,#2862,.T.);
#2949 = ADVANCED_FACE('',(#2950),#1842,.T.);
#2950 = FACE_BOUND('',#2951,.T.);
#2951 = EDGE_LOOP('',(#2952,#2980,#3001,#3002));
#2952 = ORIENTED_EDGE('',*,*,#2953,.F.);
#2953 = EDGE_CURVE('',#2954,#2954,#2956,.T.);
#2954 = VERTEX_POINT('',#2955);
#2955 = CARTESIAN_POINT('',(58.,-1.420590287011E-14,230.));
#2956 = SURFACE_CURVE('',#2957,(#2962,#2969),.PCURVE_S1.);
#2957 = CIRCLE('',#2958,58.);
#2958 = AXIS2_PLACEMENT_3D('',#2959,#2960,#2961);
#2959 = CARTESIAN_POINT('',(0.,0.,230.));
#2960 = DIRECTION('',(0.,0.,1.));
#2961 = DIRECTION('',(1.,0.,-0.));
#2962 = PCURVE('',#1842,#2963);
#2963 = DEFINITIONAL_REPRESENTATION('',(#2964),#2968);
#2964 = LINE('',#2965,#2966);
#2965 = CARTESIAN_POINT('',(0.,30.));
#2966 = VECTOR('',#2967,1.);
#2967 = DIRECTION('',(1.,0.));
#2968 = ( GEOMETRIC_REPRESENTATION_CONTEXT(2) 
PARAMETRIC_REPRESENTATION_CONTEXT() REPRESENTATION_CONTEXT('2D SPACE',''
  ) );
#2969 = PCURVE('',#2970,#2975);
#2970 = CYLINDRICAL_SURFACE('',#2971,58.);
#2971 = AXIS2_PLACEMENT_3D('',#2972,#2973,#2974);
#2972 = CARTESIAN_POINT('',(0.,0.,230.));
#2973 = DIRECTION('',(0.,0.,1.));
#2974 = DIRECTION('',(1.,0.,-0.));
#2975 = DEFINITIONAL_REPRESENTATION('',(#2976),#2979);
#2976 = B_SPLINE_CURVE_WITH_KNOTS('',1,(#2977,#2978),.UNSPECIFIED.,.F.,
  .F.,(2,2),(0.,6.28318530718),.PIECEWISE_BEZIER_KNOTS.);
#2977 = CARTESIAN_POINT('',(0.,0.));
#2978 = CARTESIAN_POINT('',(6.28318530718,0.));
#2979 = ( GEOMETRIC_REPRESENTATION_CONTEXT(2) 
PARAMETRIC_REPRESENTATION_CONTEXT() REPRESENTATION_CONTEXT('2D SPACE',''
  ) );
#2980 = ORIENTED_EDGE('',*,*,#2981,.F.);
#2981 = EDGE_CURVE('',#1805,#2954,#2982,.T.);
#2982 = SEAM_CURVE('',#2983,(#2987,#2994),.PCURVE_S1.);
#2983 = LINE('',#2984,#2985);
#2984 = CARTESIAN_POINT('',(28.,-6.858022075225E-15,200.));
#2985 = VECTOR('',#2986,1.);
#2986 = DIRECTION('',(0.707106781187,-1.731912112471E-16,0.707106781187)
  );
#2987 = PCURVE('',#1842,#2988);
#2988 = DEFINITIONAL_REPRESENTATION('',(#2989),#2993);
#2989 = LINE('',#2990,#2991);
#2990 = CARTESIAN_POINT('',(6.28318530718,-0.));
#2991 = VECTOR('',#2992,1.);
#2992 = DIRECTION('',(0.,1.));
#2993 = ( GEOMETRIC_REPRESENTATION_CONTEXT(2) 
PARAMETRIC_REPRESENTATION_CONTEXT() REPRESENTATION_CONTEXT('2D SPACE',''
  ) );
#2994 = PCURVE('',#1842,#2995);
#2995 = DEFINITIONAL_REPRESENTATION('',(#2996),#3000);
#2996 = LINE('',#2997,#2998);
#2997 = CARTESIAN_POINT('',(0.,-0.));
#2998 = VECTOR('',#2999,1.);
#2999 = DIRECTION('',(0.,1.));
#3000 = ( GEOMETRIC_REPRESENTATION_CONTEXT(2) 
PARAMETRIC_REPRESENTATION_CONTEXT() REPRESENTATION_CONTEXT('2D SPACE',''
  ) );
#3001 = ORIENTED_EDGE('',*,*,#1827,.T.);
#3002 = ORIENTED_EDGE('',*,*,#2981,.T.);
#3003 = ADVANCED_FACE('',(#3004),#2970,.T.);
#3004 = FACE_BOUND('',#3005,.T.);
#3005 = EDGE_LOOP('',(#3006,#3035,#3056,#3057));
#3006 = ORIENTED_EDGE('',*,*,#3007,.F.);
#3007 = EDGE_CURVE('',#3008,#3008,#3010,.T.);
#3008 = VERTEX_POINT('',#3009);
#3009 = CARTESIAN_POINT('',(58.,-1.420590287011E-14,255.));
#3010 = SURFACE_CURVE('',#3011,(#3016,#3023),.PCURVE_S1.);
#3011 = CIRCLE('',#3012,58.);
#3012 = AXIS2_PLACEMENT_3D('',#3013,#3014,#3015);
#3013 = CARTESIAN_POINT('',(0.,0.,255.));
#3014 = DIRECTION('',(0.,0.,1.));
#3015 = DIRECTION('',(1.,0.,-0.));
#3016 = PCURVE('',#2970,#3017);
#3017 = DEFINITIONAL_REPRESENTATION('',(#3018),#3022);
#3018 = LINE('',#3019,#3020);
#3019 = CARTESIAN_POINT('',(0.,25.));
#3020 = VECTOR('',#3021,1.);
#3021 = DIRECTION('',(1.,0.));
#3022 = ( GEOMETRIC_REPRESENTATION_CONTEXT(2) 
PARAMETRIC_REPRESENTATION_CONTEXT() REPRESENTATION_CONTEXT('2D SPACE',''
  ) );
#3023 = PCURVE('',#3024,#3029);
#3024 = PLANE('',#3025);
#3025 = AXIS2_PLACEMENT_3D('',#3026,#3027,#3028);
#3026 = CARTESIAN_POINT('',(0.,0.,255.));
#3027 = DIRECTION('',(0.,0.,1.));
#3028 = DIRECTION('',(1.,0.,-0.));
#3029 = DEFINITIONAL_REPRESENTATION('',(#3030),#3034);
#3030 = CIRCLE('',#3031,58.);
#3031 = AXIS2_PLACEMENT_2D('',#3032,#3033);
#3032 = CARTESIAN_POINT('',(0.,0.));
#3033 = DIRECTION('',(1.,0.));
#3034 = ( GEOMETRIC_REPRESENTATION_CONTEXT(2) 
PARAMETRIC_REPRESENTATION_CONTEXT() REPRESENTATION_CONTEXT('2D SPACE',''
  ) );
#3035 = ORIENTED_EDGE('',*,*,#3036,.F.);
#3036 = EDGE_CURVE('',#2954,#3008,#3037,.T.);
#3037 = SEAM_CURVE('',#3038,(#3042,#3049),.PCURVE_S1.);
#3038 = LINE('',#3039,#3040);
#3039 = CARTESIAN_POINT('',(58.,-1.420590287011E-14,230.));
#3040 = VECTOR('',#3041,1.);
#3041 = DIRECTION('',(0.,0.,1.));
#3042 = PCURVE('',#2970,#3043);
#3043 = DEFINITIONAL_REPRESENTATION('',(#3044),#3048);
#3044 = LINE('',#3045,#3046);
#3045 = CARTESIAN_POINT('',(6.28318530718,-0.));
#3046 = VECTOR('',#3047,1.);
#3047 = DIRECTION('',(0.,1.));
#3048 = ( GEOMETRIC_REPRESENTATION_CONTEXT(2) 
PARAMETRIC_REPRESENTATION_CONTEXT() REPRESENTATION_CONTEXT('2D SPACE',''
  ) );
#3049 = PCURVE('',#2970,#3050);
#3050 = DEFINITIONAL_REPRESENTATION('',(#3051),#3055);
#3051 = LINE('',#3052,#3053);
#3052 = CARTESIAN_POINT('',(0.,-0.));
#3053 = VECTOR('',#3054,1.);
#3054 = DIRECTION('',(0.,1.));
#3055 = ( GEOMETRIC_REPRESENTATION_CONTEXT(2) 
PARAMETRIC_REPRESENTATION_CONTEXT() REPRESENTATION_CONTEXT('2D SPACE',''
  ) );
#3056 = ORIENTED_EDGE('',*,*,#2953,.T.);
#3057 = ORIENTED_EDGE('',*,*,#3036,.T.);
#3058 = ADVANCED_FACE('',(#3059,#3062),#3024,.T.);
#3059 = FACE_BOUND('',#3060,.T.);
#3060 = EDGE_LOOP('',(#3061));
#3061 = ORIENTED_EDGE('',*,*,#3007,.T.);
#3062 = FACE_BOUND('',#3063,.T.);
#3063 = EDGE_LOOP('',(#3064));
#3064 = ORIENTED_EDGE('',*,*,#3065,.F.);
#3065 = EDGE_CURVE('',#3066,#3066,#3068,.T.);
#3066 = VERTEX_POINT('',#3067);
#3067 = CARTESIAN_POINT('',(55.,-1.347111479062E-14,255.));
#3068 = SURFACE_CURVE('',#3069,(#3074,#3081),.PCURVE_S1.);
#3069 = CIRCLE('',#3070,55.);
#3070 = AXIS2_PLACEMENT_3D('',#3071,#3072,#3073);
#3071 = CARTESIAN_POINT('',(0.,0.,255.));
#3072 = DIRECTION('',(0.,0.,1.));
#3073 = DIRECTION('',(1.,0.,-0.));
#3074 = PCURVE('',#3024,#3075);
#3075 = DEFINITIONAL_REPRESENTATION('',(#3076),#3080);
#3076 = CIRCLE('',#3077,55.);
#3077 = AXIS2_PLACEMENT_2D('',#3078,#3079);
#3078 = CARTESIAN_POINT('',(0.,0.));
#3079 = DIRECTION('',(1.,0.));
#3080 = ( GEOMETRIC_REPRESENTATION_CONTEXT(2) 
PARAMETRIC_REPRESENTATION_CONTEXT() REPRESENTATION_CONTEXT('2D SPACE',''
  ) );
#3081 = PCURVE('',#3082,#3087);
#3082 = CYLINDRICAL_SURFACE('',#3083,55.);
#3083 = AXIS2_PLACEMENT_3D('',#3084,#3085,#3086);
#3084 = CARTESIAN_POINT('',(0.,0.,233.));
#3085 = DIRECTION('',(0.,0.,1.));
#3086 = DIRECTION('',(1.,0.,-0.));
#3087 = DEFINITIONAL_REPRESENTATION('',(#3088),#3092);
#3088 = LINE('',#3089,#3090);
#3089 = CARTESIAN_POINT('',(0.,22.));
#3090 = VECTOR('',#3091,1.);
#3091 = DIRECTION('',(1.,0.));
#3092 = ( GEOMETRIC_REPRESENTATION_CONTEXT(2) 
PARAMETRIC_REPRESENTATION_CONTEXT() REPRESENTATION_CONTEXT('2D SPACE',''
  ) );
#3093 = ADVANCED_FACE('',(#3094,#3761),#3082,.T.);
#3094 = FACE_BOUND('',#3095,.T.);
#3095 = EDGE_LOOP('',(#3096,#3367,#3395,#3418,#3445,#3446,#3447,#3714,
    #3737,#3758,#3759,#3760));
#3096 = ORIENTED_EDGE('',*,*,#3097,.F.);
#3097 = EDGE_CURVE('',#3098,#3100,#3102,.T.);
#3098 = VERTEX_POINT('',#3099);
#3099 = CARTESIAN_POINT('',(55.,-1.347111479062E-14,288.));
#3100 = VERTEX_POINT('',#3101);
#3101 = CARTESIAN_POINT('',(55.,-7.8989718545E-15,269.));
#3102 = SURFACE_CURVE('',#3103,(#3156,#3212),.PCURVE_S1.);
#3103 = B_SPLINE_CURVE_WITH_KNOTS('',6,(#3104,#3105,#3106,#3107,#3108,
    #3109,#3110,#3111,#3112,#3113,#3114,#3115,#3116,#3117,#3118,#3119,
    #3120,#3121,#3122,#3123,#3124,#3125,#3126,#3127,#3128,#3129,#3130,
    #3131,#3132,#3133,#3134,#3135,#3136,#3137,#3138,#3139,#3140,#3141,
    #3142,#3143,#3144,#3145,#3146,#3147,#3148,#3149,#3150,#3151,#3152,
    #3153,#3154,#3155),.UNSPECIFIED.,.F.,.F.,(7,5,5,5,5,5,5,5,5,5,7),(0.
    ,9.199226075172E-02,0.15262099247,0.232253244221,0.299314003916,
    0.50006058575,0.646210934957,0.767813928051,0.847423194381,
    0.908034425943,1.),.UNSPECIFIED.);
#3104 = CARTESIAN_POINT('',(55.,-5.329070518201E-15,288.));
#3105 = CARTESIAN_POINT('',(55.,-0.558289396961,288.));
#3106 = CARTESIAN_POINT('',(54.993199647372,-1.115352535329,
    287.96062884842));
#3107 = CARTESIAN_POINT('',(54.979654336399,-1.66525885337,
    287.88221187438));
#3108 = CARTESIAN_POINT('',(54.959897211713,-2.202179912231,
    287.76663320171));
#3109 = CARTESIAN_POINT('',(54.934907635129,-2.720683977709,
    287.6172908675));
#3110 = CARTESIAN_POINT('',(54.886772602357,-3.54247555587,
    287.32163451218));
#3111 = CARTESIAN_POINT('',(54.865874650155,-3.859355257951,
    287.19147206478));
#3112 = CARTESIAN_POINT('',(54.843483472633,-4.166155210624,
    287.04959969454));
#3113 = CARTESIAN_POINT('',(54.81988864189,-4.462453585668,
    286.89703141352));
#3114 = CARTESIAN_POINT('',(54.795376277241,-4.747909039532,
    286.73479351624));
#3115 = CARTESIAN_POINT('',(54.73717661785,-5.382604928168,
    286.33950117688));
#3116 = CARTESIAN_POINT('',(54.703010870605,-5.723910726797,
    286.10011608054));
#3117 = CARTESIAN_POINT('',(54.668275843581,-6.046260762704,
    285.84767336454));
#3118 = CARTESIAN_POINT('',(54.633460152127,-6.349857000912,
    285.58385204122));
#3119 = CARTESIAN_POINT('',(54.598987232457,-6.634984362499,
    285.3101362092));
#3120 = CARTESIAN_POINT('',(54.536775363522,-7.126815214797,
    284.79011703438));
#3121 = CARTESIAN_POINT('',(54.508825832815,-7.338847003755,
    284.54625152732));
#3122 = CARTESIAN_POINT('',(54.481573020605,-7.538327260976,
    284.29695252358));
#3123 = CARTESIAN_POINT('',(54.455193815363,-7.725506182405,
    284.0428420135));
#3124 = CARTESIAN_POINT('',(54.42983874898,-7.900626943991,
    283.78445915297));
#3125 = CARTESIAN_POINT('',(54.333180303434,-8.552761427625,
    282.73736809052));
#3126 = CARTESIAN_POINT('',(54.271009112259,-8.935874000211,
    281.91793539216));
#3127 = CARTESIAN_POINT('',(54.222617254947,-9.218949657737,
    281.07683532697));
#3128 = CARTESIAN_POINT('',(54.189774666775,-9.40624386559,
    280.22251775751));
#3129 = CARTESIAN_POINT('',(54.173332923127,-9.5,279.36153508617));
#3130 = CARTESIAN_POINT('',(54.173332923127,-9.5,277.87277311251));
#3131 = CARTESIAN_POINT('',(54.182047532698,-9.450305425944,
    277.24565188157));
#3132 = CARTESIAN_POINT('',(54.199470859914,-9.350949117691,
    276.62114033619));
#3133 = CARTESIAN_POINT('',(54.225356195694,-9.201331221365,
    276.00179536802));
#3134 = CARTESIAN_POINT('',(54.259201401811,-9.0002953468,
    275.39059309222));
#3135 = CARTESIAN_POINT('',(54.334189707087,-8.534734636012,
    274.29266739883));
#3136 = CARTESIAN_POINT('',(54.373150987242,-8.286552770161,
    273.80229927954));
#3137 = CARTESIAN_POINT('',(54.416525989053,-8.000591517433,
    273.32217230798));
#3138 = CARTESIAN_POINT('',(54.463654719277,-7.67550717416,
    272.85477629901));
#3139 = CARTESIAN_POINT('',(54.513629349188,-7.309801583028,
    272.40335683934));
#3140 = CARTESIAN_POINT('',(54.598987232457,-6.6349843625,
    271.68986379079));
#3141 = CARTESIAN_POINT('',(54.633460152127,-6.349857000912,
    271.41614795877));
#3142 = CARTESIAN_POINT('',(54.668275843581,-6.046260762703,
    271.15232663545));
#3143 = CARTESIAN_POINT('',(54.703010870605,-5.723910726796,
    270.89988391945));
#3144 = CARTESIAN_POINT('',(54.737176617849,-5.382604928169,
    270.66049882311));
#3145 = CARTESIAN_POINT('',(54.795376277241,-4.747909039532,
    270.26520648375));
#3146 = CARTESIAN_POINT('',(54.81988864189,-4.462453585668,
    270.10296858647));
#3147 = CARTESIAN_POINT('',(54.843483472633,-4.166155210624,
    269.95040030545));
#3148 = CARTESIAN_POINT('',(54.865874650155,-3.859355257951,
    269.80852793521));
#3149 = CARTESIAN_POINT('',(54.886772602357,-3.54247555587,
    269.67836548781));
#3150 = CARTESIAN_POINT('',(54.934907592973,-2.720684697423,
    269.38270939143));
#3151 = CARTESIAN_POINT('',(54.959897206806,-2.202180262776,
    269.23336681564));
#3152 = CARTESIAN_POINT('',(54.97965438249,-1.665258133408,
    269.11778785649));
#3153 = CARTESIAN_POINT('',(54.993199694542,-1.1153507471,
    269.03937087904));
#3154 = CARTESIAN_POINT('',(55.,-0.558287460984,269.));
#3155 = CARTESIAN_POINT('',(55.,-7.105427357601E-15,269.));
#3156 = PCURVE('',#3082,#3157);
#3157 = DEFINITIONAL_REPRESENTATION('',(#3158),#3211);
#3158 = B_SPLINE_CURVE_WITH_KNOTS('',6,(#3159,#3160,#3161,#3162,#3163,
    #3164,#3165,#3166,#3167,#3168,#3169,#3170,#3171,#3172,#3173,#3174,
    #3175,#3176,#3177,#3178,#3179,#3180,#3181,#3182,#3183,#3184,#3185,
    #3186,#3187,#3188,#3189,#3190,#3191,#3192,#3193,#3194,#3195,#3196,
    #3197,#3198,#3199,#3200,#3201,#3202,#3203,#3204,#3205,#3206,#3207,
    #3208,#3209,#3210),.UNSPECIFIED.,.F.,.F.,(7,5,5,5,5,5,5,5,5,5,7),(0.
    ,9.199226075172E-02,0.15262099247,0.232253244221,0.299314003916,
    0.50006058575,0.646210934957,0.767813928051,0.847423194381,
    0.908034425943,1.),.UNSPECIFIED.);
#3159 = CARTESIAN_POINT('',(6.28318530718,55.));
#3160 = CARTESIAN_POINT('',(6.273034590871,55.));
#3161 = CARTESIAN_POINT('',(6.262906169313,54.960628848425));
#3162 = CARTESIAN_POINT('',(6.252905994357,54.882211874383));
#3163 = CARTESIAN_POINT('',(6.243138174238,54.766633201714));
#3164 = CARTESIAN_POINT('',(6.233700389467,54.617290867502));
#3165 = CARTESIAN_POINT('',(6.218733115201,54.321634512184));
#3166 = CARTESIAN_POINT('',(6.212959306713,54.191472064781));
#3167 = CARTESIAN_POINT('',(6.207366485741,54.049599694541));
#3168 = CARTESIAN_POINT('',(6.201962350821,53.897031413525));
#3169 = CARTESIAN_POINT('',(6.196753238038,53.734793516242));
#3170 = CARTESIAN_POINT('',(6.185164898624,53.339501176883));
#3171 = CARTESIAN_POINT('',(6.178928540374,53.100116080545));
#3172 = CARTESIAN_POINT('',(6.173033935958,52.847673364548));
#3173 = CARTESIAN_POINT('',(6.167477991584,52.583852041229));
#3174 = CARTESIAN_POINT('',(6.162256184554,52.310136209202));
#3175 = CARTESIAN_POINT('',(6.153242551099,51.790117034381));
#3176 = CARTESIAN_POINT('',(6.149354131992,51.546251527326));
#3177 = CARTESIAN_POINT('',(6.145693582986,51.296952523587));
#3178 = CARTESIAN_POINT('',(6.142256737762,51.042842013503));
#3179 = CARTESIAN_POINT('',(6.139039542057,50.784459152978));
#3180 = CARTESIAN_POINT('',(6.127053017394,49.737368090521));
#3181 = CARTESIAN_POINT('',(6.119996871337,48.917935392165));
#3182 = CARTESIAN_POINT('',(6.114775380111,48.076835326979));
#3183 = CARTESIAN_POINT('',(6.111318091188,47.222517757517));
#3184 = CARTESIAN_POINT('',(6.109587416419,46.361535086172));
#3185 = CARTESIAN_POINT('',(6.109587416419,44.872773112511));
#3186 = CARTESIAN_POINT('',(6.110504742189,44.245651881571));
#3187 = CARTESIAN_POINT('',(6.11233878501,43.621140336191));
#3188 = CARTESIAN_POINT('',(6.115099519356,43.001795368027));
#3189 = CARTESIAN_POINT('',(6.118806062152,42.390593092226));
#3190 = CARTESIAN_POINT('',(6.127379903232,41.29266739883));
#3191 = CARTESIAN_POINT('',(6.131947524057,40.802299279548));
#3192 = CARTESIAN_POINT('',(6.137206191211,40.322172307982));
#3193 = CARTESIAN_POINT('',(6.143178355904,39.854776299013));
#3194 = CARTESIAN_POINT('',(6.14988901595,39.403356839343));
#3195 = CARTESIAN_POINT('',(6.162256184554,38.689863790798));
#3196 = CARTESIAN_POINT('',(6.167477991584,38.416147958771));
#3197 = CARTESIAN_POINT('',(6.173033935958,38.152326635451));
#3198 = CARTESIAN_POINT('',(6.178928540374,37.899883919455));
#3199 = CARTESIAN_POINT('',(6.185164898624,37.660498823117));
#3200 = CARTESIAN_POINT('',(6.196753238038,37.265206483758));
#3201 = CARTESIAN_POINT('',(6.201962350821,37.102968586475));
#3202 = CARTESIAN_POINT('',(6.207366485741,36.950400305459));
#3203 = CARTESIAN_POINT('',(6.212959306713,36.808527935219));
#3204 = CARTESIAN_POINT('',(6.218733115201,36.678365487816));
#3205 = CARTESIAN_POINT('',(6.233700376359,36.38270939143));
#3206 = CARTESIAN_POINT('',(6.243138167871,36.233366815646));
#3207 = CARTESIAN_POINT('',(6.252906007468,36.117787856499));
#3208 = CARTESIAN_POINT('',(6.262906201826,36.039370879046));
#3209 = CARTESIAN_POINT('',(6.273034626071,36.));
#3210 = CARTESIAN_POINT('',(6.28318530718,36.));
#3211 = ( GEOMETRIC_REPRESENTATION_CONTEXT(2) 
PARAMETRIC_REPRESENTATION_CONTEXT() REPRESENTATION_CONTEXT('2D SPACE',''
  ) );
#3212 = PCURVE('',#3213,#3218);
#3213 = CYLINDRICAL_SURFACE('',#3214,9.5);
#3214 = AXIS2_PLACEMENT_3D('',#3215,#3216,#3217);
#3215 = CARTESIAN_POINT('',(44.872236765559,0.,278.5));
#3216 = DIRECTION('',(1.,0.,2.22044604925E-16));
#3217 = DIRECTION('',(2.22044604925E-16,0.,-1.));
#3218 = DEFINITIONAL_REPRESENTATION('',(#3219),#3366);
#3219 = B_SPLINE_CURVE_WITH_KNOTS('',10,(#3220,#3221,#3222,#3223,#3224,
    #3225,#3226,#3227,#3228,#3229,#3230,#3231,#3232,#3233,#3234,#3235,
    #3236,#3237,#3238,#3239,#3240,#3241,#3242,#3243,#3244,#3245,#3246,
    #3247,#3248,#3249,#3250,#3251,#3252,#3253,#3254,#3255,#3256,#3257,
    #3258,#3259,#3260,#3261,#3262,#3263,#3264,#3265,#3266,#3267,#3268,
    #3269,#3270,#3271,#3272,#3273,#3274,#3275,#3276,#3277,#3278,#3279,
    #3280,#3281,#3282,#3283,#3284,#3285,#3286,#3287,#3288,#3289,#3290,
    #3291,#3292,#3293,#3294,#3295,#3296,#3297,#3298,#3299,#3300,#3301,
    #3302,#3303,#3304,#3305,#3306,#3307,#3308,#3309,#3310,#3311,#3312,
    #3313,#3314,#3315,#3316,#3317,#3318,#3319,#3320,#3321,#3322,#3323,
    #3324,#3325,#3326,#3327,#3328,#3329,#3330,#3331,#3332,#3333,#3334,
    #3335,#3336,#3337,#3338,#3339,#3340,#3341,#3342,#3343,#3344,#3345,
    #3346,#3347,#3348,#3349,#3350,#3351,#3352,#3353,#3354,#3355,#3356,
    #3357,#3358,#3359,#3360,#3361,#3362,#3363,#3364,#3365),
  .UNSPECIFIED.,.F.,.F.,(11,9,9,9,9,9,9,9,9,9,9,9,9,9,9,9,11),(0.,
    6.250000000001E-02,9.179687500002E-02,0.148559570313,0.201774597168,
    0.251663684845,0.298434704542,0.473826028407,0.539597774856,
    0.654698331142,0.741023748356,0.805767811267,0.854325858451,
    0.890744393838,0.904401344608,0.928301008456,1.),.UNSPECIFIED.);
#3220 = CARTESIAN_POINT('',(3.14159265359,10.127763234441));
#3221 = CARTESIAN_POINT('',(3.165548733344,10.127763234441));
#3222 = CARTESIAN_POINT('',(3.189484952093,10.126716995666));
#3223 = CARTESIAN_POINT('',(3.213387776474,10.124627194987));
#3224 = CARTESIAN_POINT('',(3.237243712398,10.121504059656));
#3225 = CARTESIAN_POINT('',(3.261039204259,10.117365041558));
#3226 = CARTESIAN_POINT('',(3.284760534141,10.112234491461));
#3227 = CARTESIAN_POINT('',(3.308393721033,10.106143333266));
#3228 = CARTESIAN_POINT('',(3.331924420032,10.099128738264));
#3229 = CARTESIAN_POINT('',(3.355337821558,10.091233799382));
#3230 = CARTESIAN_POINT('',(3.389531392279,10.078416614521));
#3231 = CARTESIAN_POINT('',(3.400415082369,10.074143268351));
#3232 = CARTESIAN_POINT('',(3.411268037216,10.069692156897));
#3233 = CARTESIAN_POINT('',(3.42208864594,10.065068529774));
#3234 = CARTESIAN_POINT('',(3.432875268071,10.060277881647));
#3235 = CARTESIAN_POINT('',(3.443626231225,10.055325937647));
#3236 = CARTESIAN_POINT('',(3.454339828781,10.050218638783));
#3237 = CARTESIAN_POINT('',(3.46501431756,10.044962127356));
#3238 = CARTESIAN_POINT('',(3.475647915497,10.039562732368));
#3239 = CARTESIAN_POINT('',(3.506758636738,10.02330138617));
#3240 = CARTESIAN_POINT('',(3.527131847899,10.01205670525));
#3241 = CARTESIAN_POINT('',(3.547362607807,10.000329597883));
#3242 = CARTESIAN_POINT('',(3.567449018974,9.988160157097));
#3243 = CARTESIAN_POINT('',(3.587389653987,9.975588300721));
#3244 = CARTESIAN_POINT('',(3.607184873892,9.962652914813));
#3245 = CARTESIAN_POINT('',(3.626835316598,9.949392473207));
#3246 = CARTESIAN_POINT('',(3.64633994956,9.935845883371));
#3247 = CARTESIAN_POINT('',(3.665696080963,9.922052308711));
#3248 = CARTESIAN_POINT('',(3.702910888647,9.894920350808));
#3249 = CARTESIAN_POINT('',(3.720786195528,9.881608313186));
#3250 = CARTESIAN_POINT('',(3.738533293133,9.868140264919));
#3251 = CARTESIAN_POINT('',(3.75615546036,9.85454313459));
#3252 = CARTESIAN_POINT('',(3.773655684563,9.840843065455));
#3253 = CARTESIAN_POINT('',(3.79103673995,9.827065361788));
#3254 = CARTESIAN_POINT('',(3.808301265998,9.813234435219));
#3255 = CARTESIAN_POINT('',(3.82545184585,9.799373751076));
#3256 = CARTESIAN_POINT('',(3.842491084727,9.785505774725));
#3257 = CARTESIAN_POINT('',(3.875294129208,9.758663927156));
#3258 = CARTESIAN_POINT('',(3.891071307376,9.745688169178));
#3259 = CARTESIAN_POINT('',(3.906753473666,9.732743880475));
#3260 = CARTESIAN_POINT('',(3.922346988828,9.719844590628));
#3261 = CARTESIAN_POINT('',(3.937850423351,9.707009420467));
#3262 = CARTESIAN_POINT('',(3.953263149981,9.694256044881));
#3263 = CARTESIAN_POINT('',(3.968590977436,9.681596134365));
#3264 = CARTESIAN_POINT('',(3.983840341928,9.669040181563));
#3265 = CARTESIAN_POINT('',(3.999009541275,9.656604711173));
#3266 = CARTESIAN_POINT('',(4.028252080117,9.632766200622));
#3267 = CARTESIAN_POINT('',(4.042334498909,9.621347342605));
#3268 = CARTESIAN_POINT('',(4.056351729766,9.610054648869));
#3269 = CARTESIAN_POINT('',(4.07030574372,9.598897912978));
#3270 = CARTESIAN_POINT('',(4.084198483055,9.587886474034));
#3271 = CARTESIAN_POINT('',(4.098031870375,9.577029227792));
#3272 = CARTESIAN_POINT('',(4.111807817664,9.566334637763));
#3273 = CARTESIAN_POINT('',(4.125528235354,9.555810746327));
#3274 = CARTESIAN_POINT('',(4.139195041384,9.54546518584));
#3275 = CARTESIAN_POINT('',(4.203866903575,9.497205204374));
#3276 = CARTESIAN_POINT('',(4.254205747289,9.461708025471));
#3277 = CARTESIAN_POINT('',(4.303925946242,9.429199360455));
#3278 = CARTESIAN_POINT('',(4.353104828335,9.400004188779));
#3279 = CARTESIAN_POINT('',(4.401825239196,9.374377742378));
#3280 = CARTESIAN_POINT('',(4.45016915742,9.352519776402));
#3281 = CARTESIAN_POINT('',(4.498210745535,9.334587399851));
#3282 = CARTESIAN_POINT('',(4.546021697356,9.320697041144));
#3283 = CARTESIAN_POINT('',(4.593681347971,9.31092142916));
#3284 = CARTESIAN_POINT('',(4.659106969471,9.303195780645));
#3285 = CARTESIAN_POINT('',(4.676939182929,9.301673290967));
#3286 = CARTESIAN_POINT('',(4.694768071844,9.300737723999));
#3287 = CARTESIAN_POINT('',(4.712577081111,9.300389458076));
#3288 = CARTESIAN_POINT('',(4.730432093609,9.300631332444));
#3289 = CARTESIAN_POINT('',(4.748229900841,9.301461881725));
#3290 = CARTESIAN_POINT('',(4.766075435473,9.302879723429));
#3291 = CARTESIAN_POINT('',(4.783913645246,9.304884097422));
#3292 = CARTESIAN_POINT('',(4.801769901347,9.307472111252));
#3293 = CARTESIAN_POINT('',(4.850922131446,9.316185914432));
#3294 = CARTESIAN_POINT('',(4.882255005142,9.323509299872));
#3295 = CARTESIAN_POINT('',(4.913662790203,9.332593903051));
#3296 = CARTESIAN_POINT('',(4.94516606508,9.34341596389));
#3297 = CARTESIAN_POINT('',(4.976785444357,9.35594441967));
#3298 = CARTESIAN_POINT('',(5.008541765986,9.370140342242));
#3299 = CARTESIAN_POINT('',(5.040456278517,9.385956375241));
#3300 = CARTESIAN_POINT('',(5.072550828334,9.403336171302));
#3301 = CARTESIAN_POINT('',(5.104848046885,9.422213829271));
#3302 = CARTESIAN_POINT('',(5.16176415619,9.45773795803));
#3303 = CARTESIAN_POINT('',(5.186284514536,9.473762602771));
#3304 = CARTESIAN_POINT('',(5.21094371411,9.490555819035));
#3305 = CARTESIAN_POINT('',(5.235752906194,9.508082892315));
#3306 = CARTESIAN_POINT('',(5.260723333592,9.526305502489));
#3307 = CARTESIAN_POINT('',(5.285866372023,9.5451813861));
#3308 = CARTESIAN_POINT('',(5.311193571513,9.564663998637));
#3309 = CARTESIAN_POINT('',(5.336716697791,9.584702176816));
#3310 = CARTESIAN_POINT('',(5.362447773679,9.605239800865));
#3311 = CARTESIAN_POINT('',(5.407862630598,9.641947198748));
#3312 = CARTESIAN_POINT('',(5.427450362178,9.657925596563));
#3313 = CARTESIAN_POINT('',(5.447163700621,9.674121533055));
#3314 = CARTESIAN_POINT('',(5.467028538696,9.690524561098));
#3315 = CARTESIAN_POINT('',(5.486988303368,9.707053948427));
#3316 = CARTESIAN_POINT('',(5.50715874671,9.723769295961));
#3317 = CARTESIAN_POINT('',(5.527436443605,9.740548077738));
#3318 = CARTESIAN_POINT('',(5.547888777975,9.757405197437));
#3319 = CARTESIAN_POINT('',(5.568497314186,9.774283560249));
#3320 = CARTESIAN_POINT('',(5.604852338692,9.803793936881));
#3321 = CARTESIAN_POINT('',(5.620525819291,9.816432265767));
#3322 = CARTESIAN_POINT('',(5.63629541324,9.829045544685));
#3323 = CARTESIAN_POINT('',(5.652159941381,9.841613724906));
#3324 = CARTESIAN_POINT('',(5.668124261506,9.854120453683));
#3325 = CARTESIAN_POINT('',(5.684191746496,9.866547624527));
#3326 = CARTESIAN_POINT('',(5.700361152011,9.87887308939));
#3327 = CARTESIAN_POINT('',(5.716633610273,9.891075704667));
#3328 = CARTESIAN_POINT('',(5.733018737914,9.903139773006));
#3329 = CARTESIAN_POINT('',(5.761882116876,9.923963128115));
#3330 = CARTESIAN_POINT('',(5.774313216126,9.932794755438));
#3331 = CARTESIAN_POINT('',(5.786805074945,9.941523703757));
#3332 = CARTESIAN_POINT('',(5.799357411701,9.950139858086));
#3333 = CARTESIAN_POINT('',(5.811969983175,9.958633018298));
#3334 = CARTESIAN_POINT('',(5.824642584476,9.966992917678));
#3335 = CARTESIAN_POINT('',(5.837375048964,9.975209241487));
#3336 = CARTESIAN_POINT('',(5.850167248163,9.983271645518));
#3337 = CARTESIAN_POINT('',(5.863019091682,9.991169774657));
#3338 = CARTESIAN_POINT('',(5.880772315428,10.001789596488));
#3339 = CARTESIAN_POINT('',(5.885622483858,10.004661355264));
#3340 = CARTESIAN_POINT('',(5.890481029684,10.007508012104));
#3341 = CARTESIAN_POINT('',(5.895347950924,10.010329021494));
#3342 = CARTESIAN_POINT('',(5.900223246362,10.013123838206));
#3343 = CARTESIAN_POINT('',(5.905106915545,10.01589191744));
#3344 = CARTESIAN_POINT('',(5.909998958792,10.01863271496));
#3345 = CARTESIAN_POINT('',(5.914899377199,10.021345687233));
#3346 = CARTESIAN_POINT('',(5.919808172636,10.024030291562));
#3347 = CARTESIAN_POINT('',(5.933330404219,10.031333451905));
#3348 = CARTESIAN_POINT('',(5.941961718968,10.03589268289));
#3349 = CARTESIAN_POINT('',(5.950613187884,10.040357637321));
#3350 = CARTESIAN_POINT('',(5.959306796745,10.044736851077));
#3351 = CARTESIAN_POINT('',(5.968019288979,10.04901497082));
#3352 = CARTESIAN_POINT('',(5.976753993426,10.05319096747));
#3353 = CARTESIAN_POINT('',(5.985522082029,10.057267990428));
#3354 = CARTESIAN_POINT('',(5.994308215149,10.0612350944));
#3355 = CARTESIAN_POINT('',(6.003119337142,10.065093407118));
#3356 = CARTESIAN_POINT('',(6.03845121699,10.080074609946));
#3357 = CARTESIAN_POINT('',(6.065149213894,10.090294939776));
#3358 = CARTESIAN_POINT('',(6.092022108129,10.099418047416));
#3359 = CARTESIAN_POINT('',(6.119046844803,10.107371258124));
#3360 = CARTESIAN_POINT('',(6.146201303182,10.114091584474));
#3361 = CARTESIAN_POINT('',(6.173464096067,10.11952643851));
#3362 = CARTESIAN_POINT('',(6.200814369164,10.123634343897));
#3363 = CARTESIAN_POINT('',(6.228231600457,10.126385648081));
#3364 = CARTESIAN_POINT('',(6.255695399578,10.127763234441));
#3365 = CARTESIAN_POINT('',(6.28318530718,10.127763234441));
#3366 = ( GEOMETRIC_REPRESENTATION_CONTEXT(2) 
PARAMETRIC_REPRESENTATION_CONTEXT() REPRESENTATION_CONTEXT('2D SPACE',''
  ) );
#3367 = ORIENTED_EDGE('',*,*,#3368,.T.);
#3368 = EDGE_CURVE('',#3098,#3369,#3371,.T.);
#3369 = VERTEX_POINT('',#3370);
#3370 = CARTESIAN_POINT('',(55.,3.080927667281E-13,292.5));
#3371 = SEAM_CURVE('',#3372,(#3376,#3383),.PCURVE_S1.);
#3372 = LINE('',#3373,#3374);
#3373 = CARTESIAN_POINT('',(55.,-1.347111479062E-14,233.));
#3374 = VECTOR('',#3375,1.);
#3375 = DIRECTION('',(0.,0.,1.));
#3376 = PCURVE('',#3082,#3377);
#3377 = DEFINITIONAL_REPRESENTATION('',(#3378),#3382);
#3378 = LINE('',#3379,#3380);
#3379 = CARTESIAN_POINT('',(0.,-0.));
#3380 = VECTOR('',#3381,1.);
#3381 = DIRECTION('',(0.,1.));
#3382 = ( GEOMETRIC_REPRESENTATION_CONTEXT(2) 
PARAMETRIC_REPRESENTATION_CONTEXT() REPRESENTATION_CONTEXT('2D SPACE',''
  ) );
#3383 = PCURVE('',#3384,#3389);
#3384 = PLANE('',#3385);
#3385 = AXIS2_PLACEMENT_3D('',#3386,#3387,#3388);
#3386 = CARTESIAN_POINT('',(55.,0.,278.5));
#3387 = DIRECTION('',(1.,0.,2.22044604925E-16));
#3388 = DIRECTION('',(2.22044604925E-16,0.,-1.));
#3389 = DEFINITIONAL_REPRESENTATION('',(#3390),#3394);
#3390 = LINE('',#3391,#3392);
#3391 = CARTESIAN_POINT('',(45.5,-1.347111479062E-14));
#3392 = VECTOR('',#3393,1.);
#3393 = DIRECTION('',(-1.,0.));
#3394 = ( GEOMETRIC_REPRESENTATION_CONTEXT(2) 
PARAMETRIC_REPRESENTATION_CONTEXT() REPRESENTATION_CONTEXT('2D SPACE',''
  ) );
#3395 = ORIENTED_EDGE('',*,*,#3396,.T.);
#3396 = EDGE_CURVE('',#3369,#3397,#3399,.T.);
#3397 = VERTEX_POINT('',#3398);
#3398 = CARTESIAN_POINT('',(55.,-1.347111479062E-14,302.));
#3399 = SEAM_CURVE('',#3400,(#3404,#3411),.PCURVE_S1.);
#3400 = LINE('',#3401,#3402);
#3401 = CARTESIAN_POINT('',(55.,-1.347111479062E-14,233.));
#3402 = VECTOR('',#3403,1.);
#3403 = DIRECTION('',(0.,0.,1.));
#3404 = PCURVE('',#3082,#3405);
#3405 = DEFINITIONAL_REPRESENTATION('',(#3406),#3410);
#3406 = LINE('',#3407,#3408);
#3407 = CARTESIAN_POINT('',(0.,-0.));
#3408 = VECTOR('',#3409,1.);
#3409 = DIRECTION('',(0.,1.));
#3410 = ( GEOMETRIC_REPRESENTATION_CONTEXT(2) 
PARAMETRIC_REPRESENTATION_CONTEXT() REPRESENTATION_CONTEXT('2D SPACE',''
  ) );
#3411 = PCURVE('',#3082,#3412);
#3412 = DEFINITIONAL_REPRESENTATION('',(#3413),#3417);
#3413 = LINE('',#3414,#3415);
#3414 = CARTESIAN_POINT('',(6.28318530718,-0.));
#3415 = VECTOR('',#3416,1.);
#3416 = DIRECTION('',(0.,1.));
#3417 = ( GEOMETRIC_REPRESENTATION_CONTEXT(2) 
PARAMETRIC_REPRESENTATION_CONTEXT() REPRESENTATION_CONTEXT('2D SPACE',''
  ) );
#3418 = ORIENTED_EDGE('',*,*,#3419,.F.);
#3419 = EDGE_CURVE('',#3397,#3397,#3420,.T.);
#3420 = SURFACE_CURVE('',#3421,(#3426,#3433),.PCURVE_S1.);
#3421 = CIRCLE('',#3422,55.);
#3422 = AXIS2_PLACEMENT_3D('',#3423,#3424,#3425);
#3423 = CARTESIAN_POINT('',(0.,0.,302.));
#3424 = DIRECTION('',(0.,0.,1.));
#3425 = DIRECTION('',(1.,0.,-0.));
#3426 = PCURVE('',#3082,#3427);
#3427 = DEFINITIONAL_REPRESENTATION('',(#3428),#3432);
#3428 = LINE('',#3429,#3430);
#3429 = CARTESIAN_POINT('',(0.,69.));
#3430 = VECTOR('',#3431,1.);
#3431 = DIRECTION('',(1.,0.));
#3432 = ( GEOMETRIC_REPRESENTATION_CONTEXT(2) 
PARAMETRIC_REPRESENTATION_CONTEXT() REPRESENTATION_CONTEXT('2D SPACE',''
  ) );
#3433 = PCURVE('',#3434,#3439);
#3434 = PLANE('',#3435);
#3435 = AXIS2_PLACEMENT_3D('',#3436,#3437,#3438);
#3436 = CARTESIAN_POINT('',(0.,0.,302.));
#3437 = DIRECTION('',(0.,0.,1.));
#3438 = DIRECTION('',(1.,0.,-0.));
#3439 = DEFINITIONAL_REPRESENTATION('',(#3440),#3444);
#3440 = CIRCLE('',#3441,55.);
#3441 = AXIS2_PLACEMENT_2D('',#3442,#3443);
#3442 = CARTESIAN_POINT('',(0.,0.));
#3443 = DIRECTION('',(1.,0.));
#3444 = ( GEOMETRIC_REPRESENTATION_CONTEXT(2) 
PARAMETRIC_REPRESENTATION_CONTEXT() REPRESENTATION_CONTEXT('2D SPACE',''
  ) );
#3445 = ORIENTED_EDGE('',*,*,#3396,.F.);
#3446 = ORIENTED_EDGE('',*,*,#3368,.F.);
#3447 = ORIENTED_EDGE('',*,*,#3448,.F.);
#3448 = EDGE_CURVE('',#3100,#3098,#3449,.T.);
#3449 = SURFACE_CURVE('',#3450,(#3503,#3559),.PCURVE_S1.);
#3450 = B_SPLINE_CURVE_WITH_KNOTS('',6,(#3451,#3452,#3453,#3454,#3455,
    #3456,#3457,#3458,#3459,#3460,#3461,#3462,#3463,#3464,#3465,#3466,
    #3467,#3468,#3469,#3470,#3471,#3472,#3473,#3474,#3475,#3476,#3477,
    #3478,#3479,#3480,#3481,#3482,#3483,#3484,#3485,#3486,#3487,#3488,
    #3489,#3490,#3491,#3492,#3493,#3494,#3495,#3496,#3497,#3498,#3499,
    #3500,#3501,#3502),.UNSPECIFIED.,.F.,.F.,(7,5,5,5,5,5,5,5,5,5,7),(0.
    ,9.199226172159E-02,0.1526209941,0.232253246718,0.299314007145,
    0.500060591165,0.646210941964,0.767813926658,0.847423192526,
    0.908034424825,1.),.UNSPECIFIED.);
#3451 = CARTESIAN_POINT('',(55.,-1.16341445919E-15,269.));
#3452 = CARTESIAN_POINT('',(55.,0.558289397144,269.));
#3453 = CARTESIAN_POINT('',(54.993199647368,1.115352535282,
    269.0393711516));
#3454 = CARTESIAN_POINT('',(54.979654336405,1.665258853189,
    269.11778812558));
#3455 = CARTESIAN_POINT('',(54.959897211719,2.202179912185,
    269.23336679824));
#3456 = CARTESIAN_POINT('',(54.934907635119,2.720683977881,
    269.38270913256));
#3457 = CARTESIAN_POINT('',(54.886772602357,3.54247555587,
    269.67836548781));
#3458 = CARTESIAN_POINT('',(54.865874650155,3.859355257951,
    269.80852793521));
#3459 = CARTESIAN_POINT('',(54.843483472633,4.166155210624,
    269.95040030545));
#3460 = CARTESIAN_POINT('',(54.81988864189,4.462453585668,
    270.10296858647));
#3461 = CARTESIAN_POINT('',(54.795376277241,4.747909039531,
    270.26520648375));
#3462 = CARTESIAN_POINT('',(54.737176617849,5.382604928169,
    270.66049882311));
#3463 = CARTESIAN_POINT('',(54.703010870605,5.723910726796,
    270.89988391945));
#3464 = CARTESIAN_POINT('',(54.668275843581,6.046260762703,
    271.15232663545));
#3465 = CARTESIAN_POINT('',(54.633460152127,6.349857000912,
    271.41614795877));
#3466 = CARTESIAN_POINT('',(54.598987232457,6.6349843625,271.68986379079
    ));
#3467 = CARTESIAN_POINT('',(54.536775363522,7.126815214798,
    272.20988296562));
#3468 = CARTESIAN_POINT('',(54.508825832815,7.338847003755,
    272.45374847267));
#3469 = CARTESIAN_POINT('',(54.481573020605,7.538327260976,
    272.70304747641));
#3470 = CARTESIAN_POINT('',(54.455193815363,7.725506182405,
    272.95715798649));
#3471 = CARTESIAN_POINT('',(54.42983874898,7.900626943991,
    273.21554084702));
#3472 = CARTESIAN_POINT('',(54.333180303434,8.552761427623,
    274.26263190947));
#3473 = CARTESIAN_POINT('',(54.271009112258,8.935874000214,
    275.08206460783));
#3474 = CARTESIAN_POINT('',(54.222617254947,9.218949657735,
    275.92316467302));
#3475 = CARTESIAN_POINT('',(54.189774666775,9.40624386559,
    276.77748224248));
#3476 = CARTESIAN_POINT('',(54.173332923127,9.5,277.63846491382));
#3477 = CARTESIAN_POINT('',(54.173332923127,9.5,279.12722688748));
#3478 = CARTESIAN_POINT('',(54.182047532698,9.450305425944,
    279.75434811842));
#3479 = CARTESIAN_POINT('',(54.199470859914,9.350949117691,
    280.3788596638));
#3480 = CARTESIAN_POINT('',(54.225356195694,9.201331221365,
    280.99820463197));
#3481 = CARTESIAN_POINT('',(54.259201401811,9.0002953468,281.60940690777
    ));
#3482 = CARTESIAN_POINT('',(54.334189704364,8.53473465292,
    282.70733256129));
#3483 = CARTESIAN_POINT('',(54.373150992684,8.286552731733,
    283.19770078127));
#3484 = CARTESIAN_POINT('',(54.416525988374,8.000591524933,
    283.67782769429));
#3485 = CARTESIAN_POINT('',(54.463654713513,7.675507216136,
    284.14522364122));
#3486 = CARTESIAN_POINT('',(54.513629353367,7.309801549989,
    284.59664319558));
#3487 = CARTESIAN_POINT('',(54.598987231857,6.634984367238,
    285.31013620419));
#3488 = CARTESIAN_POINT('',(54.633460153091,6.349856992093,
    285.5838520486));
#3489 = CARTESIAN_POINT('',(54.668275843583,6.046260763512,285.847673365
    ));
#3490 = CARTESIAN_POINT('',(54.703010869643,5.723910735999,
    286.10011607337));
#3491 = CARTESIAN_POINT('',(54.737176618443,5.382604921695,
    286.33950118091));
#3492 = CARTESIAN_POINT('',(54.795376277241,4.747909039532,
    286.73479351624));
#3493 = CARTESIAN_POINT('',(54.81988864189,4.462453585668,
    286.89703141352));
#3494 = CARTESIAN_POINT('',(54.843483472633,4.166155210624,
    287.04959969454));
#3495 = CARTESIAN_POINT('',(54.865874650155,3.859355257951,
    287.19147206478));
#3496 = CARTESIAN_POINT('',(54.886772602357,3.54247555587,
    287.32163451218));
#3497 = CARTESIAN_POINT('',(54.934907592973,2.720684697423,
    287.61729060857));
#3498 = CARTESIAN_POINT('',(54.959897206806,2.202180262775,
    287.76663318435));
#3499 = CARTESIAN_POINT('',(54.97965438249,1.665258133408,287.8822121435
    ));
#3500 = CARTESIAN_POINT('',(54.993199694543,1.1153507471,287.96062912095
    ));
#3501 = CARTESIAN_POINT('',(55.,0.558287460984,288.));
#3502 = CARTESIAN_POINT('',(55.,1.745121688785E-15,288.));
#3503 = PCURVE('',#3082,#3504);
#3504 = DEFINITIONAL_REPRESENTATION('',(#3505),#3558);
#3505 = B_SPLINE_CURVE_WITH_KNOTS('',6,(#3506,#3507,#3508,#3509,#3510,
    #3511,#3512,#3513,#3514,#3515,#3516,#3517,#3518,#3519,#3520,#3521,
    #3522,#3523,#3524,#3525,#3526,#3527,#3528,#3529,#3530,#3531,#3532,
    #3533,#3534,#3535,#3536,#3537,#3538,#3539,#3540,#3541,#3542,#3543,
    #3544,#3545,#3546,#3547,#3548,#3549,#3550,#3551,#3552,#3553,#3554,
    #3555,#3556,#3557),.UNSPECIFIED.,.F.,.F.,(7,5,5,5,5,5,5,5,5,5,7),(0.
    ,9.199226172159E-02,0.1526209941,0.232253246718,0.299314007145,
    0.500060591165,0.646210941964,0.767813926658,0.847423192526,
    0.908034424825,1.),.UNSPECIFIED.);
#3506 = CARTESIAN_POINT('',(0.,36.));
#3507 = CARTESIAN_POINT('',(1.015071631171E-02,36.));
#3508 = CARTESIAN_POINT('',(2.027913786542E-02,36.039371151601));
#3509 = CARTESIAN_POINT('',(3.027931281887E-02,36.117788125585));
#3510 = CARTESIAN_POINT('',(4.00471329403E-02,36.233366798244));
#3511 = CARTESIAN_POINT('',(4.948491771579E-02,36.38270913256));
#3512 = CARTESIAN_POINT('',(6.445219197845E-02,36.678365487816));
#3513 = CARTESIAN_POINT('',(7.022600046688E-02,36.808527935219));
#3514 = CARTESIAN_POINT('',(7.581882143845E-02,36.950400305459));
#3515 = CARTESIAN_POINT('',(8.122295635838E-02,37.102968586475));
#3516 = CARTESIAN_POINT('',(8.643206914141E-02,37.265206483758));
#3517 = CARTESIAN_POINT('',(9.802040855576E-02,37.660498823117));
#3518 = CARTESIAN_POINT('',(0.104256766806,37.899883919455));
#3519 = CARTESIAN_POINT('',(0.110151371222,38.152326635451));
#3520 = CARTESIAN_POINT('',(0.115707315595,38.416147958771));
#3521 = CARTESIAN_POINT('',(0.120929122626,38.689863790798));
#3522 = CARTESIAN_POINT('',(0.129942756081,39.20988296562));
#3523 = CARTESIAN_POINT('',(0.133831175188,39.453748472674));
#3524 = CARTESIAN_POINT('',(0.137491724194,39.703047476413));
#3525 = CARTESIAN_POINT('',(0.140928569417,39.957157986497));
#3526 = CARTESIAN_POINT('',(0.144145765123,40.215540847021));
#3527 = CARTESIAN_POINT('',(0.156132289786,41.262631909475));
#3528 = CARTESIAN_POINT('',(0.163188435842,42.082064607839));
#3529 = CARTESIAN_POINT('',(0.168409927069,42.923164673022));
#3530 = CARTESIAN_POINT('',(0.171867215992,43.77748224248));
#3531 = CARTESIAN_POINT('',(0.173597890761,44.638464913829));
#3532 = CARTESIAN_POINT('',(0.173597890761,46.127226887489));
#3533 = CARTESIAN_POINT('',(0.17268056499,46.754348118428));
#3534 = CARTESIAN_POINT('',(0.170846522169,47.37885966381));
#3535 = CARTESIAN_POINT('',(0.168085787824,47.998204631973));
#3536 = CARTESIAN_POINT('',(0.164379245028,48.609406907774));
#3537 = CARTESIAN_POINT('',(0.155805404259,49.707332561295));
#3538 = CARTESIAN_POINT('',(0.151237782417,50.197700781276));
#3539 = CARTESIAN_POINT('',(0.145979116105,50.677827694295));
#3540 = CARTESIAN_POINT('',(0.140006952046,51.145223641222));
#3541 = CARTESIAN_POINT('',(0.133296290624,51.596643195589));
#3542 = CARTESIAN_POINT('',(0.120929122712,52.310136204193));
#3543 = CARTESIAN_POINT('',(0.115707315434,52.583852048608));
#3544 = CARTESIAN_POINT('',(0.110151371236,52.847673365));
#3545 = CARTESIAN_POINT('',(0.104256766974,53.100116073377));
#3546 = CARTESIAN_POINT('',(9.802040843756E-02,53.339501180915));
#3547 = CARTESIAN_POINT('',(8.643206914141E-02,53.734793516242));
#3548 = CARTESIAN_POINT('',(8.122295635838E-02,53.897031413525));
#3549 = CARTESIAN_POINT('',(7.581882143846E-02,54.049599694541));
#3550 = CARTESIAN_POINT('',(7.022600046688E-02,54.191472064781));
#3551 = CARTESIAN_POINT('',(6.445219197844E-02,54.321634512184));
#3552 = CARTESIAN_POINT('',(4.948493082079E-02,54.61729060857));
#3553 = CARTESIAN_POINT('',(4.004713930879E-02,54.766633184355));
#3554 = CARTESIAN_POINT('',(3.027929971173E-02,54.8822121435));
#3555 = CARTESIAN_POINT('',(2.027910535313E-02,54.960629120954));
#3556 = CARTESIAN_POINT('',(1.015068110881E-02,55.));
#3557 = CARTESIAN_POINT('',(0.,55.));
#3558 = ( GEOMETRIC_REPRESENTATION_CONTEXT(2) 
PARAMETRIC_REPRESENTATION_CONTEXT() REPRESENTATION_CONTEXT('2D SPACE',''
  ) );
#3559 = PCURVE('',#3560,#3565);
#3560 = CYLINDRICAL_SURFACE('',#3561,9.5);
#3561 = AXIS2_PLACEMENT_3D('',#3562,#3563,#3564);
#3562 = CARTESIAN_POINT('',(44.872236765559,0.,278.5));
#3563 = DIRECTION('',(1.,0.,2.22044604925E-16));
#3564 = DIRECTION('',(2.22044604925E-16,0.,-1.));
#3565 = DEFINITIONAL_REPRESENTATION('',(#3566),#3713);
#3566 = B_SPLINE_CURVE_WITH_KNOTS('',10,(#3567,#3568,#3569,#3570,#3571,
    #3572,#3573,#3574,#3575,#3576,#3577,#3578,#3579,#3580,#3581,#3582,
    #3583,#3584,#3585,#3586,#3587,#3588,#3589,#3590,#3591,#3592,#3593,
    #3594,#3595,#3596,#3597,#3598,#3599,#3600,#3601,#3602,#3603,#3604,
    #3605,#3606,#3607,#3608,#3609,#3610,#3611,#3612,#3613,#3614,#3615,
    #3616,#3617,#3618,#3619,#3620,#3621,#3622,#3623,#3624,#3625,#3626,
    #3627,#3628,#3629,#3630,#3631,#3632,#3633,#3634,#3635,#3636,#3637,
    #3638,#3639,#3640,#3641,#3642,#3643,#3644,#3645,#3646,#3647,#3648,
    #3649,#3650,#3651,#3652,#3653,#3654,#3655,#3656,#3657,#3658,#3659,
    #3660,#3661,#3662,#3663,#3664,#3665,#3666,#3667,#3668,#3669,#3670,
    #3671,#3672,#3673,#3674,#3675,#3676,#3677,#3678,#3679,#3680,#3681,
    #3682,#3683,#3684,#3685,#3686,#3687,#3688,#3689,#3690,#3691,#3692,
    #3693,#3694,#3695,#3696,#3697,#3698,#3699,#3700,#3701,#3702,#3703,
    #3704,#3705,#3706,#3707,#3708,#3709,#3710,#3711,#3712),
  .UNSPECIFIED.,.F.,.F.,(11,9,9,9,9,9,9,9,9,9,9,9,9,9,9,9,11),(0.,
    6.249999999998E-02,9.179687499997E-02,0.148559570312,0.201774597168,
    0.251663684845,0.298434704542,0.473826028407,0.539597774856,
    0.654698331142,0.741023748356,0.805767811267,0.85432585845,
    0.890744393838,0.904401344608,0.928301008456,1.),.UNSPECIFIED.);
#3567 = CARTESIAN_POINT('',(0.,10.127763234441));
#3568 = CARTESIAN_POINT('',(2.395607950986E-02,10.127763234441));
#3569 = CARTESIAN_POINT('',(4.789229800775E-02,10.126716995687));
#3570 = CARTESIAN_POINT('',(7.179512213471E-02,10.124627195052));
#3571 = CARTESIAN_POINT('',(9.565105780431E-02,10.121504059787));
#3572 = CARTESIAN_POINT('',(0.119446549412,10.117365041776));
#3573 = CARTESIAN_POINT('',(0.143167879045,10.112234491786));
#3574 = CARTESIAN_POINT('',(0.166801065692,10.106143333717));
#3575 = CARTESIAN_POINT('',(0.190331764452,10.099128738858));
#3576 = CARTESIAN_POINT('',(0.213745165743,10.091233800132));
#3577 = CARTESIAN_POINT('',(0.247938736126,10.078416615521));
#3578 = CARTESIAN_POINT('',(0.258822426109,10.074143269433));
#3579 = CARTESIAN_POINT('',(0.269675380851,10.069692158065));
#3580 = CARTESIAN_POINT('',(0.28049598947,10.065068531029));
#3581 = CARTESIAN_POINT('',(0.291282611497,10.060277882992));
#3582 = CARTESIAN_POINT('',(0.302033574547,10.055325939085));
#3583 = CARTESIAN_POINT('',(0.312747172,10.050218640316));
#3584 = CARTESIAN_POINT('',(0.323421660676,10.044962128985));
#3585 = CARTESIAN_POINT('',(0.334055258512,10.039562734096));
#3586 = CARTESIAN_POINT('',(0.365165979451,10.023301388194));
#3587 = CARTESIAN_POINT('',(0.385539190407,10.012056707481));
#3588 = CARTESIAN_POINT('',(0.405769950124,10.000329600317));
#3589 = CARTESIAN_POINT('',(0.425856361102,9.98816015974));
#3590 = CARTESIAN_POINT('',(0.445796995926,9.97558830358));
#3591 = CARTESIAN_POINT('',(0.465592215642,9.962652917889));
#3592 = CARTESIAN_POINT('',(0.485242658166,9.949392476497));
#3593 = CARTESIAN_POINT('',(0.504747290953,9.935845886868));
#3594 = CARTESIAN_POINT('',(0.524103422178,9.922052312418));
#3595 = CARTESIAN_POINT('',(0.561318229529,9.894920354913));
#3596 = CARTESIAN_POINT('',(0.579193536252,9.881608317481));
#3597 = CARTESIAN_POINT('',(0.5969406337,9.8681402694));
#3598 = CARTESIAN_POINT('',(0.614562800773,9.854543139253));
#3599 = CARTESIAN_POINT('',(0.632063024822,9.840843070296));
#3600 = CARTESIAN_POINT('',(0.649444080058,9.827065366801));
#3601 = CARTESIAN_POINT('',(0.666708605956,9.813234440399));
#3602 = CARTESIAN_POINT('',(0.683859185661,9.799373756415));
#3603 = CARTESIAN_POINT('',(0.700898424392,9.785505780217));
#3604 = CARTESIAN_POINT('',(0.733701468593,9.75866393293));
#3605 = CARTESIAN_POINT('',(0.749478646628,9.745688175091));
#3606 = CARTESIAN_POINT('',(0.765160812777,9.732743886482));
#3607 = CARTESIAN_POINT('',(0.780754327815,9.719844596781));
#3608 = CARTESIAN_POINT('',(0.796257762215,9.707009426755));
#3609 = CARTESIAN_POINT('',(0.81167048871,9.694256051239));
#3610 = CARTESIAN_POINT('',(0.826998316029,9.681596140791));
#3611 = CARTESIAN_POINT('',(0.842247680399,9.669040188108));
#3612 = CARTESIAN_POINT('',(0.857416879617,9.656604717785));
#3613 = CARTESIAN_POINT('',(0.886659418212,9.632766207368));
#3614 = CARTESIAN_POINT('',(0.900741836885,9.621347349409));
#3615 = CARTESIAN_POINT('',(0.914759067625,9.610054655725));
#3616 = CARTESIAN_POINT('',(0.92871308146,9.598897919876));
#3617 = CARTESIAN_POINT('',(0.942605820678,9.587886480968));
#3618 = CARTESIAN_POINT('',(0.956439207881,9.577029234753));
#3619 = CARTESIAN_POINT('',(0.970215155054,9.566334644744));
#3620 = CARTESIAN_POINT('',(0.983935572627,9.555810753319));
#3621 = CARTESIAN_POINT('',(0.997602378541,9.545465192836));
#3622 = CARTESIAN_POINT('',(1.062274240179,9.49720521135));
#3623 = CARTESIAN_POINT('',(1.112613083451,9.461708032334));
#3624 = CARTESIAN_POINT('',(1.162333281979,9.429199367013));
#3625 = CARTESIAN_POINT('',(1.211512163636,9.400004194982));
#3626 = CARTESIAN_POINT('',(1.26023257405,9.374377748126));
#3627 = CARTESIAN_POINT('',(1.308576491825,9.352519781532));
#3628 = CARTESIAN_POINT('',(1.356618079483,9.334587404255));
#3629 = CARTESIAN_POINT('',(1.40442903083,9.32069704477));
#3630 = CARTESIAN_POINT('',(1.452088680964,9.310921431836));
#3631 = CARTESIAN_POINT('',(1.517514301779,9.3031957819));
#3632 = CARTESIAN_POINT('',(1.535346515044,9.301673292386));
#3633 = CARTESIAN_POINT('',(1.553175404129,9.300737722078));
#3634 = CARTESIAN_POINT('',(1.570984414837,9.300389464712));
#3635 = CARTESIAN_POINT('',(1.58883942425,9.300631321734));
#3636 = CARTESIAN_POINT('',(1.606637234596,9.301461884985));
#3637 = CARTESIAN_POINT('',(1.624482767322,9.302879720461));
#3638 = CARTESIAN_POINT('',(1.642320976156,9.304884095996));
#3639 = CARTESIAN_POINT('',(1.66017723208,9.307472108935));
#3640 = CARTESIAN_POINT('',(1.709329461605,9.316185910743));
#3641 = CARTESIAN_POINT('',(1.740662334416,9.323509294921));
#3642 = CARTESIAN_POINT('',(1.772070119073,9.332593897152));
#3643 = CARTESIAN_POINT('',(1.803573394119,9.343415957427));
#3644 = CARTESIAN_POINT('',(1.835192773698,9.355944412723));
#3645 = CARTESIAN_POINT('',(1.866949095164,9.370140334477));
#3646 = CARTESIAN_POINT('',(1.898863606685,9.385956366063));
#3647 = CARTESIAN_POINT('',(1.930958154854,9.403336160269));
#3648 = CARTESIAN_POINT('',(1.963255372293,9.422213816767));
#3649 = CARTESIAN_POINT('',(2.020171484989,9.457737946713));
#3650 = CARTESIAN_POINT('',(2.044691846176,9.47376259293));
#3651 = CARTESIAN_POINT('',(2.069351048428,9.4905558106));
#3652 = CARTESIAN_POINT('',(2.094160242385,9.508082884807));
#3653 = CARTESIAN_POINT('',(2.119130670859,9.52630549547));
#3654 = CARTESIAN_POINT('',(2.144273709977,9.545181379439));
#3655 = CARTESIAN_POINT('',(2.169600910326,9.5646639926));
#3656 = CARTESIAN_POINT('',(2.195124038096,9.584702171977));
#3657 = CARTESIAN_POINT('',(2.220855116215,9.605239797832));
#3658 = CARTESIAN_POINT('',(2.266269977465,9.641947199221));
#3659 = CARTESIAN_POINT('',(2.285857711366,9.657925599444));
#3660 = CARTESIAN_POINT('',(2.305571049001,9.67412153125));
#3661 = CARTESIAN_POINT('',(2.325435899082,9.690524579259));
#3662 = CARTESIAN_POINT('',(2.345395641285,9.707053937949));
#3663 = CARTESIAN_POINT('',(2.365566104127,9.723769312492));
#3664 = CARTESIAN_POINT('',(2.38584379277,9.740548078029));
#3665 = CARTESIAN_POINT('',(2.406296129608,9.757405202312));
#3666 = CARTESIAN_POINT('',(2.426904665725,9.774283564449));
#3667 = CARTESIAN_POINT('',(2.463259690346,9.803793941121));
#3668 = CARTESIAN_POINT('',(2.478933170932,9.816432269979));
#3669 = CARTESIAN_POINT('',(2.494702765158,9.829045549029));
#3670 = CARTESIAN_POINT('',(2.510567293242,9.841613729171));
#3671 = CARTESIAN_POINT('',(2.526531613452,9.854120457982));
#3672 = CARTESIAN_POINT('',(2.542599099014,9.866547629188));
#3673 = CARTESIAN_POINT('',(2.558768505017,9.878873094354));
#3674 = CARTESIAN_POINT('',(2.575040963076,9.89107570945));
#3675 = CARTESIAN_POINT('',(2.591426090505,9.903139777545));
#3676 = CARTESIAN_POINT('',(2.620289469179,9.923963132306));
#3677 = CARTESIAN_POINT('',(2.632720568303,9.932794759479));
#3678 = CARTESIAN_POINT('',(2.645212426996,9.941523707645));
#3679 = CARTESIAN_POINT('',(2.657764763623,9.950139861822));
#3680 = CARTESIAN_POINT('',(2.670377334967,9.95863302188));
#3681 = CARTESIAN_POINT('',(2.683049936137,9.966992921106));
#3682 = CARTESIAN_POINT('',(2.695782400491,9.975209244761));
#3683 = CARTESIAN_POINT('',(2.708574599556,9.983271648639));
#3684 = CARTESIAN_POINT('',(2.721426442939,9.991169777626));
#3685 = CARTESIAN_POINT('',(2.739179666497,10.001789599248));
#3686 = CARTESIAN_POINT('',(2.744029834875,10.004661357968));
#3687 = CARTESIAN_POINT('',(2.748888380649,10.007508014752));
#3688 = CARTESIAN_POINT('',(2.753755301837,10.010329024086));
#3689 = CARTESIAN_POINT('',(2.758630597222,10.013123840742));
#3690 = CARTESIAN_POINT('',(2.763514266352,10.01589191992));
#3691 = CARTESIAN_POINT('',(2.768406309547,10.018632717385));
#3692 = CARTESIAN_POINT('',(2.773306727901,10.021345689602));
#3693 = CARTESIAN_POINT('',(2.778215523285,10.024030293877));
#3694 = CARTESIAN_POINT('',(2.791737754721,10.03133345407));
#3695 = CARTESIAN_POINT('',(2.800369069348,10.03589268496));
#3696 = CARTESIAN_POINT('',(2.80902053842,10.04035763928));
#3697 = CARTESIAN_POINT('',(2.817714146673,10.04473685298));
#3698 = CARTESIAN_POINT('',(2.826426639112,10.049014972814));
#3699 = CARTESIAN_POINT('',(2.835161343726,10.053190969309));
#3700 = CARTESIAN_POINT('',(2.843929431695,10.057267991907));
#3701 = CARTESIAN_POINT('',(2.852715565031,10.06123509592));
#3702 = CARTESIAN_POINT('',(2.861526686874,10.065093408567));
#3703 = CARTESIAN_POINT('',(2.896858566322,10.080074611064));
#3704 = CARTESIAN_POINT('',(2.923556562918,10.090294940664));
#3705 = CARTESIAN_POINT('',(2.95042945684,10.099418048093));
#3706 = CARTESIAN_POINT('',(2.977454193194,10.107371258614));
#3707 = CARTESIAN_POINT('',(3.004608651249,10.114091584805));
#3708 = CARTESIAN_POINT('',(3.031871443807,10.11952643871));
#3709 = CARTESIAN_POINT('',(3.059221716574,10.123634343998));
#3710 = CARTESIAN_POINT('',(3.086638947535,10.126385648115));
#3711 = CARTESIAN_POINT('',(3.114102746323,10.127763234441));
#3712 = CARTESIAN_POINT('',(3.14159265359,10.127763234441));
#3713 = ( GEOMETRIC_REPRESENTATION_CONTEXT(2) 
PARAMETRIC_REPRESENTATION_CONTEXT() REPRESENTATION_CONTEXT('2D SPACE',''
  ) );
#3714 = ORIENTED_EDGE('',*,*,#3715,.F.);
#3715 = EDGE_CURVE('',#3716,#3100,#3718,.T.);
#3716 = VERTEX_POINT('',#3717);
#3717 = CARTESIAN_POINT('',(55.,-3.429011037613E-15,264.5));
#3718 = SEAM_CURVE('',#3719,(#3723,#3730),.PCURVE_S1.);
#3719 = LINE('',#3720,#3721);
#3720 = CARTESIAN_POINT('',(55.,-1.347111479062E-14,233.));
#3721 = VECTOR('',#3722,1.);
#3722 = DIRECTION('',(0.,0.,1.));
#3723 = PCURVE('',#3082,#3724);
#3724 = DEFINITIONAL_REPRESENTATION('',(#3725),#3729);
#3725 = LINE('',#3726,#3727);
#3726 = CARTESIAN_POINT('',(6.28318530718,-0.));
#3727 = VECTOR('',#3728,1.);
#3728 = DIRECTION('',(0.,1.));
#3729 = ( GEOMETRIC_REPRESENTATION_CONTEXT(2) 
PARAMETRIC_REPRESENTATION_CONTEXT() REPRESENTATION_CONTEXT('2D SPACE',''
  ) );
#3730 = PCURVE('',#3384,#3731);
#3731 = DEFINITIONAL_REPRESENTATION('',(#3732),#3736);
#3732 = LINE('',#3733,#3734);
#3733 = CARTESIAN_POINT('',(45.5,-1.347111479062E-14));
#3734 = VECTOR('',#3735,1.);
#3735 = DIRECTION('',(-1.,0.));
#3736 = ( GEOMETRIC_REPRESENTATION_CONTEXT(2) 
PARAMETRIC_REPRESENTATION_CONTEXT() REPRESENTATION_CONTEXT('2D SPACE',''
  ) );
#3737 = ORIENTED_EDGE('',*,*,#3738,.F.);
#3738 = EDGE_CURVE('',#3066,#3716,#3739,.T.);
#3739 = SEAM_CURVE('',#3740,(#3744,#3751),.PCURVE_S1.);
#3740 = LINE('',#3741,#3742);
#3741 = CARTESIAN_POINT('',(55.,-1.347111479062E-14,233.));
#3742 = VECTOR('',#3743,1.);
#3743 = DIRECTION('',(0.,0.,1.));
#3744 = PCURVE('',#3082,#3745);
#3745 = DEFINITIONAL_REPRESENTATION('',(#3746),#3750);
#3746 = LINE('',#3747,#3748);
#3747 = CARTESIAN_POINT('',(6.28318530718,-0.));
#3748 = VECTOR('',#3749,1.);
#3749 = DIRECTION('',(0.,1.));
#3750 = ( GEOMETRIC_REPRESENTATION_CONTEXT(2) 
PARAMETRIC_REPRESENTATION_CONTEXT() REPRESENTATION_CONTEXT('2D SPACE',''
  ) );
#3751 = PCURVE('',#3082,#3752);
#3752 = DEFINITIONAL_REPRESENTATION('',(#3753),#3757);
#3753 = LINE('',#3754,#3755);
#3754 = CARTESIAN_POINT('',(0.,-0.));
#3755 = VECTOR('',#3756,1.);
#3756 = DIRECTION('',(0.,1.));
#3757 = ( GEOMETRIC_REPRESENTATION_CONTEXT(2) 
PARAMETRIC_REPRESENTATION_CONTEXT() REPRESENTATION_CONTEXT('2D SPACE',''
  ) );
#3758 = ORIENTED_EDGE('',*,*,#3065,.T.);
#3759 = ORIENTED_EDGE('',*,*,#3738,.T.);
#3760 = ORIENTED_EDGE('',*,*,#3715,.T.);
#3761 = FACE_BOUND('',#3762,.T.);
#3762 = EDGE_LOOP('',(#3763,#4134));
#3763 = ORIENTED_EDGE('',*,*,#3764,.T.);
#3764 = EDGE_CURVE('',#3765,#3767,#3769,.T.);
#3765 = VERTEX_POINT('',#3766);
#3766 = CARTESIAN_POINT('',(-55.,-2.32682891838E-15,269.));
#3767 = VERTEX_POINT('',#3768);
#3768 = CARTESIAN_POINT('',(-55.,-2.009218887647E-10,288.));
#3769 = SURFACE_CURVE('',#3770,(#3873,#3979),.PCURVE_S1.);
#3770 = B_SPLINE_CURVE_WITH_KNOTS('',6,(#3771,#3772,#3773,#3774,#3775,
    #3776,#3777,#3778,#3779,#3780,#3781,#3782,#3783,#3784,#3785,#3786,
    #3787,#3788,#3789,#3790,#3791,#3792,#3793,#3794,#3795,#3796,#3797,
    #3798,#3799,#3800,#3801,#3802,#3803,#3804,#3805,#3806,#3807,#3808,
    #3809,#3810,#3811,#3812,#3813,#3814,#3815,#3816,#3817,#3818,#3819,
    #3820,#3821,#3822,#3823,#3824,#3825,#3826,#3827,#3828,#3829,#3830,
    #3831,#3832,#3833,#3834,#3835,#3836,#3837,#3838,#3839,#3840,#3841,
    #3842,#3843,#3844,#3845,#3846,#3847,#3848,#3849,#3850,#3851,#3852,
    #3853,#3854,#3855,#3856,#3857,#3858,#3859,#3860,#3861,#3862,#3863,
    #3864,#3865,#3866,#3867,#3868,#3869,#3870,#3871,#3872),
  .UNSPECIFIED.,.T.,.F.,(7,5,5,5,5,5,5,5,5,5,5,5,5,5,5,5,5,5,5,5,7),(0.,
    4.600574087031E-02,7.632644066333E-02,0.11615088507,0.149688270804,
    0.250082532684,0.323172974015,0.383987173102,0.423800122182,
    0.469257968121,0.500071583531,0.530885311776,0.576343268603,
    0.616156314062,0.649684100392,0.750049627608,0.823119149964,
    0.883915943619,0.923717497965,0.95402076966,1.),.UNSPECIFIED.);
#3771 = CARTESIAN_POINT('',(-55.,1.7763568394E-15,269.));
#3772 = CARTESIAN_POINT('',(-55.,0.558289397112,269.));
#3773 = CARTESIAN_POINT('',(-54.99319964736,1.115352535291,
    269.03937115159));
#3774 = CARTESIAN_POINT('',(-54.9796543364,1.66525885322,269.11778812559
    ));
#3775 = CARTESIAN_POINT('',(-54.95989721171,2.202179912194,
    269.23336679825));
#3776 = CARTESIAN_POINT('',(-54.93490763512,2.720683977851,
    269.38270913254));
#3777 = CARTESIAN_POINT('',(-54.88677260235,3.54247555587,
    269.67836548781));
#3778 = CARTESIAN_POINT('',(-54.86587465015,3.859355257951,
    269.80852793521));
#3779 = CARTESIAN_POINT('',(-54.84348347263,4.166155210624,
    269.95040030545));
#3780 = CARTESIAN_POINT('',(-54.81988864189,4.462453585668,
    270.10296858647));
#3781 = CARTESIAN_POINT('',(-54.79537627724,4.747909039532,
    270.26520648375));
#3782 = CARTESIAN_POINT('',(-54.73717661844,5.382604921694,
    270.66049881908));
#3783 = CARTESIAN_POINT('',(-54.70301086964,5.723910735999,
    270.89988392662));
#3784 = CARTESIAN_POINT('',(-54.66827584358,6.046260763512,271.152326635
    ));
#3785 = CARTESIAN_POINT('',(-54.63346015309,6.349856992093,
    271.41614795139));
#3786 = CARTESIAN_POINT('',(-54.59898723185,6.634984367237,
    271.6898637958));
#3787 = CARTESIAN_POINT('',(-54.53677536352,7.126815214798,
    272.20988296562));
#3788 = CARTESIAN_POINT('',(-54.50882583281,7.338847003755,
    272.45374847267));
#3789 = CARTESIAN_POINT('',(-54.4815730206,7.538327260976,
    272.70304747641));
#3790 = CARTESIAN_POINT('',(-54.45519381536,7.725506182404,
    272.95715798649));
#3791 = CARTESIAN_POINT('',(-54.42983874898,7.900626943991,
    273.21554084702));
#3792 = CARTESIAN_POINT('',(-54.33318030428,8.552761421895,
    274.26263190027));
#3793 = CARTESIAN_POINT('',(-54.27100911023,8.935874013662,
    275.0820646383));
#3794 = CARTESIAN_POINT('',(-54.22261725692,9.218949644705,
    275.92316462928));
#3795 = CARTESIAN_POINT('',(-54.189774666,9.406243870632,276.77748227396
    ));
#3796 = CARTESIAN_POINT('',(-54.17333292312,9.5,277.63846490393));
#3797 = CARTESIAN_POINT('',(-54.17333292312,9.5,279.12722688742));
#3798 = CARTESIAN_POINT('',(-54.18204753269,9.450305425954,
    279.75434811853));
#3799 = CARTESIAN_POINT('',(-54.19947085992,9.350949117651,
    280.3788596638));
#3800 = CARTESIAN_POINT('',(-54.22535619568,9.201331221419,
    280.99820463187));
#3801 = CARTESIAN_POINT('',(-54.25920140181,9.000295346773,
    281.60940690783));
#3802 = CARTESIAN_POINT('',(-54.33418970708,8.534734636012,
    282.70733260116));
#3803 = CARTESIAN_POINT('',(-54.37315098724,8.286552770161,
    283.19770072045));
#3804 = CARTESIAN_POINT('',(-54.41652598905,8.000591517433,
    283.67782769201));
#3805 = CARTESIAN_POINT('',(-54.46365471927,7.675507174159,
    284.14522370098));
#3806 = CARTESIAN_POINT('',(-54.51362934918,7.309801583028,
    284.59664316065));
#3807 = CARTESIAN_POINT('',(-54.59898723245,6.634984362495,
    285.3101362092));
#3808 = CARTESIAN_POINT('',(-54.63346015212,6.349857000913,
    285.58385204122));
#3809 = CARTESIAN_POINT('',(-54.66827584358,6.046260762708,
    285.84767336454));
#3810 = CARTESIAN_POINT('',(-54.7030108706,5.723910726798,
    286.10011608054));
#3811 = CARTESIAN_POINT('',(-54.73717661785,5.382604928163,
    286.33950117688));
#3812 = CARTESIAN_POINT('',(-54.8079465083,4.610824492003,286.8201705802
    ));
#3813 = CARTESIAN_POINT('',(-54.84428250141,4.173773412972,
    287.05740678528));
#3814 = CARTESIAN_POINT('',(-54.87824848034,3.712394143996,
    287.27166996403));
#3815 = CARTESIAN_POINT('',(-54.90881015804,3.228464350197,
    287.45927652448));
#3816 = CARTESIAN_POINT('',(-54.9349751558,2.72421475849,287.61682666592
    ));
#3817 = CARTESIAN_POINT('',(-54.97006815319,1.848505530713,
    287.82551876226));
#3818 = CARTESIAN_POINT('',(-54.98181999479,1.486948919526,
    287.89450597681));
#3819 = CARTESIAN_POINT('',(-54.99085076598,1.119405104942,
    287.9470345369));
#3820 = CARTESIAN_POINT('',(-54.99694891395,0.747763957507,
    287.9823337569));
#3821 = CARTESIAN_POINT('',(-55.,0.373974883319,288.));
#3822 = CARTESIAN_POINT('',(-55.,-0.373976252757,288.));
#3823 = CARTESIAN_POINT('',(-54.99694889149,-0.747765319104,
    287.98233362756));
#3824 = CARTESIAN_POINT('',(-54.99085074137,-1.119405781041,
    287.94703439271));
#3825 = CARTESIAN_POINT('',(-54.98181999137,-1.48694883419,
    287.89450595513));
#3826 = CARTESIAN_POINT('',(-54.97006817052,-1.848505098266,
    287.82551886532));
#3827 = CARTESIAN_POINT('',(-54.93497515581,-2.72421475841,
    287.61682666594));
#3828 = CARTESIAN_POINT('',(-54.90881015805,-3.228464350093,
    287.45927652455));
#3829 = CARTESIAN_POINT('',(-54.87824848032,-3.712394144159,
    287.27166996395));
#3830 = CARTESIAN_POINT('',(-54.84428250139,-4.173773413164,
    287.05740678516));
#3831 = CARTESIAN_POINT('',(-54.80794650832,-4.610824491758,
    286.82017058036));
#3832 = CARTESIAN_POINT('',(-54.73717661844,-5.3826049217,
    286.33950118091));
#3833 = CARTESIAN_POINT('',(-54.70301086964,-5.723910735997,
    286.10011607337));
#3834 = CARTESIAN_POINT('',(-54.66827584358,-6.046260763507,
    285.847673365));
#3835 = CARTESIAN_POINT('',(-54.63346015309,-6.349856992091,
    285.58385204861));
#3836 = CARTESIAN_POINT('',(-54.59898723185,-6.634984367242,
    285.31013620418));
#3837 = CARTESIAN_POINT('',(-54.53677536352,-7.126815214798,
    284.79011703438));
#3838 = CARTESIAN_POINT('',(-54.50882583281,-7.338847003755,
    284.54625152732));
#3839 = CARTESIAN_POINT('',(-54.4815730206,-7.538327260976,
    284.29695252358));
#3840 = CARTESIAN_POINT('',(-54.45519381536,-7.725506182404,
    284.0428420135));
#3841 = CARTESIAN_POINT('',(-54.42983874898,-7.900626943991,
    283.78445915297));
#3842 = CARTESIAN_POINT('',(-54.33318030343,-8.552761427625,
    282.73736809052));
#3843 = CARTESIAN_POINT('',(-54.27100911225,-8.935874000211,
    281.91793539216));
#3844 = CARTESIAN_POINT('',(-54.22261725494,-9.218949657737,
    281.07683532697));
#3845 = CARTESIAN_POINT('',(-54.18977466677,-9.40624386559,
    280.22251775751));
#3846 = CARTESIAN_POINT('',(-54.17333292312,-9.5,279.36153508617));
#3847 = CARTESIAN_POINT('',(-54.17333292312,-9.5,277.87277311257));
#3848 = CARTESIAN_POINT('',(-54.18204753269,-9.450305425955,
    277.24565188146));
#3849 = CARTESIAN_POINT('',(-54.19947085992,-9.350949117651,
    276.62114033619));
#3850 = CARTESIAN_POINT('',(-54.22535619568,-9.201331221419,
    276.00179536812));
#3851 = CARTESIAN_POINT('',(-54.25920140181,-9.000295346773,
    275.39059309216));
#3852 = CARTESIAN_POINT('',(-54.33418970708,-8.534734636012,
    274.29266739883));
#3853 = CARTESIAN_POINT('',(-54.37315098724,-8.286552770161,
    273.80229927954));
#3854 = CARTESIAN_POINT('',(-54.41652598905,-8.000591517433,
    273.32217230798));
#3855 = CARTESIAN_POINT('',(-54.46365471927,-7.67550717416,
    272.85477629901));
#3856 = CARTESIAN_POINT('',(-54.51362934918,-7.309801583028,
    272.40335683934));
#3857 = CARTESIAN_POINT('',(-54.59898723245,-6.634984362496,
    271.68986379079));
#3858 = CARTESIAN_POINT('',(-54.63346015212,-6.349857000913,
    271.41614795877));
#3859 = CARTESIAN_POINT('',(-54.66827584358,-6.046260762708,
    271.15232663545));
#3860 = CARTESIAN_POINT('',(-54.7030108706,-5.723910726798,
    270.89988391945));
#3861 = CARTESIAN_POINT('',(-54.73717661785,-5.382604928163,
    270.66049882311));
#3862 = CARTESIAN_POINT('',(-54.79537627724,-4.747909039532,
    270.26520648375));
#3863 = CARTESIAN_POINT('',(-54.81988864189,-4.462453585668,
    270.10296858647));
#3864 = CARTESIAN_POINT('',(-54.84348347263,-4.166155210624,
    269.95040030545));
#3865 = CARTESIAN_POINT('',(-54.86587465015,-3.859355257951,
    269.80852793521));
#3866 = CARTESIAN_POINT('',(-54.88677260235,-3.54247555587,
    269.67836548781));
#3867 = CARTESIAN_POINT('',(-54.93490759297,-2.720684697423,
    269.38270939143));
#3868 = CARTESIAN_POINT('',(-54.9598972068,-2.202180262776,
    269.23336681564));
#3869 = CARTESIAN_POINT('',(-54.97965438249,-1.665258133408,
    269.11778785649));
#3870 = CARTESIAN_POINT('',(-54.99319969454,-1.1153507471,
    269.03937087904));
#3871 = CARTESIAN_POINT('',(-55.,-0.558287460984,269.));
#3872 = CARTESIAN_POINT('',(-55.,1.7763568394E-15,269.));
#3873 = PCURVE('',#3082,#3874);
#3874 = DEFINITIONAL_REPRESENTATION('',(#3875),#3978);
#3875 = B_SPLINE_CURVE_WITH_KNOTS('',6,(#3876,#3877,#3878,#3879,#3880,
    #3881,#3882,#3883,#3884,#3885,#3886,#3887,#3888,#3889,#3890,#3891,
    #3892,#3893,#3894,#3895,#3896,#3897,#3898,#3899,#3900,#3901,#3902,
    #3903,#3904,#3905,#3906,#3907,#3908,#3909,#3910,#3911,#3912,#3913,
    #3914,#3915,#3916,#3917,#3918,#3919,#3920,#3921,#3922,#3923,#3924,
    #3925,#3926,#3927,#3928,#3929,#3930,#3931,#3932,#3933,#3934,#3935,
    #3936,#3937,#3938,#3939,#3940,#3941,#3942,#3943,#3944,#3945,#3946,
    #3947,#3948,#3949,#3950,#3951,#3952,#3953,#3954,#3955,#3956,#3957,
    #3958,#3959,#3960,#3961,#3962,#3963,#3964,#3965,#3966,#3967,#3968,
    #3969,#3970,#3971,#3972,#3973,#3974,#3975,#3976,#3977),
  .UNSPECIFIED.,.T.,.F.,(7,5,5,5,5,5,5,5,5,5,5,5,5,5,5,5,5,5,5,5,7),(0.,
    4.600574087031E-02,7.632644066333E-02,0.11615088507,0.149688270804,
    0.250082532684,0.323172974015,0.383987173102,0.423800122182,
    0.469257968121,0.500071583531,0.530885311776,0.576343268603,
    0.616156314062,0.649684100392,0.750049627608,0.823119149964,
    0.883915943619,0.923717497965,0.95402076966,1.),.UNSPECIFIED.);
#3876 = CARTESIAN_POINT('',(3.14159265359,36.));
#3877 = CARTESIAN_POINT('',(3.131441937279,36.));
#3878 = CARTESIAN_POINT('',(3.121313515724,36.039371151597));
#3879 = CARTESIAN_POINT('',(3.11131334077,36.11778812559));
#3880 = CARTESIAN_POINT('',(3.101545520649,36.233366798251));
#3881 = CARTESIAN_POINT('',(3.092107735875,36.382709132549));
#3882 = CARTESIAN_POINT('',(3.077140461611,36.678365487816));
#3883 = CARTESIAN_POINT('',(3.071366653123,36.808527935219));
#3884 = CARTESIAN_POINT('',(3.065773832151,36.950400305459));
#3885 = CARTESIAN_POINT('',(3.060369697231,37.102968586475));
#3886 = CARTESIAN_POINT('',(3.055160584448,37.265206483758));
#3887 = CARTESIAN_POINT('',(3.043572245152,37.660498819085));
#3888 = CARTESIAN_POINT('',(3.037335886616,37.899883926623));
#3889 = CARTESIAN_POINT('',(3.031441282354,38.152326635));
#3890 = CARTESIAN_POINT('',(3.025885338156,38.416147951393));
#3891 = CARTESIAN_POINT('',(3.020663530877,38.689863795807));
#3892 = CARTESIAN_POINT('',(3.011649897509,39.20988296562));
#3893 = CARTESIAN_POINT('',(3.007761478402,39.453748472674));
#3894 = CARTESIAN_POINT('',(3.004100929396,39.703047476413));
#3895 = CARTESIAN_POINT('',(3.000664084172,39.957157986497));
#3896 = CARTESIAN_POINT('',(2.997446888467,40.215540847022));
#3897 = CARTESIAN_POINT('',(2.985460363909,41.262631900278));
#3898 = CARTESIAN_POINT('',(2.9784042175,42.082064638305));
#3899 = CARTESIAN_POINT('',(2.973182726761,42.923164629289));
#3900 = CARTESIAN_POINT('',(2.969725437505,43.777482273967));
#3901 = CARTESIAN_POINT('',(2.967994762829,44.63846490393));
#3902 = CARTESIAN_POINT('',(2.967994762829,46.127226887422));
#3903 = CARTESIAN_POINT('',(2.968912088599,46.754348118539));
#3904 = CARTESIAN_POINT('',(2.970746131421,47.378859663803));
#3905 = CARTESIAN_POINT('',(2.973506865765,47.998204631872));
#3906 = CARTESIAN_POINT('',(2.977213408562,48.609406907838));
#3907 = CARTESIAN_POINT('',(2.985787249642,49.707332601169));
#3908 = CARTESIAN_POINT('',(2.990354870467,50.197700720452));
#3909 = CARTESIAN_POINT('',(2.995613537622,50.677827692018));
#3910 = CARTESIAN_POINT('',(3.001585702314,51.145223700987));
#3911 = CARTESIAN_POINT('',(3.00829636236,51.596643160657));
#3912 = CARTESIAN_POINT('',(3.020663530964,52.310136209207));
#3913 = CARTESIAN_POINT('',(3.025885337994,52.583852041227));
#3914 = CARTESIAN_POINT('',(3.031441282368,52.847673364545));
#3915 = CARTESIAN_POINT('',(3.037335886784,53.100116080544));
#3916 = CARTESIAN_POINT('',(3.043572245034,53.339501176886));
#3917 = CARTESIAN_POINT('',(3.057663487482,53.820170580208));
#3918 = CARTESIAN_POINT('',(3.065637004022,54.057406785284));
#3919 = CARTESIAN_POINT('',(3.074047812708,54.271669964035));
#3920 = CARTESIAN_POINT('',(3.082863286499,54.459276524485));
#3921 = CARTESIAN_POINT('',(3.092043151809,54.616826665928));
#3922 = CARTESIAN_POINT('',(3.107977917275,54.825518762268));
#3923 = CARTESIAN_POINT('',(3.114554958042,54.894505976815));
#3924 = CARTESIAN_POINT('',(3.121239266586,54.9470345369));
#3925 = CARTESIAN_POINT('',(3.127996945946,54.982333756907));
#3926 = CARTESIAN_POINT('',(3.134793110257,55.));
#3927 = CARTESIAN_POINT('',(3.148392221822,55.));
#3928 = CARTESIAN_POINT('',(3.15518838599,54.982333627561));
#3929 = CARTESIAN_POINT('',(3.161946052891,54.947034392716));
#3930 = CARTESIAN_POINT('',(3.168630347591,54.894505955139));
#3931 = CARTESIAN_POINT('',(3.175207382036,54.825518865325));
#3932 = CARTESIAN_POINT('',(3.191142155369,54.616826665947));
#3933 = CARTESIAN_POINT('',(3.200322020679,54.459276524559));
#3934 = CARTESIAN_POINT('',(3.209137494474,54.271669963949));
#3935 = CARTESIAN_POINT('',(3.217548303161,54.057406785165));
#3936 = CARTESIAN_POINT('',(3.225521819693,53.82017058036));
#3937 = CARTESIAN_POINT('',(3.239613062027,53.339501180911));
#3938 = CARTESIAN_POINT('',(3.245849420564,53.100116073377));
#3939 = CARTESIAN_POINT('',(3.251744024826,52.847673365004));
#3940 = CARTESIAN_POINT('',(3.257299969024,52.58385204861));
#3941 = CARTESIAN_POINT('',(3.262521776302,52.310136204189));
#3942 = CARTESIAN_POINT('',(3.271535409671,51.79011703438));
#3943 = CARTESIAN_POINT('',(3.275423828777,51.546251527325));
#3944 = CARTESIAN_POINT('',(3.279084377784,51.296952523587));
#3945 = CARTESIAN_POINT('',(3.282521223007,51.042842013503));
#3946 = CARTESIAN_POINT('',(3.285738418713,50.784459152979));
#3947 = CARTESIAN_POINT('',(3.297724943376,49.737368090522));
#3948 = CARTESIAN_POINT('',(3.304781089432,48.917935392166));
#3949 = CARTESIAN_POINT('',(3.310002580659,48.076835326977));
#3950 = CARTESIAN_POINT('',(3.313459869581,47.222517757518));
#3951 = CARTESIAN_POINT('',(3.315190544351,46.361535086171));
#3952 = CARTESIAN_POINT('',(3.315190544351,44.872773112578));
#3953 = CARTESIAN_POINT('',(3.31427321858,44.245651881461));
#3954 = CARTESIAN_POINT('',(3.312439175759,43.621140336197));
#3955 = CARTESIAN_POINT('',(3.309678441415,43.001795368128));
#3956 = CARTESIAN_POINT('',(3.305971898617,42.390593092162));
#3957 = CARTESIAN_POINT('',(3.297398057538,41.29266739883));
#3958 = CARTESIAN_POINT('',(3.292830436713,40.802299279548));
#3959 = CARTESIAN_POINT('',(3.287571769558,40.322172307982));
#3960 = CARTESIAN_POINT('',(3.281599604866,39.854776299013));
#3961 = CARTESIAN_POINT('',(3.27488894482,39.403356839343));
#3962 = CARTESIAN_POINT('',(3.262521776215,38.689863790794));
#3963 = CARTESIAN_POINT('',(3.257299969185,38.416147958773));
#3964 = CARTESIAN_POINT('',(3.251744024811,38.152326635455));
#3965 = CARTESIAN_POINT('',(3.245849420396,37.899883919456));
#3966 = CARTESIAN_POINT('',(3.239613062145,37.660498823114));
#3967 = CARTESIAN_POINT('',(3.228024722731,37.265206483758));
#3968 = CARTESIAN_POINT('',(3.222815609948,37.102968586475));
#3969 = CARTESIAN_POINT('',(3.217411475028,36.950400305459));
#3970 = CARTESIAN_POINT('',(3.211818654057,36.808527935219));
#3971 = CARTESIAN_POINT('',(3.206044845568,36.678365487816));
#3972 = CARTESIAN_POINT('',(3.191077584411,36.38270939143));
#3973 = CARTESIAN_POINT('',(3.181639792899,36.233366815646));
#3974 = CARTESIAN_POINT('',(3.171871953302,36.117787856499));
#3975 = CARTESIAN_POINT('',(3.161871758943,36.039370879046));
#3976 = CARTESIAN_POINT('',(3.151743334699,36.));
#3977 = CARTESIAN_POINT('',(3.14159265359,36.));
#3978 = ( GEOMETRIC_REPRESENTATION_CONTEXT(2) 
PARAMETRIC_REPRESENTATION_CONTEXT() REPRESENTATION_CONTEXT('2D SPACE',''
  ) );
#3979 = PCURVE('',#3980,#3985);
#3980 = CYLINDRICAL_SURFACE('',#3981,9.5);
#3981 = AXIS2_PLACEMENT_3D('',#3982,#3983,#3984);
#3982 = CARTESIAN_POINT('',(-55.,0.,278.5));
#3983 = DIRECTION('',(1.,0.,2.22044604925E-16));
#3984 = DIRECTION('',(2.22044604925E-16,0.,-1.));
#3985 = DEFINITIONAL_REPRESENTATION('',(#3986),#4133);
#3986 = B_SPLINE_CURVE_WITH_KNOTS('',10,(#3987,#3988,#3989,#3990,#3991,
    #3992,#3993,#3994,#3995,#3996,#3997,#3998,#3999,#4000,#4001,#4002,
    #4003,#4004,#4005,#4006,#4007,#4008,#4009,#4010,#4011,#4012,#4013,
    #4014,#4015,#4016,#4017,#4018,#4019,#4020,#4021,#4022,#4023,#4024,
    #4025,#4026,#4027,#4028,#4029,#4030,#4031,#4032,#4033,#4034,#4035,
    #4036,#4037,#4038,#4039,#4040,#4041,#4042,#4043,#4044,#4045,#4046,
    #4047,#4048,#4049,#4050,#4051,#4052,#4053,#4054,#4055,#4056,#4057,
    #4058,#4059,#4060,#4061,#4062,#4063,#4064,#4065,#4066,#4067,#4068,
    #4069,#4070,#4071,#4072,#4073,#4074,#4075,#4076,#4077,#4078,#4079,
    #4080,#4081,#4082,#4083,#4084,#4085,#4086,#4087,#4088,#4089,#4090,
    #4091,#4092,#4093,#4094,#4095,#4096,#4097,#4098,#4099,#4100,#4101,
    #4102,#4103,#4104,#4105,#4106,#4107,#4108,#4109,#4110,#4111,#4112,
    #4113,#4114,#4115,#4116,#4117,#4118,#4119,#4120,#4121,#4122,#4123,
    #4124,#4125,#4126,#4127,#4128,#4129,#4130,#4131,#4132),
  .UNSPECIFIED.,.F.,.F.,(11,9,9,9,9,9,9,9,9,9,9,9,9,9,9,9,11),(0.,
    3.12544739707E-02,4.590500864446E-02,7.429041957488E-02,
    0.100901742322,0.125849857398,0.149238715281,0.236946932344,
    0.269837513742,0.327396031189,0.370564919275,0.402941585339,
    0.415082835113,0.425706428665,0.462889006098,0.472184650456,
    0.500071583531),.UNSPECIFIED.);
#3987 = CARTESIAN_POINT('',(1.869849304632E-16,-7.105427357601E-15));
#3988 = CARTESIAN_POINT('',(2.395450439566E-02,-7.105427357601E-15));
#3989 = CARTESIAN_POINT('',(4.788915039221E-02,1.046101200813E-03));
#3990 = CARTESIAN_POINT('',(7.179040729941E-02,3.135627215574E-03));
#3991 = CARTESIAN_POINT('',(9.564478368936E-02,6.258353299558E-03));
#3992 = CARTESIAN_POINT('',(0.119438726639,1.039683197738E-02));
#3993 = CARTESIAN_POINT('',(0.143158520973,1.552671867012E-02));
#3994 = CARTESIAN_POINT('',(0.166790188507,2.161709732256E-02));
#3995 = CARTESIAN_POINT('',(0.190319387288,2.863080603026E-02));
#3996 = CARTESIAN_POINT('',(0.21373131084,3.652476266677E-02));
#3997 = CARTESIAN_POINT('',(0.247922748293,4.93403816877E-02));
#3998 = CARTESIAN_POINT('',(0.258805763164,5.361320968896E-02));
#3999 = CARTESIAN_POINT('',(0.269658048742,5.806378577644E-02));
#4000 = CARTESIAN_POINT('',(0.280477994496,6.268686163074E-02));
#4001 = CARTESIAN_POINT('',(0.291263960313,6.747694393285E-02));
#4002 = CARTESIAN_POINT('',(0.302014274177,7.242830894574E-02));
#4003 = CARTESIAN_POINT('',(0.31272722985,7.753501709602E-02));
#4004 = CARTESIAN_POINT('',(0.323401084542,8.279092755551E-02));
#4005 = CARTESIAN_POINT('',(0.334034056596,8.81897128229E-02));
#4006 = CARTESIAN_POINT('',(0.365142964629,0.10444924674));
#4007 = CARTESIAN_POINT('',(0.385514286108,0.115692324984));
#4008 = CARTESIAN_POINT('',(0.405745954756,0.127419252969));
#4009 = CARTESIAN_POINT('',(0.425829840272,0.139586691939));
#4010 = CARTESIAN_POINT('',(0.445767782392,0.152156437308));
#4011 = CARTESIAN_POINT('',(0.465563450406,0.16509133748));
#4012 = CARTESIAN_POINT('',(0.48521417468,0.17835119932));
#4013 = CARTESIAN_POINT('',(0.504715646805,0.191895412388));
#4014 = CARTESIAN_POINT('',(0.524071401712,0.20568807052));
#4015 = CARTESIAN_POINT('',(0.561284208651,0.232817614358));
#4016 = CARTESIAN_POINT('',(0.579158562518,0.246128502573));
#4017 = CARTESIAN_POINT('',(0.596904719328,0.259595422773));
#4018 = CARTESIAN_POINT('',(0.614525956509,0.273191449755));
#4019 = CARTESIAN_POINT('',(0.632025260936,0.286890444086));
#4020 = CARTESIAN_POINT('',(0.649405406931,0.300667105478));
#4021 = CARTESIAN_POINT('',(0.666669034264,0.314497026162));
#4022 = CARTESIAN_POINT('',(0.683818726153,0.328356744264));
#4023 = CARTESIAN_POINT('',(0.700857087264,0.34222379718));
#4024 = CARTESIAN_POINT('',(0.733658447757,0.36906394161));
#4025 = CARTESIAN_POINT('',(0.749434820029,0.382038915568));
#4026 = CARTESIAN_POINT('',(0.76511618553,0.394982459552));
#4027 = CARTESIAN_POINT('',(0.780708908974,0.407881049644));
#4028 = CARTESIAN_POINT('',(0.79621156301,0.420715568676));
#4029 = CARTESIAN_POINT('',(0.811623515418,0.433468339413));
#4030 = CARTESIAN_POINT('',(0.826950567403,0.44612768704));
#4031 = CARTESIAN_POINT('',(0.842199155569,0.458683120985));
#4032 = CARTESIAN_POINT('',(0.857367588524,0.47111812671));
#4033 = CARTESIAN_POINT('',(0.886608646566,0.49495583224));
#4034 = CARTESIAN_POINT('',(0.900690351991,0.506374345011));
#4035 = CARTESIAN_POINT('',(0.914706872331,0.517666738651));
#4036 = CARTESIAN_POINT('',(0.928660178306,0.52882322037));
#4037 = CARTESIAN_POINT('',(0.942552211878,0.53983445174));
#4038 = CARTESIAN_POINT('',(0.956384895309,0.550691537594));
#4039 = CARTESIAN_POINT('',(0.970160140224,0.561386014917));
#4040 = CARTESIAN_POINT('',(0.983879856675,0.571909841743));
#4041 = CARTESIAN_POINT('',(0.997545962199,0.582255386047));
#4042 = CARTESIAN_POINT('',(1.062214498455,0.630515521889));
#4043 = CARTESIAN_POINT('',(1.112550676288,0.666013475348));
#4044 = CARTESIAN_POINT('',(1.162268305193,0.698523701292));
#4045 = CARTESIAN_POINT('',(1.211444537098,0.727721104869));
#4046 = CARTESIAN_POINT('',(1.260162243263,0.753350481341));
#4047 = CARTESIAN_POINT('',(1.308503470124,0.775212126779));
#4048 = CARTESIAN_POINT('',(1.356542327584,0.793148885716));
#4049 = CARTESIAN_POINT('',(1.404350426818,0.807044254825));
#4050 = CARTESIAN_POINT('',(1.452007176877,0.816825543301));
#4051 = CARTESIAN_POINT('',(1.517428665892,0.824559820547));
#4052 = CARTESIAN_POINT('',(1.535259733877,0.826084748167));
#4053 = CARTESIAN_POINT('',(1.553087499342,0.82702284032));
#4054 = CARTESIAN_POINT('',(1.570895260229,0.82737369313));
#4055 = CARTESIAN_POINT('',(1.588749149581,0.827134531122));
#4056 = CARTESIAN_POINT('',(1.606545789633,0.826306711911));
#4057 = CARTESIAN_POINT('',(1.6243900806,0.824891710698));
#4058 = CARTESIAN_POINT('',(1.642227081113,0.822890230838));
#4059 = CARTESIAN_POINT('',(1.660082092742,0.820305181401));
#4060 = CARTESIAN_POINT('',(1.709230855215,0.811599702572));
#4061 = CARTESIAN_POINT('',(1.740561465669,0.804281806051));
#4062 = CARTESIAN_POINT('',(1.77196692449,0.795202866254));
#4063 = CARTESIAN_POINT('',(1.803467805555,0.784386622565));
#4064 = CARTESIAN_POINT('',(1.835084719851,0.771864113582));
#4065 = CARTESIAN_POINT('',(1.866838501825,0.757674240021));
#4066 = CARTESIAN_POINT('',(1.89875039574,0.741864327629));
#4067 = CARTESIAN_POINT('',(1.930842242026,0.724490690086));
#4068 = CARTESIAN_POINT('',(1.963136663638,0.705619191917));
#4069 = CARTESIAN_POINT('',(2.020047693974,0.670105776008));
#4070 = CARTESIAN_POINT('',(2.044565814672,0.654085702261));
#4071 = CARTESIAN_POINT('',(2.069222713141,0.637297019158));
#4072 = CARTESIAN_POINT('',(2.094029538117,0.619774421734));
#4073 = CARTESIAN_POINT('',(2.118997529771,0.601556208656));
#4074 = CARTESIAN_POINT('',(2.144138061058,0.582684619837));
#4075 = CARTESIAN_POINT('',(2.169462679061,0.563206174041));
#4076 = CARTESIAN_POINT('',(2.194983146336,0.543172006489));
#4077 = CARTESIAN_POINT('',(2.220711482263,0.522638206472));
#4078 = CARTESIAN_POINT('',(2.266121395974,0.485937116312));
#4079 = CARTESIAN_POINT('',(2.285706968665,0.469961292195));
#4080 = CARTESIAN_POINT('',(2.305418042568,0.453767839324));
#4081 = CARTESIAN_POINT('',(2.325280736579,0.437366999962));
#4082 = CARTESIAN_POINT('',(2.345238074486,0.420839825412));
#4083 = CARTESIAN_POINT('',(2.365406089986,0.404126456393));
#4084 = CARTESIAN_POINT('',(2.385681427346,0.387349354532));
#4085 = CARTESIAN_POINT('',(2.406131251435,0.370493768647));
#4086 = CARTESIAN_POINT('',(2.426737262296,0.35361666287));
#4087 = CARTESIAN_POINT('',(2.455298373107,0.330431305335));
#4088 = CARTESIAN_POINT('',(2.463111004785,0.324110191408));
#4089 = CARTESIAN_POINT('',(2.470947121399,0.31779337655));
#4090 = CARTESIAN_POINT('',(2.478806973007,0.311483034694));
#4091 = CARTESIAN_POINT('',(2.486690812777,0.30518138004));
#4092 = CARTESIAN_POINT('',(2.494598897148,0.298890667077));
#4093 = CARTESIAN_POINT('',(2.502531485991,0.292613190589));
#4094 = CARTESIAN_POINT('',(2.510488842781,0.286351285672));
#4095 = CARTESIAN_POINT('',(2.518471234749,0.280107327743));
#4096 = CARTESIAN_POINT('',(2.533485669076,0.268438086763));
#4097 = CARTESIAN_POINT('',(2.540511582559,0.263008175756));
#4098 = CARTESIAN_POINT('',(2.547558098907,0.2575947075));
#4099 = CARTESIAN_POINT('',(2.554622435481,0.252201498748));
#4100 = CARTESIAN_POINT('',(2.561707428489,0.24682826756));
#4101 = CARTESIAN_POINT('',(2.568814457703,0.241475834326));
#4102 = CARTESIAN_POINT('',(2.575940368773,0.236148373699));
#4103 = CARTESIAN_POINT('',(2.583083988197,0.230848617042));
#4104 = CARTESIAN_POINT('',(2.590252521236,0.22557316226));
#4105 = CARTESIAN_POINT('',(2.622608858132,0.201962305128));
#4106 = CARTESIAN_POINT('',(2.648045868328,0.183945351028));
#4107 = CARTESIAN_POINT('',(2.673745401132,0.166365291876));
#4108 = CARTESIAN_POINT('',(2.699699907132,0.149313495795));
#4109 = CARTESIAN_POINT('',(2.725902698528,0.13288199909));
#4110 = CARTESIAN_POINT('',(2.752347912366,0.117162655357));
#4111 = CARTESIAN_POINT('',(2.779030473781,0.102246284594));
#4112 = CARTESIAN_POINT('',(2.805946059236,8.822182231227E-02));
#4113 = CARTESIAN_POINT('',(2.833091059759,7.517546864698E-02));
#4114 = CARTESIAN_POINT('',(2.867305415295,6.019342967413E-02));
#4115 = CARTESIAN_POINT('',(2.874162414104,5.726332182967E-02));
#4116 = CARTESIAN_POINT('',(2.881033750455,5.440073603841E-02));
#4117 = CARTESIAN_POINT('',(2.887918737132,5.160715222756E-02));
#4118 = CARTESIAN_POINT('',(2.894817605796,4.888372801141E-02));
#4119 = CARTESIAN_POINT('',(2.901731115897,4.623144672727E-02));
#4120 = CARTESIAN_POINT('',(2.908659278043,4.365154618865E-02));
#4121 = CARTESIAN_POINT('',(2.915600513328,4.114578070022E-02));
#4122 = CARTESIAN_POINT('',(2.922552570095,3.871606887851E-02));
#4123 = CARTESIAN_POINT('',(2.950408368247,2.930411265658E-02));
#4124 = CARTESIAN_POINT('',(2.971404153784,2.293679809076E-02));
#4125 = CARTESIAN_POINT('',(2.992490674891,1.729463204064E-02));
#4126 = CARTESIAN_POINT('',(3.013655124075,1.240697312051E-02));
#4127 = CARTESIAN_POINT('',(3.03488501603,8.298850374752E-03));
#4128 = CARTESIAN_POINT('',(3.05616811596,4.990771008607E-03));
#4129 = CARTESIAN_POINT('',(3.077492367905,2.498528118975E-03));
#4130 = CARTESIAN_POINT('',(3.098845823066,8.330084252273E-04));
#4131 = CARTESIAN_POINT('',(3.120216568128,-4.644107277863E-19));
#4132 = CARTESIAN_POINT('',(3.14159265359,0.));
#4133 = ( GEOMETRIC_REPRESENTATION_CONTEXT(2) 
PARAMETRIC_REPRESENTATION_CONTEXT() REPRESENTATION_CONTEXT('2D SPACE',''
  ) );
#4134 = ORIENTED_EDGE('',*,*,#4135,.T.);
#4135 = EDGE_CURVE('',#3767,#3765,#4136,.T.);
#4136 = SURFACE_CURVE('',#4137,(#4240,#4346),.PCURVE_S1.);
#4137 = B_SPLINE_CURVE_WITH_KNOTS('',6,(#4138,#4139,#4140,#4141,#4142,
    #4143,#4144,#4145,#4146,#4147,#4148,#4149,#4150,#4151,#4152,#4153,
    #4154,#4155,#4156,#4157,#4158,#4159,#4160,#4161,#4162,#4163,#4164,
    #4165,#4166,#4167,#4168,#4169,#4170,#4171,#4172,#4173,#4174,#4175,
    #4176,#4177,#4178,#4179,#4180,#4181,#4182,#4183,#4184,#4185,#4186,
    #4187,#4188,#4189,#4190,#4191,#4192,#4193,#4194,#4195,#4196,#4197,
    #4198,#4199,#4200,#4201,#4202,#4203,#4204,#4205,#4206,#4207,#4208,
    #4209,#4210,#4211,#4212,#4213,#4214,#4215,#4216,#4217,#4218,#4219,
    #4220,#4221,#4222,#4223,#4224,#4225,#4226,#4227,#4228,#4229,#4230,
    #4231,#4232,#4233,#4234,#4235,#4236,#4237,#4238,#4239),
  .UNSPECIFIED.,.T.,.F.,(7,5,5,5,5,5,5,5,5,5,5,5,5,5,5,5,5,5,5,5,7),(0.,
    4.600574087031E-02,7.632644066333E-02,0.11615088507,0.149688270804,
    0.250082532684,0.323172974015,0.383987173102,0.423800122182,
    0.469257968121,0.500071583531,0.530885311776,0.576343268603,
    0.616156314062,0.649684100392,0.750049627608,0.823119149964,
    0.883915943619,0.923717497965,0.95402076966,1.),.UNSPECIFIED.);
#4138 = CARTESIAN_POINT('',(-55.,1.7763568394E-15,269.));
#4139 = CARTESIAN_POINT('',(-55.,0.558289397112,269.));
#4140 = CARTESIAN_POINT('',(-54.99319964736,1.115352535291,
    269.03937115159));
#4141 = CARTESIAN_POINT('',(-54.9796543364,1.66525885322,269.11778812559
    ));
#4142 = CARTESIAN_POINT('',(-54.95989721171,2.202179912194,
    269.23336679825));
#4143 = CARTESIAN_POINT('',(-54.93490763512,2.720683977851,
    269.38270913254));
#4144 = CARTESIAN_POINT('',(-54.88677260235,3.54247555587,
    269.67836548781));
#4145 = CARTESIAN_POINT('',(-54.86587465015,3.859355257951,
    269.80852793521));
#4146 = CARTESIAN_POINT('',(-54.84348347263,4.166155210624,
    269.95040030545));
#4147 = CARTESIAN_POINT('',(-54.81988864189,4.462453585668,
    270.10296858647));
#4148 = CARTESIAN_POINT('',(-54.79537627724,4.747909039532,
    270.26520648375));
#4149 = CARTESIAN_POINT('',(-54.73717661844,5.382604921694,
    270.66049881908));
#4150 = CARTESIAN_POINT('',(-54.70301086964,5.723910735999,
    270.89988392662));
#4151 = CARTESIAN_POINT('',(-54.66827584358,6.046260763512,271.152326635
    ));
#4152 = CARTESIAN_POINT('',(-54.63346015309,6.349856992093,
    271.41614795139));
#4153 = CARTESIAN_POINT('',(-54.59898723185,6.634984367237,
    271.6898637958));
#4154 = CARTESIAN_POINT('',(-54.53677536352,7.126815214798,
    272.20988296562));
#4155 = CARTESIAN_POINT('',(-54.50882583281,7.338847003755,
    272.45374847267));
#4156 = CARTESIAN_POINT('',(-54.4815730206,7.538327260976,
    272.70304747641));
#4157 = CARTESIAN_POINT('',(-54.45519381536,7.725506182404,
    272.95715798649));
#4158 = CARTESIAN_POINT('',(-54.42983874898,7.900626943991,
    273.21554084702));
#4159 = CARTESIAN_POINT('',(-54.33318030428,8.552761421895,
    274.26263190027));
#4160 = CARTESIAN_POINT('',(-54.27100911023,8.935874013662,
    275.0820646383));
#4161 = CARTESIAN_POINT('',(-54.22261725692,9.218949644705,
    275.92316462928));
#4162 = CARTESIAN_POINT('',(-54.189774666,9.406243870632,276.77748227396
    ));
#4163 = CARTESIAN_POINT('',(-54.17333292312,9.5,277.63846490393));
#4164 = CARTESIAN_POINT('',(-54.17333292312,9.5,279.12722688742));
#4165 = CARTESIAN_POINT('',(-54.18204753269,9.450305425954,
    279.75434811853));
#4166 = CARTESIAN_POINT('',(-54.19947085992,9.350949117651,
    280.3788596638));
#4167 = CARTESIAN_POINT('',(-54.22535619568,9.201331221419,
    280.99820463187));
#4168 = CARTESIAN_POINT('',(-54.25920140181,9.000295346773,
    281.60940690783));
#4169 = CARTESIAN_POINT('',(-54.33418970708,8.534734636012,
    282.70733260116));
#4170 = CARTESIAN_POINT('',(-54.37315098724,8.286552770161,
    283.19770072045));
#4171 = CARTESIAN_POINT('',(-54.41652598905,8.000591517433,
    283.67782769201));
#4172 = CARTESIAN_POINT('',(-54.46365471927,7.675507174159,
    284.14522370098));
#4173 = CARTESIAN_POINT('',(-54.51362934918,7.309801583028,
    284.59664316065));
#4174 = CARTESIAN_POINT('',(-54.59898723245,6.634984362495,
    285.3101362092));
#4175 = CARTESIAN_POINT('',(-54.63346015212,6.349857000913,
    285.58385204122));
#4176 = CARTESIAN_POINT('',(-54.66827584358,6.046260762708,
    285.84767336454));
#4177 = CARTESIAN_POINT('',(-54.7030108706,5.723910726798,
    286.10011608054));
#4178 = CARTESIAN_POINT('',(-54.73717661785,5.382604928163,
    286.33950117688));
#4179 = CARTESIAN_POINT('',(-54.8079465083,4.610824492003,286.8201705802
    ));
#4180 = CARTESIAN_POINT('',(-54.84428250141,4.173773412972,
    287.05740678528));
#4181 = CARTESIAN_POINT('',(-54.87824848034,3.712394143996,
    287.27166996403));
#4182 = CARTESIAN_POINT('',(-54.90881015804,3.228464350197,
    287.45927652448));
#4183 = CARTESIAN_POINT('',(-54.9349751558,2.72421475849,287.61682666592
    ));
#4184 = CARTESIAN_POINT('',(-54.97006815319,1.848505530713,
    287.82551876226));
#4185 = CARTESIAN_POINT('',(-54.98181999479,1.486948919526,
    287.89450597681));
#4186 = CARTESIAN_POINT('',(-54.99085076598,1.119405104942,
    287.9470345369));
#4187 = CARTESIAN_POINT('',(-54.99694891395,0.747763957507,
    287.9823337569));
#4188 = CARTESIAN_POINT('',(-55.,0.373974883319,288.));
#4189 = CARTESIAN_POINT('',(-55.,-0.373976252757,288.));
#4190 = CARTESIAN_POINT('',(-54.99694889149,-0.747765319104,
    287.98233362756));
#4191 = CARTESIAN_POINT('',(-54.99085074137,-1.119405781041,
    287.94703439271));
#4192 = CARTESIAN_POINT('',(-54.98181999137,-1.48694883419,
    287.89450595513));
#4193 = CARTESIAN_POINT('',(-54.97006817052,-1.848505098266,
    287.82551886532));
#4194 = CARTESIAN_POINT('',(-54.93497515581,-2.72421475841,
    287.61682666594));
#4195 = CARTESIAN_POINT('',(-54.90881015805,-3.228464350093,
    287.45927652455));
#4196 = CARTESIAN_POINT('',(-54.87824848032,-3.712394144159,
    287.27166996395));
#4197 = CARTESIAN_POINT('',(-54.84428250139,-4.173773413164,
    287.05740678516));
#4198 = CARTESIAN_POINT('',(-54.80794650832,-4.610824491758,
    286.82017058036));
#4199 = CARTESIAN_POINT('',(-54.73717661844,-5.3826049217,
    286.33950118091));
#4200 = CARTESIAN_POINT('',(-54.70301086964,-5.723910735997,
    286.10011607337));
#4201 = CARTESIAN_POINT('',(-54.66827584358,-6.046260763507,
    285.847673365));
#4202 = CARTESIAN_POINT('',(-54.63346015309,-6.349856992091,
    285.58385204861));
#4203 = CARTESIAN_POINT('',(-54.59898723185,-6.634984367242,
    285.31013620418));
#4204 = CARTESIAN_POINT('',(-54.53677536352,-7.126815214798,
    284.79011703438));
#4205 = CARTESIAN_POINT('',(-54.50882583281,-7.338847003755,
    284.54625152732));
#4206 = CARTESIAN_POINT('',(-54.4815730206,-7.538327260976,
    284.29695252358));
#4207 = CARTESIAN_POINT('',(-54.45519381536,-7.725506182404,
    284.0428420135));
#4208 = CARTESIAN_POINT('',(-54.42983874898,-7.900626943991,
    283.78445915297));
#4209 = CARTESIAN_POINT('',(-54.33318030343,-8.552761427625,
    282.73736809052));
#4210 = CARTESIAN_POINT('',(-54.27100911225,-8.935874000211,
    281.91793539216));
#4211 = CARTESIAN_POINT('',(-54.22261725494,-9.218949657737,
    281.07683532697));
#4212 = CARTESIAN_POINT('',(-54.18977466677,-9.40624386559,
    280.22251775751));
#4213 = CARTESIAN_POINT('',(-54.17333292312,-9.5,279.36153508617));
#4214 = CARTESIAN_POINT('',(-54.17333292312,-9.5,277.87277311257));
#4215 = CARTESIAN_POINT('',(-54.18204753269,-9.450305425955,
    277.24565188146));
#4216 = CARTESIAN_POINT('',(-54.19947085992,-9.350949117651,
    276.62114033619));
#4217 = CARTESIAN_POINT('',(-54.22535619568,-9.201331221419,
    276.00179536812));
#4218 = CARTESIAN_POINT('',(-54.25920140181,-9.000295346773,
    275.39059309216));
#4219 = CARTESIAN_POINT('',(-54.33418970708,-8.534734636012,
    274.29266739883));
#4220 = CARTESIAN_POINT('',(-54.37315098724,-8.286552770161,
    273.80229927954));
#4221 = CARTESIAN_POINT('',(-54.41652598905,-8.000591517433,
    273.32217230798));
#4222 = CARTESIAN_POINT('',(-54.46365471927,-7.67550717416,
    272.85477629901));
#4223 = CARTESIAN_POINT('',(-54.51362934918,-7.309801583028,
    272.40335683934));
#4224 = CARTESIAN_POINT('',(-54.59898723245,-6.634984362496,
    271.68986379079));
#4225 = CARTESIAN_POINT('',(-54.63346015212,-6.349857000913,
    271.41614795877));
#4226 = CARTESIAN_POINT('',(-54.66827584358,-6.046260762708,
    271.15232663545));
#4227 = CARTESIAN_POINT('',(-54.7030108706,-5.723910726798,
    270.89988391945));
#4228 = CARTESIAN_POINT('',(-54.73717661785,-5.382604928163,
    270.66049882311));
#4229 = CARTESIAN_POINT('',(-54.79537627724,-4.747909039532,
    270.26520648375));
#4230 = CARTESIAN_POINT('',(-54.81988864189,-4.462453585668,
    270.10296858647));
#4231 = CARTESIAN_POINT('',(-54.84348347263,-4.166155210624,
    269.95040030545));
#4232 = CARTESIAN_POINT('',(-54.86587465015,-3.859355257951,
    269.80852793521));
#4233 = CARTESIAN_POINT('',(-54.88677260235,-3.54247555587,
    269.67836548781));
#4234 = CARTESIAN_POINT('',(-54.93490759297,-2.720684697423,
    269.38270939143));
#4235 = CARTESIAN_POINT('',(-54.9598972068,-2.202180262776,
    269.23336681564));
#4236 = CARTESIAN_POINT('',(-54.97965438249,-1.665258133408,
    269.11778785649));
#4237 = CARTESIAN_POINT('',(-54.99319969454,-1.1153507471,
    269.03937087904));
#4238 = CARTESIAN_POINT('',(-55.,-0.558287460984,269.));
#4239 = CARTESIAN_POINT('',(-55.,1.7763568394E-15,269.));
#4240 = PCURVE('',#3082,#4241);
#4241 = DEFINITIONAL_REPRESENTATION('',(#4242),#4345);
#4242 = B_SPLINE_CURVE_WITH_KNOTS('',6,(#4243,#4244,#4245,#4246,#4247,
    #4248,#4249,#4250,#4251,#4252,#4253,#4254,#4255,#4256,#4257,#4258,
    #4259,#4260,#4261,#4262,#4263,#4264,#4265,#4266,#4267,#4268,#4269,
    #4270,#4271,#4272,#4273,#4274,#4275,#4276,#4277,#4278,#4279,#4280,
    #4281,#4282,#4283,#4284,#4285,#4286,#4287,#4288,#4289,#4290,#4291,
    #4292,#4293,#4294,#4295,#4296,#4297,#4298,#4299,#4300,#4301,#4302,
    #4303,#4304,#4305,#4306,#4307,#4308,#4309,#4310,#4311,#4312,#4313,
    #4314,#4315,#4316,#4317,#4318,#4319,#4320,#4321,#4322,#4323,#4324,
    #4325,#4326,#4327,#4328,#4329,#4330,#4331,#4332,#4333,#4334,#4335,
    #4336,#4337,#4338,#4339,#4340,#4341,#4342,#4343,#4344),
  .UNSPECIFIED.,.T.,.F.,(7,5,5,5,5,5,5,5,5,5,5,5,5,5,5,5,5,5,5,5,7),(0.,
    4.600574087031E-02,7.632644066333E-02,0.11615088507,0.149688270804,
    0.250082532684,0.323172974015,0.383987173102,0.423800122182,
    0.469257968121,0.500071583531,0.530885311776,0.576343268603,
    0.616156314062,0.649684100392,0.750049627608,0.823119149964,
    0.883915943619,0.923717497965,0.95402076966,1.),.UNSPECIFIED.);
#4243 = CARTESIAN_POINT('',(3.14159265359,36.));
#4244 = CARTESIAN_POINT('',(3.131441937279,36.));
#4245 = CARTESIAN_POINT('',(3.121313515724,36.039371151597));
#4246 = CARTESIAN_POINT('',(3.11131334077,36.11778812559));
#4247 = CARTESIAN_POINT('',(3.101545520649,36.233366798251));
#4248 = CARTESIAN_POINT('',(3.092107735875,36.382709132549));
#4249 = CARTESIAN_POINT('',(3.077140461611,36.678365487816));
#4250 = CARTESIAN_POINT('',(3.071366653123,36.808527935219));
#4251 = CARTESIAN_POINT('',(3.065773832151,36.950400305459));
#4252 = CARTESIAN_POINT('',(3.060369697231,37.102968586475));
#4253 = CARTESIAN_POINT('',(3.055160584448,37.265206483758));
#4254 = CARTESIAN_POINT('',(3.043572245152,37.660498819085));
#4255 = CARTESIAN_POINT('',(3.037335886616,37.899883926623));
#4256 = CARTESIAN_POINT('',(3.031441282354,38.152326635));
#4257 = CARTESIAN_POINT('',(3.025885338156,38.416147951393));
#4258 = CARTESIAN_POINT('',(3.020663530877,38.689863795807));
#4259 = CARTESIAN_POINT('',(3.011649897509,39.20988296562));
#4260 = CARTESIAN_POINT('',(3.007761478402,39.453748472674));
#4261 = CARTESIAN_POINT('',(3.004100929396,39.703047476413));
#4262 = CARTESIAN_POINT('',(3.000664084172,39.957157986497));
#4263 = CARTESIAN_POINT('',(2.997446888467,40.215540847022));
#4264 = CARTESIAN_POINT('',(2.985460363909,41.262631900278));
#4265 = CARTESIAN_POINT('',(2.9784042175,42.082064638305));
#4266 = CARTESIAN_POINT('',(2.973182726761,42.923164629289));
#4267 = CARTESIAN_POINT('',(2.969725437505,43.777482273967));
#4268 = CARTESIAN_POINT('',(2.967994762829,44.63846490393));
#4269 = CARTESIAN_POINT('',(2.967994762829,46.127226887422));
#4270 = CARTESIAN_POINT('',(2.968912088599,46.754348118539));
#4271 = CARTESIAN_POINT('',(2.970746131421,47.378859663803));
#4272 = CARTESIAN_POINT('',(2.973506865765,47.998204631872));
#4273 = CARTESIAN_POINT('',(2.977213408562,48.609406907838));
#4274 = CARTESIAN_POINT('',(2.985787249642,49.707332601169));
#4275 = CARTESIAN_POINT('',(2.990354870467,50.197700720452));
#4276 = CARTESIAN_POINT('',(2.995613537622,50.677827692018));
#4277 = CARTESIAN_POINT('',(3.001585702314,51.145223700987));
#4278 = CARTESIAN_POINT('',(3.00829636236,51.596643160657));
#4279 = CARTESIAN_POINT('',(3.020663530964,52.310136209207));
#4280 = CARTESIAN_POINT('',(3.025885337994,52.583852041227));
#4281 = CARTESIAN_POINT('',(3.031441282368,52.847673364545));
#4282 = CARTESIAN_POINT('',(3.037335886784,53.100116080544));
#4283 = CARTESIAN_POINT('',(3.043572245034,53.339501176886));
#4284 = CARTESIAN_POINT('',(3.057663487482,53.820170580208));
#4285 = CARTESIAN_POINT('',(3.065637004022,54.057406785284));
#4286 = CARTESIAN_POINT('',(3.074047812708,54.271669964035));
#4287 = CARTESIAN_POINT('',(3.082863286499,54.459276524485));
#4288 = CARTESIAN_POINT('',(3.092043151809,54.616826665928));
#4289 = CARTESIAN_POINT('',(3.107977917275,54.825518762268));
#4290 = CARTESIAN_POINT('',(3.114554958042,54.894505976815));
#4291 = CARTESIAN_POINT('',(3.121239266586,54.9470345369));
#4292 = CARTESIAN_POINT('',(3.127996945946,54.982333756907));
#4293 = CARTESIAN_POINT('',(3.134793110257,55.));
#4294 = CARTESIAN_POINT('',(3.148392221822,55.));
#4295 = CARTESIAN_POINT('',(3.15518838599,54.982333627561));
#4296 = CARTESIAN_POINT('',(3.161946052891,54.947034392716));
#4297 = CARTESIAN_POINT('',(3.168630347591,54.894505955139));
#4298 = CARTESIAN_POINT('',(3.175207382036,54.825518865325));
#4299 = CARTESIAN_POINT('',(3.191142155369,54.616826665947));
#4300 = CARTESIAN_POINT('',(3.200322020679,54.459276524559));
#4301 = CARTESIAN_POINT('',(3.209137494474,54.271669963949));
#4302 = CARTESIAN_POINT('',(3.217548303161,54.057406785165));
#4303 = CARTESIAN_POINT('',(3.225521819693,53.82017058036));
#4304 = CARTESIAN_POINT('',(3.239613062027,53.339501180911));
#4305 = CARTESIAN_POINT('',(3.245849420564,53.100116073377));
#4306 = CARTESIAN_POINT('',(3.251744024826,52.847673365004));
#4307 = CARTESIAN_POINT('',(3.257299969024,52.58385204861));
#4308 = CARTESIAN_POINT('',(3.262521776302,52.310136204189));
#4309 = CARTESIAN_POINT('',(3.271535409671,51.79011703438));
#4310 = CARTESIAN_POINT('',(3.275423828777,51.546251527325));
#4311 = CARTESIAN_POINT('',(3.279084377784,51.296952523587));
#4312 = CARTESIAN_POINT('',(3.282521223007,51.042842013503));
#4313 = CARTESIAN_POINT('',(3.285738418713,50.784459152979));
#4314 = CARTESIAN_POINT('',(3.297724943376,49.737368090522));
#4315 = CARTESIAN_POINT('',(3.304781089432,48.917935392166));
#4316 = CARTESIAN_POINT('',(3.310002580659,48.076835326977));
#4317 = CARTESIAN_POINT('',(3.313459869581,47.222517757518));
#4318 = CARTESIAN_POINT('',(3.315190544351,46.361535086171));
#4319 = CARTESIAN_POINT('',(3.315190544351,44.872773112578));
#4320 = CARTESIAN_POINT('',(3.31427321858,44.245651881461));
#4321 = CARTESIAN_POINT('',(3.312439175759,43.621140336197));
#4322 = CARTESIAN_POINT('',(3.309678441415,43.001795368128));
#4323 = CARTESIAN_POINT('',(3.305971898617,42.390593092162));
#4324 = CARTESIAN_POINT('',(3.297398057538,41.29266739883));
#4325 = CARTESIAN_POINT('',(3.292830436713,40.802299279548));
#4326 = CARTESIAN_POINT('',(3.287571769558,40.322172307982));
#4327 = CARTESIAN_POINT('',(3.281599604866,39.854776299013));
#4328 = CARTESIAN_POINT('',(3.27488894482,39.403356839343));
#4329 = CARTESIAN_POINT('',(3.262521776215,38.689863790794));
#4330 = CARTESIAN_POINT('',(3.257299969185,38.416147958773));
#4331 = CARTESIAN_POINT('',(3.251744024811,38.152326635455));
#4332 = CARTESIAN_POINT('',(3.245849420396,37.899883919456));
#4333 = CARTESIAN_POINT('',(3.239613062145,37.660498823114));
#4334 = CARTESIAN_POINT('',(3.228024722731,37.265206483758));
#4335 = CARTESIAN_POINT('',(3.222815609948,37.102968586475));
#4336 = CARTESIAN_POINT('',(3.217411475028,36.950400305459));
#4337 = CARTESIAN_POINT('',(3.211818654057,36.808527935219));
#4338 = CARTESIAN_POINT('',(3.206044845568,36.678365487816));
#4339 = CARTESIAN_POINT('',(3.191077584411,36.38270939143));
#4340 = CARTESIAN_POINT('',(3.181639792899,36.233366815646));
#4341 = CARTESIAN_POINT('',(3.171871953302,36.117787856499));
#4342 = CARTESIAN_POINT('',(3.161871758943,36.039370879046));
#4343 = CARTESIAN_POINT('',(3.151743334699,36.));
#4344 = CARTESIAN_POINT('',(3.14159265359,36.));
#4345 = ( GEOMETRIC_REPRESENTATION_CONTEXT(2) 
PARAMETRIC_REPRESENTATION_CONTEXT() REPRESENTATION_CONTEXT('2D SPACE',''
  ) );
#4346 = PCURVE('',#4347,#4352);
#4347 = CYLINDRICAL_SURFACE('',#4348,9.5);
#4348 = AXIS2_PLACEMENT_3D('',#4349,#4350,#4351);
#4349 = CARTESIAN_POINT('',(-55.,0.,278.5));
#4350 = DIRECTION('',(1.,0.,2.22044604925E-16));
#4351 = DIRECTION('',(2.22044604925E-16,0.,-1.));
#4352 = DEFINITIONAL_REPRESENTATION('',(#4353),#4500);
#4353 = B_SPLINE_CURVE_WITH_KNOTS('',10,(#4354,#4355,#4356,#4357,#4358,
    #4359,#4360,#4361,#4362,#4363,#4364,#4365,#4366,#4367,#4368,#4369,
    #4370,#4371,#4372,#4373,#4374,#4375,#4376,#4377,#4378,#4379,#4380,
    #4381,#4382,#4383,#4384,#4385,#4386,#4387,#4388,#4389,#4390,#4391,
    #4392,#4393,#4394,#4395,#4396,#4397,#4398,#4399,#4400,#4401,#4402,
    #4403,#4404,#4405,#4406,#4407,#4408,#4409,#4410,#4411,#4412,#4413,
    #4414,#4415,#4416,#4417,#4418,#4419,#4420,#4421,#4422,#4423,#4424,
    #4425,#4426,#4427,#4428,#4429,#4430,#4431,#4432,#4433,#4434,#4435,
    #4436,#4437,#4438,#4439,#4440,#4441,#4442,#4443,#4444,#4445,#4446,
    #4447,#4448,#4449,#4450,#4451,#4452,#4453,#4454,#4455,#4456,#4457,
    #4458,#4459,#4460,#4461,#4462,#4463,#4464,#4465,#4466,#4467,#4468,
    #4469,#4470,#4471,#4472,#4473,#4474,#4475,#4476,#4477,#4478,#4479,
    #4480,#4481,#4482,#4483,#4484,#4485,#4486,#4487,#4488,#4489,#4490,
    #4491,#4492,#4493,#4494,#4495,#4496,#4497,#4498,#4499),
  .UNSPECIFIED.,.F.,.F.,(11,9,9,9,9,9,9,9,9,9,9,9,9,9,9,9,11),(
    0.500071583531,0.53131710956,0.560609790213,0.574340734269,
    0.587642586323,0.613414924678,0.661738059093,0.74630354432,
    0.80972765824,0.85729574368,0.87513377572,0.90635033179,
    0.929762748842,0.947322061632,0.953906803928,0.976953401964,1.),
  .UNSPECIFIED.);
#4354 = CARTESIAN_POINT('',(3.14159265359,0.));
#4355 = CARTESIAN_POINT('',(3.16554319103,0.));
#4356 = CARTESIAN_POINT('',(3.189486138945,1.045433164819E-03));
#4357 = CARTESIAN_POINT('',(3.213412894693,3.138595613223E-03));
#4358 = CARTESIAN_POINT('',(3.237270280777,6.257092486294E-03));
#4359 = CARTESIAN_POINT('',(3.261138359958,1.041937818263E-02));
#4360 = CARTESIAN_POINT('',(3.284829545708,1.553826903159E-02));
#4361 = CARTESIAN_POINT('',(3.308534739568,2.165802056322E-02));
#4362 = CARTESIAN_POINT('',(3.332057121457,2.867408022061E-02));
#4363 = CARTESIAN_POINT('',(3.355486111482,3.658027092049E-02));
#4364 = CARTESIAN_POINT('',(3.4005764245,5.34912489172E-02));
#4365 = CARTESIAN_POINT('',(3.42225574395,6.239609040109E-02));
#4366 = CARTESIAN_POINT('',(3.44379544578,7.198483150671E-02));
#4367 = CARTESIAN_POINT('',(3.465194224554,8.221756626248E-02));
#4368 = CARTESIAN_POINT('',(3.486450505666,9.305295150462E-02));
#4369 = CARTESIAN_POINT('',(3.507562437921,0.104448465083));
#4370 = CARTESIAN_POINT('',(3.528527886122,0.116360664068));
#4371 = CARTESIAN_POINT('',(3.549344423654,0.128745442954));
#4372 = CARTESIAN_POINT('',(3.570009325073,0.141558291868));
#4373 = CARTESIAN_POINT('',(3.600133730695,0.160940303013));
#4374 = CARTESIAN_POINT('',(3.609713917571,0.167210297489));
#4375 = CARTESIAN_POINT('',(3.619259806415,0.173559938774));
#4376 = CARTESIAN_POINT('',(3.62877106925,0.179984620381));
#4377 = CARTESIAN_POINT('',(3.638247362678,0.18647973461));
#4378 = CARTESIAN_POINT('',(3.647688327543,0.193040678392));
#4379 = CARTESIAN_POINT('',(3.657093588587,0.199662859131));
#4380 = CARTESIAN_POINT('',(3.666462754117,0.206341700549));
#4381 = CARTESIAN_POINT('',(3.675795415659,0.213072648528));
#4382 = CARTESIAN_POINT('',(3.69409638796,0.226417876367));
#4383 = CARTESIAN_POINT('',(3.703067074802,0.233029314208));
#4384 = CARTESIAN_POINT('',(3.712000146167,0.239679348074));
#4385 = CARTESIAN_POINT('',(3.720905817024,0.246371805096));
#4386 = CARTESIAN_POINT('',(3.729781504015,0.253101126535));
#4387 = CARTESIAN_POINT('',(3.73862258943,0.259860294353));
#4388 = CARTESIAN_POINT('',(3.747431941253,0.266647874039));
#4389 = CARTESIAN_POINT('',(3.756214105968,0.273463742434));
#4390 = CARTESIAN_POINT('',(3.764964090775,0.280300803832));
#4391 = CARTESIAN_POINT('',(3.790580738693,0.300443030731));
#4392 = CARTESIAN_POINT('',(3.807364856428,0.313801792402));
#4393 = CARTESIAN_POINT('',(3.824039540872,0.327211485554));
#4394 = CARTESIAN_POINT('',(3.840607256464,0.340650397217));
#4395 = CARTESIAN_POINT('',(3.857070400799,0.354097632496));
#4396 = CARTESIAN_POINT('',(3.873431309237,0.367533114008));
#4397 = CARTESIAN_POINT('',(3.889692259519,0.380937581326));
#4398 = CARTESIAN_POINT('',(3.905855476378,0.394292590426));
#4399 = CARTESIAN_POINT('',(3.921923136152,0.407580513122));
#4400 = CARTESIAN_POINT('',(3.967849062484,0.44554208038));
#4401 = CARTESIAN_POINT('',(3.997470675335,0.470003291872));
#4402 = CARTESIAN_POINT('',(4.026785824564,0.494065715815));
#4403 = CARTESIAN_POINT('',(4.055836278014,0.517648838948));
#4404 = CARTESIAN_POINT('',(4.084558494622,0.540603902191));
#4405 = CARTESIAN_POINT('',(4.113113379804,0.562958668757));
#4406 = CARTESIAN_POINT('',(4.141349392157,0.584514076756));
#4407 = CARTESIAN_POINT('',(4.169412647185,0.60530357663));
#4408 = CARTESIAN_POINT('',(4.197264526854,0.625225681626));
#4409 = CARTESIAN_POINT('',(4.27334741584,0.677502340908));
#4410 = CARTESIAN_POINT('',(4.321192845722,0.707972434657));
#4411 = CARTESIAN_POINT('',(4.368544477968,0.735355759563));
#4412 = CARTESIAN_POINT('',(4.415475560846,0.759417936043));
#4413 = CARTESIAN_POINT('',(4.462056428475,0.779972785861));
#4414 = CARTESIAN_POINT('',(4.508355446021,0.796876208186));
#4415 = CARTESIAN_POINT('',(4.554439906115,0.810021248411));
#4416 = CARTESIAN_POINT('',(4.600376876514,0.819334359699));
#4417 = CARTESIAN_POINT('',(4.646233998978,0.824772857272));
#4418 = CARTESIAN_POINT('',(4.726464919689,0.82748659658));
#4419 = CARTESIAN_POINT('',(4.76084714882,0.826462840368));
#4420 = CARTESIAN_POINT('',(4.795229983487,0.823245020139));
#4421 = CARTESIAN_POINT('',(4.829644494341,0.817846914913));
#4422 = CARTESIAN_POINT('',(4.864160996047,0.810274216128));
#4423 = CARTESIAN_POINT('',(4.898723617662,0.800563997822));
#4424 = CARTESIAN_POINT('',(4.93344573467,0.788745167381));
#4425 = CARTESIAN_POINT('',(4.968299578984,0.774870336305));
#4426 = CARTESIAN_POINT('',(5.003336394008,0.758998678729));
#4427 = CARTESIAN_POINT('',(5.065012663478,0.727859173437));
#4428 = CARTESIAN_POINT('',(5.091562022351,0.713432349972));
#4429 = CARTESIAN_POINT('',(5.118240613583,0.697955168745));
#4430 = CARTESIAN_POINT('',(5.145059758461,0.681464221321));
#4431 = CARTESIAN_POINT('',(5.172033058235,0.663999275549));
#4432 = CARTESIAN_POINT('',(5.199176338552,0.645603469147));
#4433 = CARTESIAN_POINT('',(5.226505853118,0.626324885689));
#4434 = CARTESIAN_POINT('',(5.254036580398,0.606218249968));
#4435 = CARTESIAN_POINT('',(5.281782447215,0.585345479706));
#4436 = CARTESIAN_POINT('',(5.320252012747,0.55568446216));
#4437 = CARTESIAN_POINT('',(5.330776301984,0.547496834042));
#4438 = CARTESIAN_POINT('',(5.341334011026,0.539214527372));
#4439 = CARTESIAN_POINT('',(5.351925976314,0.530841259662));
#4440 = CARTESIAN_POINT('',(5.362553041346,0.522380888862));
#4441 = CARTESIAN_POINT('',(5.373216057555,0.513837417434));
#4442 = CARTESIAN_POINT('',(5.383915885181,0.505214996426));
#4443 = CARTESIAN_POINT('',(5.39465339415,0.496517929542));
#4444 = CARTESIAN_POINT('',(5.405429464944,0.487750677221));
#4445 = CARTESIAN_POINT('',(5.435172157424,0.463460431792));
#4446 = CARTESIAN_POINT('',(5.454219524596,0.447802730147));
#4447 = CARTESIAN_POINT('',(5.473398533795,0.431964047119));
#4448 = CARTESIAN_POINT('',(5.492684046505,0.415995256917));
#4449 = CARTESIAN_POINT('',(5.512151851435,0.399866520471));
#4450 = CARTESIAN_POINT('',(5.53172094014,0.38367701137));
#4451 = CARTESIAN_POINT('',(5.551456980058,0.367409583152));
#4452 = CARTESIAN_POINT('',(5.571334381668,0.351122005542));
#4453 = CARTESIAN_POINT('',(5.591366537206,0.334842889278));
#4454 = CARTESIAN_POINT('',(5.62669819837,0.306437504714));
#4455 = CARTESIAN_POINT('',(5.641928673441,0.294290598245));
#4456 = CARTESIAN_POINT('',(5.657251438005,0.282184862885));
#4457 = CARTESIAN_POINT('',(5.672661001084,0.270142094438));
#4458 = CARTESIAN_POINT('',(5.688172380978,0.25816976851));
#4459 = CARTESIAN_POINT('',(5.703777342633,0.246292884478));
#4460 = CARTESIAN_POINT('',(5.719472887074,0.234533198221));
#4461 = CARTESIAN_POINT('',(5.735280187772,0.222895514477));
#4462 = CARTESIAN_POINT('',(5.751185810601,0.21141053832));
#4463 = CARTESIAN_POINT('',(5.779196839415,0.191612794331));
#4464 = CARTESIAN_POINT('',(5.791258052836,0.183224895287));
#4465 = CARTESIAN_POINT('',(5.803375500599,0.174942909447));
#4466 = CARTESIAN_POINT('',(5.815548963282,0.166775977612));
#4467 = CARTESIAN_POINT('',(5.827778254492,0.158733301076));
#4468 = CARTESIAN_POINT('',(5.840063220881,0.15082412615));
#4469 = CARTESIAN_POINT('',(5.852403742157,0.143057728675));
#4470 = CARTESIAN_POINT('',(5.864799731096,0.135443398546));
#4471 = CARTESIAN_POINT('',(5.877251133555,0.127990424226));
#4472 = CARTESIAN_POINT('',(5.894447976578,0.117977197161));
#4473 = CARTESIAN_POINT('',(5.899145814256,0.115270311525));
#4474 = CARTESIAN_POINT('',(5.903851440425,0.112587909292));
#4475 = CARTESIAN_POINT('',(5.908564854653,0.109930479057));
#4476 = CARTESIAN_POINT('',(5.913286057175,0.107298508965));
#4477 = CARTESIAN_POINT('',(5.918015048893,0.104692486599));
#4478 = CARTESIAN_POINT('',(5.922751831378,0.102112898861));
#4479 = CARTESIAN_POINT('',(5.927496406882,9.956023186203E-02));
#4480 = CARTESIAN_POINT('',(5.932248778331,9.703497080214E-02));
#4481 = CARTESIAN_POINT('',(5.953669547858,8.57968015596E-02));
#4482 = CARTESIAN_POINT('',(5.970434740512,7.739289093726E-02));
#4483 = CARTESIAN_POINT('',(5.987301109446,6.934932643419E-02));
#4484 = CARTESIAN_POINT('',(6.004259916869,6.169146364821E-02));
#4485 = CARTESIAN_POINT('',(6.021303315378,5.444311951812E-02));
#4486 = CARTESIAN_POINT('',(6.038425583566,4.762576208054E-02));
#4487 = CARTESIAN_POINT('',(6.055621666287,4.125912924018E-02));
#4488 = CARTESIAN_POINT('',(6.072885298913,3.536207999494E-02));
#4489 = CARTESIAN_POINT('',(6.09020899495,2.995248155714E-02));
#4490 = CARTESIAN_POINT('',(6.124967357737,2.013739006797E-02));
#4491 = CARTESIAN_POINT('',(6.142401731695,1.573203644587E-02));
#4492 = CARTESIAN_POINT('',(6.159885480699,1.184416265014E-02));
#4493 = CARTESIAN_POINT('',(6.177412907785,8.487209552542E-03));
#4494 = CARTESIAN_POINT('',(6.194978414471,5.672712408575E-03));
#4495 = CARTESIAN_POINT('',(6.21257647868,3.410242073383E-03));
#4496 = CARTESIAN_POINT('',(6.230201632664,1.70734621763E-03));
#4497 = CARTESIAN_POINT('',(6.247848440933,5.694905433811E-04));
#4498 = CARTESIAN_POINT('',(6.265511478174,-7.105427357601E-15));
#4499 = CARTESIAN_POINT('',(6.28318530718,-7.105427357601E-15));
#4500 = ( GEOMETRIC_REPRESENTATION_CONTEXT(2) 
PARAMETRIC_REPRESENTATION_CONTEXT() REPRESENTATION_CONTEXT('2D SPACE',''
  ) );
#4501 = ADVANCED_FACE('',(#4502),#4347,.T.);
#4502 = FACE_BOUND('',#4503,.T.);
#4503 = EDGE_LOOP('',(#4504,#4531));
#4504 = ORIENTED_EDGE('',*,*,#4505,.T.);
#4505 = EDGE_CURVE('',#3767,#3765,#4506,.T.);
#4506 = SURFACE_CURVE('',#4507,(#4512,#4519),.PCURVE_S1.);
#4507 = CIRCLE('',#4508,9.5);
#4508 = AXIS2_PLACEMENT_3D('',#4509,#4510,#4511);
#4509 = CARTESIAN_POINT('',(-55.,0.,278.5));
#4510 = DIRECTION('',(1.,-0.,2.22044604925E-16));
#4511 = DIRECTION('',(2.22044604925E-16,0.,-1.));
#4512 = PCURVE('',#4347,#4513);
#4513 = DEFINITIONAL_REPRESENTATION('',(#4514),#4518);
#4514 = LINE('',#4515,#4516);
#4515 = CARTESIAN_POINT('',(0.,0.));
#4516 = VECTOR('',#4517,1.);
#4517 = DIRECTION('',(1.,0.));
#4518 = ( GEOMETRIC_REPRESENTATION_CONTEXT(2) 
PARAMETRIC_REPRESENTATION_CONTEXT() REPRESENTATION_CONTEXT('2D SPACE',''
  ) );
#4519 = PCURVE('',#4520,#4525);
#4520 = PLANE('',#4521);
#4521 = AXIS2_PLACEMENT_3D('',#4522,#4523,#4524);
#4522 = CARTESIAN_POINT('',(-55.,0.,278.5));
#4523 = DIRECTION('',(1.,0.,2.22044604925E-16));
#4524 = DIRECTION('',(2.22044604925E-16,0.,-1.));
#4525 = DEFINITIONAL_REPRESENTATION('',(#4526),#4530);
#4526 = CIRCLE('',#4527,9.5);
#4527 = AXIS2_PLACEMENT_2D('',#4528,#4529);
#4528 = CARTESIAN_POINT('',(0.,0.));
#4529 = DIRECTION('',(1.,0.));
#4530 = ( GEOMETRIC_REPRESENTATION_CONTEXT(2) 
PARAMETRIC_REPRESENTATION_CONTEXT() REPRESENTATION_CONTEXT('2D SPACE',''
  ) );
#4531 = ORIENTED_EDGE('',*,*,#4135,.F.);
#4532 = ADVANCED_FACE('',(#4533),#4520,.T.);
#4533 = FACE_BOUND('',#4534,.T.);
#4534 = EDGE_LOOP('',(#4535,#4566,#4590,#4591));
#4535 = ORIENTED_EDGE('',*,*,#4536,.T.);
#4536 = EDGE_CURVE('',#4537,#4539,#4541,.T.);
#4537 = VERTEX_POINT('',#4538);
#4538 = CARTESIAN_POINT('',(-55.,1.714505518806E-15,292.5));
#4539 = VERTEX_POINT('',#4540);
#4540 = CARTESIAN_POINT('',(-55.,-3.429011037613E-15,264.5));
#4541 = SURFACE_CURVE('',#4542,(#4547,#4554),.PCURVE_S1.);
#4542 = CIRCLE('',#4543,14.);
#4543 = AXIS2_PLACEMENT_3D('',#4544,#4545,#4546);
#4544 = CARTESIAN_POINT('',(-55.,0.,278.5));
#4545 = DIRECTION('',(1.,-0.,2.22044604925E-16));
#4546 = DIRECTION('',(2.22044604925E-16,0.,-1.));
#4547 = PCURVE('',#4520,#4548);
#4548 = DEFINITIONAL_REPRESENTATION('',(#4549),#4553);
#4549 = CIRCLE('',#4550,14.);
#4550 = AXIS2_PLACEMENT_2D('',#4551,#4552);
#4551 = CARTESIAN_POINT('',(0.,0.));
#4552 = DIRECTION('',(1.,0.));
#4553 = ( GEOMETRIC_REPRESENTATION_CONTEXT(2) 
PARAMETRIC_REPRESENTATION_CONTEXT() REPRESENTATION_CONTEXT('2D SPACE',''
  ) );
#4554 = PCURVE('',#4555,#4560);
#4555 = CYLINDRICAL_SURFACE('',#4556,14.);
#4556 = AXIS2_PLACEMENT_3D('',#4557,#4558,#4559);
#4557 = CARTESIAN_POINT('',(-58.,0.,278.5));
#4558 = DIRECTION('',(1.,0.,2.22044604925E-16));
#4559 = DIRECTION('',(2.22044604925E-16,0.,-1.));
#4560 = DEFINITIONAL_REPRESENTATION('',(#4561),#4565);
#4561 = LINE('',#4562,#4563);
#4562 = CARTESIAN_POINT('',(0.,3.));
#4563 = VECTOR('',#4564,1.);
#4564 = DIRECTION('',(1.,0.));
#4565 = ( GEOMETRIC_REPRESENTATION_CONTEXT(2) 
PARAMETRIC_REPRESENTATION_CONTEXT() REPRESENTATION_CONTEXT('2D SPACE',''
  ) );
#4566 = ORIENTED_EDGE('',*,*,#4567,.T.);
#4567 = EDGE_CURVE('',#4539,#3765,#4568,.T.);
#4568 = SURFACE_CURVE('',#4569,(#4573,#4579),.PCURVE_S1.);
#4569 = LINE('',#4570,#4571);
#4570 = CARTESIAN_POINT('',(-55.,0.,233.));
#4571 = VECTOR('',#4572,1.);
#4572 = DIRECTION('',(0.,0.,1.));
#4573 = PCURVE('',#4520,#4574);
#4574 = DEFINITIONAL_REPRESENTATION('',(#4575),#4578);
#4575 = B_SPLINE_CURVE_WITH_KNOTS('',1,(#4576,#4577),.UNSPECIFIED.,.F.,
  .F.,(2,2),(28.7,62.3),.PIECEWISE_BEZIER_KNOTS.);
#4576 = CARTESIAN_POINT('',(16.8,0.));
#4577 = CARTESIAN_POINT('',(-16.8,0.));
#4578 = ( GEOMETRIC_REPRESENTATION_CONTEXT(2) 
PARAMETRIC_REPRESENTATION_CONTEXT() REPRESENTATION_CONTEXT('2D SPACE',''
  ) );
#4579 = PCURVE('',#4580,#4585);
#4580 = PLANE('',#4581);
#4581 = AXIS2_PLACEMENT_3D('',#4582,#4583,#4584);
#4582 = CARTESIAN_POINT('',(-55.,0.,278.5));
#4583 = DIRECTION('',(1.,0.,2.22044604925E-16));
#4584 = DIRECTION('',(2.22044604925E-16,0.,-1.));
#4585 = DEFINITIONAL_REPRESENTATION('',(#4586),#4589);
#4586 = B_SPLINE_CURVE_WITH_KNOTS('',1,(#4587,#4588),.UNSPECIFIED.,.F.,
  .F.,(2,2),(28.7,62.3),.PIECEWISE_BEZIER_KNOTS.);
#4587 = CARTESIAN_POINT('',(16.8,0.));
#4588 = CARTESIAN_POINT('',(-16.8,0.));
#4589 = ( GEOMETRIC_REPRESENTATION_CONTEXT(2) 
PARAMETRIC_REPRESENTATION_CONTEXT() REPRESENTATION_CONTEXT('2D SPACE',''
  ) );
#4590 = ORIENTED_EDGE('',*,*,#4505,.F.);
#4591 = ORIENTED_EDGE('',*,*,#4592,.T.);
#4592 = EDGE_CURVE('',#3767,#4537,#4593,.T.);
#4593 = SURFACE_CURVE('',#4594,(#4598,#4604),.PCURVE_S1.);
#4594 = LINE('',#4595,#4596);
#4595 = CARTESIAN_POINT('',(-55.,0.,233.));
#4596 = VECTOR('',#4597,1.);
#4597 = DIRECTION('',(0.,0.,1.));
#4598 = PCURVE('',#4520,#4599);
#4599 = DEFINITIONAL_REPRESENTATION('',(#4600),#4603);
#4600 = B_SPLINE_CURVE_WITH_KNOTS('',1,(#4601,#4602),.UNSPECIFIED.,.F.,
  .F.,(2,2),(28.7,62.3),.PIECEWISE_BEZIER_KNOTS.);
#4601 = CARTESIAN_POINT('',(16.8,0.));
#4602 = CARTESIAN_POINT('',(-16.8,0.));
#4603 = ( GEOMETRIC_REPRESENTATION_CONTEXT(2) 
PARAMETRIC_REPRESENTATION_CONTEXT() REPRESENTATION_CONTEXT('2D SPACE',''
  ) );
#4604 = PCURVE('',#4580,#4605);
#4605 = DEFINITIONAL_REPRESENTATION('',(#4606),#4609);
#4606 = B_SPLINE_CURVE_WITH_KNOTS('',1,(#4607,#4608),.UNSPECIFIED.,.F.,
  .F.,(2,2),(28.7,62.3),.PIECEWISE_BEZIER_KNOTS.);
#4607 = CARTESIAN_POINT('',(16.8,0.));
#4608 = CARTESIAN_POINT('',(-16.8,0.));
#4609 = ( GEOMETRIC_REPRESENTATION_CONTEXT(2) 
PARAMETRIC_REPRESENTATION_CONTEXT() REPRESENTATION_CONTEXT('2D SPACE',''
  ) );
#4610 = ADVANCED_FACE('',(#4611),#4555,.T.);
#4611 = FACE_BOUND('',#4612,.T.);
#4612 = EDGE_LOOP('',(#4613,#4636,#4637,#4659,#4660));
#4613 = ORIENTED_EDGE('',*,*,#4614,.T.);
#4614 = EDGE_CURVE('',#4615,#4539,#4617,.T.);
#4615 = VERTEX_POINT('',#4616);
#4616 = CARTESIAN_POINT('',(-58.,-3.429011037613E-15,264.5));
#4617 = SEAM_CURVE('',#4618,(#4622,#4629),.PCURVE_S1.);
#4618 = LINE('',#4619,#4620);
#4619 = CARTESIAN_POINT('',(-58.,-3.429011037613E-15,264.5));
#4620 = VECTOR('',#4621,1.);
#4621 = DIRECTION('',(1.,0.,2.22044604925E-16));
#4622 = PCURVE('',#4555,#4623);
#4623 = DEFINITIONAL_REPRESENTATION('',(#4624),#4628);
#4624 = LINE('',#4625,#4626);
#4625 = CARTESIAN_POINT('',(6.28318530718,-0.));
#4626 = VECTOR('',#4627,1.);
#4627 = DIRECTION('',(0.,1.));
#4628 = ( GEOMETRIC_REPRESENTATION_CONTEXT(2) 
PARAMETRIC_REPRESENTATION_CONTEXT() REPRESENTATION_CONTEXT('2D SPACE',''
  ) );
#4629 = PCURVE('',#4555,#4630);
#4630 = DEFINITIONAL_REPRESENTATION('',(#4631),#4635);
#4631 = LINE('',#4632,#4633);
#4632 = CARTESIAN_POINT('',(0.,-0.));
#4633 = VECTOR('',#4634,1.);
#4634 = DIRECTION('',(0.,1.));
#4635 = ( GEOMETRIC_REPRESENTATION_CONTEXT(2) 
PARAMETRIC_REPRESENTATION_CONTEXT() REPRESENTATION_CONTEXT('2D SPACE',''
  ) );
#4636 = ORIENTED_EDGE('',*,*,#4536,.F.);
#4637 = ORIENTED_EDGE('',*,*,#4638,.F.);
#4638 = EDGE_CURVE('',#4539,#4537,#4639,.T.);
#4639 = SURFACE_CURVE('',#4640,(#4645,#4652),.PCURVE_S1.);
#4640 = CIRCLE('',#4641,14.);
#4641 = AXIS2_PLACEMENT_3D('',#4642,#4643,#4644);
#4642 = CARTESIAN_POINT('',(-55.,0.,278.5));
#4643 = DIRECTION('',(1.,-0.,2.22044604925E-16));
#4644 = DIRECTION('',(2.22044604925E-16,0.,-1.));
#4645 = PCURVE('',#4555,#4646);
#4646 = DEFINITIONAL_REPRESENTATION('',(#4647),#4651);
#4647 = LINE('',#4648,#4649);
#4648 = CARTESIAN_POINT('',(0.,3.));
#4649 = VECTOR('',#4650,1.);
#4650 = DIRECTION('',(1.,0.));
#4651 = ( GEOMETRIC_REPRESENTATION_CONTEXT(2) 
PARAMETRIC_REPRESENTATION_CONTEXT() REPRESENTATION_CONTEXT('2D SPACE',''
  ) );
#4652 = PCURVE('',#4580,#4653);
#4653 = DEFINITIONAL_REPRESENTATION('',(#4654),#4658);
#4654 = CIRCLE('',#4655,14.);
#4655 = AXIS2_PLACEMENT_2D('',#4656,#4657);
#4656 = CARTESIAN_POINT('',(0.,0.));
#4657 = DIRECTION('',(1.,0.));
#4658 = ( GEOMETRIC_REPRESENTATION_CONTEXT(2) 
PARAMETRIC_REPRESENTATION_CONTEXT() REPRESENTATION_CONTEXT('2D SPACE',''
  ) );
#4659 = ORIENTED_EDGE('',*,*,#4614,.F.);
#4660 = ORIENTED_EDGE('',*,*,#4661,.T.);
#4661 = EDGE_CURVE('',#4615,#4615,#4662,.T.);
#4662 = SURFACE_CURVE('',#4663,(#4668,#4675),.PCURVE_S1.);
#4663 = CIRCLE('',#4664,14.);
#4664 = AXIS2_PLACEMENT_3D('',#4665,#4666,#4667);
#4665 = CARTESIAN_POINT('',(-58.,0.,278.5));
#4666 = DIRECTION('',(1.,-0.,2.22044604925E-16));
#4667 = DIRECTION('',(2.22044604925E-16,0.,-1.));
#4668 = PCURVE('',#4555,#4669);
#4669 = DEFINITIONAL_REPRESENTATION('',(#4670),#4674);
#4670 = LINE('',#4671,#4672);
#4671 = CARTESIAN_POINT('',(0.,0.));
#4672 = VECTOR('',#4673,1.);
#4673 = DIRECTION('',(1.,0.));
#4674 = ( GEOMETRIC_REPRESENTATION_CONTEXT(2) 
PARAMETRIC_REPRESENTATION_CONTEXT() REPRESENTATION_CONTEXT('2D SPACE',''
  ) );
#4675 = PCURVE('',#4676,#4681);
#4676 = PLANE('',#4677);
#4677 = AXIS2_PLACEMENT_3D('',#4678,#4679,#4680);
#4678 = CARTESIAN_POINT('',(-58.,0.,278.5));
#4679 = DIRECTION('',(1.,0.,2.22044604925E-16));
#4680 = DIRECTION('',(2.22044604925E-16,0.,-1.));
#4681 = DEFINITIONAL_REPRESENTATION('',(#4682),#4686);
#4682 = CIRCLE('',#4683,14.);
#4683 = AXIS2_PLACEMENT_2D('',#4684,#4685);
#4684 = CARTESIAN_POINT('',(0.,0.));
#4685 = DIRECTION('',(1.,0.));
#4686 = ( GEOMETRIC_REPRESENTATION_CONTEXT(2) 
PARAMETRIC_REPRESENTATION_CONTEXT() REPRESENTATION_CONTEXT('2D SPACE',''
  ) );
#4687 = ADVANCED_FACE('',(#4688,#4691),#4676,.F.);
#4688 = FACE_BOUND('',#4689,.F.);
#4689 = EDGE_LOOP('',(#4690));
#4690 = ORIENTED_EDGE('',*,*,#4661,.T.);
#4691 = FACE_BOUND('',#4692,.F.);
#4692 = EDGE_LOOP('',(#4693));
#4693 = ORIENTED_EDGE('',*,*,#4694,.F.);
#4694 = EDGE_CURVE('',#4695,#4695,#4697,.T.);
#4695 = VERTEX_POINT('',#4696);
#4696 = CARTESIAN_POINT('',(-58.,-3.061616997868E-15,266.));
#4697 = SURFACE_CURVE('',#4698,(#4703,#4710),.PCURVE_S1.);
#4698 = CIRCLE('',#4699,12.5);
#4699 = AXIS2_PLACEMENT_3D('',#4700,#4701,#4702);
#4700 = CARTESIAN_POINT('',(-58.,0.,278.5));
#4701 = DIRECTION('',(1.,-0.,2.22044604925E-16));
#4702 = DIRECTION('',(2.22044604925E-16,0.,-1.));
#4703 = PCURVE('',#4676,#4704);
#4704 = DEFINITIONAL_REPRESENTATION('',(#4705),#4709);
#4705 = CIRCLE('',#4706,12.5);
#4706 = AXIS2_PLACEMENT_2D('',#4707,#4708);
#4707 = CARTESIAN_POINT('',(0.,0.));
#4708 = DIRECTION('',(1.,0.));
#4709 = ( GEOMETRIC_REPRESENTATION_CONTEXT(2) 
PARAMETRIC_REPRESENTATION_CONTEXT() REPRESENTATION_CONTEXT('2D SPACE',''
  ) );
#4710 = PCURVE('',#4711,#4716);
#4711 = CYLINDRICAL_SURFACE('',#4712,12.5);
#4712 = AXIS2_PLACEMENT_3D('',#4713,#4714,#4715);
#4713 = CARTESIAN_POINT('',(-88.,0.,278.5));
#4714 = DIRECTION('',(1.,0.,2.22044604925E-16));
#4715 = DIRECTION('',(2.22044604925E-16,0.,-1.));
#4716 = DEFINITIONAL_REPRESENTATION('',(#4717),#4721);
#4717 = LINE('',#4718,#4719);
#4718 = CARTESIAN_POINT('',(0.,30.));
#4719 = VECTOR('',#4720,1.);
#4720 = DIRECTION('',(1.,0.));
#4721 = ( GEOMETRIC_REPRESENTATION_CONTEXT(2) 
PARAMETRIC_REPRESENTATION_CONTEXT() REPRESENTATION_CONTEXT('2D SPACE',''
  ) );
#4722 = ADVANCED_FACE('',(#4723),#4711,.T.);
#4723 = FACE_BOUND('',#4724,.T.);
#4724 = EDGE_LOOP('',(#4725,#4726,#4749,#4776));
#4725 = ORIENTED_EDGE('',*,*,#4694,.F.);
#4726 = ORIENTED_EDGE('',*,*,#4727,.F.);
#4727 = EDGE_CURVE('',#4728,#4695,#4730,.T.);
#4728 = VERTEX_POINT('',#4729);
#4729 = CARTESIAN_POINT('',(-88.,-3.061616997868E-15,266.));
#4730 = SEAM_CURVE('',#4731,(#4735,#4742),.PCURVE_S1.);
#4731 = LINE('',#4732,#4733);
#4732 = CARTESIAN_POINT('',(-88.,-3.061616997868E-15,266.));
#4733 = VECTOR('',#4734,1.);
#4734 = DIRECTION('',(1.,0.,2.22044604925E-16));
#4735 = PCURVE('',#4711,#4736);
#4736 = DEFINITIONAL_REPRESENTATION('',(#4737),#4741);
#4737 = LINE('',#4738,#4739);
#4738 = CARTESIAN_POINT('',(6.28318530718,-0.));
#4739 = VECTOR('',#4740,1.);
#4740 = DIRECTION('',(0.,1.));
#4741 = ( GEOMETRIC_REPRESENTATION_CONTEXT(2) 
PARAMETRIC_REPRESENTATION_CONTEXT() REPRESENTATION_CONTEXT('2D SPACE',''
  ) );
#4742 = PCURVE('',#4711,#4743);
#4743 = DEFINITIONAL_REPRESENTATION('',(#4744),#4748);
#4744 = LINE('',#4745,#4746);
#4745 = CARTESIAN_POINT('',(0.,-0.));
#4746 = VECTOR('',#4747,1.);
#4747 = DIRECTION('',(0.,1.));
#4748 = ( GEOMETRIC_REPRESENTATION_CONTEXT(2) 
PARAMETRIC_REPRESENTATION_CONTEXT() REPRESENTATION_CONTEXT('2D SPACE',''
  ) );
#4749 = ORIENTED_EDGE('',*,*,#4750,.T.);
#4750 = EDGE_CURVE('',#4728,#4728,#4751,.T.);
#4751 = SURFACE_CURVE('',#4752,(#4757,#4764),.PCURVE_S1.);
#4752 = CIRCLE('',#4753,12.5);
#4753 = AXIS2_PLACEMENT_3D('',#4754,#4755,#4756);
#4754 = CARTESIAN_POINT('',(-88.,0.,278.5));
#4755 = DIRECTION('',(1.,-0.,2.22044604925E-16));
#4756 = DIRECTION('',(2.22044604925E-16,0.,-1.));
#4757 = PCURVE('',#4711,#4758);
#4758 = DEFINITIONAL_REPRESENTATION('',(#4759),#4763);
#4759 = LINE('',#4760,#4761);
#4760 = CARTESIAN_POINT('',(0.,0.));
#4761 = VECTOR('',#4762,1.);
#4762 = DIRECTION('',(1.,0.));
#4763 = ( GEOMETRIC_REPRESENTATION_CONTEXT(2) 
PARAMETRIC_REPRESENTATION_CONTEXT() REPRESENTATION_CONTEXT('2D SPACE',''
  ) );
#4764 = PCURVE('',#4765,#4770);
#4765 = PLANE('',#4766);
#4766 = AXIS2_PLACEMENT_3D('',#4767,#4768,#4769);
#4767 = CARTESIAN_POINT('',(-88.,0.,278.5));
#4768 = DIRECTION('',(1.,0.,2.22044604925E-16));
#4769 = DIRECTION('',(2.22044604925E-16,0.,-1.));
#4770 = DEFINITIONAL_REPRESENTATION('',(#4771),#4775);
#4771 = CIRCLE('',#4772,12.5);
#4772 = AXIS2_PLACEMENT_2D('',#4773,#4774);
#4773 = CARTESIAN_POINT('',(0.,0.));
#4774 = DIRECTION('',(1.,0.));
#4775 = ( GEOMETRIC_REPRESENTATION_CONTEXT(2) 
PARAMETRIC_REPRESENTATION_CONTEXT() REPRESENTATION_CONTEXT('2D SPACE',''
  ) );
#4776 = ORIENTED_EDGE('',*,*,#4727,.T.);
#4777 = ADVANCED_FACE('',(#4778,#4781),#4765,.F.);
#4778 = FACE_BOUND('',#4779,.F.);
#4779 = EDGE_LOOP('',(#4780));
#4780 = ORIENTED_EDGE('',*,*,#4750,.T.);
#4781 = FACE_BOUND('',#4782,.F.);
#4782 = EDGE_LOOP('',(#4783));
#4783 = ORIENTED_EDGE('',*,*,#4784,.F.);
#4784 = EDGE_CURVE('',#4785,#4785,#4787,.T.);
#4785 = VERTEX_POINT('',#4786);
#4786 = CARTESIAN_POINT('',(-88.,-2.449293598295E-15,268.5));
#4787 = SURFACE_CURVE('',#4788,(#4793,#4800),.PCURVE_S1.);
#4788 = CIRCLE('',#4789,10.);
#4789 = AXIS2_PLACEMENT_3D('',#4790,#4791,#4792);
#4790 = CARTESIAN_POINT('',(-88.,0.,278.5));
#4791 = DIRECTION('',(1.,0.,2.22044604925E-16));
#4792 = DIRECTION('',(2.22044604925E-16,0.,-1.));
#4793 = PCURVE('',#4765,#4794);
#4794 = DEFINITIONAL_REPRESENTATION('',(#4795),#4799);
#4795 = CIRCLE('',#4796,10.);
#4796 = AXIS2_PLACEMENT_2D('',#4797,#4798);
#4797 = CARTESIAN_POINT('',(0.,0.));
#4798 = DIRECTION('',(1.,0.));
#4799 = ( GEOMETRIC_REPRESENTATION_CONTEXT(2) 
PARAMETRIC_REPRESENTATION_CONTEXT() REPRESENTATION_CONTEXT('2D SPACE',''
  ) );
#4800 = PCURVE('',#4801,#4806);
#4801 = CYLINDRICAL_SURFACE('',#4802,10.);
#4802 = AXIS2_PLACEMENT_3D('',#4803,#4804,#4805);
#4803 = CARTESIAN_POINT('',(-89.,0.,278.5));
#4804 = DIRECTION('',(1.,0.,2.22044604925E-16));
#4805 = DIRECTION('',(2.22044604925E-16,0.,-1.));
#4806 = DEFINITIONAL_REPRESENTATION('',(#4807),#4811);
#4807 = LINE('',#4808,#4809);
#4808 = CARTESIAN_POINT('',(0.,1.));
#4809 = VECTOR('',#4810,1.);
#4810 = DIRECTION('',(1.,0.));
#4811 = ( GEOMETRIC_REPRESENTATION_CONTEXT(2) 
PARAMETRIC_REPRESENTATION_CONTEXT() REPRESENTATION_CONTEXT('2D SPACE',''
  ) );
#4812 = ADVANCED_FACE('',(#4813),#4801,.F.);
#4813 = FACE_BOUND('',#4814,.F.);
#4814 = EDGE_LOOP('',(#4815,#4844,#4865,#4866));
#4815 = ORIENTED_EDGE('',*,*,#4816,.F.);
#4816 = EDGE_CURVE('',#4817,#4817,#4819,.T.);
#4817 = VERTEX_POINT('',#4818);
#4818 = CARTESIAN_POINT('',(-58.,-2.449293598295E-15,268.5));
#4819 = SURFACE_CURVE('',#4820,(#4825,#4832),.PCURVE_S1.);
#4820 = CIRCLE('',#4821,10.);
#4821 = AXIS2_PLACEMENT_3D('',#4822,#4823,#4824);
#4822 = CARTESIAN_POINT('',(-58.,0.,278.5));
#4823 = DIRECTION('',(1.,0.,2.22044604925E-16));
#4824 = DIRECTION('',(2.22044604925E-16,0.,-1.));
#4825 = PCURVE('',#4801,#4826);
#4826 = DEFINITIONAL_REPRESENTATION('',(#4827),#4831);
#4827 = LINE('',#4828,#4829);
#4828 = CARTESIAN_POINT('',(0.,31.));
#4829 = VECTOR('',#4830,1.);
#4830 = DIRECTION('',(1.,0.));
#4831 = ( GEOMETRIC_REPRESENTATION_CONTEXT(2) 
PARAMETRIC_REPRESENTATION_CONTEXT() REPRESENTATION_CONTEXT('2D SPACE',''
  ) );
#4832 = PCURVE('',#4833,#4838);
#4833 = PLANE('',#4834);
#4834 = AXIS2_PLACEMENT_3D('',#4835,#4836,#4837);
#4835 = CARTESIAN_POINT('',(-58.,0.,278.5));
#4836 = DIRECTION('',(1.,0.,2.22044604925E-16));
#4837 = DIRECTION('',(2.22044604925E-16,0.,-1.));
#4838 = DEFINITIONAL_REPRESENTATION('',(#4839),#4843);
#4839 = CIRCLE('',#4840,10.);
#4840 = AXIS2_PLACEMENT_2D('',#4841,#4842);
#4841 = CARTESIAN_POINT('',(0.,0.));
#4842 = DIRECTION('',(1.,0.));
#4843 = ( GEOMETRIC_REPRESENTATION_CONTEXT(2) 
PARAMETRIC_REPRESENTATION_CONTEXT() REPRESENTATION_CONTEXT('2D SPACE',''
  ) );
#4844 = ORIENTED_EDGE('',*,*,#4845,.F.);
#4845 = EDGE_CURVE('',#4785,#4817,#4846,.T.);
#4846 = SEAM_CURVE('',#4847,(#4851,#4858),.PCURVE_S1.);
#4847 = LINE('',#4848,#4849);
#4848 = CARTESIAN_POINT('',(-89.,-2.449293598295E-15,268.5));
#4849 = VECTOR('',#4850,1.);
#4850 = DIRECTION('',(1.,0.,2.22044604925E-16));
#4851 = PCURVE('',#4801,#4852);
#4852 = DEFINITIONAL_REPRESENTATION('',(#4853),#4857);
#4853 = LINE('',#4854,#4855);
#4854 = CARTESIAN_POINT('',(6.28318530718,-0.));
#4855 = VECTOR('',#4856,1.);
#4856 = DIRECTION('',(0.,1.));
#4857 = ( GEOMETRIC_REPRESENTATION_CONTEXT(2) 
PARAMETRIC_REPRESENTATION_CONTEXT() REPRESENTATION_CONTEXT('2D SPACE',''
  ) );
#4858 = PCURVE('',#4801,#4859);
#4859 = DEFINITIONAL_REPRESENTATION('',(#4860),#4864);
#4860 = LINE('',#4861,#4862);
#4861 = CARTESIAN_POINT('',(0.,-0.));
#4862 = VECTOR('',#4863,1.);
#4863 = DIRECTION('',(0.,1.));
#4864 = ( GEOMETRIC_REPRESENTATION_CONTEXT(2) 
PARAMETRIC_REPRESENTATION_CONTEXT() REPRESENTATION_CONTEXT('2D SPACE',''
  ) );
#4865 = ORIENTED_EDGE('',*,*,#4784,.T.);
#4866 = ORIENTED_EDGE('',*,*,#4845,.T.);
#4867 = ADVANCED_FACE('',(#4868),#4833,.F.);
#4868 = FACE_BOUND('',#4869,.F.);
#4869 = EDGE_LOOP('',(#4870));
#4870 = ORIENTED_EDGE('',*,*,#4816,.T.);
#4871 = ADVANCED_FACE('',(#4872),#4580,.T.);
#4872 = FACE_BOUND('',#4873,.T.);
#4873 = EDGE_LOOP('',(#4874,#4875,#4876,#4877));
#4874 = ORIENTED_EDGE('',*,*,#4567,.F.);
#4875 = ORIENTED_EDGE('',*,*,#4638,.T.);
#4876 = ORIENTED_EDGE('',*,*,#4592,.F.);
#4877 = ORIENTED_EDGE('',*,*,#4878,.F.);
#4878 = EDGE_CURVE('',#3765,#3767,#4879,.T.);
#4879 = SURFACE_CURVE('',#4880,(#4885,#4892),.PCURVE_S1.);
#4880 = CIRCLE('',#4881,9.5);
#4881 = AXIS2_PLACEMENT_3D('',#4882,#4883,#4884);
#4882 = CARTESIAN_POINT('',(-55.,0.,278.5));
#4883 = DIRECTION('',(1.,-0.,2.22044604925E-16));
#4884 = DIRECTION('',(2.22044604925E-16,0.,-1.));
#4885 = PCURVE('',#4580,#4886);
#4886 = DEFINITIONAL_REPRESENTATION('',(#4887),#4891);
#4887 = CIRCLE('',#4888,9.5);
#4888 = AXIS2_PLACEMENT_2D('',#4889,#4890);
#4889 = CARTESIAN_POINT('',(0.,0.));
#4890 = DIRECTION('',(1.,0.));
#4891 = ( GEOMETRIC_REPRESENTATION_CONTEXT(2) 
PARAMETRIC_REPRESENTATION_CONTEXT() REPRESENTATION_CONTEXT('2D SPACE',''
  ) );
#4892 = PCURVE('',#3980,#4893);
#4893 = DEFINITIONAL_REPRESENTATION('',(#4894),#4898);
#4894 = LINE('',#4895,#4896);
#4895 = CARTESIAN_POINT('',(0.,0.));
#4896 = VECTOR('',#4897,1.);
#4897 = DIRECTION('',(1.,0.));
#4898 = ( GEOMETRIC_REPRESENTATION_CONTEXT(2) 
PARAMETRIC_REPRESENTATION_CONTEXT() REPRESENTATION_CONTEXT('2D SPACE',''
  ) );
#4899 = ADVANCED_FACE('',(#4900),#3980,.T.);
#4900 = FACE_BOUND('',#4901,.T.);
#4901 = EDGE_LOOP('',(#4902,#4903));
#4902 = ORIENTED_EDGE('',*,*,#3764,.F.);
#4903 = ORIENTED_EDGE('',*,*,#4878,.T.);
#4904 = ADVANCED_FACE('',(#4905,#4936),#3434,.F.);
#4905 = FACE_BOUND('',#4906,.F.);
#4906 = EDGE_LOOP('',(#4907));
#4907 = ORIENTED_EDGE('',*,*,#4908,.T.);
#4908 = EDGE_CURVE('',#4909,#4909,#4911,.T.);
#4909 = VERTEX_POINT('',#4910);
#4910 = CARTESIAN_POINT('',(58.,-1.420590287011E-14,302.));
#4911 = SURFACE_CURVE('',#4912,(#4917,#4924),.PCURVE_S1.);
#4912 = CIRCLE('',#4913,58.);
#4913 = AXIS2_PLACEMENT_3D('',#4914,#4915,#4916);
#4914 = CARTESIAN_POINT('',(0.,0.,302.));
#4915 = DIRECTION('',(0.,0.,1.));
#4916 = DIRECTION('',(1.,0.,-0.));
#4917 = PCURVE('',#3434,#4918);
#4918 = DEFINITIONAL_REPRESENTATION('',(#4919),#4923);
#4919 = CIRCLE('',#4920,58.);
#4920 = AXIS2_PLACEMENT_2D('',#4921,#4922);
#4921 = CARTESIAN_POINT('',(0.,0.));
#4922 = DIRECTION('',(1.,0.));
#4923 = ( GEOMETRIC_REPRESENTATION_CONTEXT(2) 
PARAMETRIC_REPRESENTATION_CONTEXT() REPRESENTATION_CONTEXT('2D SPACE',''
  ) );
#4924 = PCURVE('',#4925,#4930);
#4925 = CYLINDRICAL_SURFACE('',#4926,58.);
#4926 = AXIS2_PLACEMENT_3D('',#4927,#4928,#4929);
#4927 = CARTESIAN_POINT('',(0.,0.,327.));
#4928 = DIRECTION('',(0.,0.,1.));
#4929 = DIRECTION('',(1.,0.,-0.));
#4930 = DEFINITIONAL_REPRESENTATION('',(#4931),#4935);
#4931 = LINE('',#4932,#4933);
#4932 = CARTESIAN_POINT('',(0.,-25.));
#4933 = VECTOR('',#4934,1.);
#4934 = DIRECTION('',(1.,0.));
#4935 = ( GEOMETRIC_REPRESENTATION_CONTEXT(2) 
PARAMETRIC_REPRESENTATION_CONTEXT() REPRESENTATION_CONTEXT('2D SPACE',''
  ) );
#4936 = FACE_BOUND('',#4937,.F.);
#4937 = EDGE_LOOP('',(#4938));
#4938 = ORIENTED_EDGE('',*,*,#3419,.F.);
#4939 = ADVANCED_FACE('',(#4940),#4925,.T.);
#4940 = FACE_BOUND('',#4941,.T.);
#4941 = EDGE_LOOP('',(#4942,#4971,#4992,#4993));
#4942 = ORIENTED_EDGE('',*,*,#4943,.F.);
#4943 = EDGE_CURVE('',#4944,#4944,#4946,.T.);
#4944 = VERTEX_POINT('',#4945);
#4945 = CARTESIAN_POINT('',(58.,-1.420590287011E-14,330.));
#4946 = SURFACE_CURVE('',#4947,(#4952,#4959),.PCURVE_S1.);
#4947 = CIRCLE('',#4948,58.);
#4948 = AXIS2_PLACEMENT_3D('',#4949,#4950,#4951);
#4949 = CARTESIAN_POINT('',(0.,0.,330.));
#4950 = DIRECTION('',(0.,0.,1.));
#4951 = DIRECTION('',(1.,0.,-0.));
#4952 = PCURVE('',#4925,#4953);
#4953 = DEFINITIONAL_REPRESENTATION('',(#4954),#4958);
#4954 = LINE('',#4955,#4956);
#4955 = CARTESIAN_POINT('',(0.,3.));
#4956 = VECTOR('',#4957,1.);
#4957 = DIRECTION('',(1.,0.));
#4958 = ( GEOMETRIC_REPRESENTATION_CONTEXT(2) 
PARAMETRIC_REPRESENTATION_CONTEXT() REPRESENTATION_CONTEXT('2D SPACE',''
  ) );
#4959 = PCURVE('',#4960,#4965);
#4960 = PLANE('',#4961);
#4961 = AXIS2_PLACEMENT_3D('',#4962,#4963,#4964);
#4962 = CARTESIAN_POINT('',(0.,0.,330.));
#4963 = DIRECTION('',(0.,0.,1.));
#4964 = DIRECTION('',(1.,0.,-0.));
#4965 = DEFINITIONAL_REPRESENTATION('',(#4966),#4970);
#4966 = CIRCLE('',#4967,58.);
#4967 = AXIS2_PLACEMENT_2D('',#4968,#4969);
#4968 = CARTESIAN_POINT('',(0.,0.));
#4969 = DIRECTION('',(1.,0.));
#4970 = ( GEOMETRIC_REPRESENTATION_CONTEXT(2) 
PARAMETRIC_REPRESENTATION_CONTEXT() REPRESENTATION_CONTEXT('2D SPACE',''
  ) );
#4971 = ORIENTED_EDGE('',*,*,#4972,.T.);
#4972 = EDGE_CURVE('',#4944,#4909,#4973,.T.);
#4973 = SEAM_CURVE('',#4974,(#4978,#4985),.PCURVE_S1.);
#4974 = LINE('',#4975,#4976);
#4975 = CARTESIAN_POINT('',(58.,-1.420590287011E-14,330.));
#4976 = VECTOR('',#4977,1.);
#4977 = DIRECTION('',(0.,0.,-1.));
#4978 = PCURVE('',#4925,#4979);
#4979 = DEFINITIONAL_REPRESENTATION('',(#4980),#4984);
#4980 = LINE('',#4981,#4982);
#4981 = CARTESIAN_POINT('',(0.,3.));
#4982 = VECTOR('',#4983,1.);
#4983 = DIRECTION('',(-0.,-1.));
#4984 = ( GEOMETRIC_REPRESENTATION_CONTEXT(2) 
PARAMETRIC_REPRESENTATION_CONTEXT() REPRESENTATION_CONTEXT('2D SPACE',''
  ) );
#4985 = PCURVE('',#4925,#4986);
#4986 = DEFINITIONAL_REPRESENTATION('',(#4987),#4991);
#4987 = LINE('',#4988,#4989);
#4988 = CARTESIAN_POINT('',(6.28318530718,3.));
#4989 = VECTOR('',#4990,1.);
#4990 = DIRECTION('',(-0.,-1.));
#4991 = ( GEOMETRIC_REPRESENTATION_CONTEXT(2) 
PARAMETRIC_REPRESENTATION_CONTEXT() REPRESENTATION_CONTEXT('2D SPACE',''
  ) );
#4992 = ORIENTED_EDGE('',*,*,#4908,.T.);
#4993 = ORIENTED_EDGE('',*,*,#4972,.F.);
#4994 = ADVANCED_FACE('',(#4995),#4960,.T.);
#4995 = FACE_BOUND('',#4996,.T.);
#4996 = EDGE_LOOP('',(#4997));
#4997 = ORIENTED_EDGE('',*,*,#4943,.T.);
#4998 = ADVANCED_FACE('',(#4999),#3560,.T.);
#4999 = FACE_BOUND('',#5000,.T.);
#5000 = EDGE_LOOP('',(#5001,#5028));
#5001 = ORIENTED_EDGE('',*,*,#5002,.F.);
#5002 = EDGE_CURVE('',#3100,#3098,#5003,.T.);
#5003 = SURFACE_CURVE('',#5004,(#5009,#5016),.PCURVE_S1.);
#5004 = CIRCLE('',#5005,9.5);
#5005 = AXIS2_PLACEMENT_3D('',#5006,#5007,#5008);
#5006 = CARTESIAN_POINT('',(55.,0.,278.5));
#5007 = DIRECTION('',(1.,-0.,2.22044604925E-16));
#5008 = DIRECTION('',(2.22044604925E-16,0.,-1.));
#5009 = PCURVE('',#3560,#5010);
#5010 = DEFINITIONAL_REPRESENTATION('',(#5011),#5015);
#5011 = LINE('',#5012,#5013);
#5012 = CARTESIAN_POINT('',(0.,10.127763234441));
#5013 = VECTOR('',#5014,1.);
#5014 = DIRECTION('',(1.,0.));
#5015 = ( GEOMETRIC_REPRESENTATION_CONTEXT(2) 
PARAMETRIC_REPRESENTATION_CONTEXT() REPRESENTATION_CONTEXT('2D SPACE',''
  ) );
#5016 = PCURVE('',#5017,#5022);
#5017 = PLANE('',#5018);
#5018 = AXIS2_PLACEMENT_3D('',#5019,#5020,#5021);
#5019 = CARTESIAN_POINT('',(55.,0.,278.5));
#5020 = DIRECTION('',(1.,0.,2.22044604925E-16));
#5021 = DIRECTION('',(2.22044604925E-16,0.,-1.));
#5022 = DEFINITIONAL_REPRESENTATION('',(#5023),#5027);
#5023 = CIRCLE('',#5024,9.5);
#5024 = AXIS2_PLACEMENT_2D('',#5025,#5026);
#5025 = CARTESIAN_POINT('',(0.,0.));
#5026 = DIRECTION('',(1.,0.));
#5027 = ( GEOMETRIC_REPRESENTATION_CONTEXT(2) 
PARAMETRIC_REPRESENTATION_CONTEXT() REPRESENTATION_CONTEXT('2D SPACE',''
  ) );
#5028 = ORIENTED_EDGE('',*,*,#3448,.T.);
#5029 = ADVANCED_FACE('',(#5030),#5017,.F.);
#5030 = FACE_BOUND('',#5031,.F.);
#5031 = EDGE_LOOP('',(#5032,#5033,#5060,#5061));
#5032 = ORIENTED_EDGE('',*,*,#3715,.F.);
#5033 = ORIENTED_EDGE('',*,*,#5034,.T.);
#5034 = EDGE_CURVE('',#3716,#3369,#5035,.T.);
#5035 = SURFACE_CURVE('',#5036,(#5041,#5048),.PCURVE_S1.);
#5036 = CIRCLE('',#5037,14.);
#5037 = AXIS2_PLACEMENT_3D('',#5038,#5039,#5040);
#5038 = CARTESIAN_POINT('',(55.,0.,278.5));
#5039 = DIRECTION('',(1.,-0.,2.22044604925E-16));
#5040 = DIRECTION('',(2.22044604925E-16,0.,-1.));
#5041 = PCURVE('',#5017,#5042);
#5042 = DEFINITIONAL_REPRESENTATION('',(#5043),#5047);
#5043 = CIRCLE('',#5044,14.);
#5044 = AXIS2_PLACEMENT_2D('',#5045,#5046);
#5045 = CARTESIAN_POINT('',(0.,0.));
#5046 = DIRECTION('',(1.,0.));
#5047 = ( GEOMETRIC_REPRESENTATION_CONTEXT(2) 
PARAMETRIC_REPRESENTATION_CONTEXT() REPRESENTATION_CONTEXT('2D SPACE',''
  ) );
#5048 = PCURVE('',#5049,#5054);
#5049 = CYLINDRICAL_SURFACE('',#5050,14.);
#5050 = AXIS2_PLACEMENT_3D('',#5051,#5052,#5053);
#5051 = CARTESIAN_POINT('',(55.,0.,278.5));
#5052 = DIRECTION('',(1.,0.,2.22044604925E-16));
#5053 = DIRECTION('',(2.22044604925E-16,0.,-1.));
#5054 = DEFINITIONAL_REPRESENTATION('',(#5055),#5059);
#5055 = LINE('',#5056,#5057);
#5056 = CARTESIAN_POINT('',(0.,0.));
#5057 = VECTOR('',#5058,1.);
#5058 = DIRECTION('',(1.,0.));
#5059 = ( GEOMETRIC_REPRESENTATION_CONTEXT(2) 
PARAMETRIC_REPRESENTATION_CONTEXT() REPRESENTATION_CONTEXT('2D SPACE',''
  ) );
#5060 = ORIENTED_EDGE('',*,*,#3368,.F.);
#5061 = ORIENTED_EDGE('',*,*,#5002,.F.);
#5062 = ADVANCED_FACE('',(#5063),#5049,.T.);
#5063 = FACE_BOUND('',#5064,.T.);
#5064 = EDGE_LOOP('',(#5065,#5088,#5115,#5116,#5117));
#5065 = ORIENTED_EDGE('',*,*,#5066,.T.);
#5066 = EDGE_CURVE('',#3716,#5067,#5069,.T.);
#5067 = VERTEX_POINT('',#5068);
#5068 = CARTESIAN_POINT('',(58.,-3.429011037613E-15,264.5));
#5069 = SEAM_CURVE('',#5070,(#5074,#5081),.PCURVE_S1.);
#5070 = LINE('',#5071,#5072);
#5071 = CARTESIAN_POINT('',(55.,-3.429011037613E-15,264.5));
#5072 = VECTOR('',#5073,1.);
#5073 = DIRECTION('',(1.,0.,2.22044604925E-16));
#5074 = PCURVE('',#5049,#5075);
#5075 = DEFINITIONAL_REPRESENTATION('',(#5076),#5080);
#5076 = LINE('',#5077,#5078);
#5077 = CARTESIAN_POINT('',(6.28318530718,-0.));
#5078 = VECTOR('',#5079,1.);
#5079 = DIRECTION('',(0.,1.));
#5080 = ( GEOMETRIC_REPRESENTATION_CONTEXT(2) 
PARAMETRIC_REPRESENTATION_CONTEXT() REPRESENTATION_CONTEXT('2D SPACE',''
  ) );
#5081 = PCURVE('',#5049,#5082);
#5082 = DEFINITIONAL_REPRESENTATION('',(#5083),#5087);
#5083 = LINE('',#5084,#5085);
#5084 = CARTESIAN_POINT('',(0.,-0.));
#5085 = VECTOR('',#5086,1.);
#5086 = DIRECTION('',(0.,1.));
#5087 = ( GEOMETRIC_REPRESENTATION_CONTEXT(2) 
PARAMETRIC_REPRESENTATION_CONTEXT() REPRESENTATION_CONTEXT('2D SPACE',''
  ) );
#5088 = ORIENTED_EDGE('',*,*,#5089,.F.);
#5089 = EDGE_CURVE('',#5067,#5067,#5090,.T.);
#5090 = SURFACE_CURVE('',#5091,(#5096,#5103),.PCURVE_S1.);
#5091 = CIRCLE('',#5092,14.);
#5092 = AXIS2_PLACEMENT_3D('',#5093,#5094,#5095);
#5093 = CARTESIAN_POINT('',(58.,0.,278.5));
#5094 = DIRECTION('',(1.,-0.,2.22044604925E-16));
#5095 = DIRECTION('',(2.22044604925E-16,0.,-1.));
#5096 = PCURVE('',#5049,#5097);
#5097 = DEFINITIONAL_REPRESENTATION('',(#5098),#5102);
#5098 = LINE('',#5099,#5100);
#5099 = CARTESIAN_POINT('',(0.,3.));
#5100 = VECTOR('',#5101,1.);
#5101 = DIRECTION('',(1.,0.));
#5102 = ( GEOMETRIC_REPRESENTATION_CONTEXT(2) 
PARAMETRIC_REPRESENTATION_CONTEXT() REPRESENTATION_CONTEXT('2D SPACE',''
  ) );
#5103 = PCURVE('',#5104,#5109);
#5104 = PLANE('',#5105);
#5105 = AXIS2_PLACEMENT_3D('',#5106,#5107,#5108);
#5106 = CARTESIAN_POINT('',(58.,0.,278.5));
#5107 = DIRECTION('',(1.,0.,2.22044604925E-16));
#5108 = DIRECTION('',(2.22044604925E-16,0.,-1.));
#5109 = DEFINITIONAL_REPRESENTATION('',(#5110),#5114);
#5110 = CIRCLE('',#5111,14.);
#5111 = AXIS2_PLACEMENT_2D('',#5112,#5113);
#5112 = CARTESIAN_POINT('',(0.,0.));
#5113 = DIRECTION('',(1.,0.));
#5114 = ( GEOMETRIC_REPRESENTATION_CONTEXT(2) 
PARAMETRIC_REPRESENTATION_CONTEXT() REPRESENTATION_CONTEXT('2D SPACE',''
  ) );
#5115 = ORIENTED_EDGE('',*,*,#5066,.F.);
#5116 = ORIENTED_EDGE('',*,*,#5034,.T.);
#5117 = ORIENTED_EDGE('',*,*,#5118,.T.);
#5118 = EDGE_CURVE('',#3369,#3716,#5119,.T.);
#5119 = SURFACE_CURVE('',#5120,(#5125,#5132),.PCURVE_S1.);
#5120 = CIRCLE('',#5121,14.);
#5121 = AXIS2_PLACEMENT_3D('',#5122,#5123,#5124);
#5122 = CARTESIAN_POINT('',(55.,0.,278.5));
#5123 = DIRECTION('',(1.,-0.,2.22044604925E-16));
#5124 = DIRECTION('',(2.22044604925E-16,0.,-1.));
#5125 = PCURVE('',#5049,#5126);
#5126 = DEFINITIONAL_REPRESENTATION('',(#5127),#5131);
#5127 = LINE('',#5128,#5129);
#5128 = CARTESIAN_POINT('',(0.,0.));
#5129 = VECTOR('',#5130,1.);
#5130 = DIRECTION('',(1.,0.));
#5131 = ( GEOMETRIC_REPRESENTATION_CONTEXT(2) 
PARAMETRIC_REPRESENTATION_CONTEXT() REPRESENTATION_CONTEXT('2D SPACE',''
  ) );
#5132 = PCURVE('',#3384,#5133);
#5133 = DEFINITIONAL_REPRESENTATION('',(#5134),#5138);
#5134 = CIRCLE('',#5135,14.);
#5135 = AXIS2_PLACEMENT_2D('',#5136,#5137);
#5136 = CARTESIAN_POINT('',(0.,0.));
#5137 = DIRECTION('',(1.,0.));
#5138 = ( GEOMETRIC_REPRESENTATION_CONTEXT(2) 
PARAMETRIC_REPRESENTATION_CONTEXT() REPRESENTATION_CONTEXT('2D SPACE',''
  ) );
#5139 = ADVANCED_FACE('',(#5140,#5143),#5104,.T.);
#5140 = FACE_BOUND('',#5141,.T.);
#5141 = EDGE_LOOP('',(#5142));
#5142 = ORIENTED_EDGE('',*,*,#5089,.T.);
#5143 = FACE_BOUND('',#5144,.T.);
#5144 = EDGE_LOOP('',(#5145));
#5145 = ORIENTED_EDGE('',*,*,#5146,.F.);
#5146 = EDGE_CURVE('',#5147,#5147,#5149,.T.);
#5147 = VERTEX_POINT('',#5148);
#5148 = CARTESIAN_POINT('',(58.,-3.061616997868E-15,266.));
#5149 = SURFACE_CURVE('',#5150,(#5155,#5162),.PCURVE_S1.);
#5150 = CIRCLE('',#5151,12.5);
#5151 = AXIS2_PLACEMENT_3D('',#5152,#5153,#5154);
#5152 = CARTESIAN_POINT('',(58.,0.,278.5));
#5153 = DIRECTION('',(1.,-0.,2.22044604925E-16));
#5154 = DIRECTION('',(2.22044604925E-16,0.,-1.));
#5155 = PCURVE('',#5104,#5156);
#5156 = DEFINITIONAL_REPRESENTATION('',(#5157),#5161);
#5157 = CIRCLE('',#5158,12.5);
#5158 = AXIS2_PLACEMENT_2D('',#5159,#5160);
#5159 = CARTESIAN_POINT('',(0.,0.));
#5160 = DIRECTION('',(1.,0.));
#5161 = ( GEOMETRIC_REPRESENTATION_CONTEXT(2) 
PARAMETRIC_REPRESENTATION_CONTEXT() REPRESENTATION_CONTEXT('2D SPACE',''
  ) );
#5162 = PCURVE('',#5163,#5168);
#5163 = CYLINDRICAL_SURFACE('',#5164,12.5);
#5164 = AXIS2_PLACEMENT_3D('',#5165,#5166,#5167);
#5165 = CARTESIAN_POINT('',(58.,0.,278.5));
#5166 = DIRECTION('',(1.,0.,2.22044604925E-16));
#5167 = DIRECTION('',(2.22044604925E-16,0.,-1.));
#5168 = DEFINITIONAL_REPRESENTATION('',(#5169),#5173);
#5169 = LINE('',#5170,#5171);
#5170 = CARTESIAN_POINT('',(0.,0.));
#5171 = VECTOR('',#5172,1.);
#5172 = DIRECTION('',(1.,0.));
#5173 = ( GEOMETRIC_REPRESENTATION_CONTEXT(2) 
PARAMETRIC_REPRESENTATION_CONTEXT() REPRESENTATION_CONTEXT('2D SPACE',''
  ) );
#5174 = ADVANCED_FACE('',(#5175),#5163,.T.);
#5175 = FACE_BOUND('',#5176,.T.);
#5176 = EDGE_LOOP('',(#5177,#5206,#5227,#5228));
#5177 = ORIENTED_EDGE('',*,*,#5178,.F.);
#5178 = EDGE_CURVE('',#5179,#5179,#5181,.T.);
#5179 = VERTEX_POINT('',#5180);
#5180 = CARTESIAN_POINT('',(88.,-3.061616997868E-15,266.));
#5181 = SURFACE_CURVE('',#5182,(#5187,#5194),.PCURVE_S1.);
#5182 = CIRCLE('',#5183,12.5);
#5183 = AXIS2_PLACEMENT_3D('',#5184,#5185,#5186);
#5184 = CARTESIAN_POINT('',(88.,0.,278.5));
#5185 = DIRECTION('',(1.,-0.,2.22044604925E-16));
#5186 = DIRECTION('',(2.22044604925E-16,0.,-1.));
#5187 = PCURVE('',#5163,#5188);
#5188 = DEFINITIONAL_REPRESENTATION('',(#5189),#5193);
#5189 = LINE('',#5190,#5191);
#5190 = CARTESIAN_POINT('',(0.,30.));
#5191 = VECTOR('',#5192,1.);
#5192 = DIRECTION('',(1.,0.));
#5193 = ( GEOMETRIC_REPRESENTATION_CONTEXT(2) 
PARAMETRIC_REPRESENTATION_CONTEXT() REPRESENTATION_CONTEXT('2D SPACE',''
  ) );
#5194 = PCURVE('',#5195,#5200);
#5195 = PLANE('',#5196);
#5196 = AXIS2_PLACEMENT_3D('',#5197,#5198,#5199);
#5197 = CARTESIAN_POINT('',(88.,0.,278.5));
#5198 = DIRECTION('',(1.,0.,2.22044604925E-16));
#5199 = DIRECTION('',(2.22044604925E-16,0.,-1.));
#5200 = DEFINITIONAL_REPRESENTATION('',(#5201),#5205);
#5201 = CIRCLE('',#5202,12.5);
#5202 = AXIS2_PLACEMENT_2D('',#5203,#5204);
#5203 = CARTESIAN_POINT('',(0.,0.));
#5204 = DIRECTION('',(1.,0.));
#5205 = ( GEOMETRIC_REPRESENTATION_CONTEXT(2) 
PARAMETRIC_REPRESENTATION_CONTEXT() REPRESENTATION_CONTEXT('2D SPACE',''
  ) );
#5206 = ORIENTED_EDGE('',*,*,#5207,.F.);
#5207 = EDGE_CURVE('',#5147,#5179,#5208,.T.);
#5208 = SEAM_CURVE('',#5209,(#5213,#5220),.PCURVE_S1.);
#5209 = LINE('',#5210,#5211);
#5210 = CARTESIAN_POINT('',(58.,-3.061616997868E-15,266.));
#5211 = VECTOR('',#5212,1.);
#5212 = DIRECTION('',(1.,0.,2.22044604925E-16));
#5213 = PCURVE('',#5163,#5214);
#5214 = DEFINITIONAL_REPRESENTATION('',(#5215),#5219);
#5215 = LINE('',#5216,#5217);
#5216 = CARTESIAN_POINT('',(6.28318530718,-0.));
#5217 = VECTOR('',#5218,1.);
#5218 = DIRECTION('',(0.,1.));
#5219 = ( GEOMETRIC_REPRESENTATION_CONTEXT(2) 
PARAMETRIC_REPRESENTATION_CONTEXT() REPRESENTATION_CONTEXT('2D SPACE',''
  ) );
#5220 = PCURVE('',#5163,#5221);
#5221 = DEFINITIONAL_REPRESENTATION('',(#5222),#5226);
#5222 = LINE('',#5223,#5224);
#5223 = CARTESIAN_POINT('',(0.,-0.));
#5224 = VECTOR('',#5225,1.);
#5225 = DIRECTION('',(0.,1.));
#5226 = ( GEOMETRIC_REPRESENTATION_CONTEXT(2) 
PARAMETRIC_REPRESENTATION_CONTEXT() REPRESENTATION_CONTEXT('2D SPACE',''
  ) );
#5227 = ORIENTED_EDGE('',*,*,#5146,.T.);
#5228 = ORIENTED_EDGE('',*,*,#5207,.T.);
#5229 = ADVANCED_FACE('',(#5230,#5233),#5195,.T.);
#5230 = FACE_BOUND('',#5231,.T.);
#5231 = EDGE_LOOP('',(#5232));
#5232 = ORIENTED_EDGE('',*,*,#5178,.T.);
#5233 = FACE_BOUND('',#5234,.T.);
#5234 = EDGE_LOOP('',(#5235));
#5235 = ORIENTED_EDGE('',*,*,#5236,.F.);
#5236 = EDGE_CURVE('',#5237,#5237,#5239,.T.);
#5237 = VERTEX_POINT('',#5238);
#5238 = CARTESIAN_POINT('',(88.,-2.449293598295E-15,268.5));
#5239 = SURFACE_CURVE('',#5240,(#5245,#5252),.PCURVE_S1.);
#5240 = CIRCLE('',#5241,10.);
#5241 = AXIS2_PLACEMENT_3D('',#5242,#5243,#5244);
#5242 = CARTESIAN_POINT('',(88.,0.,278.5));
#5243 = DIRECTION('',(1.,0.,2.22044604925E-16));
#5244 = DIRECTION('',(2.22044604925E-16,0.,-1.));
#5245 = PCURVE('',#5195,#5246);
#5246 = DEFINITIONAL_REPRESENTATION('',(#5247),#5251);
#5247 = CIRCLE('',#5248,10.);
#5248 = AXIS2_PLACEMENT_2D('',#5249,#5250);
#5249 = CARTESIAN_POINT('',(0.,0.));
#5250 = DIRECTION('',(1.,0.));
#5251 = ( GEOMETRIC_REPRESENTATION_CONTEXT(2) 
PARAMETRIC_REPRESENTATION_CONTEXT() REPRESENTATION_CONTEXT('2D SPACE',''
  ) );
#5252 = PCURVE('',#5253,#5258);
#5253 = CYLINDRICAL_SURFACE('',#5254,10.);
#5254 = AXIS2_PLACEMENT_3D('',#5255,#5256,#5257);
#5255 = CARTESIAN_POINT('',(55.,0.,278.5));
#5256 = DIRECTION('',(1.,0.,2.22044604925E-16));
#5257 = DIRECTION('',(2.22044604925E-16,0.,-1.));
#5258 = DEFINITIONAL_REPRESENTATION('',(#5259),#5263);
#5259 = LINE('',#5260,#5261);
#5260 = CARTESIAN_POINT('',(0.,33.));
#5261 = VECTOR('',#5262,1.);
#5262 = DIRECTION('',(1.,0.));
#5263 = ( GEOMETRIC_REPRESENTATION_CONTEXT(2) 
PARAMETRIC_REPRESENTATION_CONTEXT() REPRESENTATION_CONTEXT('2D SPACE',''
  ) );
#5264 = ADVANCED_FACE('',(#5265),#5253,.F.);
#5265 = FACE_BOUND('',#5266,.F.);
#5266 = EDGE_LOOP('',(#5267,#5268,#5291,#5318));
#5267 = ORIENTED_EDGE('',*,*,#5236,.F.);
#5268 = ORIENTED_EDGE('',*,*,#5269,.F.);
#5269 = EDGE_CURVE('',#5270,#5237,#5272,.T.);
#5270 = VERTEX_POINT('',#5271);
#5271 = CARTESIAN_POINT('',(58.,-2.449293598295E-15,268.5));
#5272 = SEAM_CURVE('',#5273,(#5277,#5284),.PCURVE_S1.);
#5273 = LINE('',#5274,#5275);
#5274 = CARTESIAN_POINT('',(55.,-2.449293598295E-15,268.5));
#5275 = VECTOR('',#5276,1.);
#5276 = DIRECTION('',(1.,0.,2.22044604925E-16));
#5277 = PCURVE('',#5253,#5278);
#5278 = DEFINITIONAL_REPRESENTATION('',(#5279),#5283);
#5279 = LINE('',#5280,#5281);
#5280 = CARTESIAN_POINT('',(6.28318530718,-0.));
#5281 = VECTOR('',#5282,1.);
#5282 = DIRECTION('',(0.,1.));
#5283 = ( GEOMETRIC_REPRESENTATION_CONTEXT(2) 
PARAMETRIC_REPRESENTATION_CONTEXT() REPRESENTATION_CONTEXT('2D SPACE',''
  ) );
#5284 = PCURVE('',#5253,#5285);
#5285 = DEFINITIONAL_REPRESENTATION('',(#5286),#5290);
#5286 = LINE('',#5287,#5288);
#5287 = CARTESIAN_POINT('',(0.,-0.));
#5288 = VECTOR('',#5289,1.);
#5289 = DIRECTION('',(0.,1.));
#5290 = ( GEOMETRIC_REPRESENTATION_CONTEXT(2) 
PARAMETRIC_REPRESENTATION_CONTEXT() REPRESENTATION_CONTEXT('2D SPACE',''
  ) );
#5291 = ORIENTED_EDGE('',*,*,#5292,.T.);
#5292 = EDGE_CURVE('',#5270,#5270,#5293,.T.);
#5293 = SURFACE_CURVE('',#5294,(#5299,#5306),.PCURVE_S1.);
#5294 = CIRCLE('',#5295,10.);
#5295 = AXIS2_PLACEMENT_3D('',#5296,#5297,#5298);
#5296 = CARTESIAN_POINT('',(58.,0.,278.5));
#5297 = DIRECTION('',(1.,0.,2.22044604925E-16));
#5298 = DIRECTION('',(2.22044604925E-16,0.,-1.));
#5299 = PCURVE('',#5253,#5300);
#5300 = DEFINITIONAL_REPRESENTATION('',(#5301),#5305);
#5301 = LINE('',#5302,#5303);
#5302 = CARTESIAN_POINT('',(0.,3.));
#5303 = VECTOR('',#5304,1.);
#5304 = DIRECTION('',(1.,0.));
#5305 = ( GEOMETRIC_REPRESENTATION_CONTEXT(2) 
PARAMETRIC_REPRESENTATION_CONTEXT() REPRESENTATION_CONTEXT('2D SPACE',''
  ) );
#5306 = PCURVE('',#5307,#5312);
#5307 = PLANE('',#5308);
#5308 = AXIS2_PLACEMENT_3D('',#5309,#5310,#5311);
#5309 = CARTESIAN_POINT('',(58.,0.,278.5));
#5310 = DIRECTION('',(1.,0.,2.22044604925E-16));
#5311 = DIRECTION('',(2.22044604925E-16,0.,-1.));
#5312 = DEFINITIONAL_REPRESENTATION('',(#5313),#5317);
#5313 = CIRCLE('',#5314,10.);
#5314 = AXIS2_PLACEMENT_2D('',#5315,#5316);
#5315 = CARTESIAN_POINT('',(0.,0.));
#5316 = DIRECTION('',(1.,0.));
#5317 = ( GEOMETRIC_REPRESENTATION_CONTEXT(2) 
PARAMETRIC_REPRESENTATION_CONTEXT() REPRESENTATION_CONTEXT('2D SPACE',''
  ) );
#5318 = ORIENTED_EDGE('',*,*,#5269,.T.);
#5319 = ADVANCED_FACE('',(#5320),#5307,.T.);
#5320 = FACE_BOUND('',#5321,.T.);
#5321 = EDGE_LOOP('',(#5322));
#5322 = ORIENTED_EDGE('',*,*,#5292,.T.);
#5323 = ADVANCED_FACE('',(#5324),#3384,.F.);
#5324 = FACE_BOUND('',#5325,.F.);
#5325 = EDGE_LOOP('',(#5326,#5327,#5328,#5350));
#5326 = ORIENTED_EDGE('',*,*,#5118,.T.);
#5327 = ORIENTED_EDGE('',*,*,#3715,.T.);
#5328 = ORIENTED_EDGE('',*,*,#5329,.F.);
#5329 = EDGE_CURVE('',#3098,#3100,#5330,.T.);
#5330 = SURFACE_CURVE('',#5331,(#5336,#5343),.PCURVE_S1.);
#5331 = CIRCLE('',#5332,9.5);
#5332 = AXIS2_PLACEMENT_3D('',#5333,#5334,#5335);
#5333 = CARTESIAN_POINT('',(55.,0.,278.5));
#5334 = DIRECTION('',(1.,-0.,2.22044604925E-16));
#5335 = DIRECTION('',(2.22044604925E-16,0.,-1.));
#5336 = PCURVE('',#3384,#5337);
#5337 = DEFINITIONAL_REPRESENTATION('',(#5338),#5342);
#5338 = CIRCLE('',#5339,9.5);
#5339 = AXIS2_PLACEMENT_2D('',#5340,#5341);
#5340 = CARTESIAN_POINT('',(0.,0.));
#5341 = DIRECTION('',(1.,0.));
#5342 = ( GEOMETRIC_REPRESENTATION_CONTEXT(2) 
PARAMETRIC_REPRESENTATION_CONTEXT() REPRESENTATION_CONTEXT('2D SPACE',''
  ) );
#5343 = PCURVE('',#3213,#5344);
#5344 = DEFINITIONAL_REPRESENTATION('',(#5345),#5349);
#5345 = LINE('',#5346,#5347);
#5346 = CARTESIAN_POINT('',(0.,10.127763234441));
#5347 = VECTOR('',#5348,1.);
#5348 = DIRECTION('',(1.,0.));
#5349 = ( GEOMETRIC_REPRESENTATION_CONTEXT(2) 
PARAMETRIC_REPRESENTATION_CONTEXT() REPRESENTATION_CONTEXT('2D SPACE',''
  ) );
#5350 = ORIENTED_EDGE('',*,*,#3368,.T.);
#5351 = ADVANCED_FACE('',(#5352),#3213,.T.);
#5352 = FACE_BOUND('',#5353,.T.);
#5353 = EDGE_LOOP('',(#5354,#5355));
#5354 = ORIENTED_EDGE('',*,*,#3097,.T.);
#5355 = ORIENTED_EDGE('',*,*,#5329,.F.);
#5356 = ADVANCED_FACE('',(#5357,#5360),#1792,.F.);
#5357 = FACE_BOUND('',#5358,.F.);
#5358 = EDGE_LOOP('',(#5359));
#5359 = ORIENTED_EDGE('',*,*,#1770,.T.);
#5360 = FACE_BOUND('',#5361,.F.);
#5361 = EDGE_LOOP('',(#5362));
#5362 = ORIENTED_EDGE('',*,*,#5363,.F.);
#5363 = EDGE_CURVE('',#5364,#5364,#5366,.T.);
#5364 = VERTEX_POINT('',#5365);
#5365 = CARTESIAN_POINT('',(25.1,-6.14772693172E-15,160.));
#5366 = SURFACE_CURVE('',#5367,(#5372,#5379),.PCURVE_S1.);
#5367 = CIRCLE('',#5368,25.1);
#5368 = AXIS2_PLACEMENT_3D('',#5369,#5370,#5371);
#5369 = CARTESIAN_POINT('',(0.,0.,160.));
#5370 = DIRECTION('',(0.,0.,1.));
#5371 = DIRECTION('',(1.,0.,-0.));
#5372 = PCURVE('',#1792,#5373);
#5373 = DEFINITIONAL_REPRESENTATION('',(#5374),#5378);
#5374 = CIRCLE('',#5375,25.1);
#5375 = AXIS2_PLACEMENT_2D('',#5376,#5377);
#5376 = CARTESIAN_POINT('',(0.,0.));
#5377 = DIRECTION('',(1.,0.));
#5378 = ( GEOMETRIC_REPRESENTATION_CONTEXT(2) 
PARAMETRIC_REPRESENTATION_CONTEXT() REPRESENTATION_CONTEXT('2D SPACE',''
  ) );
#5379 = PCURVE('',#5380,#5385);
#5380 = CYLINDRICAL_SURFACE('',#5381,25.1);
#5381 = AXIS2_PLACEMENT_3D('',#5382,#5383,#5384);
#5382 = CARTESIAN_POINT('',(0.,0.,159.));
#5383 = DIRECTION('',(0.,0.,1.));
#5384 = DIRECTION('',(1.,0.,-0.));
#5385 = DEFINITIONAL_REPRESENTATION('',(#5386),#5390);
#5386 = LINE('',#5387,#5388);
#5387 = CARTESIAN_POINT('',(0.,1.));
#5388 = VECTOR('',#5389,1.);
#5389 = DIRECTION('',(1.,0.));
#5390 = ( GEOMETRIC_REPRESENTATION_CONTEXT(2) 
PARAMETRIC_REPRESENTATION_CONTEXT() REPRESENTATION_CONTEXT('2D SPACE',''
  ) );
#5391 = ADVANCED_FACE('',(#5392),#5380,.F.);
#5392 = FACE_BOUND('',#5393,.F.);
#5393 = EDGE_LOOP('',(#5394,#5395,#5418,#5445));
#5394 = ORIENTED_EDGE('',*,*,#5363,.T.);
#5395 = ORIENTED_EDGE('',*,*,#5396,.T.);
#5396 = EDGE_CURVE('',#5364,#5397,#5399,.T.);
#5397 = VERTEX_POINT('',#5398);
#5398 = CARTESIAN_POINT('',(25.1,-6.14772693172E-15,165.));
#5399 = SEAM_CURVE('',#5400,(#5404,#5411),.PCURVE_S1.);
#5400 = LINE('',#5401,#5402);
#5401 = CARTESIAN_POINT('',(25.1,-6.14772693172E-15,159.));
#5402 = VECTOR('',#5403,1.);
#5403 = DIRECTION('',(0.,0.,1.));
#5404 = PCURVE('',#5380,#5405);
#5405 = DEFINITIONAL_REPRESENTATION('',(#5406),#5410);
#5406 = LINE('',#5407,#5408);
#5407 = CARTESIAN_POINT('',(0.,-0.));
#5408 = VECTOR('',#5409,1.);
#5409 = DIRECTION('',(0.,1.));
#5410 = ( GEOMETRIC_REPRESENTATION_CONTEXT(2) 
PARAMETRIC_REPRESENTATION_CONTEXT() REPRESENTATION_CONTEXT('2D SPACE',''
  ) );
#5411 = PCURVE('',#5380,#5412);
#5412 = DEFINITIONAL_REPRESENTATION('',(#5413),#5417);
#5413 = LINE('',#5414,#5415);
#5414 = CARTESIAN_POINT('',(6.28318530718,-0.));
#5415 = VECTOR('',#5416,1.);
#5416 = DIRECTION('',(0.,1.));
#5417 = ( GEOMETRIC_REPRESENTATION_CONTEXT(2) 
PARAMETRIC_REPRESENTATION_CONTEXT() REPRESENTATION_CONTEXT('2D SPACE',''
  ) );
#5418 = ORIENTED_EDGE('',*,*,#5419,.F.);
#5419 = EDGE_CURVE('',#5397,#5397,#5420,.T.);
#5420 = SURFACE_CURVE('',#5421,(#5426,#5433),.PCURVE_S1.);
#5421 = CIRCLE('',#5422,25.1);
#5422 = AXIS2_PLACEMENT_3D('',#5423,#5424,#5425);
#5423 = CARTESIAN_POINT('',(0.,0.,165.));
#5424 = DIRECTION('',(0.,0.,1.));
#5425 = DIRECTION('',(1.,0.,-0.));
#5426 = PCURVE('',#5380,#5427);
#5427 = DEFINITIONAL_REPRESENTATION('',(#5428),#5432);
#5428 = LINE('',#5429,#5430);
#5429 = CARTESIAN_POINT('',(0.,6.));
#5430 = VECTOR('',#5431,1.);
#5431 = DIRECTION('',(1.,0.));
#5432 = ( GEOMETRIC_REPRESENTATION_CONTEXT(2) 
PARAMETRIC_REPRESENTATION_CONTEXT() REPRESENTATION_CONTEXT('2D SPACE',''
  ) );
#5433 = PCURVE('',#5434,#5439);
#5434 = PLANE('',#5435);
#5435 = AXIS2_PLACEMENT_3D('',#5436,#5437,#5438);
#5436 = CARTESIAN_POINT('',(0.,0.,165.));
#5437 = DIRECTION('',(0.,0.,1.));
#5438 = DIRECTION('',(1.,0.,-0.));
#5439 = DEFINITIONAL_REPRESENTATION('',(#5440),#5444);
#5440 = CIRCLE('',#5441,25.1);
#5441 = AXIS2_PLACEMENT_2D('',#5442,#5443);
#5442 = CARTESIAN_POINT('',(0.,0.));
#5443 = DIRECTION('',(1.,0.));
#5444 = ( GEOMETRIC_REPRESENTATION_CONTEXT(2) 
PARAMETRIC_REPRESENTATION_CONTEXT() REPRESENTATION_CONTEXT('2D SPACE',''
  ) );
#5445 = ORIENTED_EDGE('',*,*,#5396,.F.);
#5446 = ADVANCED_FACE('',(#5447,#5450),#5434,.F.);
#5447 = FACE_BOUND('',#5448,.F.);
#5448 = EDGE_LOOP('',(#5449));
#5449 = ORIENTED_EDGE('',*,*,#5419,.T.);
#5450 = FACE_BOUND('',#5451,.F.);
#5451 = EDGE_LOOP('',(#5452));
#5452 = ORIENTED_EDGE('',*,*,#5453,.F.);
#5453 = EDGE_CURVE('',#5454,#5454,#5456,.T.);
#5454 = VERTEX_POINT('',#5455);
#5455 = CARTESIAN_POINT('',(24.15,-5.915044039882E-15,165.));
#5456 = SURFACE_CURVE('',#5457,(#5462,#5469),.PCURVE_S1.);
#5457 = CIRCLE('',#5458,24.15);
#5458 = AXIS2_PLACEMENT_3D('',#5459,#5460,#5461);
#5459 = CARTESIAN_POINT('',(0.,0.,165.));
#5460 = DIRECTION('',(0.,0.,1.));
#5461 = DIRECTION('',(1.,0.,-0.));
#5462 = PCURVE('',#5434,#5463);
#5463 = DEFINITIONAL_REPRESENTATION('',(#5464),#5468);
#5464 = CIRCLE('',#5465,24.15);
#5465 = AXIS2_PLACEMENT_2D('',#5466,#5467);
#5466 = CARTESIAN_POINT('',(0.,0.));
#5467 = DIRECTION('',(1.,0.));
#5468 = ( GEOMETRIC_REPRESENTATION_CONTEXT(2) 
PARAMETRIC_REPRESENTATION_CONTEXT() REPRESENTATION_CONTEXT('2D SPACE',''
  ) );
#5469 = PCURVE('',#5470,#5475);
#5470 = CYLINDRICAL_SURFACE('',#5471,24.15);
#5471 = AXIS2_PLACEMENT_3D('',#5472,#5473,#5474);
#5472 = CARTESIAN_POINT('',(0.,0.,164.));
#5473 = DIRECTION('',(0.,0.,1.));
#5474 = DIRECTION('',(1.,0.,-0.));
#5475 = DEFINITIONAL_REPRESENTATION('',(#5476),#5480);
#5476 = LINE('',#5477,#5478);
#5477 = CARTESIAN_POINT('',(0.,1.));
#5478 = VECTOR('',#5479,1.);
#5479 = DIRECTION('',(1.,0.));
#5480 = ( GEOMETRIC_REPRESENTATION_CONTEXT(2) 
PARAMETRIC_REPRESENTATION_CONTEXT() REPRESENTATION_CONTEXT('2D SPACE',''
  ) );
#5481 = ADVANCED_FACE('',(#5482,#5536,#5859),#5470,.F.);
#5482 = FACE_BOUND('',#5483,.F.);
#5483 = EDGE_LOOP('',(#5484,#5507,#5534,#5535));
#5484 = ORIENTED_EDGE('',*,*,#5485,.T.);
#5485 = EDGE_CURVE('',#5454,#5486,#5488,.T.);
#5486 = VERTEX_POINT('',#5487);
#5487 = CARTESIAN_POINT('',(24.15,-5.915044039882E-15,195.));
#5488 = SEAM_CURVE('',#5489,(#5493,#5500),.PCURVE_S1.);
#5489 = LINE('',#5490,#5491);
#5490 = CARTESIAN_POINT('',(24.15,-5.915044039882E-15,164.));
#5491 = VECTOR('',#5492,1.);
#5492 = DIRECTION('',(0.,0.,1.));
#5493 = PCURVE('',#5470,#5494);
#5494 = DEFINITIONAL_REPRESENTATION('',(#5495),#5499);
#5495 = LINE('',#5496,#5497);
#5496 = CARTESIAN_POINT('',(6.28318530718,-0.));
#5497 = VECTOR('',#5498,1.);
#5498 = DIRECTION('',(0.,1.));
#5499 = ( GEOMETRIC_REPRESENTATION_CONTEXT(2) 
PARAMETRIC_REPRESENTATION_CONTEXT() REPRESENTATION_CONTEXT('2D SPACE',''
  ) );
#5500 = PCURVE('',#5470,#5501);
#5501 = DEFINITIONAL_REPRESENTATION('',(#5502),#5506);
#5502 = LINE('',#5503,#5504);
#5503 = CARTESIAN_POINT('',(0.,-0.));
#5504 = VECTOR('',#5505,1.);
#5505 = DIRECTION('',(0.,1.));
#5506 = ( GEOMETRIC_REPRESENTATION_CONTEXT(2) 
PARAMETRIC_REPRESENTATION_CONTEXT() REPRESENTATION_CONTEXT('2D SPACE',''
  ) );
#5507 = ORIENTED_EDGE('',*,*,#5508,.F.);
#5508 = EDGE_CURVE('',#5486,#5486,#5509,.T.);
#5509 = SURFACE_CURVE('',#5510,(#5515,#5522),.PCURVE_S1.);
#5510 = CIRCLE('',#5511,24.15);
#5511 = AXIS2_PLACEMENT_3D('',#5512,#5513,#5514);
#5512 = CARTESIAN_POINT('',(0.,0.,195.));
#5513 = DIRECTION('',(0.,0.,1.));
#5514 = DIRECTION('',(1.,0.,-0.));
#5515 = PCURVE('',#5470,#5516);
#5516 = DEFINITIONAL_REPRESENTATION('',(#5517),#5521);
#5517 = LINE('',#5518,#5519);
#5518 = CARTESIAN_POINT('',(0.,31.));
#5519 = VECTOR('',#5520,1.);
#5520 = DIRECTION('',(1.,0.));
#5521 = ( GEOMETRIC_REPRESENTATION_CONTEXT(2) 
PARAMETRIC_REPRESENTATION_CONTEXT() REPRESENTATION_CONTEXT('2D SPACE',''
  ) );
#5522 = PCURVE('',#5523,#5528);
#5523 = PLANE('',#5524);
#5524 = AXIS2_PLACEMENT_3D('',#5525,#5526,#5527);
#5525 = CARTESIAN_POINT('',(0.,0.,195.));
#5526 = DIRECTION('',(0.,0.,1.));
#5527 = DIRECTION('',(1.,0.,-0.));
#5528 = DEFINITIONAL_REPRESENTATION('',(#5529),#5533);
#5529 = CIRCLE('',#5530,24.15);
#5530 = AXIS2_PLACEMENT_2D('',#5531,#5532);
#5531 = CARTESIAN_POINT('',(0.,0.));
#5532 = DIRECTION('',(1.,0.));
#5533 = ( GEOMETRIC_REPRESENTATION_CONTEXT(2) 
PARAMETRIC_REPRESENTATION_CONTEXT() REPRESENTATION_CONTEXT('2D SPACE',''
  ) );
#5534 = ORIENTED_EDGE('',*,*,#5485,.F.);
#5535 = ORIENTED_EDGE('',*,*,#5453,.T.);
#5536 = FACE_BOUND('',#5537,.F.);
#5537 = EDGE_LOOP('',(#5538));
#5538 = ORIENTED_EDGE('',*,*,#5539,.F.);
#5539 = EDGE_CURVE('',#5540,#5540,#5542,.T.);
#5540 = VERTEX_POINT('',#5541);
#5541 = CARTESIAN_POINT('',(2.5,-24.02025187211,180.));
#5542 = SURFACE_CURVE('',#5543,(#5595,#5650),.PCURVE_S1.);
#5543 = B_SPLINE_CURVE_WITH_KNOTS('',8,(#5544,#5545,#5546,#5547,#5548,
    #5549,#5550,#5551,#5552,#5553,#5554,#5555,#5556,#5557,#5558,#5559,
    #5560,#5561,#5562,#5563,#5564,#5565,#5566,#5567,#5568,#5569,#5570,
    #5571,#5572,#5573,#5574,#5575,#5576,#5577,#5578,#5579,#5580,#5581,
    #5582,#5583,#5584,#5585,#5586,#5587,#5588,#5589,#5590,#5591,#5592,
    #5593,#5594),.UNSPECIFIED.,.T.,.F.,(9,7,7,7,7,7,7,9),(0.,
    0.154962825607,0.286427843682,0.411475928771,0.569088297323,
    0.707460698781,0.827668297019,1.),.UNSPECIFIED.);
#5544 = CARTESIAN_POINT('',(2.5,-24.02025187211,180.));
#5545 = CARTESIAN_POINT('',(2.5,-24.02025187211,180.26057336339));
#5546 = CARTESIAN_POINT('',(2.46896036999,-24.0234822251,180.52074347483
    ));
#5547 = CARTESIAN_POINT('',(2.407051461077,-24.02992645825,
    180.77858612784));
#5548 = CARTESIAN_POINT('',(2.313559498363,-24.03942876256,
    181.03197297722));
#5549 = CARTESIAN_POINT('',(2.187178449059,-24.05168055255,
    181.27808046204));
#5550 = CARTESIAN_POINT('',(2.02619861514,-24.06611999121,
    181.51307834659));
#5551 = CARTESIAN_POINT('',(1.828787684467,-24.08181076368,
    181.73168582146));
#5552 = CARTESIAN_POINT('',(1.394001047652,-24.11056322446,
    182.09137260858));
#5553 = CARTESIAN_POINT('',(1.159477964861,-24.12417538038,
    182.24559090407));
#5554 = CARTESIAN_POINT('',(0.893429102516,-24.13681551662,
    182.37532080217));
#5555 = CARTESIAN_POINT('',(0.602307159535,-24.14680437155,
    182.47035972168));
#5556 = CARTESIAN_POINT('',(0.295033124163,-24.15257914495,
    182.52391337698));
#5557 = CARTESIAN_POINT('',(-1.821188121661E-02,-24.15342254676,
    182.53270764786));
#5558 = CARTESIAN_POINT('',(-0.326978715533,-24.1495862851,
    182.49713581362));
#5559 = CARTESIAN_POINT('',(-0.902083886648,-24.13477569926,
    182.34947390306));
#5560 = CARTESIAN_POINT('',(-1.16098932886,-24.12438467696,
    182.24345620232));
#5561 = CARTESIAN_POINT('',(-1.395923919995,-24.11188089989,
    182.10993293449));
#5562 = CARTESIAN_POINT('',(-1.605608983045,-24.09836839971,
    181.95450781647));
#5563 = CARTESIAN_POINT('',(-1.789585116064,-24.0848117237,
    181.78210196718));
#5564 = CARTESIAN_POINT('',(-1.947976484382,-24.07196945983,
    181.5970908597));
#5565 = CARTESIAN_POINT('',(-2.081373236179,-24.06039176067,
    181.40337015744));
#5566 = CARTESIAN_POINT('',(-2.328647763557,-24.03786738723,
    180.95357946191));
#5567 = CARTESIAN_POINT('',(-2.429845996309,-24.02773833612,
    180.6917712272));
#5568 = CARTESIAN_POINT('',(-2.496149788378,-24.02072301504,
    180.42333710739));
#5569 = CARTESIAN_POINT('',(-2.52878861586,-24.01717835078,
    180.15138657431));
#5570 = CARTESIAN_POINT('',(-2.528362932769,-24.017243816,
    179.87847924053));
#5571 = CARTESIAN_POINT('',(-2.494805287901,-24.02089365428,
    179.60701271919));
#5572 = CARTESIAN_POINT('',(-2.427344061274,-24.02792518755,
    179.3395915407));
#5573 = CARTESIAN_POINT('',(-2.234099865718,-24.04661172942,
    178.85151241707));
#5574 = CARTESIAN_POINT('',(-2.115991425272,-24.05764066095,
    178.62799541632));
#5575 = CARTESIAN_POINT('',(-1.968883675061,-24.07066332566,
    178.41229816812));
#5576 = CARTESIAN_POINT('',(-1.791581971516,-24.08515859398,
    178.20829919789));
#5577 = CARTESIAN_POINT('',(-1.583187037257,-24.10034484995,
    178.02078313068));
#5578 = CARTESIAN_POINT('',(-1.343287959059,-24.11511263357,
    177.85557004198));
#5579 = CARTESIAN_POINT('',(-1.072348206561,-24.12804477921,
    177.71977149293));
#5580 = CARTESIAN_POINT('',(-0.512093688094,-24.14597612682,
    177.53773376498));
#5581 = CARTESIAN_POINT('',(-0.233855213124,-24.1516662892,
    177.48337643703));
#5582 = CARTESIAN_POINT('',(5.440278146107E-02,-24.15369804399,
    177.46529640184));
#5583 = CARTESIAN_POINT('',(0.343672655877,-24.15148234729,
    177.48599314662));
#5584 = CARTESIAN_POINT('',(0.624646096283,-24.14517426898,
    177.54456894173));
#5585 = CARTESIAN_POINT('',(0.888633294086,-24.135754106,177.63682062122
    ));
#5586 = CARTESIAN_POINT('',(1.128569153045,-24.12454122161,
    177.75527688879));
#5587 = CARTESIAN_POINT('',(1.642057151634,-24.09601483656,
    178.08114628175));
#5588 = CARTESIAN_POINT('',(1.895879871193,-24.07756361312,
    178.31171896137));
#5589 = CARTESIAN_POINT('',(2.102126671362,-24.05984394271,
    178.56774784134));
#5590 = CARTESIAN_POINT('',(2.263371228127,-24.04451727207,
    178.84055222059));
#5591 = CARTESIAN_POINT('',(2.382189032445,-24.03251274363,
    179.12399518189));
#5592 = CARTESIAN_POINT('',(2.460663765748,-24.02434609577,
    179.41373993661));
#5593 = CARTESIAN_POINT('',(2.5,-24.02025187211,179.70666193819));
#5594 = CARTESIAN_POINT('',(2.5,-24.02025187211,180.));
#5595 = PCURVE('',#5470,#5596);
#5596 = DEFINITIONAL_REPRESENTATION('',(#5597),#5649);
#5597 = B_SPLINE_CURVE_WITH_KNOTS('',8,(#5598,#5599,#5600,#5601,#5602,
    #5603,#5604,#5605,#5606,#5607,#5608,#5609,#5610,#5611,#5612,#5613,
    #5614,#5615,#5616,#5617,#5618,#5619,#5620,#5621,#5622,#5623,#5624,
    #5625,#5626,#5627,#5628,#5629,#5630,#5631,#5632,#5633,#5634,#5635,
    #5636,#5637,#5638,#5639,#5640,#5641,#5642,#5643,#5644,#5645,#5646,
    #5647,#5648),.UNSPECIFIED.,.T.,.F.,(9,7,7,7,7,7,7,9),(0.,
    0.154962825607,0.286427843682,0.411475928771,0.569088297323,
    0.707460698781,0.827668297019,1.),.UNSPECIFIED.);
#5598 = CARTESIAN_POINT('',(4.816094438143,16.));
#5599 = CARTESIAN_POINT('',(4.816094438143,16.26057336339));
#5600 = CARTESIAN_POINT('',(4.814802211599,16.520743474833));
#5601 = CARTESIAN_POINT('',(4.812224844401,16.778586127843));
#5602 = CARTESIAN_POINT('',(4.808333611794,17.031972977223));
#5603 = CARTESIAN_POINT('',(4.803076031339,17.278080462045));
#5604 = CARTESIAN_POINT('',(4.796383854982,17.513078346597));
#5605 = CARTESIAN_POINT('',(4.788184432684,17.731685821462));
#5606 = CARTESIAN_POINT('',(4.770141521691,18.091372608583));
#5607 = CARTESIAN_POINT('',(4.760414394466,18.245590904075));
#5608 = CARTESIAN_POINT('',(4.749386476666,18.375320802176));
#5609 = CARTESIAN_POINT('',(4.737326875172,18.470359721689));
#5610 = CARTESIAN_POINT('',(4.724604313218,18.523913376978));
#5611 = CARTESIAN_POINT('',(4.711635916888,18.532707647867));
#5612 = CARTESIAN_POINT('',(4.69885069095,18.497135813625));
#5613 = CARTESIAN_POINT('',(4.675028916757,18.349473903061));
#5614 = CARTESIAN_POINT('',(4.664300673108,18.243456202329));
#5615 = CARTESIAN_POINT('',(4.654560031133,18.109932934496));
#5616 = CARTESIAN_POINT('',(4.645860280595,17.954507816473));
#5617 = CARTESIAN_POINT('',(4.638221997592,17.782101967186));
#5618 = CARTESIAN_POINT('',(4.631642017679,17.597090859709));
#5619 = CARTESIAN_POINT('',(4.626097625434,17.403370157441));
#5620 = CARTESIAN_POINT('',(4.61581612287,16.953579461916));
#5621 = CARTESIAN_POINT('',(4.611604947468,16.691771227204));
#5622 = CARTESIAN_POINT('',(4.608844138201,16.423337107393));
#5623 = CARTESIAN_POINT('',(4.607484655087,16.151386574314));
#5624 = CARTESIAN_POINT('',(4.607502490193,15.878479240531));
#5625 = CARTESIAN_POINT('',(4.608900246704,15.607012719198));
#5626 = CARTESIAN_POINT('',(4.611708729147,15.339591540706));
#5627 = CARTESIAN_POINT('',(4.61974788357,14.851512417071));
#5628 = CARTESIAN_POINT('',(4.624659756678,14.627995416324));
#5629 = CARTESIAN_POINT('',(4.630774857535,14.412298168126));
#5630 = CARTESIAN_POINT('',(4.638140709306,14.208299197899));
#5631 = CARTESIAN_POINT('',(4.646791964159,14.020783130681));
#5632 = CARTESIAN_POINT('',(4.656743091796,13.855570041988));
#5633 = CARTESIAN_POINT('',(4.667973512776,13.719771492936));
#5634 = CARTESIAN_POINT('',(4.691184336703,13.537733764983));
#5635 = CARTESIAN_POINT('',(4.702707237104,13.483376437037));
#5636 = CARTESIAN_POINT('',(4.714641896739,13.465296401848));
#5637 = CARTESIAN_POINT('',(4.726617670553,13.485993146626));
#5638 = CARTESIAN_POINT('',(4.738252958338,13.544568941737));
#5639 = CARTESIAN_POINT('',(4.749189945506,13.636820621228));
#5640 = CARTESIAN_POINT('',(4.75913563388,13.755276888793));
#5641 = CARTESIAN_POINT('',(4.780430862351,14.081146281755));
#5642 = CARTESIAN_POINT('',(4.790967316638,14.311718961375));
#5643 = CARTESIAN_POINT('',(4.799538125317,14.56774784134));
#5644 = CARTESIAN_POINT('',(4.806244789003,14.840552220591));
#5645 = CARTESIAN_POINT('',(4.811189783323,15.123995181899));
#5646 = CARTESIAN_POINT('',(4.814456810967,15.413739936615));
#5647 = CARTESIAN_POINT('',(4.816094438143,15.706661938193));
#5648 = CARTESIAN_POINT('',(4.816094438143,16.));
#5649 = ( GEOMETRIC_REPRESENTATION_CONTEXT(2) 
PARAMETRIC_REPRESENTATION_CONTEXT() REPRESENTATION_CONTEXT('2D SPACE',''
  ) );
#5650 = PCURVE('',#5651,#5656);
#5651 = CYLINDRICAL_SURFACE('',#5652,2.5);
#5652 = AXIS2_PLACEMENT_3D('',#5653,#5654,#5655);
#5653 = CARTESIAN_POINT('',(0.,-21.45,180.));
#5654 = DIRECTION('',(0.,-1.,2.22044604925E-16));
#5655 = DIRECTION('',(1.,0.,0.));
#5656 = DEFINITIONAL_REPRESENTATION('',(#5657),#5858);
#5657 = B_SPLINE_CURVE_WITH_KNOTS('',10,(#5658,#5659,#5660,#5661,#5662,
    #5663,#5664,#5665,#5666,#5667,#5668,#5669,#5670,#5671,#5672,#5673,
    #5674,#5675,#5676,#5677,#5678,#5679,#5680,#5681,#5682,#5683,#5684,
    #5685,#5686,#5687,#5688,#5689,#5690,#5691,#5692,#5693,#5694,#5695,
    #5696,#5697,#5698,#5699,#5700,#5701,#5702,#5703,#5704,#5705,#5706,
    #5707,#5708,#5709,#5710,#5711,#5712,#5713,#5714,#5715,#5716,#5717,
    #5718,#5719,#5720,#5721,#5722,#5723,#5724,#5725,#5726,#5727,#5728,
    #5729,#5730,#5731,#5732,#5733,#5734,#5735,#5736,#5737,#5738,#5739,
    #5740,#5741,#5742,#5743,#5744,#5745,#5746,#5747,#5748,#5749,#5750,
    #5751,#5752,#5753,#5754,#5755,#5756,#5757,#5758,#5759,#5760,#5761,
    #5762,#5763,#5764,#5765,#5766,#5767,#5768,#5769,#5770,#5771,#5772,
    #5773,#5774,#5775,#5776,#5777,#5778,#5779,#5780,#5781,#5782,#5783,
    #5784,#5785,#5786,#5787,#5788,#5789,#5790,#5791,#5792,#5793,#5794,
    #5795,#5796,#5797,#5798,#5799,#5800,#5801,#5802,#5803,#5804,#5805,
    #5806,#5807,#5808,#5809,#5810,#5811,#5812,#5813,#5814,#5815,#5816,
    #5817,#5818,#5819,#5820,#5821,#5822,#5823,#5824,#5825,#5826,#5827,
    #5828,#5829,#5830,#5831,#5832,#5833,#5834,#5835,#5836,#5837,#5838,
    #5839,#5840,#5841,#5842,#5843,#5844,#5845,#5846,#5847,#5848,#5849,
    #5850,#5851,#5852,#5853,#5854,#5855,#5856,#5857),.UNSPECIFIED.,.F.,
  .F.,(11,9,9,9,9,9,9,9,9,9,9,9,9,9,9,9,9,9,9,9,9,9,11),(0.,0.125,
    0.15234375,0.155654907227,0.261198043823,0.284285604954,
    0.28708136431,0.376196193771,0.395690062716,0.405132405486,
    0.41442721165,0.560820408737,0.574544770964,0.680908578223,
    0.700851792084,0.705525982833,0.710127139351,0.782595354513,
    0.809770935199,0.821660251749,0.827233368882,0.838031283327,1.),
  .UNSPECIFIED.);
#5658 = CARTESIAN_POINT('',(0.,2.570251872118));
#5659 = CARTESIAN_POINT('',(6.726087043652E-02,2.570251872118));
#5660 = CARTESIAN_POINT('',(0.13445660181,2.571559957406));
#5661 = CARTESIAN_POINT('',(0.201820698857,2.574171260719));
#5662 = CARTESIAN_POINT('',(0.269573139007,2.578062897471));
#5663 = CARTESIAN_POINT('',(0.337924595275,2.583190760235));
#5664 = CARTESIAN_POINT('',(0.407081340596,2.589485080262));
#5665 = CARTESIAN_POINT('',(0.47725083359,2.596844756026));
#5666 = CARTESIAN_POINT('',(0.548647985766,2.605130448793));
#5667 = CARTESIAN_POINT('',(0.621502110148,2.614156445229));
#5668 = CARTESIAN_POINT('',(0.712375085362,2.625764846175));
#5669 = CARTESIAN_POINT('',(0.728767374307,2.627872286618));
#5670 = CARTESIAN_POINT('',(0.745244059786,2.630001089903));
#5671 = CARTESIAN_POINT('',(0.761807835789,2.632148613329));
#5672 = CARTESIAN_POINT('',(0.77846145583,2.634312086619));
#5673 = CARTESIAN_POINT('',(0.795207740071,2.636488608589));
#5674 = CARTESIAN_POINT('',(0.812049582457,2.638675143809));
#5675 = CARTESIAN_POINT('',(0.828989957845,2.640868519277));
#5676 = CARTESIAN_POINT('',(0.846031929134,2.64306542108));
#5677 = CARTESIAN_POINT('',(0.865255015658,2.645528430397));
#5678 = CARTESIAN_POINT('',(0.867333186191,2.645794505524));
#5679 = CARTESIAN_POINT('',(0.869411967008,2.646060456869));
#5680 = CARTESIAN_POINT('',(0.871492943124,2.646326479486));
#5681 = CARTESIAN_POINT('',(0.873576298333,2.646592589798));
#5682 = CARTESIAN_POINT('',(0.875660746114,2.646858616907));
#5683 = CARTESIAN_POINT('',(0.877745418354,2.647124443323));
#5684 = CARTESIAN_POINT('',(0.879831553605,2.64739022));
#5685 = CARTESIAN_POINT('',(0.881921826565,2.647656280549));
#5686 = CARTESIAN_POINT('',(0.95074017966,2.656407571351));
#5687 = CARTESIAN_POINT('',(1.020639574874,2.665041461218));
#5688 = CARTESIAN_POINT('',(1.093034129034,2.673488016624));
#5689 = CARTESIAN_POINT('',(1.167389420429,2.681369916166));
#5690 = CARTESIAN_POINT('',(1.243274236407,2.688303183895));
#5691 = CARTESIAN_POINT('',(1.320328742706,2.693936996532));
#5692 = CARTESIAN_POINT('',(1.398239842014,2.697991976781));
#5693 = CARTESIAN_POINT('',(1.476721155307,2.700290185988));
#5694 = CARTESIAN_POINT('',(1.555495059556,2.70077002938));
#5695 = CARTESIAN_POINT('',(1.651507155666,2.699196937282));
#5696 = CARTESIAN_POINT('',(1.668740343277,2.698829870461));
#5697 = CARTESIAN_POINT('',(1.685970765235,2.698378589727));
#5698 = CARTESIAN_POINT('',(1.703195384937,2.697843858699));
#5699 = CARTESIAN_POINT('',(1.720411131205,2.697226695644));
#5700 = CARTESIAN_POINT('',(1.737614887372,2.696528367559));
#5701 = CARTESIAN_POINT('',(1.754803480371,2.695750384244));
#5702 = CARTESIAN_POINT('',(1.771973669821,2.694894492385));
#5703 = CARTESIAN_POINT('',(1.78912213712,2.693962669628));
#5704 = CARTESIAN_POINT('',(1.808319003664,2.692835352725));
#5705 = CARTESIAN_POINT('',(1.810392371601,2.69271249275));
#5706 = CARTESIAN_POINT('',(1.812464980186,2.692588579344));
#5707 = CARTESIAN_POINT('',(1.814537061756,2.692463601867));
#5708 = CARTESIAN_POINT('',(1.816609020412,2.692337538882));
#5709 = CARTESIAN_POINT('',(1.818681014061,2.692210383986));
#5710 = CARTESIAN_POINT('',(1.820752777227,2.692082156995));
#5711 = CARTESIAN_POINT('',(1.822823684631,2.69195290051));
#5712 = CARTESIAN_POINT('',(1.824893055537,2.691822661846));
#5713 = CARTESIAN_POINT('',(1.892866829826,2.687509412085));
#5714 = CARTESIAN_POINT('',(1.957223717444,2.682335736664));
#5715 = CARTESIAN_POINT('',(2.020154449638,2.676349649528));
#5716 = CARTESIAN_POINT('',(2.081760642927,2.669733400878));
#5717 = CARTESIAN_POINT('',(2.142127184716,2.662665542404));
#5718 = CARTESIAN_POINT('',(2.201325970343,2.65531557689));
#5719 = CARTESIAN_POINT('',(2.259418634864,2.64783999069));
#5720 = CARTESIAN_POINT('',(2.31645827958,2.640379669068));
#5721 = CARTESIAN_POINT('',(2.372490193318,2.633058694396));
#5722 = CARTESIAN_POINT('',(2.439596244259,2.624437053163));
#5723 = CARTESIAN_POINT('',(2.451594486424,2.622901385373));
#5724 = CARTESIAN_POINT('',(2.463546690183,2.621378645837));
#5725 = CARTESIAN_POINT('',(2.475453234735,2.619869916956));
#5726 = CARTESIAN_POINT('',(2.487314483703,2.61837624143));
#5727 = CARTESIAN_POINT('',(2.49913078559,2.616898622143));
#5728 = CARTESIAN_POINT('',(2.510902474239,2.615438022037));
#5729 = CARTESIAN_POINT('',(2.522629869297,2.613995363995));
#5730 = CARTESIAN_POINT('',(2.534313276668,2.612571530719));
#5731 = CARTESIAN_POINT('',(2.551590974632,2.610487221654));
#5732 = CARTESIAN_POINT('',(2.557218708351,2.609811693003));
#5733 = CARTESIAN_POINT('',(2.562836223547,2.609140874412));
#5734 = CARTESIAN_POINT('',(2.56844355278,2.608474859421));
#5735 = CARTESIAN_POINT('',(2.574040727809,2.607813739364));
#5736 = CARTESIAN_POINT('',(2.579627779633,2.607157603366));
#5737 = CARTESIAN_POINT('',(2.585204738546,2.606506538348));
#5738 = CARTESIAN_POINT('',(2.590771634174,2.605860629028));
#5739 = CARTESIAN_POINT('',(2.59632849553,2.605219957921));
#5740 = CARTESIAN_POINT('',(2.60733553696,2.603959180147));
#5741 = CARTESIAN_POINT('',(2.612785746474,2.603338938694));
#5742 = CARTESIAN_POINT('',(2.618228439157,2.602723695641));
#5743 = CARTESIAN_POINT('',(2.623654723627,2.602114488915));
#5744 = CARTESIAN_POINT('',(2.629081523977,2.601509558895));
#5745 = CARTESIAN_POINT('',(2.634494982837,2.600910490274));
#5746 = CARTESIAN_POINT('',(2.639888140845,2.600318100877));
#5747 = CARTESIAN_POINT('',(2.645286803741,2.599729645927));
#5748 = CARTESIAN_POINT('',(2.650674560094,2.599147004612));
#5749 = CARTESIAN_POINT('',(2.740816103702,2.589477629499));
#5750 = CARTESIAN_POINT('',(2.823917598416,2.581730549794));
#5751 = CARTESIAN_POINT('',(2.905763430027,2.575572654132));
#5752 = CARTESIAN_POINT('',(2.98671055214,2.571169174775));
#5753 = CARTESIAN_POINT('',(3.067090601021,2.568622626659));
#5754 = CARTESIAN_POINT('',(3.147223544856,2.567984160781));
#5755 = CARTESIAN_POINT('',(3.227427595273,2.569259761399));
#5756 = CARTESIAN_POINT('',(3.308028524346,2.572410992661));
#5757 = CARTESIAN_POINT('',(3.389371530235,2.577350000276));
#5758 = CARTESIAN_POINT('',(3.479570100718,2.584545205715));
#5759 = CARTESIAN_POINT('',(3.487310808294,2.58517630379));
#5760 = CARTESIAN_POINT('',(3.495066210977,2.58582209282));
#5761 = CARTESIAN_POINT('',(3.502813429339,2.586480370897));
#5762 = CARTESIAN_POINT('',(3.510615795676,2.587156616792));
#5763 = CARTESIAN_POINT('',(3.51836626255,2.587841191678));
#5764 = CARTESIAN_POINT('',(3.526177750871,2.588543829625));
#5765 = CARTESIAN_POINT('',(3.533986404917,2.589258841548));
#5766 = CARTESIAN_POINT('',(3.541813445982,2.58998787831));
#5767 = CARTESIAN_POINT('',(3.610429299318,2.596485472059));
#5768 = CARTESIAN_POINT('',(3.672108616221,2.603055838173));
#5769 = CARTESIAN_POINT('',(3.734788697258,2.610367683673));
#5770 = CARTESIAN_POINT('',(3.798567685253,2.618322638231));
#5771 = CARTESIAN_POINT('',(3.863547662973,2.626792627857));
#5772 = CARTESIAN_POINT('',(3.929836933813,2.635616585622));
#5773 = CARTESIAN_POINT('',(3.997553297242,2.644599081543));
#5774 = CARTESIAN_POINT('',(4.066828319054,2.653510871654));
#5775 = CARTESIAN_POINT('',(4.137812596394,2.662091366253));
#5776 = CARTESIAN_POINT('',(4.224345034041,2.671545826894));
#5777 = CARTESIAN_POINT('',(4.238074329149,2.673016890053));
#5778 = CARTESIAN_POINT('',(4.251871066363,2.674464318724));
#5779 = CARTESIAN_POINT('',(4.265736441193,2.675886193402));
#5780 = CARTESIAN_POINT('',(4.279671683768,2.677280565305));
#5781 = CARTESIAN_POINT('',(4.293678061412,2.678645458523));
#5782 = CARTESIAN_POINT('',(4.30775688122,2.679978872175));
#5783 = CARTESIAN_POINT('',(4.321909492634,2.681278782563));
#5784 = CARTESIAN_POINT('',(4.336137290021,2.682543145324));
#5785 = CARTESIAN_POINT('',(4.35379431491,2.684057417645));
#5786 = CARTESIAN_POINT('',(4.357151123851,2.684342871711));
#5787 = CARTESIAN_POINT('',(4.360512160667,2.684626233231));
#5788 = CARTESIAN_POINT('',(4.363877444086,2.684907475599));
#5789 = CARTESIAN_POINT('',(4.367246992973,2.685186572158));
#5790 = CARTESIAN_POINT('',(4.37062082634,2.6854634962));
#5791 = CARTESIAN_POINT('',(4.373998963351,2.68573822097));
#5792 = CARTESIAN_POINT('',(4.377381423329,2.686010719667));
#5793 = CARTESIAN_POINT('',(4.38076822576,2.686280965447));
#5794 = CARTESIAN_POINT('',(4.387497567908,2.686812710429));
#5795 = CARTESIAN_POINT('',(4.390840333577,2.687074307516));
#5796 = CARTESIAN_POINT('',(4.394185445766,2.68733352624));
#5797 = CARTESIAN_POINT('',(4.397537898625,2.687590718972));
#5798 = CARTESIAN_POINT('',(4.40089491745,2.687845643752));
#5799 = CARTESIAN_POINT('',(4.404252572826,2.68809797612));
#5800 = CARTESIAN_POINT('',(4.407611804175,2.688347769186));
#5801 = CARTESIAN_POINT('',(4.410975359433,2.688595212587));
#5802 = CARTESIAN_POINT('',(4.414340873607,2.688840098335));
#5803 = CARTESIAN_POINT('',(4.47075740827,2.69289963817));
#5804 = CARTESIAN_POINT('',(4.524439739806,2.69608875159));
#5805 = CARTESIAN_POINT('',(4.578587582994,2.698551280888));
#5806 = CARTESIAN_POINT('',(4.633049547857,2.700208395991));
#5807 = CARTESIAN_POINT('',(4.687686181449,2.701006700547));
#5808 = CARTESIAN_POINT('',(4.742365035561,2.700921814526));
#5809 = CARTESIAN_POINT('',(4.796955911687,2.699959793925));
#5810 = CARTESIAN_POINT('',(4.851326283246,2.698156387579));
#5811 = CARTESIAN_POINT('',(4.905336895049,2.695574131066));
#5812 = CARTESIAN_POINT('',(4.978900281901,2.691068457725));
#5813 = CARTESIAN_POINT('',(4.998891299213,2.689741964992));
#5814 = CARTESIAN_POINT('',(5.018802648285,2.688322237265));
#5815 = CARTESIAN_POINT('',(5.038626162411,2.68681415645));
#5816 = CARTESIAN_POINT('',(5.058353408933,2.685223004148));
#5817 = CARTESIAN_POINT('',(5.077975646304,2.683554417185));
#5818 = CARTESIAN_POINT('',(5.09748378115,2.681814343135));
#5819 = CARTESIAN_POINT('',(5.116868325339,2.680008995852));
#5820 = CARTESIAN_POINT('',(5.136119353043,2.678144810996));
#5821 = CARTESIAN_POINT('',(5.163585816139,2.675389972427));
#5822 = CARTESIAN_POINT('',(5.171917626269,2.674541546621));
#5823 = CARTESIAN_POINT('',(5.180221016288,2.673683677315));
#5824 = CARTESIAN_POINT('',(5.18849509643,2.672816923879));
#5825 = CARTESIAN_POINT('',(5.196738958265,2.671941851068));
#5826 = CARTESIAN_POINT('',(5.204951673898,2.671059028197));
#5827 = CARTESIAN_POINT('',(5.21313229516,2.670169028329));
#5828 = CARTESIAN_POINT('',(5.221279852813,2.669272427458));
#5829 = CARTESIAN_POINT('',(5.22939335574,2.66836980369));
#5830 = CARTESIAN_POINT('',(5.24125855627,2.667036079901));
#5831 = CARTESIAN_POINT('',(5.245037616854,2.666609227291));
#5832 = CARTESIAN_POINT('',(5.248808867498,2.666181238279));
#5833 = CARTESIAN_POINT('',(5.25257220269,2.665752172602));
#5834 = CARTESIAN_POINT('',(5.256327515781,2.665322090044));
#5835 = CARTESIAN_POINT('',(5.260074698981,2.664891050414));
#5836 = CARTESIAN_POINT('',(5.263813643336,2.66445911353));
#5837 = CARTESIAN_POINT('',(5.267544238719,2.664026339198));
#5838 = CARTESIAN_POINT('',(5.271266373815,2.663592787196));
#5839 = CARTESIAN_POINT('',(5.282174963047,2.662317119246));
#5840 = CARTESIAN_POINT('',(5.289333668956,2.661473513777));
#5841 = CARTESIAN_POINT('',(5.296503056128,2.660622520984));
#5842 = CARTESIAN_POINT('',(5.303618993287,2.659771909751));
#5843 = CARTESIAN_POINT('',(5.310732217571,2.658916067758));
#5844 = CARTESIAN_POINT('',(5.317834966257,2.658056184367));
#5845 = CARTESIAN_POINT('',(5.324899081282,2.657195822616));
#5846 = CARTESIAN_POINT('',(5.331958472897,2.656331319173));
#5847 = CARTESIAN_POINT('',(5.338994607693,2.655465105631));
#5848 = CARTESIAN_POINT('',(5.451292094421,2.641572069569));
#5849 = CARTESIAN_POINT('',(5.552469859847,2.628092263404));
#5850 = CARTESIAN_POINT('',(5.650260404834,2.614996760582));
#5851 = CARTESIAN_POINT('',(5.745244106389,2.602935311095));
#5852 = CARTESIAN_POINT('',(5.837927792124,2.592382386183));
#5853 = CARTESIAN_POINT('',(5.928781901949,2.58366483069));
#5854 = CARTESIAN_POINT('',(6.018263024158,2.576995045495));
#5855 = CARTESIAN_POINT('',(6.106830000144,2.572501937183));
#5856 = CARTESIAN_POINT('',(6.194961791992,2.570251872118));
#5857 = CARTESIAN_POINT('',(6.28318530718,2.570251872118));
#5858 = ( GEOMETRIC_REPRESENTATION_CONTEXT(2) 
PARAMETRIC_REPRESENTATION_CONTEXT() REPRESENTATION_CONTEXT('2D SPACE',''
  ) );
#5859 = FACE_BOUND('',#5860,.F.);
#5860 = EDGE_LOOP('',(#5861));
#5861 = ORIENTED_EDGE('',*,*,#5862,.T.);
#5862 = EDGE_CURVE('',#5863,#5863,#5865,.T.);
#5863 = VERTEX_POINT('',#5864);
#5864 = CARTESIAN_POINT('',(2.5,24.020251872118,180.));
#5865 = SURFACE_CURVE('',#5866,(#5918,#5973),.PCURVE_S1.);
#5866 = B_SPLINE_CURVE_WITH_KNOTS('',8,(#5867,#5868,#5869,#5870,#5871,
    #5872,#5873,#5874,#5875,#5876,#5877,#5878,#5879,#5880,#5881,#5882,
    #5883,#5884,#5885,#5886,#5887,#5888,#5889,#5890,#5891,#5892,#5893,
    #5894,#5895,#5896,#5897,#5898,#5899,#5900,#5901,#5902,#5903,#5904,
    #5905,#5906,#5907,#5908,#5909,#5910,#5911,#5912,#5913,#5914,#5915,
    #5916,#5917),.UNSPECIFIED.,.T.,.F.,(9,7,7,7,7,7,7,9),(0.,
    0.154962825159,0.286427842855,0.411475927587,0.569088298526,
    0.707460699598,0.827668297501,1.),.UNSPECIFIED.);
#5867 = CARTESIAN_POINT('',(2.5,24.020251872118,180.));
#5868 = CARTESIAN_POINT('',(2.5,24.020251872118,180.26057336339));
#5869 = CARTESIAN_POINT('',(2.46896036999,24.023482225102,
    180.52074347483));
#5870 = CARTESIAN_POINT('',(2.407051461077,24.029926458258,
    180.77858612784));
#5871 = CARTESIAN_POINT('',(2.313559498363,24.039428762568,
    181.03197297722));
#5872 = CARTESIAN_POINT('',(2.18717844906,24.051680552556,
    181.27808046204));
#5873 = CARTESIAN_POINT('',(2.026198615139,24.066119991217,
    181.51307834659));
#5874 = CARTESIAN_POINT('',(1.828787684467,24.081810763687,
    181.73168582146));
#5875 = CARTESIAN_POINT('',(1.394001047651,24.110563224467,
    182.09137260858));
#5876 = CARTESIAN_POINT('',(1.159477964867,24.124175380387,
    182.24559090407));
#5877 = CARTESIAN_POINT('',(0.893429102505,24.136815516627,
    182.37532080218));
#5878 = CARTESIAN_POINT('',(0.60230715955,24.146804371557,
    182.47035972168));
#5879 = CARTESIAN_POINT('',(0.295033124151,24.152579144958,
    182.52391337698));
#5880 = CARTESIAN_POINT('',(-1.821188121078E-02,24.153422546766,
    182.53270764786));
#5881 = CARTESIAN_POINT('',(-0.326978715534,24.149586285108,
    182.49713581362));
#5882 = CARTESIAN_POINT('',(-0.902083886651,24.134775699267,
    182.34947390306));
#5883 = CARTESIAN_POINT('',(-1.160989328861,24.12438467696,
    182.24345620232));
#5884 = CARTESIAN_POINT('',(-1.395923919993,24.111880899895,
    182.10993293449));
#5885 = CARTESIAN_POINT('',(-1.605608983042,24.098368399715,
    181.95450781647));
#5886 = CARTESIAN_POINT('',(-1.789585116063,24.084811723706,
    181.78210196718));
#5887 = CARTESIAN_POINT('',(-1.947976484383,24.071969459835,
    181.5970908597));
#5888 = CARTESIAN_POINT('',(-2.081373236181,24.060391760674,
    181.40337015743));
#5889 = CARTESIAN_POINT('',(-2.328647766038,24.037867387004,
    180.9535794574));
#5890 = CARTESIAN_POINT('',(-2.429845992033,24.027738336511,
    180.69177124121));
#5891 = CARTESIAN_POINT('',(-2.496149789357,24.02072301497,
    180.42333709186));
#5892 = CARTESIAN_POINT('',(-2.528788618869,24.017178350501,
    180.15138657441));
#5893 = CARTESIAN_POINT('',(-2.528362931628,24.017243816099,
    179.87847925605));
#5894 = CARTESIAN_POINT('',(-2.494805285566,24.020893654523,
    179.60701270496));
#5895 = CARTESIAN_POINT('',(-2.42734406312,24.027925187377,
    179.33959154536));
#5896 = CARTESIAN_POINT('',(-2.234099865718,24.046611729426,
    178.85151241707));
#5897 = CARTESIAN_POINT('',(-2.115991425272,24.057640660956,
    178.62799541632));
#5898 = CARTESIAN_POINT('',(-1.968883675061,24.070663325664,
    178.41229816812));
#5899 = CARTESIAN_POINT('',(-1.791581971516,24.085158593988,
    178.20829919789));
#5900 = CARTESIAN_POINT('',(-1.583187037257,24.100344849953,
    178.02078313068));
#5901 = CARTESIAN_POINT('',(-1.343287959059,24.115112633576,
    177.85557004198));
#5902 = CARTESIAN_POINT('',(-1.072348206561,24.12804477921,
    177.71977149293));
#5903 = CARTESIAN_POINT('',(-0.512093688095,24.145976126827,
    177.53773376498));
#5904 = CARTESIAN_POINT('',(-0.233855213122,24.151666289201,
    177.48337643703));
#5905 = CARTESIAN_POINT('',(5.440278145585E-02,24.153698043989,
    177.46529640184));
#5906 = CARTESIAN_POINT('',(0.343672655884,24.151482347294,
    177.48599314662));
#5907 = CARTESIAN_POINT('',(0.624646096278,24.145174268983,
    177.54456894173));
#5908 = CARTESIAN_POINT('',(0.888633294088,24.135754106001,
    177.63682062122));
#5909 = CARTESIAN_POINT('',(1.128569153045,24.124541221619,
    177.75527688879));
#5910 = CARTESIAN_POINT('',(1.642057151635,24.096014836569,
    178.08114628175));
#5911 = CARTESIAN_POINT('',(1.895879871191,24.077563613123,
    178.31171896137));
#5912 = CARTESIAN_POINT('',(2.102126671366,24.059843942713,
    178.56774784134));
#5913 = CARTESIAN_POINT('',(2.263371228123,24.044517272076,
    178.84055222058));
#5914 = CARTESIAN_POINT('',(2.382189032447,24.032512743636,
    179.1239951819));
#5915 = CARTESIAN_POINT('',(2.460663765747,24.024346095773,
    179.41373993661));
#5916 = CARTESIAN_POINT('',(2.5,24.020251872118,179.70666193819));
#5917 = CARTESIAN_POINT('',(2.5,24.020251872118,180.));
#5918 = PCURVE('',#5470,#5919);
#5919 = DEFINITIONAL_REPRESENTATION('',(#5920),#5972);
#5920 = B_SPLINE_CURVE_WITH_KNOTS('',8,(#5921,#5922,#5923,#5924,#5925,
    #5926,#5927,#5928,#5929,#5930,#5931,#5932,#5933,#5934,#5935,#5936,
    #5937,#5938,#5939,#5940,#5941,#5942,#5943,#5944,#5945,#5946,#5947,
    #5948,#5949,#5950,#5951,#5952,#5953,#5954,#5955,#5956,#5957,#5958,
    #5959,#5960,#5961,#5962,#5963,#5964,#5965,#5966,#5967,#5968,#5969,
    #5970,#5971),.UNSPECIFIED.,.T.,.F.,(9,7,7,7,7,7,7,9),(0.,
    0.154962825159,0.286427842855,0.411475927587,0.569088298526,
    0.707460699598,0.827668297501,1.),.UNSPECIFIED.);
#5921 = CARTESIAN_POINT('',(1.467090869036,16.));
#5922 = CARTESIAN_POINT('',(1.467090869036,16.26057336339));
#5923 = CARTESIAN_POINT('',(1.46838309558,16.520743474833));
#5924 = CARTESIAN_POINT('',(1.470960462778,16.778586127844));
#5925 = CARTESIAN_POINT('',(1.474851695385,17.031972977222));
#5926 = CARTESIAN_POINT('',(1.480109275841,17.278080462044));
#5927 = CARTESIAN_POINT('',(1.486801452198,17.513078346598));
#5928 = CARTESIAN_POINT('',(1.495000874496,17.731685821462));
#5929 = CARTESIAN_POINT('',(1.513043785488,18.091372608584));
#5930 = CARTESIAN_POINT('',(1.522770912713,18.245590904072));
#5931 = CARTESIAN_POINT('',(1.533798830514,18.375320802181));
#5932 = CARTESIAN_POINT('',(1.545858432007,18.470359721685));
#5933 = CARTESIAN_POINT('',(1.558580993962,18.52391337698));
#5934 = CARTESIAN_POINT('',(1.571549390291,18.532707647867));
#5935 = CARTESIAN_POINT('',(1.58433461623,18.497135813625));
#5936 = CARTESIAN_POINT('',(1.608156390422,18.34947390306));
#5937 = CARTESIAN_POINT('',(1.618884634071,18.243456202327));
#5938 = CARTESIAN_POINT('',(1.628625276047,18.109932934496));
#5939 = CARTESIAN_POINT('',(1.637325026585,17.954507816475));
#5940 = CARTESIAN_POINT('',(1.644963309587,17.782101967188));
#5941 = CARTESIAN_POINT('',(1.651543289501,17.597090859708));
#5942 = CARTESIAN_POINT('',(1.657087681745,17.403370157437));
#5943 = CARTESIAN_POINT('',(1.667369184412,16.953579457403));
#5944 = CARTESIAN_POINT('',(1.671580359534,16.691771241216));
#5945 = CARTESIAN_POINT('',(1.67434116902,16.423337091867));
#5946 = CARTESIAN_POINT('',(1.675700652218,16.151386574411));
#5947 = CARTESIAN_POINT('',(1.675682816939,15.87847925605));
#5948 = CARTESIAN_POINT('',(1.674285060379,15.607012704969));
#5949 = CARTESIAN_POINT('',(1.671476578109,15.339591545368));
#5950 = CARTESIAN_POINT('',(1.66343742361,14.851512417071));
#5951 = CARTESIAN_POINT('',(1.658525550501,14.627995416324));
#5952 = CARTESIAN_POINT('',(1.652410449644,14.412298168126));
#5953 = CARTESIAN_POINT('',(1.645044597874,14.208299197899));
#5954 = CARTESIAN_POINT('',(1.63639334302,14.020783130681));
#5955 = CARTESIAN_POINT('',(1.626442215384,13.855570041988));
#5956 = CARTESIAN_POINT('',(1.615211794403,13.719771492936));
#5957 = CARTESIAN_POINT('',(1.592000970476,13.537733764983));
#5958 = CARTESIAN_POINT('',(1.580478070076,13.483376437036));
#5959 = CARTESIAN_POINT('',(1.568543410441,13.465296401849));
#5960 = CARTESIAN_POINT('',(1.556567636627,13.485993146627));
#5961 = CARTESIAN_POINT('',(1.544932348842,13.544568941737));
#5962 = CARTESIAN_POINT('',(1.533995361674,13.636820621228));
#5963 = CARTESIAN_POINT('',(1.5240496733,13.755276888793));
#5964 = CARTESIAN_POINT('',(1.502754444829,14.081146281755));
#5965 = CARTESIAN_POINT('',(1.492217990542,14.311718961375));
#5966 = CARTESIAN_POINT('',(1.483647181863,14.567747841341));
#5967 = CARTESIAN_POINT('',(1.476940518176,14.84055222059));
#5968 = CARTESIAN_POINT('',(1.471995523857,15.1239951819));
#5969 = CARTESIAN_POINT('',(1.468728496213,15.413739936615));
#5970 = CARTESIAN_POINT('',(1.467090869036,15.706661938193));
#5971 = CARTESIAN_POINT('',(1.467090869036,16.));
#5972 = ( GEOMETRIC_REPRESENTATION_CONTEXT(2) 
PARAMETRIC_REPRESENTATION_CONTEXT() REPRESENTATION_CONTEXT('2D SPACE',''
  ) );
#5973 = PCURVE('',#5974,#5979);
#5974 = CYLINDRICAL_SURFACE('',#5975,2.5);
#5975 = AXIS2_PLACEMENT_3D('',#5976,#5977,#5978);
#5976 = CARTESIAN_POINT('',(0.,28.,180.));
#5977 = DIRECTION('',(0.,-1.,2.22044604925E-16));
#5978 = DIRECTION('',(1.,0.,0.));
#5979 = DEFINITIONAL_REPRESENTATION('',(#5980),#6181);
#5980 = B_SPLINE_CURVE_WITH_KNOTS('',10,(#5981,#5982,#5983,#5984,#5985,
    #5986,#5987,#5988,#5989,#5990,#5991,#5992,#5993,#5994,#5995,#5996,
    #5997,#5998,#5999,#6000,#6001,#6002,#6003,#6004,#6005,#6006,#6007,
    #6008,#6009,#6010,#6011,#6012,#6013,#6014,#6015,#6016,#6017,#6018,
    #6019,#6020,#6021,#6022,#6023,#6024,#6025,#6026,#6027,#6028,#6029,
    #6030,#6031,#6032,#6033,#6034,#6035,#6036,#6037,#6038,#6039,#6040,
    #6041,#6042,#6043,#6044,#6045,#6046,#6047,#6048,#6049,#6050,#6051,
    #6052,#6053,#6054,#6055,#6056,#6057,#6058,#6059,#6060,#6061,#6062,
    #6063,#6064,#6065,#6066,#6067,#6068,#6069,#6070,#6071,#6072,#6073,
    #6074,#6075,#6076,#6077,#6078,#6079,#6080,#6081,#6082,#6083,#6084,
    #6085,#6086,#6087,#6088,#6089,#6090,#6091,#6092,#6093,#6094,#6095,
    #6096,#6097,#6098,#6099,#6100,#6101,#6102,#6103,#6104,#6105,#6106,
    #6107,#6108,#6109,#6110,#6111,#6112,#6113,#6114,#6115,#6116,#6117,
    #6118,#6119,#6120,#6121,#6122,#6123,#6124,#6125,#6126,#6127,#6128,
    #6129,#6130,#6131,#6132,#6133,#6134,#6135,#6136,#6137,#6138,#6139,
    #6140,#6141,#6142,#6143,#6144,#6145,#6146,#6147,#6148,#6149,#6150,
    #6151,#6152,#6153,#6154,#6155,#6156,#6157,#6158,#6159,#6160,#6161,
    #6162,#6163,#6164,#6165,#6166,#6167,#6168,#6169,#6170,#6171,#6172,
    #6173,#6174,#6175,#6176,#6177,#6178,#6179,#6180),.UNSPECIFIED.,.F.,
  .F.,(11,9,9,9,9,9,9,9,9,9,9,9,9,9,9,9,9,9,9,9,9,9,11),(0.,0.125,
    0.15234375,0.155654907227,0.261198043823,0.284285604954,
    0.287081364309,0.376196193771,0.395690062715,0.405132405485,
    0.41442721165,0.560820408737,0.574544770964,0.680908578223,
    0.700851792084,0.705525982833,0.710127139351,0.782595354513,
    0.809770935199,0.821660251749,0.827233368882,0.838031283327,1.),
  .UNSPECIFIED.);
#5981 = CARTESIAN_POINT('',(0.,3.979748127882));
#5982 = CARTESIAN_POINT('',(6.726087063065E-02,3.979748127882));
#5983 = CARTESIAN_POINT('',(0.134456602198,3.978440042586));
#5984 = CARTESIAN_POINT('',(0.201820699441,3.975828739258));
#5985 = CARTESIAN_POINT('',(0.26957313979,3.971937102484));
#5986 = CARTESIAN_POINT('',(0.337924596262,3.966809239691));
#5987 = CARTESIAN_POINT('',(0.407081341793,3.960514919629));
#5988 = CARTESIAN_POINT('',(0.477250835008,3.953155243825));
#5989 = CARTESIAN_POINT('',(0.548647987415,3.944869551015));
#5990 = CARTESIAN_POINT('',(0.621502112041,3.935843554536));
#5991 = CARTESIAN_POINT('',(0.712375087571,3.924235153541));
#5992 = CARTESIAN_POINT('',(0.728767376574,3.922127713089));
#5993 = CARTESIAN_POINT('',(0.745244062111,3.919998909796));
#5994 = CARTESIAN_POINT('',(0.761807838174,3.917851386361));
#5995 = CARTESIAN_POINT('',(0.778461458274,3.915687913063));
#5996 = CARTESIAN_POINT('',(0.795207742576,3.913511391086));
#5997 = CARTESIAN_POINT('',(0.812049585024,3.911324855858));
#5998 = CARTESIAN_POINT('',(0.828989960475,3.909131480383));
#5999 = CARTESIAN_POINT('',(0.846031931827,3.906934578573));
#6000 = CARTESIAN_POINT('',(0.865255018424,3.904471569249));
#6001 = CARTESIAN_POINT('',(0.867333188964,3.904205494121));
#6002 = CARTESIAN_POINT('',(0.86941196979,3.903939542775));
#6003 = CARTESIAN_POINT('',(0.871492945914,3.903673520159));
#6004 = CARTESIAN_POINT('',(0.873576301131,3.903407409846));
#6005 = CARTESIAN_POINT('',(0.875660748919,3.903141382735));
#6006 = CARTESIAN_POINT('',(0.877745421166,3.902875556319));
#6007 = CARTESIAN_POINT('',(0.879831556425,3.902609779642));
#6008 = CARTESIAN_POINT('',(0.881921829396,3.902343719091));
#6009 = CARTESIAN_POINT('',(0.950740182815,3.893592428257));
#6010 = CARTESIAN_POINT('',(1.020639578338,3.884958538371));
#6011 = CARTESIAN_POINT('',(1.093034132801,3.87651198296));
#6012 = CARTESIAN_POINT('',(1.167389424492,3.868630083432));
#6013 = CARTESIAN_POINT('',(1.243274240757,3.861696815738));
#6014 = CARTESIAN_POINT('',(1.320328747334,3.856063003158));
#6015 = CARTESIAN_POINT('',(1.39823984691,3.852008022987));
#6016 = CARTESIAN_POINT('',(1.476721160461,3.849709813876));
#6017 = CARTESIAN_POINT('',(1.555495064953,3.849229970594));
#6018 = CARTESIAN_POINT('',(1.65150716134,3.850803062835));
#6019 = CARTESIAN_POINT('',(1.668740349,3.851170129683));
#6020 = CARTESIAN_POINT('',(1.685970771006,3.851621410444));
#6021 = CARTESIAN_POINT('',(1.703195390756,3.852156141498));
#6022 = CARTESIAN_POINT('',(1.72041113707,3.852773304579));
#6023 = CARTESIAN_POINT('',(1.737614893283,3.853471632692));
#6024 = CARTESIAN_POINT('',(1.754803486326,3.854249616033));
#6025 = CARTESIAN_POINT('',(1.77197367582,3.855105507919));
#6026 = CARTESIAN_POINT('',(1.789122143161,3.856037330702));
#6027 = CARTESIAN_POINT('',(1.808319009752,3.857164647635));
#6028 = CARTESIAN_POINT('',(1.810392377693,3.857287507613));
#6029 = CARTESIAN_POINT('',(1.812464986283,3.857411421022));
#6030 = CARTESIAN_POINT('',(1.814537067857,3.857536398503));
#6031 = CARTESIAN_POINT('',(1.816609026519,3.857662461491));
#6032 = CARTESIAN_POINT('',(1.818681020174,3.857789616391));
#6033 = CARTESIAN_POINT('',(1.820752783345,3.857917843385));
#6034 = CARTESIAN_POINT('',(1.822823690753,3.858047099873));
#6035 = CARTESIAN_POINT('',(1.824893061659,3.85817733854));
#6036 = CARTESIAN_POINT('',(1.89286683601,3.862490588399));
#6037 = CARTESIAN_POINT('',(1.957223723688,3.867664263907));
#6038 = CARTESIAN_POINT('',(2.020154455942,3.873650351121));
#6039 = CARTESIAN_POINT('',(2.081760649289,3.880266599838));
#6040 = CARTESIAN_POINT('',(2.142127191136,3.887334458367));
#6041 = CARTESIAN_POINT('',(2.20132597682,3.894684423924));
#6042 = CARTESIAN_POINT('',(2.259418641397,3.902160010154));
#6043 = CARTESIAN_POINT('',(2.316458286168,3.909620331794));
#6044 = CARTESIAN_POINT('',(2.37249019996,3.916941306471));
#6045 = CARTESIAN_POINT('',(2.439596250964,3.925562947695));
#6046 = CARTESIAN_POINT('',(2.451594493141,3.927098615484));
#6047 = CARTESIAN_POINT('',(2.463546696911,3.928621355017));
#6048 = CARTESIAN_POINT('',(2.475453241474,3.930130083895));
#6049 = CARTESIAN_POINT('',(2.487314490453,3.931623759417));
#6050 = CARTESIAN_POINT('',(2.49913079235,3.9331013787));
#6051 = CARTESIAN_POINT('',(2.510902481011,3.934561978801));
#6052 = CARTESIAN_POINT('',(2.522629876079,3.936004636838));
#6053 = CARTESIAN_POINT('',(2.534313283461,3.937428470108));
#6054 = CARTESIAN_POINT('',(2.55159098144,3.939512779164));
#6055 = CARTESIAN_POINT('',(2.557218715164,3.940188307811));
#6056 = CARTESIAN_POINT('',(2.562836230365,3.940859126399));
#6057 = CARTESIAN_POINT('',(2.568443559603,3.941525141387));
#6058 = CARTESIAN_POINT('',(2.574040734636,3.942186261441));
#6059 = CARTESIAN_POINT('',(2.579627786466,3.942842397435));
#6060 = CARTESIAN_POINT('',(2.585204745383,3.943493462449));
#6061 = CARTESIAN_POINT('',(2.590771641016,3.944139371765));
#6062 = CARTESIAN_POINT('',(2.596328502377,3.944780042868));
#6063 = CARTESIAN_POINT('',(2.607335543816,3.946040820634));
#6064 = CARTESIAN_POINT('',(2.612785753307,3.946661062069));
#6065 = CARTESIAN_POINT('',(2.618228446156,3.947276305199));
#6066 = CARTESIAN_POINT('',(2.623654730385,3.947885511804));
#6067 = CARTESIAN_POINT('',(2.629081530853,3.94849044174));
#6068 = CARTESIAN_POINT('',(2.634494989837,3.949089510387));
#6069 = CARTESIAN_POINT('',(2.639888147609,3.949681899824));
#6070 = CARTESIAN_POINT('',(2.645286810656,3.95027035485));
#6071 = CARTESIAN_POINT('',(2.650674566959,3.950852996131));
#6072 = CARTESIAN_POINT('',(2.74081610984,3.9605223711));
#6073 = CARTESIAN_POINT('',(2.823917600097,3.968269450349));
#6074 = CARTESIAN_POINT('',(2.905763432788,3.974427345864));
#6075 = CARTESIAN_POINT('',(2.986710555485,3.978830825268));
#6076 = CARTESIAN_POINT('',(3.067090601522,3.981377373397));
#6077 = CARTESIAN_POINT('',(3.147223542045,3.98201583919));
#6078 = CARTESIAN_POINT('',(3.22742759225,3.980740238508));
#6079 = CARTESIAN_POINT('',(3.308028522537,3.977589007362));
#6080 = CARTESIAN_POINT('',(3.389371525334,3.972650000053));
#6081 = CARTESIAN_POINT('',(3.479570094215,3.965454794825));
#6082 = CARTESIAN_POINT('',(3.487310801898,3.964823696868));
#6083 = CARTESIAN_POINT('',(3.495066203031,3.964177907532));
#6084 = CARTESIAN_POINT('',(3.502813423518,3.963519627228));
#6085 = CARTESIAN_POINT('',(3.510615785723,3.962843384477));
#6086 = CARTESIAN_POINT('',(3.518366256729,3.962158806506));
#6087 = CARTESIAN_POINT('',(3.526177742868,3.9614561708));
#6088 = CARTESIAN_POINT('',(3.533986398354,3.960741159179));
#6089 = CARTESIAN_POINT('',(3.541813439187,3.960012122324));
#6090 = CARTESIAN_POINT('',(3.610429292611,3.95351452865));
#6091 = CARTESIAN_POINT('',(3.672108609589,3.94694416259));
#6092 = CARTESIAN_POINT('',(3.734788690698,3.939632317132));
#6093 = CARTESIAN_POINT('',(3.798567678762,3.931677362603));
#6094 = CARTESIAN_POINT('',(3.863547656551,3.92320737299));
#6095 = CARTESIAN_POINT('',(3.929836927457,3.914383415222));
#6096 = CARTESIAN_POINT('',(3.997553290951,3.905400919283));
#6097 = CARTESIAN_POINT('',(4.066828312827,3.896489129135));
#6098 = CARTESIAN_POINT('',(4.137812590229,3.887908634483));
#6099 = CARTESIAN_POINT('',(4.224345027949,3.87845417376));
#6100 = CARTESIAN_POINT('',(4.238074323068,3.876983110587));
#6101 = CARTESIAN_POINT('',(4.251871060294,3.875535681902));
#6102 = CARTESIAN_POINT('',(4.265736435135,3.87411380721));
#6103 = CARTESIAN_POINT('',(4.279671677722,3.872719435292));
#6104 = CARTESIAN_POINT('',(4.293678055377,3.871354542059));
#6105 = CARTESIAN_POINT('',(4.307756875196,3.87002112839));
#6106 = CARTESIAN_POINT('',(4.321909486621,3.868721217985));
#6107 = CARTESIAN_POINT('',(4.336137284019,3.867456855207));
#6108 = CARTESIAN_POINT('',(4.353794308922,3.865942582865));
#6109 = CARTESIAN_POINT('',(4.357151117865,3.865657128795));
#6110 = CARTESIAN_POINT('',(4.360512154684,3.865373767271));
#6111 = CARTESIAN_POINT('',(4.363877438105,3.865092524898));
#6112 = CARTESIAN_POINT('',(4.367246986995,3.864813428335));
#6113 = CARTESIAN_POINT('',(4.370620820365,3.864536504289));
#6114 = CARTESIAN_POINT('',(4.373998957378,3.864261779514));
#6115 = CARTESIAN_POINT('',(4.377381417358,3.863989280813));
#6116 = CARTESIAN_POINT('',(4.380768219792,3.863719035029));
#6117 = CARTESIAN_POINT('',(4.387497561945,3.863187290038));
#6118 = CARTESIAN_POINT('',(4.390840327619,3.862925692951));
#6119 = CARTESIAN_POINT('',(4.394185439803,3.862666474199));
#6120 = CARTESIAN_POINT('',(4.397537892667,3.862409281468));
#6121 = CARTESIAN_POINT('',(4.400894911501,3.862154356696));
#6122 = CARTESIAN_POINT('',(4.404252566878,3.861902024315));
#6123 = CARTESIAN_POINT('',(4.407611798227,3.861652231239));
#6124 = CARTESIAN_POINT('',(4.410975353496,3.861404787853));
#6125 = CARTESIAN_POINT('',(4.414340867676,3.861159902096));
#6126 = CARTESIAN_POINT('',(4.470757402429,3.857100362183));
#6127 = CARTESIAN_POINT('',(4.524439734069,3.853911248684));
#6128 = CARTESIAN_POINT('',(4.578587577375,3.851448719304));
#6129 = CARTESIAN_POINT('',(4.633049542371,3.849791604118));
#6130 = CARTESIAN_POINT('',(4.687686176107,3.848993299481));
#6131 = CARTESIAN_POINT('',(4.742365030374,3.849078185427));
#6132 = CARTESIAN_POINT('',(4.796955906664,3.850040205958));
#6133 = CARTESIAN_POINT('',(4.851326278396,3.851843612243));
#6134 = CARTESIAN_POINT('',(4.905336890379,3.854425868703));
#6135 = CARTESIAN_POINT('',(4.978900277489,3.858931541985));
#6136 = CARTESIAN_POINT('',(4.998891294874,3.860258034703));
#6137 = CARTESIAN_POINT('',(5.018802644018,3.861677762416));
#6138 = CARTESIAN_POINT('',(5.038626158217,3.863185843219));
#6139 = CARTESIAN_POINT('',(5.058353404814,3.86477699551));
#6140 = CARTESIAN_POINT('',(5.077975642259,3.866445582464));
#6141 = CARTESIAN_POINT('',(5.097483777181,3.868185656506));
#6142 = CARTESIAN_POINT('',(5.116868321447,3.869991003782));
#6143 = CARTESIAN_POINT('',(5.13611934923,3.871855188633));
#6144 = CARTESIAN_POINT('',(5.163585812439,3.874610027196));
#6145 = CARTESIAN_POINT('',(5.171917622603,3.875458453001));
#6146 = CARTESIAN_POINT('',(5.180221012657,3.876316322307));
#6147 = CARTESIAN_POINT('',(5.188495092834,3.877183075741));
#6148 = CARTESIAN_POINT('',(5.196738954704,3.878058148552));
#6149 = CARTESIAN_POINT('',(5.204951670372,3.878940971422));
#6150 = CARTESIAN_POINT('',(5.21313229167,3.87983097129));
#6151 = CARTESIAN_POINT('',(5.221279849358,3.880727572161));
#6152 = CARTESIAN_POINT('',(5.229393352321,3.881630195929));
#6153 = CARTESIAN_POINT('',(5.241258552903,3.882963919719));
#6154 = CARTESIAN_POINT('',(5.245037613504,3.883390772329));
#6155 = CARTESIAN_POINT('',(5.248808864165,3.883818761342));
#6156 = CARTESIAN_POINT('',(5.252572199373,3.884247827019));
#6157 = CARTESIAN_POINT('',(5.256327512482,3.884677909577));
#6158 = CARTESIAN_POINT('',(5.260074695699,3.885108949208));
#6159 = CARTESIAN_POINT('',(5.26381364007,3.885540886093));
#6160 = CARTESIAN_POINT('',(5.26754423547,3.885973660425));
#6161 = CARTESIAN_POINT('',(5.271266370583,3.886407212428));
#6162 = CARTESIAN_POINT('',(5.282174959865,3.887682880379));
#6163 = CARTESIAN_POINT('',(5.289333665839,3.888526485862));
#6164 = CARTESIAN_POINT('',(5.296503052783,3.889377478546));
#6165 = CARTESIAN_POINT('',(5.303618990415,3.890228089908));
#6166 = CARTESIAN_POINT('',(5.310732214683,3.891083931834));
#6167 = CARTESIAN_POINT('',(5.317834963143,3.891943815173));
#6168 = CARTESIAN_POINT('',(5.324899078378,3.892804177082));
#6169 = CARTESIAN_POINT('',(5.331958469885,3.893668680431));
#6170 = CARTESIAN_POINT('',(5.338994604726,3.894534894004));
#6171 = CARTESIAN_POINT('',(5.451292091879,3.908427930092));
#6172 = CARTESIAN_POINT('',(5.552469857663,3.921907736304));
#6173 = CARTESIAN_POINT('',(5.650260402977,3.935003239183));
#6174 = CARTESIAN_POINT('',(5.745244104836,3.947064688729));
#6175 = CARTESIAN_POINT('',(5.837927790856,3.957617613697));
#6176 = CARTESIAN_POINT('',(5.928781900951,3.966335169238));
#6177 = CARTESIAN_POINT('',(6.018263023416,3.973004954468));
#6178 = CARTESIAN_POINT('',(6.106829999651,3.977498062804));
#6179 = CARTESIAN_POINT('',(6.194961791746,3.979748127882));
#6180 = CARTESIAN_POINT('',(6.28318530718,3.979748127882));
#6181 = ( GEOMETRIC_REPRESENTATION_CONTEXT(2) 
PARAMETRIC_REPRESENTATION_CONTEXT() REPRESENTATION_CONTEXT('2D SPACE',''
  ) );
#6182 = ADVANCED_FACE('',(#6183),#5974,.T.);
#6183 = FACE_BOUND('',#6184,.T.);
#6184 = EDGE_LOOP('',(#6185,#6208,#6235,#6236));
#6185 = ORIENTED_EDGE('',*,*,#6186,.T.);
#6186 = EDGE_CURVE('',#5863,#6187,#6189,.T.);
#6187 = VERTEX_POINT('',#6188);
#6188 = CARTESIAN_POINT('',(2.5,21.45,180.));
#6189 = SEAM_CURVE('',#6190,(#6194,#6201),.PCURVE_S1.);
#6190 = LINE('',#6191,#6192);
#6191 = CARTESIAN_POINT('',(2.5,28.,180.));
#6192 = VECTOR('',#6193,1.);
#6193 = DIRECTION('',(0.,-1.,2.22044604925E-16));
#6194 = PCURVE('',#5974,#6195);
#6195 = DEFINITIONAL_REPRESENTATION('',(#6196),#6200);
#6196 = LINE('',#6197,#6198);
#6197 = CARTESIAN_POINT('',(6.28318530718,-0.));
#6198 = VECTOR('',#6199,1.);
#6199 = DIRECTION('',(0.,1.));
#6200 = ( GEOMETRIC_REPRESENTATION_CONTEXT(2) 
PARAMETRIC_REPRESENTATION_CONTEXT() REPRESENTATION_CONTEXT('2D SPACE',''
  ) );
#6201 = PCURVE('',#5974,#6202);
#6202 = DEFINITIONAL_REPRESENTATION('',(#6203),#6207);
#6203 = LINE('',#6204,#6205);
#6204 = CARTESIAN_POINT('',(0.,-0.));
#6205 = VECTOR('',#6206,1.);
#6206 = DIRECTION('',(0.,1.));
#6207 = ( GEOMETRIC_REPRESENTATION_CONTEXT(2) 
PARAMETRIC_REPRESENTATION_CONTEXT() REPRESENTATION_CONTEXT('2D SPACE',''
  ) );
#6208 = ORIENTED_EDGE('',*,*,#6209,.F.);
#6209 = EDGE_CURVE('',#6187,#6187,#6210,.T.);
#6210 = SURFACE_CURVE('',#6211,(#6216,#6223),.PCURVE_S1.);
#6211 = CIRCLE('',#6212,2.5);
#6212 = AXIS2_PLACEMENT_3D('',#6213,#6214,#6215);
#6213 = CARTESIAN_POINT('',(0.,21.45,180.));
#6214 = DIRECTION('',(0.,-1.,2.22044604925E-16));
#6215 = DIRECTION('',(1.,0.,0.));
#6216 = PCURVE('',#5974,#6217);
#6217 = DEFINITIONAL_REPRESENTATION('',(#6218),#6222);
#6218 = LINE('',#6219,#6220);
#6219 = CARTESIAN_POINT('',(0.,6.55));
#6220 = VECTOR('',#6221,1.);
#6221 = DIRECTION('',(1.,0.));
#6222 = ( GEOMETRIC_REPRESENTATION_CONTEXT(2) 
PARAMETRIC_REPRESENTATION_CONTEXT() REPRESENTATION_CONTEXT('2D SPACE',''
  ) );
#6223 = PCURVE('',#6224,#6229);
#6224 = PLANE('',#6225);
#6225 = AXIS2_PLACEMENT_3D('',#6226,#6227,#6228);
#6226 = CARTESIAN_POINT('',(0.,21.45,180.));
#6227 = DIRECTION('',(0.,-1.,2.22044604925E-16));
#6228 = DIRECTION('',(1.,0.,0.));
#6229 = DEFINITIONAL_REPRESENTATION('',(#6230),#6234);
#6230 = CIRCLE('',#6231,2.5);
#6231 = AXIS2_PLACEMENT_2D('',#6232,#6233);
#6232 = CARTESIAN_POINT('',(0.,0.));
#6233 = DIRECTION('',(1.,0.));
#6234 = ( GEOMETRIC_REPRESENTATION_CONTEXT(2) 
PARAMETRIC_REPRESENTATION_CONTEXT() REPRESENTATION_CONTEXT('2D SPACE',''
  ) );
#6235 = ORIENTED_EDGE('',*,*,#6186,.F.);
#6236 = ORIENTED_EDGE('',*,*,#5862,.T.);
#6237 = ADVANCED_FACE('',(#6238),#6224,.T.);
#6238 = FACE_BOUND('',#6239,.T.);
#6239 = EDGE_LOOP('',(#6240));
#6240 = ORIENTED_EDGE('',*,*,#6209,.T.);
#6241 = ADVANCED_FACE('',(#6242),#5651,.T.);
#6242 = FACE_BOUND('',#6243,.T.);
#6243 = EDGE_LOOP('',(#6244,#6245,#6268,#6295));
#6244 = ORIENTED_EDGE('',*,*,#5539,.F.);
#6245 = ORIENTED_EDGE('',*,*,#6246,.F.);
#6246 = EDGE_CURVE('',#6247,#5540,#6249,.T.);
#6247 = VERTEX_POINT('',#6248);
#6248 = CARTESIAN_POINT('',(2.5,-21.45,180.));
#6249 = SEAM_CURVE('',#6250,(#6254,#6261),.PCURVE_S1.);
#6250 = LINE('',#6251,#6252);
#6251 = CARTESIAN_POINT('',(2.5,-21.45,180.));
#6252 = VECTOR('',#6253,1.);
#6253 = DIRECTION('',(0.,-1.,2.22044604925E-16));
#6254 = PCURVE('',#5651,#6255);
#6255 = DEFINITIONAL_REPRESENTATION('',(#6256),#6260);
#6256 = LINE('',#6257,#6258);
#6257 = CARTESIAN_POINT('',(6.28318530718,-0.));
#6258 = VECTOR('',#6259,1.);
#6259 = DIRECTION('',(0.,1.));
#6260 = ( GEOMETRIC_REPRESENTATION_CONTEXT(2) 
PARAMETRIC_REPRESENTATION_CONTEXT() REPRESENTATION_CONTEXT('2D SPACE',''
  ) );
#6261 = PCURVE('',#5651,#6262);
#6262 = DEFINITIONAL_REPRESENTATION('',(#6263),#6267);
#6263 = LINE('',#6264,#6265);
#6264 = CARTESIAN_POINT('',(0.,-0.));
#6265 = VECTOR('',#6266,1.);
#6266 = DIRECTION('',(0.,1.));
#6267 = ( GEOMETRIC_REPRESENTATION_CONTEXT(2) 
PARAMETRIC_REPRESENTATION_CONTEXT() REPRESENTATION_CONTEXT('2D SPACE',''
  ) );
#6268 = ORIENTED_EDGE('',*,*,#6269,.T.);
#6269 = EDGE_CURVE('',#6247,#6247,#6270,.T.);
#6270 = SURFACE_CURVE('',#6271,(#6276,#6283),.PCURVE_S1.);
#6271 = CIRCLE('',#6272,2.5);
#6272 = AXIS2_PLACEMENT_3D('',#6273,#6274,#6275);
#6273 = CARTESIAN_POINT('',(0.,-21.45,180.));
#6274 = DIRECTION('',(0.,-1.,2.22044604925E-16));
#6275 = DIRECTION('',(1.,0.,0.));
#6276 = PCURVE('',#5651,#6277);
#6277 = DEFINITIONAL_REPRESENTATION('',(#6278),#6282);
#6278 = LINE('',#6279,#6280);
#6279 = CARTESIAN_POINT('',(0.,0.));
#6280 = VECTOR('',#6281,1.);
#6281 = DIRECTION('',(1.,0.));
#6282 = ( GEOMETRIC_REPRESENTATION_CONTEXT(2) 
PARAMETRIC_REPRESENTATION_CONTEXT() REPRESENTATION_CONTEXT('2D SPACE',''
  ) );
#6283 = PCURVE('',#6284,#6289);
#6284 = PLANE('',#6285);
#6285 = AXIS2_PLACEMENT_3D('',#6286,#6287,#6288);
#6286 = CARTESIAN_POINT('',(0.,-21.45,180.));
#6287 = DIRECTION('',(0.,-1.,2.22044604925E-16));
#6288 = DIRECTION('',(1.,0.,0.));
#6289 = DEFINITIONAL_REPRESENTATION('',(#6290),#6294);
#6290 = CIRCLE('',#6291,2.5);
#6291 = AXIS2_PLACEMENT_2D('',#6292,#6293);
#6292 = CARTESIAN_POINT('',(0.,0.));
#6293 = DIRECTION('',(1.,0.));
#6294 = ( GEOMETRIC_REPRESENTATION_CONTEXT(2) 
PARAMETRIC_REPRESENTATION_CONTEXT() REPRESENTATION_CONTEXT('2D SPACE',''
  ) );
#6295 = ORIENTED_EDGE('',*,*,#6246,.T.);
#6296 = ADVANCED_FACE('',(#6297),#6284,.F.);
#6297 = FACE_BOUND('',#6298,.T.);
#6298 = EDGE_LOOP('',(#6299));
#6299 = ORIENTED_EDGE('',*,*,#6269,.F.);
#6300 = ADVANCED_FACE('',(#6301,#6332),#5523,.T.);
#6301 = FACE_BOUND('',#6302,.T.);
#6302 = EDGE_LOOP('',(#6303));
#6303 = ORIENTED_EDGE('',*,*,#6304,.T.);
#6304 = EDGE_CURVE('',#6305,#6305,#6307,.T.);
#6305 = VERTEX_POINT('',#6306);
#6306 = CARTESIAN_POINT('',(25.1,-6.14772693172E-15,195.));
#6307 = SURFACE_CURVE('',#6308,(#6313,#6320),.PCURVE_S1.);
#6308 = CIRCLE('',#6309,25.1);
#6309 = AXIS2_PLACEMENT_3D('',#6310,#6311,#6312);
#6310 = CARTESIAN_POINT('',(0.,0.,195.));
#6311 = DIRECTION('',(0.,0.,1.));
#6312 = DIRECTION('',(1.,0.,-0.));
#6313 = PCURVE('',#5523,#6314);
#6314 = DEFINITIONAL_REPRESENTATION('',(#6315),#6319);
#6315 = CIRCLE('',#6316,25.1);
#6316 = AXIS2_PLACEMENT_2D('',#6317,#6318);
#6317 = CARTESIAN_POINT('',(0.,0.));
#6318 = DIRECTION('',(1.,0.));
#6319 = ( GEOMETRIC_REPRESENTATION_CONTEXT(2) 
PARAMETRIC_REPRESENTATION_CONTEXT() REPRESENTATION_CONTEXT('2D SPACE',''
  ) );
#6320 = PCURVE('',#6321,#6326);
#6321 = CYLINDRICAL_SURFACE('',#6322,25.1);
#6322 = AXIS2_PLACEMENT_3D('',#6323,#6324,#6325);
#6323 = CARTESIAN_POINT('',(0.,0.,159.));
#6324 = DIRECTION('',(0.,0.,1.));
#6325 = DIRECTION('',(1.,0.,-0.));
#6326 = DEFINITIONAL_REPRESENTATION('',(#6327),#6331);
#6327 = LINE('',#6328,#6329);
#6328 = CARTESIAN_POINT('',(0.,36.));
#6329 = VECTOR('',#6330,1.);
#6330 = DIRECTION('',(1.,0.));
#6331 = ( GEOMETRIC_REPRESENTATION_CONTEXT(2) 
PARAMETRIC_REPRESENTATION_CONTEXT() REPRESENTATION_CONTEXT('2D SPACE',''
  ) );
#6332 = FACE_BOUND('',#6333,.T.);
#6333 = EDGE_LOOP('',(#6334));
#6334 = ORIENTED_EDGE('',*,*,#5508,.F.);
#6335 = ADVANCED_FACE('',(#6336),#6321,.F.);
#6336 = FACE_BOUND('',#6337,.F.);
#6337 = EDGE_LOOP('',(#6338,#6339,#6362,#6389));
#6338 = ORIENTED_EDGE('',*,*,#6304,.T.);
#6339 = ORIENTED_EDGE('',*,*,#6340,.T.);
#6340 = EDGE_CURVE('',#6305,#6341,#6343,.T.);
#6341 = VERTEX_POINT('',#6342);
#6342 = CARTESIAN_POINT('',(25.1,-6.14772693172E-15,200.));
#6343 = SEAM_CURVE('',#6344,(#6348,#6355),.PCURVE_S1.);
#6344 = LINE('',#6345,#6346);
#6345 = CARTESIAN_POINT('',(25.1,-6.14772693172E-15,159.));
#6346 = VECTOR('',#6347,1.);
#6347 = DIRECTION('',(0.,0.,1.));
#6348 = PCURVE('',#6321,#6349);
#6349 = DEFINITIONAL_REPRESENTATION('',(#6350),#6354);
#6350 = LINE('',#6351,#6352);
#6351 = CARTESIAN_POINT('',(0.,-0.));
#6352 = VECTOR('',#6353,1.);
#6353 = DIRECTION('',(0.,1.));
#6354 = ( GEOMETRIC_REPRESENTATION_CONTEXT(2) 
PARAMETRIC_REPRESENTATION_CONTEXT() REPRESENTATION_CONTEXT('2D SPACE',''
  ) );
#6355 = PCURVE('',#6321,#6356);
#6356 = DEFINITIONAL_REPRESENTATION('',(#6357),#6361);
#6357 = LINE('',#6358,#6359);
#6358 = CARTESIAN_POINT('',(6.28318530718,-0.));
#6359 = VECTOR('',#6360,1.);
#6360 = DIRECTION('',(0.,1.));
#6361 = ( GEOMETRIC_REPRESENTATION_CONTEXT(2) 
PARAMETRIC_REPRESENTATION_CONTEXT() REPRESENTATION_CONTEXT('2D SPACE',''
  ) );
#6362 = ORIENTED_EDGE('',*,*,#6363,.F.);
#6363 = EDGE_CURVE('',#6341,#6341,#6364,.T.);
#6364 = SURFACE_CURVE('',#6365,(#6370,#6377),.PCURVE_S1.);
#6365 = CIRCLE('',#6366,25.1);
#6366 = AXIS2_PLACEMENT_3D('',#6367,#6368,#6369);
#6367 = CARTESIAN_POINT('',(0.,0.,200.));
#6368 = DIRECTION('',(0.,0.,1.));
#6369 = DIRECTION('',(1.,0.,-0.));
#6370 = PCURVE('',#6321,#6371);
#6371 = DEFINITIONAL_REPRESENTATION('',(#6372),#6376);
#6372 = LINE('',#6373,#6374);
#6373 = CARTESIAN_POINT('',(0.,41.));
#6374 = VECTOR('',#6375,1.);
#6375 = DIRECTION('',(1.,0.));
#6376 = ( GEOMETRIC_REPRESENTATION_CONTEXT(2) 
PARAMETRIC_REPRESENTATION_CONTEXT() REPRESENTATION_CONTEXT('2D SPACE',''
  ) );
#6377 = PCURVE('',#6378,#6383);
#6378 = PLANE('',#6379);
#6379 = AXIS2_PLACEMENT_3D('',#6380,#6381,#6382);
#6380 = CARTESIAN_POINT('',(0.,0.,200.));
#6381 = DIRECTION('',(0.,0.,1.));
#6382 = DIRECTION('',(1.,0.,-0.));
#6383 = DEFINITIONAL_REPRESENTATION('',(#6384),#6388);
#6384 = CIRCLE('',#6385,25.1);
#6385 = AXIS2_PLACEMENT_2D('',#6386,#6387);
#6386 = CARTESIAN_POINT('',(0.,0.));
#6387 = DIRECTION('',(1.,0.));
#6388 = ( GEOMETRIC_REPRESENTATION_CONTEXT(2) 
PARAMETRIC_REPRESENTATION_CONTEXT() REPRESENTATION_CONTEXT('2D SPACE',''
  ) );
#6389 = ORIENTED_EDGE('',*,*,#6340,.F.);
#6390 = ADVANCED_FACE('',(#6391,#6422),#6378,.T.);
#6391 = FACE_BOUND('',#6392,.T.);
#6392 = EDGE_LOOP('',(#6393));
#6393 = ORIENTED_EDGE('',*,*,#6394,.T.);
#6394 = EDGE_CURVE('',#6395,#6395,#6397,.T.);
#6395 = VERTEX_POINT('',#6396);
#6396 = CARTESIAN_POINT('',(25.104448517161,-6.14881650418E-15,200.));
#6397 = SURFACE_CURVE('',#6398,(#6403,#6410),.PCURVE_S1.);
#6398 = CIRCLE('',#6399,25.104448517161);
#6399 = AXIS2_PLACEMENT_3D('',#6400,#6401,#6402);
#6400 = CARTESIAN_POINT('',(0.,0.,200.));
#6401 = DIRECTION('',(0.,0.,1.));
#6402 = DIRECTION('',(1.,0.,-0.));
#6403 = PCURVE('',#6378,#6404);
#6404 = DEFINITIONAL_REPRESENTATION('',(#6405),#6409);
#6405 = CIRCLE('',#6406,25.104448517161);
#6406 = AXIS2_PLACEMENT_2D('',#6407,#6408);
#6407 = CARTESIAN_POINT('',(0.,0.));
#6408 = DIRECTION('',(1.,0.));
#6409 = ( GEOMETRIC_REPRESENTATION_CONTEXT(2) 
PARAMETRIC_REPRESENTATION_CONTEXT() REPRESENTATION_CONTEXT('2D SPACE',''
  ) );
#6410 = PCURVE('',#6411,#6416);
#6411 = CONICAL_SURFACE('',#6412,25.1,0.727097177426);
#6412 = AXIS2_PLACEMENT_3D('',#6413,#6414,#6415);
#6413 = CARTESIAN_POINT('',(0.,0.,199.995));
#6414 = DIRECTION('',(0.,0.,1.));
#6415 = DIRECTION('',(1.,0.,-0.));
#6416 = DEFINITIONAL_REPRESENTATION('',(#6417),#6421);
#6417 = LINE('',#6418,#6419);
#6418 = CARTESIAN_POINT('',(0.,4.999999999995E-03));
#6419 = VECTOR('',#6420,1.);
#6420 = DIRECTION('',(1.,0.));
#6421 = ( GEOMETRIC_REPRESENTATION_CONTEXT(2) 
PARAMETRIC_REPRESENTATION_CONTEXT() REPRESENTATION_CONTEXT('2D SPACE',''
  ) );
#6422 = FACE_BOUND('',#6423,.T.);
#6423 = EDGE_LOOP('',(#6424));
#6424 = ORIENTED_EDGE('',*,*,#6363,.F.);
#6425 = ADVANCED_FACE('',(#6426),#6411,.F.);
#6426 = FACE_BOUND('',#6427,.F.);
#6427 = EDGE_LOOP('',(#6428,#6457,#6478,#6479));
#6428 = ORIENTED_EDGE('',*,*,#6429,.F.);
#6429 = EDGE_CURVE('',#6430,#6430,#6432,.T.);
#6430 = VERTEX_POINT('',#6431);
#6431 = CARTESIAN_POINT('',(51.795551482839,-1.268625126671E-14,230.));
#6432 = SURFACE_CURVE('',#6433,(#6438,#6445),.PCURVE_S1.);
#6433 = CIRCLE('',#6434,51.795551482839);
#6434 = AXIS2_PLACEMENT_3D('',#6435,#6436,#6437);
#6435 = CARTESIAN_POINT('',(0.,0.,230.));
#6436 = DIRECTION('',(0.,0.,1.));
#6437 = DIRECTION('',(1.,0.,-0.));
#6438 = PCURVE('',#6411,#6439);
#6439 = DEFINITIONAL_REPRESENTATION('',(#6440),#6444);
#6440 = LINE('',#6441,#6442);
#6441 = CARTESIAN_POINT('',(0.,30.005));
#6442 = VECTOR('',#6443,1.);
#6443 = DIRECTION('',(1.,0.));
#6444 = ( GEOMETRIC_REPRESENTATION_CONTEXT(2) 
PARAMETRIC_REPRESENTATION_CONTEXT() REPRESENTATION_CONTEXT('2D SPACE',''
  ) );
#6445 = PCURVE('',#6446,#6451);
#6446 = PLANE('',#6447);
#6447 = AXIS2_PLACEMENT_3D('',#6448,#6449,#6450);
#6448 = CARTESIAN_POINT('',(0.,0.,230.));
#6449 = DIRECTION('',(0.,0.,1.));
#6450 = DIRECTION('',(1.,0.,-0.));
#6451 = DEFINITIONAL_REPRESENTATION('',(#6452),#6456);
#6452 = CIRCLE('',#6453,51.795551482839);
#6453 = AXIS2_PLACEMENT_2D('',#6454,#6455);
#6454 = CARTESIAN_POINT('',(0.,0.));
#6455 = DIRECTION('',(1.,0.));
#6456 = ( GEOMETRIC_REPRESENTATION_CONTEXT(2) 
PARAMETRIC_REPRESENTATION_CONTEXT() REPRESENTATION_CONTEXT('2D SPACE',''
  ) );
#6457 = ORIENTED_EDGE('',*,*,#6458,.F.);
#6458 = EDGE_CURVE('',#6395,#6430,#6459,.T.);
#6459 = SEAM_CURVE('',#6460,(#6464,#6471),.PCURVE_S1.);
#6460 = LINE('',#6461,#6462);
#6461 = CARTESIAN_POINT('',(25.1,-6.14772693172E-15,199.995));
#6462 = VECTOR('',#6463,1.);
#6463 = DIRECTION('',(0.664703719319,-1.62805456449E-16,0.747107064298)
  );
#6464 = PCURVE('',#6411,#6465);
#6465 = DEFINITIONAL_REPRESENTATION('',(#6466),#6470);
#6466 = LINE('',#6467,#6468);
#6467 = CARTESIAN_POINT('',(6.28318530718,-0.));
#6468 = VECTOR('',#6469,1.);
#6469 = DIRECTION('',(0.,1.));
#6470 = ( GEOMETRIC_REPRESENTATION_CONTEXT(2) 
PARAMETRIC_REPRESENTATION_CONTEXT() REPRESENTATION_CONTEXT('2D SPACE',''
  ) );
#6471 = PCURVE('',#6411,#6472);
#6472 = DEFINITIONAL_REPRESENTATION('',(#6473),#6477);
#6473 = LINE('',#6474,#6475);
#6474 = CARTESIAN_POINT('',(0.,-0.));
#6475 = VECTOR('',#6476,1.);
#6476 = DIRECTION('',(0.,1.));
#6477 = ( GEOMETRIC_REPRESENTATION_CONTEXT(2) 
PARAMETRIC_REPRESENTATION_CONTEXT() REPRESENTATION_CONTEXT('2D SPACE',''
  ) );
#6478 = ORIENTED_EDGE('',*,*,#6394,.T.);
#6479 = ORIENTED_EDGE('',*,*,#6458,.T.);
#6480 = ADVANCED_FACE('',(#6481,#6512),#6446,.T.);
#6481 = FACE_BOUND('',#6482,.T.);
#6482 = EDGE_LOOP('',(#6483));
#6483 = ORIENTED_EDGE('',*,*,#6484,.T.);
#6484 = EDGE_CURVE('',#6485,#6485,#6487,.T.);
#6485 = VERTEX_POINT('',#6486);
#6486 = CARTESIAN_POINT('',(51.8,-1.268734083917E-14,230.));
#6487 = SURFACE_CURVE('',#6488,(#6493,#6500),.PCURVE_S1.);
#6488 = CIRCLE('',#6489,51.8);
#6489 = AXIS2_PLACEMENT_3D('',#6490,#6491,#6492);
#6490 = CARTESIAN_POINT('',(0.,0.,230.));
#6491 = DIRECTION('',(0.,0.,1.));
#6492 = DIRECTION('',(1.,0.,-0.));
#6493 = PCURVE('',#6446,#6494);
#6494 = DEFINITIONAL_REPRESENTATION('',(#6495),#6499);
#6495 = CIRCLE('',#6496,51.8);
#6496 = AXIS2_PLACEMENT_2D('',#6497,#6498);
#6497 = CARTESIAN_POINT('',(0.,0.));
#6498 = DIRECTION('',(1.,0.));
#6499 = ( GEOMETRIC_REPRESENTATION_CONTEXT(2) 
PARAMETRIC_REPRESENTATION_CONTEXT() REPRESENTATION_CONTEXT('2D SPACE',''
  ) );
#6500 = PCURVE('',#6501,#6506);
#6501 = CYLINDRICAL_SURFACE('',#6502,51.8);
#6502 = AXIS2_PLACEMENT_3D('',#6503,#6504,#6505);
#6503 = CARTESIAN_POINT('',(0.,0.,232.));
#6504 = DIRECTION('',(0.,0.,1.));
#6505 = DIRECTION('',(1.,0.,-0.));
#6506 = DEFINITIONAL_REPRESENTATION('',(#6507),#6511);
#6507 = LINE('',#6508,#6509);
#6508 = CARTESIAN_POINT('',(0.,-2.));
#6509 = VECTOR('',#6510,1.);
#6510 = DIRECTION('',(1.,0.));
#6511 = ( GEOMETRIC_REPRESENTATION_CONTEXT(2) 
PARAMETRIC_REPRESENTATION_CONTEXT() REPRESENTATION_CONTEXT('2D SPACE',''
  ) );
#6512 = FACE_BOUND('',#6513,.T.);
#6513 = EDGE_LOOP('',(#6514));
#6514 = ORIENTED_EDGE('',*,*,#6429,.F.);
#6515 = ADVANCED_FACE('',(#6516,#7125),#6501,.F.);
#6516 = FACE_BOUND('',#6517,.F.);
#6517 = EDGE_LOOP('',(#6518,#6789,#6812,#6839,#6840,#7102,#7123,#7124));
#6518 = ORIENTED_EDGE('',*,*,#6519,.F.);
#6519 = EDGE_CURVE('',#6520,#6522,#6524,.T.);
#6520 = VERTEX_POINT('',#6521);
#6521 = CARTESIAN_POINT('',(51.8,-1.268734083917E-14,288.));
#6522 = VERTEX_POINT('',#6523);
#6523 = CARTESIAN_POINT('',(51.8,-7.507084878773E-15,269.));
#6524 = SURFACE_CURVE('',#6525,(#6578,#6634),.PCURVE_S1.);
#6525 = B_SPLINE_CURVE_WITH_KNOTS('',6,(#6526,#6527,#6528,#6529,#6530,
    #6531,#6532,#6533,#6534,#6535,#6536,#6537,#6538,#6539,#6540,#6541,
    #6542,#6543,#6544,#6545,#6546,#6547,#6548,#6549,#6550,#6551,#6552,
    #6553,#6554,#6555,#6556,#6557,#6558,#6559,#6560,#6561,#6562,#6563,
    #6564,#6565,#6566,#6567,#6568,#6569,#6570,#6571,#6572,#6573,#6574,
    #6575,#6576,#6577),.UNSPECIFIED.,.F.,.F.,(7,5,5,5,5,5,5,5,5,5,7),(0.
    ,9.197931355187E-02,0.149317206175,0.22866945207,0.295531162356,
    0.500066429855,0.650133780384,0.771403887743,0.850730729662,
    0.908050267034,1.),.UNSPECIFIED.);
#6526 = CARTESIAN_POINT('',(51.8,-5.329070518201E-15,288.));
#6527 = CARTESIAN_POINT('',(51.8,-0.558370079435,288.));
#6528 = CARTESIAN_POINT('',(51.792777458671,-1.11549410346,
    287.96061746766));
#6529 = CARTESIAN_POINT('',(51.778392178425,-1.665432613501,
    287.88218301718));
#6530 = CARTESIAN_POINT('',(51.75741112831,-2.202348061812,
    287.76658988981));
#6531 = CARTESIAN_POINT('',(51.730875192599,-2.720798386242,
    287.61724970668));
#6532 = CARTESIAN_POINT('',(51.680866500137,-3.524728088602,
    287.3280195271));
#6533 = CARTESIAN_POINT('',(51.659975371017,-3.824871585185,
    287.20558738369));
#6534 = CARTESIAN_POINT('',(51.637650849284,-4.116016783643,
    287.07263877123));
#6535 = CARTESIAN_POINT('',(51.614153231072,-4.397796489692,
    286.93003564317));
#6536 = CARTESIAN_POINT('',(51.589740609917,-4.669908483878,
    286.7786518563));
#6537 = CARTESIAN_POINT('',(51.529951705231,-5.294994143978,
    286.39894345818));
#6538 = CARTESIAN_POINT('',(51.493956431674,-5.638986528724,
    286.16334222249));
#6539 = CARTESIAN_POINT('',(51.457264903767,-5.964147626161,
    285.91448174356));
#6540 = CARTESIAN_POINT('',(51.420400102288,-6.270655621117,
    285.65405338799));
#6541 = CARTESIAN_POINT('',(51.383817252603,-6.558775869855,
    285.38355680672));
#6542 = CARTESIAN_POINT('',(51.317641993067,-7.056366716521,
    284.86905165501));
#6543 = CARTESIAN_POINT('',(51.28784812166,-7.271136322494,
    284.62751650433));
#6544 = CARTESIAN_POINT('',(51.258743615994,-7.473387413758,
    284.38043506088));
#6545 = CARTESIAN_POINT('',(51.230519753265,-7.663367608529,
    284.12843600754));
#6546 = CARTESIAN_POINT('',(51.203339793438,-7.841318661058,
    283.87206449139));
#6547 = CARTESIAN_POINT('',(51.097812082416,-8.515766808205,
    282.81555868451));
#6548 = CARTESIAN_POINT('',(51.029304290541,-8.913945050249,
    281.98234778761));
#6549 = CARTESIAN_POINT('',(50.975875975295,-9.208044495642,
    281.12602909272));
#6550 = CARTESIAN_POINT('',(50.939581784338,-9.402599267174,
    280.2556284703));
#6551 = CARTESIAN_POINT('',(50.921410035465,-9.5,279.37812133939));
#6552 = CARTESIAN_POINT('',(50.921410035465,-9.5,277.85572312561));
#6553 = CARTESIAN_POINT('',(50.931192072893,-9.447566953065,
    277.21156797437));
#6554 = CARTESIAN_POINT('',(50.950748708512,-9.342739819475,
    276.57026251085));
#6555 = CARTESIAN_POINT('',(50.979784434391,-9.184860097111,
    275.93459277601));
#6556 = CARTESIAN_POINT('',(51.017697530425,-8.972660704157,
    275.3078186493));
#6557 = CARTESIAN_POINT('',(51.100404416231,-8.487464825551,
    274.19814786046));
#6558 = CARTESIAN_POINT('',(51.14248075017,-8.233954603402,
    273.71073624861));
#6559 = CARTESIAN_POINT('',(51.189130003788,-7.942738906036,
    273.23385797132));
#6560 = CARTESIAN_POINT('',(51.239631339922,-7.612471101838,
    272.77003153616));
#6561 = CARTESIAN_POINT('',(51.292999614607,-7.241659861542,
    272.32254004794));
#6562 = CARTESIAN_POINT('',(51.383817251977,-6.558775874561,
    271.61644319814));
#6563 = CARTESIAN_POINT('',(51.420400103288,-6.270655612383,
    271.34594660486));
#6564 = CARTESIAN_POINT('',(51.457264903774,-5.964147626945,
    271.08551825598));
#6565 = CARTESIAN_POINT('',(51.493956430676,-5.638986537829,
    270.83665778443));
#6566 = CARTESIAN_POINT('',(51.529951705842,-5.294994137589,
    270.60105653793));
#6567 = CARTESIAN_POINT('',(51.589740609917,-4.669908483878,
    270.22134814369));
#6568 = CARTESIAN_POINT('',(51.614153231072,-4.397796489692,
    270.06996435682));
#6569 = CARTESIAN_POINT('',(51.637650849284,-4.116016783643,
    269.92736122876));
#6570 = CARTESIAN_POINT('',(51.659975371017,-3.824871585185,
    269.7944126163));
#6571 = CARTESIAN_POINT('',(51.680866500137,-3.524728088602,
    269.67198047289));
#6572 = CARTESIAN_POINT('',(51.730875147111,-2.720799117497,
    269.38275055639));
#6573 = CARTESIAN_POINT('',(51.757411122982,-2.202348418564,
    269.23341012807));
#6574 = CARTESIAN_POINT('',(51.778392227855,-1.665431887241,
    269.11781671102));
#6575 = CARTESIAN_POINT('',(51.792777509206,-1.115492298258,
    269.03938225734));
#6576 = CARTESIAN_POINT('',(51.8,-0.558368126316,269.));
#6577 = CARTESIAN_POINT('',(51.8,-7.105427357601E-15,269.));
#6578 = PCURVE('',#6501,#6579);
#6579 = DEFINITIONAL_REPRESENTATION('',(#6580),#6633);
#6580 = B_SPLINE_CURVE_WITH_KNOTS('',6,(#6581,#6582,#6583,#6584,#6585,
    #6586,#6587,#6588,#6589,#6590,#6591,#6592,#6593,#6594,#6595,#6596,
    #6597,#6598,#6599,#6600,#6601,#6602,#6603,#6604,#6605,#6606,#6607,
    #6608,#6609,#6610,#6611,#6612,#6613,#6614,#6615,#6616,#6617,#6618,
    #6619,#6620,#6621,#6622,#6623,#6624,#6625,#6626,#6627,#6628,#6629,
    #6630,#6631,#6632),.UNSPECIFIED.,.F.,.F.,(7,5,5,5,5,5,5,5,5,5,7),(0.
    ,9.197931355187E-02,0.149317206175,0.22866945207,0.295531162356,
    0.500066429855,0.650133780384,0.771403887743,0.850730729662,
    0.908050267034,1.),.UNSPECIFIED.);
#6581 = CARTESIAN_POINT('',(6.28318530718,56.));
#6582 = CARTESIAN_POINT('',(6.272405962017,56.));
#6583 = CARTESIAN_POINT('',(6.26165067095,55.960617467663));
#6584 = CARTESIAN_POINT('',(6.2510318481,55.882183017189));
#6585 = CARTESIAN_POINT('',(6.240659956865,55.766589889816));
#6586 = CARTESIAN_POINT('',(6.230638765765,55.617249706688));
#6587 = CARTESIAN_POINT('',(6.215088889247,55.328019527105));
#6588 = CARTESIAN_POINT('',(6.209280752343,55.205587383692));
#6589 = CARTESIAN_POINT('',(6.203643890347,55.072638771235));
#6590 = CARTESIAN_POINT('',(6.198185414411,54.930035643176));
#6591 = CARTESIAN_POINT('',(6.192911279684,54.778651856305));
#6592 = CARTESIAN_POINT('',(6.180788914269,54.398943458187));
#6593 = CARTESIAN_POINT('',(6.174112141246,54.163342222495));
#6594 = CARTESIAN_POINT('',(6.167795349123,53.914481743564));
#6595 = CARTESIAN_POINT('',(6.161835766257,53.65405338799));
#6596 = CARTESIAN_POINT('',(6.156229041674,53.383556806722));
#6597 = CARTESIAN_POINT('',(6.146538463929,52.869051655018));
#6598 = CARTESIAN_POINT('',(6.142352693498,52.627516504335));
#6599 = CARTESIAN_POINT('',(6.138408082671,52.38043506088));
#6600 = CARTESIAN_POINT('',(6.134700307657,52.128436007541));
#6601 = CARTESIAN_POINT('',(6.13122514176,51.872064491399));
#6602 = CARTESIAN_POINT('',(6.118046494281,50.815558684511));
#6603 = CARTESIAN_POINT('',(6.11024760305,49.982347787612));
#6604 = CARTESIAN_POINT('',(6.104477082376,49.126029092728));
#6605 = CARTESIAN_POINT('',(6.100656429229,48.255628470304));
#6606 = CARTESIAN_POINT('',(6.098743656193,47.37812133939));
#6607 = CARTESIAN_POINT('',(6.098743656193,45.855723125612));
#6608 = CARTESIAN_POINT('',(6.099773342419,45.211567974374));
#6609 = CARTESIAN_POINT('',(6.101831946123,44.570262510859));
#6610 = CARTESIAN_POINT('',(6.104930927595,43.934592776015));
#6611 = CARTESIAN_POINT('',(6.109092180409,43.307818649306));
#6612 = CARTESIAN_POINT('',(6.118594005591,42.198147860465));
#6613 = CARTESIAN_POINT('',(6.123554922709,41.710736248612));
#6614 = CARTESIAN_POINT('',(6.129248392157,41.23385797132));
#6615 = CARTESIAN_POINT('',(6.135698011776,40.770031536168));
#6616 = CARTESIAN_POINT('',(6.142929881417,40.32254004794));
#6617 = CARTESIAN_POINT('',(6.156229041582,39.616443198144));
#6618 = CARTESIAN_POINT('',(6.161835766427,39.345946604867));
#6619 = CARTESIAN_POINT('',(6.167795349108,39.085518255981));
#6620 = CARTESIAN_POINT('',(6.174112141069,38.836657784436));
#6621 = CARTESIAN_POINT('',(6.180788914393,38.601056537932));
#6622 = CARTESIAN_POINT('',(6.192911279684,38.221348143695));
#6623 = CARTESIAN_POINT('',(6.198185414411,38.069964356824));
#6624 = CARTESIAN_POINT('',(6.203643890347,37.927361228765));
#6625 = CARTESIAN_POINT('',(6.209280752343,37.794412616308));
#6626 = CARTESIAN_POINT('',(6.215088889247,37.671980472895));
#6627 = CARTESIAN_POINT('',(6.23063875162,37.382750556396));
#6628 = CARTESIAN_POINT('',(6.240659949985,37.233410128072));
#6629 = CARTESIAN_POINT('',(6.251031862145,37.117816711022));
#6630 = CARTESIAN_POINT('',(6.2616507058,37.039382257347));
#6631 = CARTESIAN_POINT('',(6.272405999722,37.));
#6632 = CARTESIAN_POINT('',(6.28318530718,37.));
#6633 = ( GEOMETRIC_REPRESENTATION_CONTEXT(2) 
PARAMETRIC_REPRESENTATION_CONTEXT() REPRESENTATION_CONTEXT('2D SPACE',''
  ) );
#6634 = PCURVE('',#6635,#6640);
#6635 = CYLINDRICAL_SURFACE('',#6636,9.5);
#6636 = AXIS2_PLACEMENT_3D('',#6637,#6638,#6639);
#6637 = CARTESIAN_POINT('',(44.872236765559,0.,278.5));
#6638 = DIRECTION('',(1.,0.,2.22044604925E-16));
#6639 = DIRECTION('',(2.22044604925E-16,0.,-1.));
#6640 = DEFINITIONAL_REPRESENTATION('',(#6641),#6788);
#6641 = B_SPLINE_CURVE_WITH_KNOTS('',10,(#6642,#6643,#6644,#6645,#6646,
    #6647,#6648,#6649,#6650,#6651,#6652,#6653,#6654,#6655,#6656,#6657,
    #6658,#6659,#6660,#6661,#6662,#6663,#6664,#6665,#6666,#6667,#6668,
    #6669,#6670,#6671,#6672,#6673,#6674,#6675,#6676,#6677,#6678,#6679,
    #6680,#6681,#6682,#6683,#6684,#6685,#6686,#6687,#6688,#6689,#6690,
    #6691,#6692,#6693,#6694,#6695,#6696,#6697,#6698,#6699,#6700,#6701,
    #6702,#6703,#6704,#6705,#6706,#6707,#6708,#6709,#6710,#6711,#6712,
    #6713,#6714,#6715,#6716,#6717,#6718,#6719,#6720,#6721,#6722,#6723,
    #6724,#6725,#6726,#6727,#6728,#6729,#6730,#6731,#6732,#6733,#6734,
    #6735,#6736,#6737,#6738,#6739,#6740,#6741,#6742,#6743,#6744,#6745,
    #6746,#6747,#6748,#6749,#6750,#6751,#6752,#6753,#6754,#6755,#6756,
    #6757,#6758,#6759,#6760,#6761,#6762,#6763,#6764,#6765,#6766,#6767,
    #6768,#6769,#6770,#6771,#6772,#6773,#6774,#6775,#6776,#6777,#6778,
    #6779,#6780,#6781,#6782,#6783,#6784,#6785,#6786,#6787),
  .UNSPECIFIED.,.F.,.F.,(11,9,9,9,9,9,9,9,9,9,9,9,9,9,9,9,11),(0.,
    6.25E-02,9.1796875E-02,0.148559570313,0.201774597168,0.251663684845,
    0.298434704542,0.473826028407,0.539597774856,0.654698331142,
    0.741023748356,0.773395779812,0.830046834859,0.872535126144,
    0.904401344608,0.928301008456,1.),.UNSPECIFIED.);
#6642 = CARTESIAN_POINT('',(3.14159265359,6.927763234441));
#6643 = CARTESIAN_POINT('',(3.165555568007,6.927763234441));
#6644 = CARTESIAN_POINT('',(3.189498295192,6.926651728449));
#6645 = CARTESIAN_POINT('',(3.213407255173,6.924431612305));
#6646 = CARTESIAN_POINT('',(3.237268905168,6.921113800582));
#6647 = CARTESIAN_POINT('',(3.261069637588,6.916716882158));
#6648 = CARTESIAN_POINT('',(3.284795678032,6.911266775798));
#6649 = CARTESIAN_POINT('',(3.308432983282,6.904796385725));
#6650 = CARTESIAN_POINT('',(3.331967139301,6.897345257197));
#6651 = CARTESIAN_POINT('',(3.355383259232,6.888959232088));
#6652 = CARTESIAN_POINT('',(3.389579610533,6.87534520088));
#6653 = CARTESIAN_POINT('',(3.400464006694,6.87080623659));
#6654 = CARTESIAN_POINT('',(3.411317477309,6.866078519943));
#6655 = CARTESIAN_POINT('',(3.422138402083,6.86116763552));
#6656 = CARTESIAN_POINT('',(3.432925130627,6.8560794287));
#6657 = CARTESIAN_POINT('',(3.4436759801,6.850819990226));
#6658 = CARTESIAN_POINT('',(3.454389232849,6.845395640775));
#6659 = CARTESIAN_POINT('',(3.465063134042,6.839812915527));
#6660 = CARTESIAN_POINT('',(3.475695889315,6.834078548732));
#6661 = CARTESIAN_POINT('',(3.506803347758,6.816808720535));
#6662 = CARTESIAN_POINT('',(3.527174386765,6.804866569106));
#6663 = CARTESIAN_POINT('',(3.54740279243,6.792411993344));
#6664 = CARTESIAN_POINT('',(3.56748654122,6.779487608058));
#6665 = CARTESIAN_POINT('',(3.587424074365,6.766135868209));
#6666 = CARTESIAN_POINT('',(3.607215606048,6.75239816115));
#6667 = CARTESIAN_POINT('',(3.626861618709,6.738315456945));
#6668 = CARTESIAN_POINT('',(3.646360925719,6.72392919728));
#6669 = CARTESIAN_POINT('',(3.665710681648,6.709281103504));
#6670 = CARTESIAN_POINT('',(3.702910756702,6.680469472591));
#6671 = CARTESIAN_POINT('',(3.720779737794,6.666332378407));
#6672 = CARTESIAN_POINT('',(3.738520997259,6.65202885492));
#6673 = CARTESIAN_POINT('',(3.756137614622,6.637587599754));
#6674 = CARTESIAN_POINT('',(3.773632465178,6.623036420095));
#6675 = CARTESIAN_POINT('',(3.79100826985,6.608402197779));
#6676 = CARTESIAN_POINT('',(3.808267645035,6.593710854375));
#6677 = CARTESIAN_POINT('',(3.825413152457,6.578987316272));
#6678 = CARTESIAN_POINT('',(3.842447349016,6.564255479768));
#6679 = CARTESIAN_POINT('',(3.875240481291,6.535740704012));
#6680 = CARTESIAN_POINT('',(3.891012497446,6.521956068726));
#6681 = CARTESIAN_POINT('',(3.906691541924,6.508202659665));
#6682 = CARTESIAN_POINT('',(3.9222748928,6.494502553134));
#6683 = CARTESIAN_POINT('',(3.937782923225,6.480857498478));
#6684 = CARTESIAN_POINT('',(3.9531754895,6.467320054653));
#6685 = CARTESIAN_POINT('',(3.968510221719,6.45385802997));
#6686 = CARTESIAN_POINT('',(3.983751531152,6.440518954514));
#6687 = CARTESIAN_POINT('',(3.998917325695,6.427303333457));
#6688 = CARTESIAN_POINT('',(4.028152679515,6.401968821056));
#6689 = CARTESIAN_POINT('',(4.042231919616,6.389832661512));
#6690 = CARTESIAN_POINT('',(4.056245960837,6.377830133252));
#6691 = CARTESIAN_POINT('',(4.070196945994,6.365971522055));
#6692 = CARTESIAN_POINT('',(4.084087027422,6.354266603719));
#6693 = CARTESIAN_POINT('',(4.097918142251,6.342724839695));
#6694 = CARTESIAN_POINT('',(4.111691996292,6.331355408326));
#6695 = CARTESIAN_POINT('',(4.125410256527,6.320167071686));
#6696 = CARTESIAN_POINT('',(4.139074952202,6.309167878021));
#6697 = CARTESIAN_POINT('',(4.203742080784,6.257852781434));
#6698 = CARTESIAN_POINT('',(4.254083034724,6.220098325706));
#6699 = CARTESIAN_POINT('',(4.303803349967,6.185518837627));
#6700 = CARTESIAN_POINT('',(4.352988288851,6.154455489219));
#6701 = CARTESIAN_POINT('',(4.401718589417,6.12718333146));
#6702 = CARTESIAN_POINT('',(4.450071887326,6.103919974171));
#6703 = CARTESIAN_POINT('',(4.498123942716,6.084832733832));
#6704 = CARTESIAN_POINT('',(4.545949671984,6.070044249324));
#6705 = CARTESIAN_POINT('',(4.593623984523,6.05963656561));
#6706 = CARTESIAN_POINT('',(4.659071839326,6.051410105244));
#6707 = CARTESIAN_POINT('',(4.676910264687,6.049788729659));
#6708 = CARTESIAN_POINT('',(4.694745797402,6.048792189918));
#6709 = CARTESIAN_POINT('',(4.712560289598,6.048420844134));
#6710 = CARTESIAN_POINT('',(4.730424368405,6.048677876708));
#6711 = CARTESIAN_POINT('',(4.748226568685,6.049561664462));
#6712 = CARTESIAN_POINT('',(4.766079585766,6.051070639282));
#6713 = CARTESIAN_POINT('',(4.78392382196,6.053204059433));
#6714 = CARTESIAN_POINT('',(4.801786288792,6.055958760943));
#6715 = CARTESIAN_POINT('',(4.850955085417,6.06523385669));
#6716 = CARTESIAN_POINT('',(4.882298091051,6.073029056394));
#6717 = CARTESIAN_POINT('',(4.913715400671,6.082698708474));
#6718 = CARTESIAN_POINT('',(4.945227485525,6.094217201016));
#6719 = CARTESIAN_POINT('',(4.976854906404,6.107551114911));
#6720 = CARTESIAN_POINT('',(5.008618464499,6.122658614915));
#6721 = CARTESIAN_POINT('',(5.040539352267,6.139488840694));
#6722 = CARTESIAN_POINT('',(5.072639304286,6.157981297889));
#6723 = CARTESIAN_POINT('',(5.104940748116,6.178065249158));
#6724 = CARTESIAN_POINT('',(5.161861610452,6.215854497301));
#6725 = CARTESIAN_POINT('',(5.186382979529,6.232899336421));
#6726 = CARTESIAN_POINT('',(5.211042223769,6.25075997205));
#6727 = CARTESIAN_POINT('',(5.235850555264,6.269399302117));
#6728 = CARTESIAN_POINT('',(5.260819276064,6.288776414819));
#6729 = CARTESIAN_POINT('',(5.285959817424,6.308846230407));
#6730 = CARTESIAN_POINT('',(5.311283779036,6.329559142981));
#6731 = CARTESIAN_POINT('',(5.33680296828,6.350860662269));
#6732 = CARTESIAN_POINT('',(5.362529439457,6.372691055426));
#6733 = CARTESIAN_POINT('',(5.398205318127,6.403345213833));
#6734 = CARTESIAN_POINT('',(5.407966077901,6.41177070154));
#6735 = CARTESIAN_POINT('',(5.417758194648,6.420257770046));
#6736 = CARTESIAN_POINT('',(5.427582477213,6.428802994181));
#6737 = CARTESIAN_POINT('',(5.437439772134,6.43740286212));
#6738 = CARTESIAN_POINT('',(5.447330758326,6.4460535925));
#6739 = CARTESIAN_POINT('',(5.457255925302,6.454751112048));
#6740 = CARTESIAN_POINT('',(5.467215734933,6.463491193706));
#6741 = CARTESIAN_POINT('',(5.477210966751,6.472269755265));
#6742 = CARTESIAN_POINT('',(5.504799736838,6.496507054148));
#6743 = CARTESIAN_POINT('',(5.522469486429,6.512037816959));
#6744 = CARTESIAN_POINT('',(5.540255257498,6.527651818867));
#6745 = CARTESIAN_POINT('',(5.558159876731,6.543323999706));
#6746 = CARTESIAN_POINT('',(5.576186242895,6.559028030528));
#6747 = CARTESIAN_POINT('',(5.594337334163,6.57473631694));
#6748 = CARTESIAN_POINT('',(5.612616215444,6.590420002419));
#6749 = CARTESIAN_POINT('',(5.631026045713,6.606048971649));
#6750 = CARTESIAN_POINT('',(5.649570085339,6.621591853845));
#6751 = CARTESIAN_POINT('',(5.682262916972,6.648584155253));
#6752 = CARTESIAN_POINT('',(5.696351174389,6.660085247684));
#6753 = CARTESIAN_POINT('',(5.71052007142,6.671507195392));
#6754 = CARTESIAN_POINT('',(5.724766077384,6.68283202049));
#6755 = CARTESIAN_POINT('',(5.739094294483,6.694047963532));
#6756 = CARTESIAN_POINT('',(5.753509661525,6.705142625062));
#6757 = CARTESIAN_POINT('',(5.768010112275,6.716097776449));
#6758 = CARTESIAN_POINT('',(5.782591328167,6.726893257604));
#6759 = CARTESIAN_POINT('',(5.797255854577,6.737514180704));
#6760 = CARTESIAN_POINT('',(5.823062448048,6.755763670436));
#6761 = CARTESIAN_POINT('',(5.834168645307,6.763476560161));
#6762 = CARTESIAN_POINT('',(5.845320919968,6.7710737979));
#6763 = CARTESIAN_POINT('',(5.856519143565,6.778548023531));
#6764 = CARTESIAN_POINT('',(5.867763210445,6.785891858913));
#6765 = CARTESIAN_POINT('',(5.879053037828,6.793097918168));
#6766 = CARTESIAN_POINT('',(5.890388565866,6.800158817957));
#6767 = CARTESIAN_POINT('',(5.9017697577,6.807067187755));
#6768 = CARTESIAN_POINT('',(5.913196599521,6.813815680137));
#6769 = CARTESIAN_POINT('',(5.933273476451,6.825332956731));
#6770 = CARTESIAN_POINT('',(5.941904181868,6.830175234666));
#6771 = CARTESIAN_POINT('',(5.950554662117,6.834917153652));
#6772 = CARTESIAN_POINT('',(5.959248224687,6.839568520867));
#6773 = CARTESIAN_POINT('',(5.967960508351,6.844112393199));
#6774 = CARTESIAN_POINT('',(5.976694946189,6.848547739768));
#6775 = CARTESIAN_POINT('',(5.985463312875,6.852878247309));
#6776 = CARTESIAN_POINT('',(5.994249637737,6.857091922522));
#6777 = CARTESIAN_POINT('',(6.003061167342,6.861190137548));
#6778 = CARTESIAN_POINT('',(6.03839519678,6.877103012451));
#6779 = CARTESIAN_POINT('',(6.065096054562,6.887959380686));
#6780 = CARTESIAN_POINT('',(6.09197290887,6.897650590518));
#6781 = CARTESIAN_POINT('',(6.11900257386,6.906099323519));
#6782 = CARTESIAN_POINT('',(6.146162813873,6.913238566474));
#6783 = CARTESIAN_POINT('',(6.173432140283,6.919012364569));
#6784 = CARTESIAN_POINT('',(6.200789608347,6.923376574574));
#6785 = CARTESIAN_POINT('',(6.228214614059,6.926299618032));
#6786 = CARTESIAN_POINT('',(6.255686690999,6.927763234441));
#6787 = CARTESIAN_POINT('',(6.28318530718,6.927763234441));
#6788 = ( GEOMETRIC_REPRESENTATION_CONTEXT(2) 
PARAMETRIC_REPRESENTATION_CONTEXT() REPRESENTATION_CONTEXT('2D SPACE',''
  ) );
#6789 = ORIENTED_EDGE('',*,*,#6790,.T.);
#6790 = EDGE_CURVE('',#6520,#6791,#6793,.T.);
#6791 = VERTEX_POINT('',#6792);
#6792 = CARTESIAN_POINT('',(51.8,-1.268734083917E-14,327.));
#6793 = SEAM_CURVE('',#6794,(#6798,#6805),.PCURVE_S1.);
#6794 = LINE('',#6795,#6796);
#6795 = CARTESIAN_POINT('',(51.8,-1.268734083917E-14,232.));
#6796 = VECTOR('',#6797,1.);
#6797 = DIRECTION('',(0.,0.,1.));
#6798 = PCURVE('',#6501,#6799);
#6799 = DEFINITIONAL_REPRESENTATION('',(#6800),#6804);
#6800 = LINE('',#6801,#6802);
#6801 = CARTESIAN_POINT('',(0.,-0.));
#6802 = VECTOR('',#6803,1.);
#6803 = DIRECTION('',(0.,1.));
#6804 = ( GEOMETRIC_REPRESENTATION_CONTEXT(2) 
PARAMETRIC_REPRESENTATION_CONTEXT() REPRESENTATION_CONTEXT('2D SPACE',''
  ) );
#6805 = PCURVE('',#6501,#6806);
#6806 = DEFINITIONAL_REPRESENTATION('',(#6807),#6811);
#6807 = LINE('',#6808,#6809);
#6808 = CARTESIAN_POINT('',(6.28318530718,-0.));
#6809 = VECTOR('',#6810,1.);
#6810 = DIRECTION('',(0.,1.));
#6811 = ( GEOMETRIC_REPRESENTATION_CONTEXT(2) 
PARAMETRIC_REPRESENTATION_CONTEXT() REPRESENTATION_CONTEXT('2D SPACE',''
  ) );
#6812 = ORIENTED_EDGE('',*,*,#6813,.F.);
#6813 = EDGE_CURVE('',#6791,#6791,#6814,.T.);
#6814 = SURFACE_CURVE('',#6815,(#6820,#6827),.PCURVE_S1.);
#6815 = CIRCLE('',#6816,51.8);
#6816 = AXIS2_PLACEMENT_3D('',#6817,#6818,#6819);
#6817 = CARTESIAN_POINT('',(0.,0.,327.));
#6818 = DIRECTION('',(0.,0.,1.));
#6819 = DIRECTION('',(1.,0.,-0.));
#6820 = PCURVE('',#6501,#6821);
#6821 = DEFINITIONAL_REPRESENTATION('',(#6822),#6826);
#6822 = LINE('',#6823,#6824);
#6823 = CARTESIAN_POINT('',(0.,95.));
#6824 = VECTOR('',#6825,1.);
#6825 = DIRECTION('',(1.,0.));
#6826 = ( GEOMETRIC_REPRESENTATION_CONTEXT(2) 
PARAMETRIC_REPRESENTATION_CONTEXT() REPRESENTATION_CONTEXT('2D SPACE',''
  ) );
#6827 = PCURVE('',#6828,#6833);
#6828 = PLANE('',#6829);
#6829 = AXIS2_PLACEMENT_3D('',#6830,#6831,#6832);
#6830 = CARTESIAN_POINT('',(0.,0.,327.));
#6831 = DIRECTION('',(0.,0.,1.));
#6832 = DIRECTION('',(1.,0.,-0.));
#6833 = DEFINITIONAL_REPRESENTATION('',(#6834),#6838);
#6834 = CIRCLE('',#6835,51.8);
#6835 = AXIS2_PLACEMENT_2D('',#6836,#6837);
#6836 = CARTESIAN_POINT('',(0.,0.));
#6837 = DIRECTION('',(1.,0.));
#6838 = ( GEOMETRIC_REPRESENTATION_CONTEXT(2) 
PARAMETRIC_REPRESENTATION_CONTEXT() REPRESENTATION_CONTEXT('2D SPACE',''
  ) );
#6839 = ORIENTED_EDGE('',*,*,#6790,.F.);
#6840 = ORIENTED_EDGE('',*,*,#6841,.F.);
#6841 = EDGE_CURVE('',#6522,#6520,#6842,.T.);
#6842 = SURFACE_CURVE('',#6843,(#6896,#6952),.PCURVE_S1.);
#6843 = B_SPLINE_CURVE_WITH_KNOTS('',6,(#6844,#6845,#6846,#6847,#6848,
    #6849,#6850,#6851,#6852,#6853,#6854,#6855,#6856,#6857,#6858,#6859,
    #6860,#6861,#6862,#6863,#6864,#6865,#6866,#6867,#6868,#6869,#6870,
    #6871,#6872,#6873,#6874,#6875,#6876,#6877,#6878,#6879,#6880,#6881,
    #6882,#6883,#6884,#6885,#6886,#6887,#6888,#6889,#6890,#6891,#6892,
    #6893,#6894,#6895),.UNSPECIFIED.,.F.,.F.,(7,5,5,5,5,5,5,5,5,5,7),(0.
    ,9.197931221552E-02,0.149317204025,0.228669447393,0.295531156715,
    0.50006642397,0.650133776252,0.771403885043,0.850730727899,
    0.908050265948,1.),.UNSPECIFIED.);
#6844 = CARTESIAN_POINT('',(51.8,-1.16341445919E-15,269.));
#6845 = CARTESIAN_POINT('',(51.8,0.558370079623,269.));
#6846 = CARTESIAN_POINT('',(51.792777458666,1.115494103411,
    269.03938253236));
#6847 = CARTESIAN_POINT('',(51.778392178431,1.665432613317,
    269.11781698277));
#6848 = CARTESIAN_POINT('',(51.757411128317,2.202348061764,
    269.23341011014));
#6849 = CARTESIAN_POINT('',(51.730875192588,2.720798386419,
    269.38275029337));
#6850 = CARTESIAN_POINT('',(51.680866500137,3.524728088596,
    269.67198047289));
#6851 = CARTESIAN_POINT('',(51.659975371017,3.824871585187,
    269.7944126163));
#6852 = CARTESIAN_POINT('',(51.637650849284,4.116016783649,
    269.92736122876));
#6853 = CARTESIAN_POINT('',(51.614153231071,4.397796489693,
    270.06996435682));
#6854 = CARTESIAN_POINT('',(51.589740609917,4.669908483872,
    270.22134814369));
#6855 = CARTESIAN_POINT('',(51.529951705843,5.294994137582,
    270.60105653792));
#6856 = CARTESIAN_POINT('',(51.493956430676,5.638986537831,
    270.83665778443));
#6857 = CARTESIAN_POINT('',(51.457264903773,5.96414762695,
    271.08551825598));
#6858 = CARTESIAN_POINT('',(51.420400103288,6.270655612384,
    271.34594660486));
#6859 = CARTESIAN_POINT('',(51.383817251978,6.558775874556,
    271.61644319813));
#6860 = CARTESIAN_POINT('',(51.317641993067,7.056366716521,
    272.13094834498));
#6861 = CARTESIAN_POINT('',(51.28784812166,7.271136322494,
    272.37248349566));
#6862 = CARTESIAN_POINT('',(51.258743615994,7.473387413758,
    272.61956493912));
#6863 = CARTESIAN_POINT('',(51.230519753265,7.663367608529,
    272.87156399245));
#6864 = CARTESIAN_POINT('',(51.203339793438,7.841318661058,
    273.1279355086));
#6865 = CARTESIAN_POINT('',(51.097812081363,8.515766814936,
    274.18444132603));
#6866 = CARTESIAN_POINT('',(51.02930429305,8.913945034441,
    275.01765217739));
#6867 = CARTESIAN_POINT('',(50.975875972836,9.208044510963,
    275.87397095757));
#6868 = CARTESIAN_POINT('',(50.939581785298,9.402599261245,
    276.74437149344));
#6869 = CARTESIAN_POINT('',(50.921410035465,9.5,277.62187867201));
#6870 = CARTESIAN_POINT('',(50.921410035465,9.5,279.1442768743));
#6871 = CARTESIAN_POINT('',(50.931192072891,9.44756695308,
    279.78843202576));
#6872 = CARTESIAN_POINT('',(50.950748708521,9.342739819422,
    280.42973748913));
#6873 = CARTESIAN_POINT('',(50.979784434379,9.184860097182,
    281.06540722385));
#6874 = CARTESIAN_POINT('',(51.017697530431,8.972660704122,
    281.69218135077));
#6875 = CARTESIAN_POINT('',(51.100404416232,8.48746482555,
    282.80185213953));
#6876 = CARTESIAN_POINT('',(51.14248075017,8.233954603402,
    283.28926375138));
#6877 = CARTESIAN_POINT('',(51.189130003788,7.942738906036,
    283.76614202867));
#6878 = CARTESIAN_POINT('',(51.239631339922,7.612471101838,
    284.22996846383));
#6879 = CARTESIAN_POINT('',(51.292999614607,7.241659861541,
    284.67745995206));
#6880 = CARTESIAN_POINT('',(51.383817251977,6.558775874561,
    285.38355680185));
#6881 = CARTESIAN_POINT('',(51.420400103288,6.270655612383,
    285.65405339513));
#6882 = CARTESIAN_POINT('',(51.457264903774,5.964147626945,
    285.91448174401));
#6883 = CARTESIAN_POINT('',(51.493956430676,5.638986537829,
    286.16334221556));
#6884 = CARTESIAN_POINT('',(51.529951705842,5.294994137588,
    286.39894346206));
#6885 = CARTESIAN_POINT('',(51.589740609917,4.669908483878,
    286.7786518563));
#6886 = CARTESIAN_POINT('',(51.614153231072,4.397796489692,
    286.93003564317));
#6887 = CARTESIAN_POINT('',(51.637650849284,4.116016783643,
    287.07263877123));
#6888 = CARTESIAN_POINT('',(51.659975371017,3.824871585185,
    287.20558738369));
#6889 = CARTESIAN_POINT('',(51.680866500137,3.524728088602,
    287.3280195271));
#6890 = CARTESIAN_POINT('',(51.730875147111,2.720799117497,
    287.6172494436));
#6891 = CARTESIAN_POINT('',(51.757411122982,2.202348418565,
    287.76658987192));
#6892 = CARTESIAN_POINT('',(51.778392227856,1.665431887239,
    287.88218328897));
#6893 = CARTESIAN_POINT('',(51.792777509206,1.115492298258,
    287.96061774265));
#6894 = CARTESIAN_POINT('',(51.8,0.558368126316,288.));
#6895 = CARTESIAN_POINT('',(51.8,1.745121688785E-15,288.));
#6896 = PCURVE('',#6501,#6897);
#6897 = DEFINITIONAL_REPRESENTATION('',(#6898),#6951);
#6898 = B_SPLINE_CURVE_WITH_KNOTS('',6,(#6899,#6900,#6901,#6902,#6903,
    #6904,#6905,#6906,#6907,#6908,#6909,#6910,#6911,#6912,#6913,#6914,
    #6915,#6916,#6917,#6918,#6919,#6920,#6921,#6922,#6923,#6924,#6925,
    #6926,#6927,#6928,#6929,#6930,#6931,#6932,#6933,#6934,#6935,#6936,
    #6937,#6938,#6939,#6940,#6941,#6942,#6943,#6944,#6945,#6946,#6947,
    #6948,#6949,#6950),.UNSPECIFIED.,.F.,.F.,(7,5,5,5,5,5,5,5,5,5,7),(0.
    ,9.197931221552E-02,0.149317204025,0.228669447393,0.295531156715,
    0.50006642397,0.650133776252,0.771403885043,0.850730727899,
    0.908050265948,1.),.UNSPECIFIED.);
#6899 = CARTESIAN_POINT('',(0.,37.));
#6900 = CARTESIAN_POINT('',(1.077934516646E-02,37.));
#6901 = CARTESIAN_POINT('',(2.15346362284E-02,37.039382532364));
#6902 = CARTESIAN_POINT('',(3.215345907621E-02,37.117816982779));
#6903 = CARTESIAN_POINT('',(4.252535031333E-02,37.23341011014));
#6904 = CARTESIAN_POINT('',(5.254654141834E-02,37.382750293376));
#6905 = CARTESIAN_POINT('',(6.809641793204E-02,37.671980472893));
#6906 = CARTESIAN_POINT('',(7.390455483615E-02,37.794412616309));
#6907 = CARTESIAN_POINT('',(7.954141683308E-02,37.927361228768));
#6908 = CARTESIAN_POINT('',(8.499989276865E-02,38.069964356825));
#6909 = CARTESIAN_POINT('',(9.027402749555E-02,38.221348143692));
#6910 = CARTESIAN_POINT('',(0.102396392787,38.601056537928));
#6911 = CARTESIAN_POINT('',(0.10907316611,38.836657784436));
#6912 = CARTESIAN_POINT('',(0.115389958071,39.085518255985));
#6913 = CARTESIAN_POINT('',(0.121349540753,39.345946604869));
#6914 = CARTESIAN_POINT('',(0.126956265597,39.616443198139));
#6915 = CARTESIAN_POINT('',(0.13664684325,40.130948344983));
#6916 = CARTESIAN_POINT('',(0.140832613681,40.372483495666));
#6917 = CARTESIAN_POINT('',(0.144777224508,40.61956493912));
#6918 = CARTESIAN_POINT('',(0.148484999522,40.871563992458));
#6919 = CARTESIAN_POINT('',(0.151960165419,41.127935508601));
#6920 = CARTESIAN_POINT('',(0.16513881303,42.184441326033));
#6921 = CARTESIAN_POINT('',(0.17293770382,43.017652177392));
#6922 = CARTESIAN_POINT('',(0.178708225103,43.873970957576));
#6923 = CARTESIAN_POINT('',(0.182528877835,44.744371493441));
#6924 = CARTESIAN_POINT('',(0.184441650986,45.621878672018));
#6925 = CARTESIAN_POINT('',(0.184441650986,47.144276874306));
#6926 = CARTESIAN_POINT('',(0.183411964761,47.788432025761));
#6927 = CARTESIAN_POINT('',(0.181353361056,48.429737489136));
#6928 = CARTESIAN_POINT('',(0.178254379586,49.065407223856));
#6929 = CARTESIAN_POINT('',(0.17409312677,49.692181350775));
#6930 = CARTESIAN_POINT('',(0.164591301588,50.801852139536));
#6931 = CARTESIAN_POINT('',(0.159630384471,51.289263751387));
#6932 = CARTESIAN_POINT('',(0.153936915022,51.766142028679));
#6933 = CARTESIAN_POINT('',(0.147487295403,52.229968463832));
#6934 = CARTESIAN_POINT('',(0.140255425762,52.677459952061));
#6935 = CARTESIAN_POINT('',(0.126956265597,53.383556801856));
#6936 = CARTESIAN_POINT('',(0.121349540753,53.654053395134));
#6937 = CARTESIAN_POINT('',(0.115389958071,53.914481744019));
#6938 = CARTESIAN_POINT('',(0.10907316611,54.163342215564));
#6939 = CARTESIAN_POINT('',(0.102396392787,54.398943462069));
#6940 = CARTESIAN_POINT('',(9.027402749566E-02,54.778651856305));
#6941 = CARTESIAN_POINT('',(8.499989276863E-02,54.930035643176));
#6942 = CARTESIAN_POINT('',(7.954141683297E-02,55.072638771235));
#6943 = CARTESIAN_POINT('',(7.390455483611E-02,55.205587383692));
#6944 = CARTESIAN_POINT('',(6.809641793217E-02,55.328019527105));
#6945 = CARTESIAN_POINT('',(5.254655555909E-02,55.617249443604));
#6946 = CARTESIAN_POINT('',(4.252535719425E-02,55.766589871928));
#6947 = CARTESIAN_POINT('',(3.215344503484E-02,55.882183288978));
#6948 = CARTESIAN_POINT('',(2.153460138003E-02,55.960617742653));
#6949 = CARTESIAN_POINT('',(1.077930745784E-02,56.));
#6950 = CARTESIAN_POINT('',(0.,56.));
#6951 = ( GEOMETRIC_REPRESENTATION_CONTEXT(2) 
PARAMETRIC_REPRESENTATION_CONTEXT() REPRESENTATION_CONTEXT('2D SPACE',''
  ) );
#6952 = PCURVE('',#6635,#6953);
#6953 = DEFINITIONAL_REPRESENTATION('',(#6954),#7101);
#6954 = B_SPLINE_CURVE_WITH_KNOTS('',10,(#6955,#6956,#6957,#6958,#6959,
    #6960,#6961,#6962,#6963,#6964,#6965,#6966,#6967,#6968,#6969,#6970,
    #6971,#6972,#6973,#6974,#6975,#6976,#6977,#6978,#6979,#6980,#6981,
    #6982,#6983,#6984,#6985,#6986,#6987,#6988,#6989,#6990,#6991,#6992,
    #6993,#6994,#6995,#6996,#6997,#6998,#6999,#7000,#7001,#7002,#7003,
    #7004,#7005,#7006,#7007,#7008,#7009,#7010,#7011,#7012,#7013,#7014,
    #7015,#7016,#7017,#7018,#7019,#7020,#7021,#7022,#7023,#7024,#7025,
    #7026,#7027,#7028,#7029,#7030,#7031,#7032,#7033,#7034,#7035,#7036,
    #7037,#7038,#7039,#7040,#7041,#7042,#7043,#7044,#7045,#7046,#7047,
    #7048,#7049,#7050,#7051,#7052,#7053,#7054,#7055,#7056,#7057,#7058,
    #7059,#7060,#7061,#7062,#7063,#7064,#7065,#7066,#7067,#7068,#7069,
    #7070,#7071,#7072,#7073,#7074,#7075,#7076,#7077,#7078,#7079,#7080,
    #7081,#7082,#7083,#7084,#7085,#7086,#7087,#7088,#7089,#7090,#7091,
    #7092,#7093,#7094,#7095,#7096,#7097,#7098,#7099,#7100),
  .UNSPECIFIED.,.F.,.F.,(11,9,9,9,9,9,9,9,9,9,9,9,9,9,9,9,11),(0.,
    6.25E-02,9.179687500001E-02,0.148559570313,0.201774597168,
    0.251663684845,0.298434704542,0.473826028407,0.539597774856,
    0.654698331142,0.741023748356,0.773395779812,0.830046834859,
    0.872535126144,0.904401344608,0.928301008456,1.),.UNSPECIFIED.);
#6955 = CARTESIAN_POINT('',(0.,6.927763234441));
#6956 = CARTESIAN_POINT('',(2.396291477369E-02,6.927763234441));
#6957 = CARTESIAN_POINT('',(4.790564230764E-02,6.926651728416));
#6958 = CARTESIAN_POINT('',(7.181460263134E-02,6.924431612207));
#6959 = CARTESIAN_POINT('',(9.567625296669E-02,6.921113800388));
#6960 = CARTESIAN_POINT('',(0.119476985725,6.916716881839));
#6961 = CARTESIAN_POINT('',(0.143203026505,6.911266775324));
#6962 = CARTESIAN_POINT('',(0.166840332089,6.904796385069));
#6963 = CARTESIAN_POINT('',(0.190374488441,6.897345256333));
#6964 = CARTESIAN_POINT('',(0.213790608701,6.888959230993));
#6965 = CARTESIAN_POINT('',(0.247986960477,6.875345199416));
#6966 = CARTESIAN_POINT('',(0.258871356788,6.870806235004));
#6967 = CARTESIAN_POINT('',(0.269724827553,6.86607851823));
#6968 = CARTESIAN_POINT('',(0.280545752475,6.861167633677));
#6969 = CARTESIAN_POINT('',(0.291332481165,6.856079426724));
#6970 = CARTESIAN_POINT('',(0.302083330782,6.850819988114));
#6971 = CARTESIAN_POINT('',(0.312796583672,6.845395638524));
#6972 = CARTESIAN_POINT('',(0.323470485005,6.839812913135));
#6973 = CARTESIAN_POINT('',(0.334103240413,6.834078546198));
#6974 = CARTESIAN_POINT('',(0.365210699246,6.816808717582));
#6975 = CARTESIAN_POINT('',(0.385581738518,6.804866565862));
#6976 = CARTESIAN_POINT('',(0.405810144432,6.792411989811));
#6977 = CARTESIAN_POINT('',(0.425893893464,6.779487604231));
#6978 = CARTESIAN_POINT('',(0.445831426856,6.766135864081));
#6979 = CARTESIAN_POINT('',(0.465622958783,6.75239815672));
#6980 = CARTESIAN_POINT('',(0.48526897168,6.738315452215));
#6981 = CARTESIAN_POINT('',(0.504768278916,6.723929192255));
#6982 = CARTESIAN_POINT('',(0.524118035072,6.709281098186));
#6983 = CARTESIAN_POINT('',(0.561318110557,6.680469466718));
#6984 = CARTESIAN_POINT('',(0.579187092212,6.666332371975));
#6985 = CARTESIAN_POINT('',(0.596928352365,6.652028847827));
#6986 = CARTESIAN_POINT('',(0.614544970398,6.637587592015));
#6987 = CARTESIAN_POINT('',(0.632039821534,6.623036411786));
#6988 = CARTESIAN_POINT('',(0.649415626681,6.608402188987));
#6989 = CARTESIAN_POINT('',(0.666675002261,6.593710845166));
#6990 = CARTESIAN_POINT('',(0.683820510046,6.578987306674));
#6991 = CARTESIAN_POINT('',(0.700854706996,6.564255469762));
#6992 = CARTESIAN_POINT('',(0.733647840181,6.535740693105));
#6993 = CARTESIAN_POINT('',(0.749419856867,6.521956057404));
#6994 = CARTESIAN_POINT('',(0.765098901633,6.508202648023));
#6995 = CARTESIAN_POINT('',(0.780682253797,6.494502538349));
#6996 = CARTESIAN_POINT('',(0.796190283276,6.48085748544));
#6997 = CARTESIAN_POINT('',(0.811582850481,6.467320038588));
#6998 = CARTESIAN_POINT('',(0.826917582664,6.453858017747));
#6999 = CARTESIAN_POINT('',(0.842158892371,6.440518941381));
#7000 = CARTESIAN_POINT('',(0.857324687104,6.427303320393));
#7001 = CARTESIAN_POINT('',(0.886560041213,6.401968807871));
#7002 = CARTESIAN_POINT('',(0.90063928144,6.389832648289));
#7003 = CARTESIAN_POINT('',(0.914653322815,6.377830119987));
#7004 = CARTESIAN_POINT('',(0.928604308129,6.365971508758));
#7005 = CARTESIAN_POINT('',(0.942494389692,6.354266590418));
#7006 = CARTESIAN_POINT('',(0.956325504635,6.342724826417));
#7007 = CARTESIAN_POINT('',(0.970099358796,6.331355395081));
#7008 = CARTESIAN_POINT('',(0.98381761919,6.320167058461));
#7009 = CARTESIAN_POINT('',(0.997482315054,6.309167864809));
#7010 = CARTESIAN_POINT('',(1.062149444029,6.257852768683));
#7011 = CARTESIAN_POINT('',(1.112490396931,6.220098314391));
#7012 = CARTESIAN_POINT('',(1.162210711858,6.185518827552));
#7013 = CARTESIAN_POINT('',(1.211395651157,6.154455480019));
#7014 = CARTESIAN_POINT('',(1.260125952175,6.127183323059));
#7015 = CARTESIAN_POINT('',(1.308479250048,6.103919966795));
#7016 = CARTESIAN_POINT('',(1.356531304961,6.084832727788));
#7017 = CARTESIAN_POINT('',(1.404357033862,6.070044244751));
#7018 = CARTESIAN_POINT('',(1.452031346633,6.059636562397));
#7019 = CARTESIAN_POINT('',(1.517479201765,6.051410103807));
#7020 = CARTESIAN_POINT('',(1.535317626929,6.049788729004));
#7021 = CARTESIAN_POINT('',(1.55315316128,6.04879218791));
#7022 = CARTESIAN_POINT('',(1.5709676517,6.048420847161));
#7023 = CARTESIAN_POINT('',(1.588831733592,6.048677875311));
#7024 = CARTESIAN_POINT('',(1.606633929798,6.04956166842));
#7025 = CARTESIAN_POINT('',(1.624486948218,6.051070640679));
#7026 = CARTESIAN_POINT('',(1.642331183311,6.053204061434));
#7027 = CARTESIAN_POINT('',(1.660193650139,6.055958763305));
#7028 = CARTESIAN_POINT('',(1.709362446228,6.065233860205));
#7029 = CARTESIAN_POINT('',(1.740705451525,6.073029060591));
#7030 = CARTESIAN_POINT('',(1.772122760813,6.082698713301));
#7031 = CARTESIAN_POINT('',(1.803634845341,6.094217206417));
#7032 = CARTESIAN_POINT('',(1.835262265898,6.107551120832));
#7033 = CARTESIAN_POINT('',(1.867025823678,6.122658621298));
#7034 = CARTESIAN_POINT('',(1.898946711134,6.139488847483));
#7035 = CARTESIAN_POINT('',(1.931046662842,6.157981305025));
#7036 = CARTESIAN_POINT('',(1.963348106364,6.178065256583));
#7037 = CARTESIAN_POINT('',(2.020268968152,6.215854505122));
#7038 = CARTESIAN_POINT('',(2.044790336996,6.232899344379));
#7039 = CARTESIAN_POINT('',(2.069449581004,6.250759980112));
#7040 = CARTESIAN_POINT('',(2.094257912267,6.269399310251));
#7041 = CARTESIAN_POINT('',(2.119226632837,6.288776422992));
#7042 = CARTESIAN_POINT('',(2.144367173964,6.308846238588));
#7043 = CARTESIAN_POINT('',(2.169691135345,6.329559151137));
#7044 = CARTESIAN_POINT('',(2.195210324355,6.35086067037));
#7045 = CARTESIAN_POINT('',(2.220936795298,6.372691063441));
#7046 = CARTESIAN_POINT('',(2.256612673642,6.403345221689));
#7047 = CARTESIAN_POINT('',(2.266373433327,6.411770709349));
#7048 = CARTESIAN_POINT('',(2.276165549985,6.420257777803));
#7049 = CARTESIAN_POINT('',(2.285989832461,6.428803001883));
#7050 = CARTESIAN_POINT('',(2.295847127292,6.437402869762));
#7051 = CARTESIAN_POINT('',(2.305738113394,6.446053600079));
#7052 = CARTESIAN_POINT('',(2.315663280279,6.454751119559));
#7053 = CARTESIAN_POINT('',(2.32562308982,6.463491201146));
#7054 = CARTESIAN_POINT('',(2.335618321547,6.47226976263));
#7055 = CARTESIAN_POINT('',(2.363207091383,6.496507061298));
#7056 = CARTESIAN_POINT('',(2.380876840814,6.512037823961));
#7057 = CARTESIAN_POINT('',(2.39866261172,6.52765182571));
#7058 = CARTESIAN_POINT('',(2.416567230789,6.543324006379));
#7059 = CARTESIAN_POINT('',(2.434593596787,6.559028037021));
#7060 = CARTESIAN_POINT('',(2.452744687886,6.574736323243));
#7061 = CARTESIAN_POINT('',(2.471023568997,6.590420008524));
#7062 = CARTESIAN_POINT('',(2.489433399094,6.606048977549));
#7063 = CARTESIAN_POINT('',(2.507977438546,6.621591859531));
#7064 = CARTESIAN_POINT('',(2.540670269869,6.648584160554));
#7065 = CARTESIAN_POINT('',(2.554758527151,6.660085252814));
#7066 = CARTESIAN_POINT('',(2.568927424059,6.671507200358));
#7067 = CARTESIAN_POINT('',(2.583173429882,6.682832025286));
#7068 = CARTESIAN_POINT('',(2.597501646838,6.694047968149));
#7069 = CARTESIAN_POINT('',(2.611917013747,6.705142629497));
#7070 = CARTESIAN_POINT('',(2.626417464361,6.7160977807));
#7071 = CARTESIAN_POINT('',(2.640998680095,6.726893261668));
#7072 = CARTESIAN_POINT('',(2.65566320636,6.737514184584));
#7073 = CARTESIAN_POINT('',(2.681469799573,6.755763673992));
#7074 = CARTESIAN_POINT('',(2.692575996719,6.763476563579));
#7075 = CARTESIAN_POINT('',(2.703728271267,6.77107380118));
#7076 = CARTESIAN_POINT('',(2.71492649475,6.778548026672));
#7077 = CARTESIAN_POINT('',(2.726170561514,6.785891861917));
#7078 = CARTESIAN_POINT('',(2.73746038878,6.793097921035));
#7079 = CARTESIAN_POINT('',(2.748795916701,6.800158820687));
#7080 = CARTESIAN_POINT('',(2.760177108417,6.807067190351));
#7081 = CARTESIAN_POINT('',(2.771603950118,6.8138156826));
#7082 = CARTESIAN_POINT('',(2.791680826836,6.825332958965));
#7083 = CARTESIAN_POINT('',(2.800311532169,6.830175236893));
#7084 = CARTESIAN_POINT('',(2.808962012203,6.83491715541));
#7085 = CARTESIAN_POINT('',(2.817655574842,6.839568523027));
#7086 = CARTESIAN_POINT('',(2.826367858324,6.844112394974));
#7087 = CARTESIAN_POINT('',(2.835102295972,6.848547741177));
#7088 = CARTESIAN_POINT('',(2.84387066274,6.852878249188));
#7089 = CARTESIAN_POINT('',(2.852656987451,6.85709192403));
#7090 = CARTESIAN_POINT('',(2.861468516979,6.861190139043));
#7091 = CARTESIAN_POINT('',(2.896802546028,6.877103013605));
#7092 = CARTESIAN_POINT('',(2.923503403512,6.887959381601));
#7093 = CARTESIAN_POINT('',(2.950380257515,6.897650591217));
#7094 = CARTESIAN_POINT('',(2.977409922196,6.906099324025));
#7095 = CARTESIAN_POINT('',(3.004570161894,6.913238566815));
#7096 = CARTESIAN_POINT('',(3.031839487985,6.919012364775));
#7097 = CARTESIAN_POINT('',(3.059196955729,6.923376574678));
#7098 = CARTESIAN_POINT('',(3.086621961118,6.926299618067));
#7099 = CARTESIAN_POINT('',(3.114094037734,6.927763234441));
#7100 = CARTESIAN_POINT('',(3.14159265359,6.927763234441));
#7101 = ( GEOMETRIC_REPRESENTATION_CONTEXT(2) 
PARAMETRIC_REPRESENTATION_CONTEXT() REPRESENTATION_CONTEXT('2D SPACE',''
  ) );
#7102 = ORIENTED_EDGE('',*,*,#7103,.F.);
#7103 = EDGE_CURVE('',#6485,#6522,#7104,.T.);
#7104 = SEAM_CURVE('',#7105,(#7109,#7116),.PCURVE_S1.);
#7105 = LINE('',#7106,#7107);
#7106 = CARTESIAN_POINT('',(51.8,-1.268734083917E-14,230.));
#7107 = VECTOR('',#7108,1.);
#7108 = DIRECTION('',(1.821904450667E-16,1.328270759075E-16,1.));
#7109 = PCURVE('',#6501,#7110);
#7110 = DEFINITIONAL_REPRESENTATION('',(#7111),#7115);
#7111 = LINE('',#7112,#7113);
#7112 = CARTESIAN_POINT('',(6.28318530718,-2.));
#7113 = VECTOR('',#7114,1.);
#7114 = DIRECTION('',(0.,1.));
#7115 = ( GEOMETRIC_REPRESENTATION_CONTEXT(2) 
PARAMETRIC_REPRESENTATION_CONTEXT() REPRESENTATION_CONTEXT('2D SPACE',''
  ) );
#7116 = PCURVE('',#6501,#7117);
#7117 = DEFINITIONAL_REPRESENTATION('',(#7118),#7122);
#7118 = LINE('',#7119,#7120);
#7119 = CARTESIAN_POINT('',(0.,-2.));
#7120 = VECTOR('',#7121,1.);
#7121 = DIRECTION('',(0.,1.));
#7122 = ( GEOMETRIC_REPRESENTATION_CONTEXT(2) 
PARAMETRIC_REPRESENTATION_CONTEXT() REPRESENTATION_CONTEXT('2D SPACE',''
  ) );
#7123 = ORIENTED_EDGE('',*,*,#6484,.T.);
#7124 = ORIENTED_EDGE('',*,*,#7103,.T.);
#7125 = FACE_BOUND('',#7126,.F.);
#7126 = EDGE_LOOP('',(#7127));
#7127 = ORIENTED_EDGE('',*,*,#7128,.T.);
#7128 = EDGE_CURVE('',#7129,#7129,#7131,.T.);
#7129 = VERTEX_POINT('',#7130);
#7130 = CARTESIAN_POINT('',(-51.8,-2.32682891838E-15,269.));
#7131 = SURFACE_CURVE('',#7132,(#7235,#7341),.PCURVE_S1.);
#7132 = B_SPLINE_CURVE_WITH_KNOTS('',6,(#7133,#7134,#7135,#7136,#7137,
    #7138,#7139,#7140,#7141,#7142,#7143,#7144,#7145,#7146,#7147,#7148,
    #7149,#7150,#7151,#7152,#7153,#7154,#7155,#7156,#7157,#7158,#7159,
    #7160,#7161,#7162,#7163,#7164,#7165,#7166,#7167,#7168,#7169,#7170,
    #7171,#7172,#7173,#7174,#7175,#7176,#7177,#7178,#7179,#7180,#7181,
    #7182,#7183,#7184,#7185,#7186,#7187,#7188,#7189,#7190,#7191,#7192,
    #7193,#7194,#7195,#7196,#7197,#7198,#7199,#7200,#7201,#7202,#7203,
    #7204,#7205,#7206,#7207,#7208,#7209,#7210,#7211,#7212,#7213,#7214,
    #7215,#7216,#7217,#7218,#7219,#7220,#7221,#7222,#7223,#7224,#7225,
    #7226,#7227,#7228,#7229,#7230,#7231,#7232,#7233,#7234),
  .UNSPECIFIED.,.T.,.F.,(7,5,5,5,5,5,5,5,5,5,5,5,5,5,5,5,5,5,5,5,7),(0.,
    4.599930910713E-02,7.467427248566E-02,0.114358722696,0.147796594339,
    0.250085693469,0.325135118842,0.385782895366,0.425454642004,
    0.4692691502,0.500079441903,0.530889847291,0.574704462422,
    0.614376306217,0.647803556355,0.750060163461,0.825085749452,
    0.885714266161,0.92537341107,0.954030089992,1.),.UNSPECIFIED.);
#7133 = CARTESIAN_POINT('',(-51.8,1.7763568394E-15,269.));
#7134 = CARTESIAN_POINT('',(-51.8,0.558370079719,269.));
#7135 = CARTESIAN_POINT('',(-51.79277745866,1.115494103386,
    269.03938253237));
#7136 = CARTESIAN_POINT('',(-51.77839217843,1.665432613223,
    269.11781698276));
#7137 = CARTESIAN_POINT('',(-51.75741112832,2.202348061739,
    269.23341011011));
#7138 = CARTESIAN_POINT('',(-51.73087519258,2.720798386511,
    269.3827502934));
#7139 = CARTESIAN_POINT('',(-51.68086650013,3.524728088596,
    269.67198047289));
#7140 = CARTESIAN_POINT('',(-51.65997537101,3.824871585187,
    269.7944126163));
#7141 = CARTESIAN_POINT('',(-51.63765084928,4.116016783649,
    269.92736122876));
#7142 = CARTESIAN_POINT('',(-51.61415323107,4.397796489693,
    270.06996435682));
#7143 = CARTESIAN_POINT('',(-51.58974060991,4.669908483873,
    270.22134814369));
#7144 = CARTESIAN_POINT('',(-51.52995170523,5.294994143971,
    270.6010565418));
#7145 = CARTESIAN_POINT('',(-51.49395643167,5.638986528727,
    270.8366577775));
#7146 = CARTESIAN_POINT('',(-51.45726490376,5.964147626167,
    271.08551825644));
#7147 = CARTESIAN_POINT('',(-51.42040010228,6.270655621118,
    271.34594661201));
#7148 = CARTESIAN_POINT('',(-51.3838172526,6.558775869849,
    271.61644319327));
#7149 = CARTESIAN_POINT('',(-51.31764199306,7.056366716521,
    272.13094834498));
#7150 = CARTESIAN_POINT('',(-51.28784812166,7.271136322494,
    272.37248349566));
#7151 = CARTESIAN_POINT('',(-51.25874361599,7.473387413758,
    272.61956493912));
#7152 = CARTESIAN_POINT('',(-51.23051975326,7.663367608529,
    272.87156399245));
#7153 = CARTESIAN_POINT('',(-51.20333979343,7.841318661059,
    273.1279355086));
#7154 = CARTESIAN_POINT('',(-51.09781208136,8.515766814935,
    274.18444132603));
#7155 = CARTESIAN_POINT('',(-51.02930429305,8.913945034442,
    275.01765217739));
#7156 = CARTESIAN_POINT('',(-50.97587597283,9.208044510962,
    275.87397095757));
#7157 = CARTESIAN_POINT('',(-50.93958178529,9.402599261245,
    276.74437149343));
#7158 = CARTESIAN_POINT('',(-50.92141003546,9.5,277.62187867201));
#7159 = CARTESIAN_POINT('',(-50.92141003546,9.5,279.14427687438));
#7160 = CARTESIAN_POINT('',(-50.93119207289,9.447566953065,
    279.78843202562));
#7161 = CARTESIAN_POINT('',(-50.95074870851,9.342739819475,
    280.42973748914));
#7162 = CARTESIAN_POINT('',(-50.97978443439,9.184860097111,
    281.06540722398));
#7163 = CARTESIAN_POINT('',(-51.01769753042,8.972660704157,
    281.69218135069));
#7164 = CARTESIAN_POINT('',(-51.10040441325,8.48746484303,
    282.80185209955));
#7165 = CARTESIAN_POINT('',(-51.14248075606,8.233954563981,
    283.28926381225));
#7166 = CARTESIAN_POINT('',(-51.18913000308,7.942738913583,
    283.76614203103));
#7167 = CARTESIAN_POINT('',(-51.23963133369,7.612471144829,
    284.22996840406));
#7168 = CARTESIAN_POINT('',(-51.29299961909,7.241659827832,
    284.67745998691));
#7169 = CARTESIAN_POINT('',(-51.38381725197,6.558775874561,
    285.38355680185));
#7170 = CARTESIAN_POINT('',(-51.42040010328,6.270655612383,
    285.65405339513));
#7171 = CARTESIAN_POINT('',(-51.45726490377,5.964147626945,
    285.91448174401));
#7172 = CARTESIAN_POINT('',(-51.49395643067,5.63898653783,
    286.16334221556));
#7173 = CARTESIAN_POINT('',(-51.52995170584,5.294994137588,
    286.39894346206));
#7174 = CARTESIAN_POINT('',(-51.6029943164,4.531342609248,
    286.86282372209));
#7175 = CARTESIAN_POINT('',(-51.63982516521,4.106842635963,
    287.08818826566));
#7176 = CARTESIAN_POINT('',(-51.67421190128,3.659841218045,
    287.29189315959));
#7177 = CARTESIAN_POINT('',(-51.70516950676,3.19199158935,
    287.47062323009));
#7178 = CARTESIAN_POINT('',(-51.73175670206,2.705340025434,
    287.62132474301));
#7179 = CARTESIAN_POINT('',(-51.76821640024,1.848548462481,
    287.8255085311));
#7180 = CARTESIAN_POINT('',(-51.78069482537,1.487010294456,
    287.89449551184));
#7181 = CARTESIAN_POINT('',(-51.79028435782,1.119466144178,
    287.94702796493));
#7182 = CARTESIAN_POINT('',(-51.79675999122,0.747811229842,
    287.98233136679));
#7183 = CARTESIAN_POINT('',(-51.8,0.374000105592,288.));
#7184 = CARTESIAN_POINT('',(-51.8,-0.374001485595,288.));
#7185 = CARTESIAN_POINT('',(-51.79675996719,-0.747812601989,
    287.98233123644));
#7186 = CARTESIAN_POINT('',(-51.79028433148,-1.119466824654,
    287.94702781962));
#7187 = CARTESIAN_POINT('',(-51.78069482176,-1.487010206059,
    287.89449549028));
#7188 = CARTESIAN_POINT('',(-51.76821641892,-1.848548023604,
    287.82550863569));
#7189 = CARTESIAN_POINT('',(-51.73175670224,-2.705340021128,
    287.62132474403));
#7190 = CARTESIAN_POINT('',(-51.70516950636,-3.191991595671,
    287.4706232277));
#7191 = CARTESIAN_POINT('',(-51.67421190134,-3.659841218479,
    287.29189316007));
#7192 = CARTESIAN_POINT('',(-51.63982516564,-4.106842629848,
    287.08818826826));
#7193 = CARTESIAN_POINT('',(-51.60299431608,-4.531342612624,
    286.86282372004));
#7194 = CARTESIAN_POINT('',(-51.52995170584,-5.294994137581,
    286.39894346207));
#7195 = CARTESIAN_POINT('',(-51.49395643067,-5.638986537831,
    286.16334221556));
#7196 = CARTESIAN_POINT('',(-51.45726490377,-5.964147626951,
    285.91448174401));
#7197 = CARTESIAN_POINT('',(-51.42040010328,-6.270655612384,
    285.65405339513));
#7198 = CARTESIAN_POINT('',(-51.38381725197,-6.558775874556,
    285.38355680186));
#7199 = CARTESIAN_POINT('',(-51.31764199306,-7.056366716521,
    284.86905165501));
#7200 = CARTESIAN_POINT('',(-51.28784812166,-7.271136322494,
    284.62751650433));
#7201 = CARTESIAN_POINT('',(-51.25874361599,-7.473387413758,
    284.38043506088));
#7202 = CARTESIAN_POINT('',(-51.23051975326,-7.663367608529,
    284.12843600754));
#7203 = CARTESIAN_POINT('',(-51.20333979343,-7.841318661059,
    283.87206449139));
#7204 = CARTESIAN_POINT('',(-51.09781208136,-8.515766814936,
    282.81555867396));
#7205 = CARTESIAN_POINT('',(-51.02930429305,-8.913945034442,
    281.9823478226));
#7206 = CARTESIAN_POINT('',(-50.97587597283,-9.208044510962,
    281.12602904242));
#7207 = CARTESIAN_POINT('',(-50.93958178529,-9.402599261245,
    280.25562850655));
#7208 = CARTESIAN_POINT('',(-50.92141003546,-9.5,279.37812132798));
#7209 = CARTESIAN_POINT('',(-50.92141003546,-9.5,277.85572312569));
#7210 = CARTESIAN_POINT('',(-50.93119207289,-9.44756695308,
    277.21156797423));
#7211 = CARTESIAN_POINT('',(-50.95074870852,-9.342739819422,
    276.57026251086));
#7212 = CARTESIAN_POINT('',(-50.97978443437,-9.184860097181,
    275.93459277614));
#7213 = CARTESIAN_POINT('',(-51.01769753043,-8.972660704122,
    275.30781864922));
#7214 = CARTESIAN_POINT('',(-51.10040441623,-8.487464825551,
    274.19814786046));
#7215 = CARTESIAN_POINT('',(-51.14248075017,-8.233954603402,
    273.71073624861));
#7216 = CARTESIAN_POINT('',(-51.18913000378,-7.942738906036,
    273.23385797132));
#7217 = CARTESIAN_POINT('',(-51.23963133992,-7.612471101838,
    272.77003153616));
#7218 = CARTESIAN_POINT('',(-51.2929996146,-7.241659861542,
    272.32254004794));
#7219 = CARTESIAN_POINT('',(-51.38381725197,-6.558775874556,
    271.61644319813));
#7220 = CARTESIAN_POINT('',(-51.42040010328,-6.270655612384,
    271.34594660486));
#7221 = CARTESIAN_POINT('',(-51.45726490377,-5.96414762695,
    271.08551825598));
#7222 = CARTESIAN_POINT('',(-51.49395643067,-5.638986537832,
    270.83665778443));
#7223 = CARTESIAN_POINT('',(-51.52995170584,-5.294994137582,
    270.60105653792));
#7224 = CARTESIAN_POINT('',(-51.58974060991,-4.669908483873,
    270.22134814369));
#7225 = CARTESIAN_POINT('',(-51.61415323107,-4.397796489693,
    270.06996435682));
#7226 = CARTESIAN_POINT('',(-51.63765084928,-4.116016783649,
    269.92736122876));
#7227 = CARTESIAN_POINT('',(-51.65997537101,-3.824871585187,
    269.7944126163));
#7228 = CARTESIAN_POINT('',(-51.68086650013,-3.524728088596,
    269.67198047289));
#7229 = CARTESIAN_POINT('',(-51.73087514711,-2.720799117497,
    269.38275055639));
#7230 = CARTESIAN_POINT('',(-51.75741112298,-2.202348418565,
    269.23341012807));
#7231 = CARTESIAN_POINT('',(-51.77839222785,-1.66543188724,
    269.11781671102));
#7232 = CARTESIAN_POINT('',(-51.7927775092,-1.115492298258,
    269.03938225734));
#7233 = CARTESIAN_POINT('',(-51.8,-0.558368126316,269.));
#7234 = CARTESIAN_POINT('',(-51.8,1.7763568394E-15,269.));
#7235 = PCURVE('',#6501,#7236);
#7236 = DEFINITIONAL_REPRESENTATION('',(#7237),#7340);
#7237 = B_SPLINE_CURVE_WITH_KNOTS('',6,(#7238,#7239,#7240,#7241,#7242,
    #7243,#7244,#7245,#7246,#7247,#7248,#7249,#7250,#7251,#7252,#7253,
    #7254,#7255,#7256,#7257,#7258,#7259,#7260,#7261,#7262,#7263,#7264,
    #7265,#7266,#7267,#7268,#7269,#7270,#7271,#7272,#7273,#7274,#7275,
    #7276,#7277,#7278,#7279,#7280,#7281,#7282,#7283,#7284,#7285,#7286,
    #7287,#7288,#7289,#7290,#7291,#7292,#7293,#7294,#7295,#7296,#7297,
    #7298,#7299,#7300,#7301,#7302,#7303,#7304,#7305,#7306,#7307,#7308,
    #7309,#7310,#7311,#7312,#7313,#7314,#7315,#7316,#7317,#7318,#7319,
    #7320,#7321,#7322,#7323,#7324,#7325,#7326,#7327,#7328,#7329,#7330,
    #7331,#7332,#7333,#7334,#7335,#7336,#7337,#7338,#7339),
  .UNSPECIFIED.,.T.,.F.,(7,5,5,5,5,5,5,5,5,5,5,5,5,5,5,5,5,5,5,5,7),(0.,
    4.599930910713E-02,7.467427248566E-02,0.114358722696,0.147796594339,
    0.250085693469,0.325135118842,0.385782895366,0.425454642004,
    0.4692691502,0.500079441903,0.530889847291,0.574704462422,
    0.614376306217,0.647803556355,0.750060163461,0.825085749452,
    0.885714266161,0.92537341107,0.954030089992,1.),.UNSPECIFIED.);
#7238 = CARTESIAN_POINT('',(3.14159265359,37.));
#7239 = CARTESIAN_POINT('',(3.130813308421,37.));
#7240 = CARTESIAN_POINT('',(3.120058017362,37.039382532377));
#7241 = CARTESIAN_POINT('',(3.109439194515,37.117816982763));
#7242 = CARTESIAN_POINT('',(3.099067303277,37.233410110117));
#7243 = CARTESIAN_POINT('',(3.08904611217,37.382750293408));
#7244 = CARTESIAN_POINT('',(3.073496235658,37.671980472893));
#7245 = CARTESIAN_POINT('',(3.067688098754,37.794412616309));
#7246 = CARTESIAN_POINT('',(3.062051236757,37.927361228767));
#7247 = CARTESIAN_POINT('',(3.056592760821,38.069964356825));
#7248 = CARTESIAN_POINT('',(3.051318626094,38.221348143692));
#7249 = CARTESIAN_POINT('',(3.039196260679,38.601056541809));
#7250 = CARTESIAN_POINT('',(3.032519487656,38.836657777506));
#7251 = CARTESIAN_POINT('',(3.026202695533,39.085518256441));
#7252 = CARTESIAN_POINT('',(3.020243112667,39.345946612013));
#7253 = CARTESIAN_POINT('',(3.014636388084,39.616443193273));
#7254 = CARTESIAN_POINT('',(3.00494581034,40.130948344983));
#7255 = CARTESIAN_POINT('',(3.000760039909,40.372483495666));
#7256 = CARTESIAN_POINT('',(2.996815429081,40.61956493912));
#7257 = CARTESIAN_POINT('',(2.993107654068,40.871563992458));
#7258 = CARTESIAN_POINT('',(2.98963248817,41.127935508601));
#7259 = CARTESIAN_POINT('',(2.97645384056,42.184441326032));
#7260 = CARTESIAN_POINT('',(2.96865494977,43.017652177393));
#7261 = CARTESIAN_POINT('',(2.962884428487,43.873970957577));
#7262 = CARTESIAN_POINT('',(2.959063775755,44.744371493439));
#7263 = CARTESIAN_POINT('',(2.957151002603,45.621878672019));
#7264 = CARTESIAN_POINT('',(2.957151002603,47.144276874389));
#7265 = CARTESIAN_POINT('',(2.958180688829,47.788432025625));
#7266 = CARTESIAN_POINT('',(2.960239292533,48.429737489141));
#7267 = CARTESIAN_POINT('',(2.963338274006,49.065407223984));
#7268 = CARTESIAN_POINT('',(2.967499526819,49.692181350695));
#7269 = CARTESIAN_POINT('',(2.977001351659,50.80185209956));
#7270 = CARTESIAN_POINT('',(2.981962269889,51.289263812257));
#7271 = CARTESIAN_POINT('',(2.987655738422,51.766142031039));
#7272 = CARTESIAN_POINT('',(2.994105357348,52.22996840406));
#7273 = CARTESIAN_POINT('',(3.001337228484,52.677459986916));
#7274 = CARTESIAN_POINT('',(3.014636387992,53.383556801856));
#7275 = CARTESIAN_POINT('',(3.020243112837,53.654053395134));
#7276 = CARTESIAN_POINT('',(3.026202695518,53.914481744019));
#7277 = CARTESIAN_POINT('',(3.03251948748,54.163342215564));
#7278 = CARTESIAN_POINT('',(3.039196260803,54.398943462069));
#7279 = CARTESIAN_POINT('',(3.054005851659,54.862823722095));
#7280 = CARTESIAN_POINT('',(3.062231304646,55.08818826566));
#7281 = CARTESIAN_POINT('',(3.07088550895,55.291893159598));
#7282 = CARTESIAN_POINT('',(3.079936265137,55.470623230092));
#7283 = CARTESIAN_POINT('',(3.089344404871,55.621324743012));
#7284 = CARTESIAN_POINT('',(3.105899751601,55.825508531109));
#7285 = CARTESIAN_POINT('',(3.112883184634,55.894495511845));
#7286 = CARTESIAN_POINT('',(3.119980659329,55.947027964935));
#7287 = CARTESIAN_POINT('',(3.127156144167,55.982331366793));
#7288 = CARTESIAN_POINT('',(3.134372574331,56.));
#7289 = CARTESIAN_POINT('',(3.148812759489,56.));
#7290 = CARTESIAN_POINT('',(3.156029189503,55.982331236441));
#7291 = CARTESIAN_POINT('',(3.163204660994,55.947027819621));
#7292 = CARTESIAN_POINT('',(3.170302120844,55.894495490281));
#7293 = CARTESIAN_POINT('',(3.177285547099,55.825508635698));
#7294 = CARTESIAN_POINT('',(3.193840902226,55.621324744038));
#7295 = CARTESIAN_POINT('',(3.203249042165,55.470623227708));
#7296 = CARTESIAN_POINT('',(3.212299798237,55.291893160073));
#7297 = CARTESIAN_POINT('',(3.220954002416,55.088188268268));
#7298 = CARTESIAN_POINT('',(3.229179455586,54.862823720044));
#7299 = CARTESIAN_POINT('',(3.243989046377,54.398943462073));
#7300 = CARTESIAN_POINT('',(3.2506658197,54.163342215564));
#7301 = CARTESIAN_POINT('',(3.256982611661,53.914481744014));
#7302 = CARTESIAN_POINT('',(3.262942194342,53.654053395131));
#7303 = CARTESIAN_POINT('',(3.268548919187,53.383556801861));
#7304 = CARTESIAN_POINT('',(3.27823949684,52.869051655018));
#7305 = CARTESIAN_POINT('',(3.282425267271,52.627516504335));
#7306 = CARTESIAN_POINT('',(3.286369878098,52.38043506088));
#7307 = CARTESIAN_POINT('',(3.290077653112,52.128436007542));
#7308 = CARTESIAN_POINT('',(3.293552819009,51.872064491399));
#7309 = CARTESIAN_POINT('',(3.30673146662,50.815558673968));
#7310 = CARTESIAN_POINT('',(3.31453035741,49.982347822608));
#7311 = CARTESIAN_POINT('',(3.320300878693,49.126029042424));
#7312 = CARTESIAN_POINT('',(3.324121531424,48.255628506559));
#7313 = CARTESIAN_POINT('',(3.326034304576,47.378121327982));
#7314 = CARTESIAN_POINT('',(3.326034304576,45.855723125695));
#7315 = CARTESIAN_POINT('',(3.325004618351,45.211567974238));
#7316 = CARTESIAN_POINT('',(3.322946014646,44.570262510865));
#7317 = CARTESIAN_POINT('',(3.319847033175,43.934592776142));
#7318 = CARTESIAN_POINT('',(3.31568578036,43.307818649226));
#7319 = CARTESIAN_POINT('',(3.306183955178,42.198147860465));
#7320 = CARTESIAN_POINT('',(3.301223038061,41.710736248612));
#7321 = CARTESIAN_POINT('',(3.295529568612,41.23385797132));
#7322 = CARTESIAN_POINT('',(3.289079948993,40.770031536168));
#7323 = CARTESIAN_POINT('',(3.281848079352,40.32254004794));
#7324 = CARTESIAN_POINT('',(3.268548919187,39.616443198139));
#7325 = CARTESIAN_POINT('',(3.262942194342,39.345946604868));
#7326 = CARTESIAN_POINT('',(3.256982611661,39.085518255985));
#7327 = CARTESIAN_POINT('',(3.2506658197,38.836657784437));
#7328 = CARTESIAN_POINT('',(3.243989046377,38.601056537928));
#7329 = CARTESIAN_POINT('',(3.231866681085,38.221348143692));
#7330 = CARTESIAN_POINT('',(3.226592546358,38.069964356825));
#7331 = CARTESIAN_POINT('',(3.221134070423,37.927361228768));
#7332 = CARTESIAN_POINT('',(3.215497208426,37.794412616309));
#7333 = CARTESIAN_POINT('',(3.209689071522,37.671980472893));
#7334 = CARTESIAN_POINT('',(3.194139209149,37.382750556396));
#7335 = CARTESIAN_POINT('',(3.184118010784,37.233410128072));
#7336 = CARTESIAN_POINT('',(3.173746098625,37.117816711021));
#7337 = CARTESIAN_POINT('',(3.16312725497,37.039382257347));
#7338 = CARTESIAN_POINT('',(3.152371961048,37.));
#7339 = CARTESIAN_POINT('',(3.14159265359,37.));
#7340 = ( GEOMETRIC_REPRESENTATION_CONTEXT(2) 
PARAMETRIC_REPRESENTATION_CONTEXT() REPRESENTATION_CONTEXT('2D SPACE',''
  ) );
#7341 = PCURVE('',#7342,#7347);
#7342 = CYLINDRICAL_SURFACE('',#7343,9.5);
#7343 = AXIS2_PLACEMENT_3D('',#7344,#7345,#7346);
#7344 = CARTESIAN_POINT('',(-55.,0.,278.5));
#7345 = DIRECTION('',(1.,0.,2.22044604925E-16));
#7346 = DIRECTION('',(2.22044604925E-16,0.,-1.));
#7347 = DEFINITIONAL_REPRESENTATION('',(#7348),#7684);
#7348 = B_SPLINE_CURVE_WITH_KNOTS('',10,(#7349,#7350,#7351,#7352,#7353,
    #7354,#7355,#7356,#7357,#7358,#7359,#7360,#7361,#7362,#7363,#7364,
    #7365,#7366,#7367,#7368,#7369,#7370,#7371,#7372,#7373,#7374,#7375,
    #7376,#7377,#7378,#7379,#7380,#7381,#7382,#7383,#7384,#7385,#7386,
    #7387,#7388,#7389,#7390,#7391,#7392,#7393,#7394,#7395,#7396,#7397,
    #7398,#7399,#7400,#7401,#7402,#7403,#7404,#7405,#7406,#7407,#7408,
    #7409,#7410,#7411,#7412,#7413,#7414,#7415,#7416,#7417,#7418,#7419,
    #7420,#7421,#7422,#7423,#7424,#7425,#7426,#7427,#7428,#7429,#7430,
    #7431,#7432,#7433,#7434,#7435,#7436,#7437,#7438,#7439,#7440,#7441,
    #7442,#7443,#7444,#7445,#7446,#7447,#7448,#7449,#7450,#7451,#7452,
    #7453,#7454,#7455,#7456,#7457,#7458,#7459,#7460,#7461,#7462,#7463,
    #7464,#7465,#7466,#7467,#7468,#7469,#7470,#7471,#7472,#7473,#7474,
    #7475,#7476,#7477,#7478,#7479,#7480,#7481,#7482,#7483,#7484,#7485,
    #7486,#7487,#7488,#7489,#7490,#7491,#7492,#7493,#7494,#7495,#7496,
    #7497,#7498,#7499,#7500,#7501,#7502,#7503,#7504,#7505,#7506,#7507,
    #7508,#7509,#7510,#7511,#7512,#7513,#7514,#7515,#7516,#7517,#7518,
    #7519,#7520,#7521,#7522,#7523,#7524,#7525,#7526,#7527,#7528,#7529,
    #7530,#7531,#7532,#7533,#7534,#7535,#7536,#7537,#7538,#7539,#7540,
    #7541,#7542,#7543,#7544,#7545,#7546,#7547,#7548,#7549,#7550,#7551,
    #7552,#7553,#7554,#7555,#7556,#7557,#7558,#7559,#7560,#7561,#7562,
    #7563,#7564,#7565,#7566,#7567,#7568,#7569,#7570,#7571,#7572,#7573,
    #7574,#7575,#7576,#7577,#7578,#7579,#7580,#7581,#7582,#7583,#7584,
    #7585,#7586,#7587,#7588,#7589,#7590,#7591,#7592,#7593,#7594,#7595,
    #7596,#7597,#7598,#7599,#7600,#7601,#7602,#7603,#7604,#7605,#7606,
    #7607,#7608,#7609,#7610,#7611,#7612,#7613,#7614,#7615,#7616,#7617,
    #7618,#7619,#7620,#7621,#7622,#7623,#7624,#7625,#7626,#7627,#7628,
    #7629,#7630,#7631,#7632,#7633,#7634,#7635,#7636,#7637,#7638,#7639,
    #7640,#7641,#7642,#7643,#7644,#7645,#7646,#7647,#7648,#7649,#7650,
    #7651,#7652,#7653,#7654,#7655,#7656,#7657,#7658,#7659,#7660,#7661,
    #7662,#7663,#7664,#7665,#7666,#7667,#7668,#7669,#7670,#7671,#7672,
    #7673,#7674,#7675,#7676,#7677,#7678,#7679,#7680,#7681,#7682,#7683),
  .UNSPECIFIED.,.F.,.F.,(11,9,9,9,9,9,9,9,9,9,9,9,9,9,9,9,9,9,9,9,9,9,9,
    9,9,9,9,9,9,9,9,9,9,9,9,9,9,11),(0.,3.125E-02,4.638671875E-02,
    7.618713378906E-02,0.105056285858,0.133023276925,0.160116299521,
    0.212609030801,0.237214998589,0.261052029883,0.307236278015,
    0.350534010639,0.391125634974,0.410152958881,0.419369318899,
    0.428441673291,0.46416406871,0.472536505137,0.489019739351,
    0.497003805924,0.512722436989,0.527949860833,0.542701427682,
    0.571282588452,0.584680007562,0.61063750709,0.634972662897,
    0.680601080035,0.72052594503,0.755460201901,0.816595151426,
    0.86244636357,0.879640568123,0.909730426093,0.932297819569,
    0.949223364677,0.955570444092,1.),.UNSPECIFIED.);
#7349 = CARTESIAN_POINT('',(1.869849304632E-16,3.2));
#7350 = CARTESIAN_POINT('',(2.395788613706E-02,3.2));
#7351 = CARTESIAN_POINT('',(4.78955935026E-02,3.201111039652));
#7352 = CARTESIAN_POINT('',(7.179955067507E-02,3.203330224791));
#7353 = CARTESIAN_POINT('',(9.56562233939E-02,3.206646649374));
#7354 = CARTESIAN_POINT('',(0.119452012664,3.211041739494));
#7355 = CARTESIAN_POINT('',(0.143173152858,3.216489597395));
#7356 = CARTESIAN_POINT('',(0.166805609824,3.222957345484));
#7357 = CARTESIAN_POINT('',(0.190334978987,3.230405470348));
#7358 = CARTESIAN_POINT('',(0.213746383453,3.238788166767));
#7359 = CARTESIAN_POINT('',(0.248299647872,3.252541665534));
#7360 = CARTESIAN_POINT('',(0.259544089862,3.257237060923));
#7361 = CARTESIAN_POINT('',(0.270753186453,3.262132461971));
#7362 = CARTESIAN_POINT('',(0.281931221287,3.267225118544));
#7363 = CARTESIAN_POINT('',(0.293071558516,3.272505860545));
#7364 = CARTESIAN_POINT('',(0.304169773051,3.277966502094));
#7365 = CARTESIAN_POINT('',(0.315229704426,3.283603267662));
#7366 = CARTESIAN_POINT('',(0.326251771824,3.289410240537));
#7367 = CARTESIAN_POINT('',(0.337222146842,3.295373292315));
#7368 = CARTESIAN_POINT('',(0.369666109328,3.313536455519));
#7369 = CARTESIAN_POINT('',(0.391022296225,3.326184415363));
#7370 = CARTESIAN_POINT('',(0.412217461275,3.339386155502));
#7371 = CARTESIAN_POINT('',(0.433255784258,3.353096987726));
#7372 = CARTESIAN_POINT('',(0.454133224494,3.367265686716));
#7373 = CARTESIAN_POINT('',(0.474847434481,3.381842582237));
#7374 = CARTESIAN_POINT('',(0.495401885729,3.396783066603));
#7375 = CARTESIAN_POINT('',(0.515796687204,3.412040553469));
#7376 = CARTESIAN_POINT('',(0.53602089777,3.427560620471));
#7377 = CARTESIAN_POINT('',(0.575519057337,3.458558872951));
#7378 = CARTESIAN_POINT('',(0.594802814579,3.474023109323));
#7379 = CARTESIAN_POINT('',(0.613938587106,3.489661110446));
#7380 = CARTESIAN_POINT('',(0.632930088052,3.505436854429));
#7381 = CARTESIAN_POINT('',(0.651780895321,3.52131566444));
#7382 = CARTESIAN_POINT('',(0.670494463586,3.537264212385));
#7383 = CARTESIAN_POINT('',(0.689074136286,3.553250522598));
#7384 = CARTESIAN_POINT('',(0.707523157629,3.569243975526));
#7385 = CARTESIAN_POINT('',(0.725844684592,3.58521531141));
#7386 = CARTESIAN_POINT('',(0.76167025343,3.616560415213));
#7387 = CARTESIAN_POINT('',(0.779181416159,3.631936800661));
#7388 = CARTESIAN_POINT('',(0.796582344866,3.647244127999));
#7389 = CARTESIAN_POINT('',(0.813862497159,3.662446676433));
#7390 = CARTESIAN_POINT('',(0.831041242995,3.677536181531));
#7391 = CARTESIAN_POINT('',(0.848121074266,3.692490649069));
#7392 = CARTESIAN_POINT('',(0.865096969083,3.707282705705));
#7393 = CARTESIAN_POINT('',(0.881979624451,3.721899977906));
#7394 = CARTESIAN_POINT('',(0.898769591765,3.736322066129));
#7395 = CARTESIAN_POINT('',(0.93164996749,3.764299012502));
#7396 = CARTESIAN_POINT('',(0.947745551387,3.777866653413));
#7397 = CARTESIAN_POINT('',(0.963761709741,3.791221096808));
#7398 = CARTESIAN_POINT('',(0.979699835097,3.80434654927));
#7399 = CARTESIAN_POINT('',(0.995562628044,3.817229135965));
#7400 = CARTESIAN_POINT('',(1.011354436667,3.829857099923));
#7401 = CARTESIAN_POINT('',(1.027079651968,3.842219426028));
#7402 = CARTESIAN_POINT('',(1.042741014349,3.854304422679));
#7403 = CARTESIAN_POINT('',(1.058339686232,3.86609979403));
#7404 = CARTESIAN_POINT('',(1.103986261571,3.899869122906));
#7405 = CARTESIAN_POINT('',(1.133870150937,3.921018024814));
#7406 = CARTESIAN_POINT('',(1.163549130013,3.940966639154));
#7407 = CARTESIAN_POINT('',(1.193041115404,3.959647799591));
#7408 = CARTESIAN_POINT('',(1.22236351385,3.97700244073));
#7409 = CARTESIAN_POINT('',(1.251533311755,3.992979063041));
#7410 = CARTESIAN_POINT('',(1.280567164708,4.007533197795));
#7411 = CARTESIAN_POINT('',(1.309481487006,4.020626871988));
#7412 = CARTESIAN_POINT('',(1.338292541184,4.032228073274));
#7413 = CARTESIAN_POINT('',(1.380480896133,4.047036218777));
#7414 = CARTESIAN_POINT('',(1.393926131053,4.051428459935));
#7415 = CARTESIAN_POINT('',(1.407353898432,4.055484220133));
#7416 = CARTESIAN_POINT('',(1.420765859803,4.059201051613));
#7417 = CARTESIAN_POINT('',(1.434163673972,4.062576770836));
#7418 = CARTESIAN_POINT('',(1.447548998904,4.065609452222));
#7419 = CARTESIAN_POINT('',(1.460923493608,4.068297421882));
#7420 = CARTESIAN_POINT('',(1.474288820016,4.070639251364));
#7421 = CARTESIAN_POINT('',(1.487646644872,4.072633751386));
#7422 = CARTESIAN_POINT('',(1.51393338845,4.075874735578));
#7423 = CARTESIAN_POINT('',(1.526862749889,4.077142665857));
#7424 = CARTESIAN_POINT('',(1.539788043771,4.078082777744));
#7425 = CARTESIAN_POINT('',(1.552710249301,4.078694666464));
#7426 = CARTESIAN_POINT('',(1.565632921133,4.078977687767));
#7427 = CARTESIAN_POINT('',(1.578557352998,4.078931407401));
#7428 = CARTESIAN_POINT('',(1.591481537375,4.078555964883));
#7429 = CARTESIAN_POINT('',(1.60440523943,4.077851850397));
#7430 = CARTESIAN_POINT('',(1.617334275255,4.076819440976));
#7431 = CARTESIAN_POINT('',(1.655326669235,4.072824583572));
#7432 = CARTESIAN_POINT('',(1.680404008861,4.068960075697));
#7433 = CARTESIAN_POINT('',(1.705510456166,4.063871298993));
#7434 = CARTESIAN_POINT('',(1.730656556584,4.057566516851));
#7435 = CARTESIAN_POINT('',(1.755852857907,4.050057077481));
#7436 = CARTESIAN_POINT('',(1.781109948309,4.041357568453));
#7437 = CARTESIAN_POINT('',(1.806438494378,4.031485971229));
#7438 = CARTESIAN_POINT('',(1.831849279142,4.0204638157));
#7439 = CARTESIAN_POINT('',(1.857353240096,4.00831633472));
#7440 = CARTESIAN_POINT('',(1.906969257664,3.982656634816));
#7441 = CARTESIAN_POINT('',(1.9310684349,3.969277370024));
#7442 = CARTESIAN_POINT('',(1.95526937643,3.954958063775));
#7443 = CARTESIAN_POINT('',(1.97957996281,3.939726766428));
#7444 = CARTESIAN_POINT('',(2.004009226933,3.923614228152));
#7445 = CARTESIAN_POINT('',(2.02856812932,3.906653486901));
#7446 = CARTESIAN_POINT('',(2.053268699501,3.888880504177));
#7447 = CARTESIAN_POINT('',(2.078122743561,3.870335197323));
#7448 = CARTESIAN_POINT('',(2.103141317925,3.851062217121));
#7449 = CARTESIAN_POINT('',(2.15195634277,3.812406384103));
#7450 = CARTESIAN_POINT('',(2.175731937073,3.793105230653));
#7451 = CARTESIAN_POINT('',(2.199668789625,3.773251225988));
#7452 = CARTESIAN_POINT('',(2.223789586376,3.752877085912));
#7453 = CARTESIAN_POINT('',(2.248081257796,3.732051031337));
#7454 = CARTESIAN_POINT('',(2.272572459516,3.71080889898));
#7455 = CARTESIAN_POINT('',(2.297280708364,3.689200832844));
#7456 = CARTESIAN_POINT('',(2.322182769766,3.667317765378));
#7457 = CARTESIAN_POINT('',(2.34732542048,3.645194574985));
#7458 = CARTESIAN_POINT('',(2.384604235318,3.612470097159));
#7459 = CARTESIAN_POINT('',(2.396554362562,3.601991387723));
#7460 = CARTESIAN_POINT('',(2.408557982095,3.591485570315));
#7461 = CARTESIAN_POINT('',(2.420615967557,3.580960522283));
#7462 = CARTESIAN_POINT('',(2.432729208059,3.570424378696));
#7463 = CARTESIAN_POINT('',(2.444898609162,3.559885531884));
#7464 = CARTESIAN_POINT('',(2.457125093849,3.54935263099));
#7465 = CARTESIAN_POINT('',(2.469409603506,3.538834581507));
#7466 = CARTESIAN_POINT('',(2.481753098895,3.528340544831));
#7467 = CARTESIAN_POINT('',(2.500164488152,3.512813081272));
#7468 = CARTESIAN_POINT('',(2.506186484589,3.507754067977));
#7469 = CARTESIAN_POINT('',(2.512222662007,3.502703968081));
#7470 = CARTESIAN_POINT('',(2.518273133115,3.497663865809));
#7471 = CARTESIAN_POINT('',(2.524338011819,3.492634859437));
#7472 = CARTESIAN_POINT('',(2.530417413268,3.487618061274));
#7473 = CARTESIAN_POINT('',(2.536511453902,3.482614597658));
#7474 = CARTESIAN_POINT('',(2.542620251505,3.477625608938));
#7475 = CARTESIAN_POINT('',(2.548743925248,3.472652249464));
#7476 = CARTESIAN_POINT('',(2.560925349511,3.462816571963));
#7477 = CARTESIAN_POINT('',(2.56698286988,3.457953550848));
#7478 = CARTESIAN_POINT('',(2.573053879447,3.453108820532));
#7479 = CARTESIAN_POINT('',(2.579141499189,3.448281170146));
#7480 = CARTESIAN_POINT('',(2.585243808017,3.443473334955));
#7481 = CARTESIAN_POINT('',(2.591359097942,3.438687885168));
#7482 = CARTESIAN_POINT('',(2.597489625176,3.433924310979));
#7483 = CARTESIAN_POINT('',(2.603638210533,3.429181701418));
#7484 = CARTESIAN_POINT('',(2.609802595572,3.424463151488));
#7485 = CARTESIAN_POINT('',(2.640318411346,3.401289574925));
#7486 = CARTESIAN_POINT('',(2.664902565635,3.383199475827));
#7487 = CARTESIAN_POINT('',(2.689727913234,3.365585200527));
#7488 = CARTESIAN_POINT('',(2.714787665941,3.348533478866));
#7489 = CARTESIAN_POINT('',(2.740075779622,3.332131292243));
#7490 = CARTESIAN_POINT('',(2.765586922886,3.316465124249));
#7491 = CARTESIAN_POINT('',(2.791316445765,3.301620211309));
#7492 = CARTESIAN_POINT('',(2.817260348387,3.287679793318));
#7493 = CARTESIAN_POINT('',(2.843415249656,3.274724364283));
#7494 = CARTESIAN_POINT('',(2.875957208959,3.260043397648));
#7495 = CARTESIAN_POINT('',(2.882147620264,3.257314167352));
#7496 = CARTESIAN_POINT('',(2.888349094106,3.254644386965));
#7497 = CARTESIAN_POINT('',(2.894561966124,3.25203489898));
#7498 = CARTESIAN_POINT('',(2.900786587895,3.249486536387));
#7499 = CARTESIAN_POINT('',(2.90702285874,3.247000292342));
#7500 = CARTESIAN_POINT('',(2.913270104759,3.24457735662));
#7501 = CARTESIAN_POINT('',(2.919527305103,3.242219018829));
#7502 = CARTESIAN_POINT('',(2.925793665474,3.239926438409));
#7503 = CARTESIAN_POINT('',(2.944425164591,3.233317534793));
#7504 = CARTESIAN_POINT('',(2.956816892106,3.229192560662));
#7505 = CARTESIAN_POINT('',(2.969241983185,3.225332641714));
#7506 = CARTESIAN_POINT('',(2.98169774777,3.221744521146));
#7507 = CARTESIAN_POINT('',(2.994181538745,3.218434387972));
#7508 = CARTESIAN_POINT('',(3.006690746723,3.21540786235));
#7509 = CARTESIAN_POINT('',(3.019222794824,3.212669980914));
#7510 = CARTESIAN_POINT('',(3.031775133461,3.210225182096));
#7511 = CARTESIAN_POINT('',(3.044345235117,3.208077291459));
#7512 = CARTESIAN_POINT('',(3.063026619985,3.205334486438));
#7513 = CARTESIAN_POINT('',(3.069126229327,3.204509876511));
#7514 = CARTESIAN_POINT('',(3.075229131831,3.203756040677));
#7515 = CARTESIAN_POINT('',(3.081335043095,3.203073307829));
#7516 = CARTESIAN_POINT('',(3.087443679502,3.20246197192));
#7517 = CARTESIAN_POINT('',(3.093554758077,3.201922291581));
#7518 = CARTESIAN_POINT('',(3.099667996349,3.201454489725));
#7519 = CARTESIAN_POINT('',(3.105783112204,3.201058753154));
#7520 = CARTESIAN_POINT('',(3.11189982375,3.200735232172));
#7521 = CARTESIAN_POINT('',(3.130062711716,3.199989505982));
#7522 = CARTESIAN_POINT('',(3.142111639076,3.199775322502));
#7523 = CARTESIAN_POINT('',(3.154169963905,3.199842266782));
#7524 = CARTESIAN_POINT('',(3.166217717485,3.200191133446));
#7525 = CARTESIAN_POINT('',(3.178260118235,3.200820676262));
#7526 = CARTESIAN_POINT('',(3.190299101721,3.20173006556));
#7527 = CARTESIAN_POINT('',(3.202328004244,3.20291815107));
#7528 = CARTESIAN_POINT('',(3.214344626345,3.204382302255));
#7529 = CARTESIAN_POINT('',(3.226348541257,3.206120192237));
#7530 = CARTESIAN_POINT('',(3.249950182534,3.210074238971));
#7531 = CARTESIAN_POINT('',(3.261549018525,3.212273762911));
#7532 = CARTESIAN_POINT('',(3.273131196578,3.214724317002));
#7533 = CARTESIAN_POINT('',(3.284694714263,3.217422598732));
#7534 = CARTESIAN_POINT('',(3.296237551118,3.220364864682));
#7535 = CARTESIAN_POINT('',(3.307757665146,3.223546940389));
#7536 = CARTESIAN_POINT('',(3.319252989311,3.22696423021));
#7537 = CARTESIAN_POINT('',(3.330721428037,3.230611727181));
#7538 = CARTESIAN_POINT('',(3.342160853699,3.234484022885));
#7539 = CARTESIAN_POINT('',(3.364620844754,3.242538758778));
#7540 = CARTESIAN_POINT('',(3.375642515539,3.246707410526));
#7541 = CARTESIAN_POINT('',(3.386638422423,3.251078400045));
#7542 = CARTESIAN_POINT('',(3.39758954962,3.255639753342));
#7543 = CARTESIAN_POINT('',(3.40850711953,3.260389996583));
#7544 = CARTESIAN_POINT('',(3.419392861563,3.265324716803));
#7545 = CARTESIAN_POINT('',(3.430240078087,3.270436284944));
#7546 = CARTESIAN_POINT('',(3.441052200695,3.275720120093));
#7547 = CARTESIAN_POINT('',(3.451828311085,3.281170586264));
#7548 = CARTESIAN_POINT('',(3.483376320276,3.297653710468));
#7549 = CARTESIAN_POINT('',(3.50404824014,3.30912932184));
#7550 = CARTESIAN_POINT('',(3.524581975354,3.321167191689));
#7551 = CARTESIAN_POINT('',(3.544975430915,3.333724728629));
#7552 = CARTESIAN_POINT('',(3.565226248645,3.346758500572));
#7553 = CARTESIAN_POINT('',(3.585331795878,3.360224480414));
#7554 = CARTESIAN_POINT('',(3.605289154158,3.374078291709));
#7555 = CARTESIAN_POINT('',(3.625095107927,3.388275454349));
#7556 = CARTESIAN_POINT('',(3.644746133217,3.402771630245));
#7557 = CARTESIAN_POINT('',(3.673375379994,3.424437512165));
#7558 = CARTESIAN_POINT('',(3.682477578086,3.431408262625));
#7559 = CARTESIAN_POINT('',(3.691545198415,3.438431134178));
#7560 = CARTESIAN_POINT('',(3.700570261627,3.445495542217));
#7561 = CARTESIAN_POINT('',(3.709572963446,3.452613237714));
#7562 = CARTESIAN_POINT('',(3.718544327395,3.459773262092));
#7563 = CARTESIAN_POINT('',(3.727474384546,3.466963849637));
#7564 = CARTESIAN_POINT('',(3.736380706905,3.474194822654));
#7565 = CARTESIAN_POINT('',(3.745252905836,3.481454293692));
#7566 = CARTESIAN_POINT('',(3.771225665883,3.502860194065));
#7567 = CARTESIAN_POINT('',(3.788240851765,3.517081483522));
#7568 = CARTESIAN_POINT('',(3.805142854345,3.531380099379));
#7569 = CARTESIAN_POINT('',(3.821934195762,3.545731746066));
#7570 = CARTESIAN_POINT('',(3.838617325181,3.560113012293));
#7571 = CARTESIAN_POINT('',(3.855194623901,3.574501373199));
#7572 = CARTESIAN_POINT('',(3.871668410459,3.588875192501));
#7573 = CARTESIAN_POINT('',(3.888040945733,3.603213724641));
#7574 = CARTESIAN_POINT('',(3.904314438042,3.617497116934));
#7575 = CARTESIAN_POINT('',(3.935656620332,3.645027625575));
#7576 = CARTESIAN_POINT('',(3.95073717098,3.65828382286));
#7577 = CARTESIAN_POINT('',(3.96573260806,3.671457786913));
#7578 = CARTESIAN_POINT('',(3.980650996196,3.68454004888));
#7579 = CARTESIAN_POINT('',(3.995493245035,3.69751561216));
#7580 = CARTESIAN_POINT('',(4.010258882865,3.710368950434));
#7581 = CARTESIAN_POINT('',(4.02495146404,3.72308867156));
#7582 = CARTESIAN_POINT('',(4.039575531053,3.735664846514));
#7583 = CARTESIAN_POINT('',(4.054130424438,3.748083609549));
#7584 = CARTESIAN_POINT('',(4.095786821592,3.783307054843));
#7585 = CARTESIAN_POINT('',(4.12272148133,3.80569002224));
#7586 = CARTESIAN_POINT('',(4.149446433003,3.827419535868));
#7587 = CARTESIAN_POINT('',(4.175938145316,3.848400308052));
#7588 = CARTESIAN_POINT('',(4.20229954063,3.868647523108));
#7589 = CARTESIAN_POINT('',(4.228438935534,3.88801869296));
#7590 = CARTESIAN_POINT('',(4.254443290236,3.906529601518));
#7591 = CARTESIAN_POINT('',(4.280288831695,3.924104817015));
#7592 = CARTESIAN_POINT('',(4.305997998411,3.940714543233));
#7593 = CARTESIAN_POINT('',(4.353964407283,3.969977621442));
#7594 = CARTESIAN_POINT('',(4.376251559677,3.982866097293));
#7595 = CARTESIAN_POINT('',(4.398449094746,3.994963245358));
#7596 = CARTESIAN_POINT('',(4.420564442865,4.006247786735));
#7597 = CARTESIAN_POINT('',(4.44260492999,4.016700751972));
#7598 = CARTESIAN_POINT('',(4.46457779729,4.02630536895));
#7599 = CARTESIAN_POINT('',(4.486490220773,4.035046950759));
#7600 = CARTESIAN_POINT('',(4.508349330912,4.042912783583));
#7601 = CARTESIAN_POINT('',(4.530162232278,4.049892014576));
#7602 = CARTESIAN_POINT('',(4.570988090195,4.061298624263));
#7603 = CARTESIAN_POINT('',(4.590010733197,4.065935932377));
#7604 = CARTESIAN_POINT('',(4.609005618638,4.069881451509));
#7605 = CARTESIAN_POINT('',(4.627984314762,4.0731300499));
#7606 = CARTESIAN_POINT('',(4.64694633486,4.075677732633));
#7607 = CARTESIAN_POINT('',(4.665893160502,4.07752156987));
#7608 = CARTESIAN_POINT('',(4.684835807134,4.078659481963));
#7609 = CARTESIAN_POINT('',(4.703783177608,4.079090115912));
#7610 = CARTESIAN_POINT('',(4.722728132337,4.078813097457));
#7611 = CARTESIAN_POINT('',(4.774839960195,4.076109559861));
#7612 = CARTESIAN_POINT('',(4.808016608551,4.072226363274));
#7613 = CARTESIAN_POINT('',(4.841232503324,4.066187140786));
#7614 = CARTESIAN_POINT('',(4.874512107597,4.058007256157));
#7615 = CARTESIAN_POINT('',(4.907879838651,4.047711355024));
#7616 = CARTESIAN_POINT('',(4.941360229409,4.035334020681));
#7617 = CARTESIAN_POINT('',(4.974978089887,4.02092042987));
#7618 = CARTESIAN_POINT('',(5.008758668638,4.00452700856));
#7619 = CARTESIAN_POINT('',(5.042727814202,3.986222087741));
#7620 = CARTESIAN_POINT('',(5.102550378312,3.950984912795));
#7621 = CARTESIAN_POINT('',(5.128309947343,3.934853419754));
#7622 = CARTESIAN_POINT('',(5.154200865967,3.917727340805));
#7623 = CARTESIAN_POINT('',(5.180235689494,3.899644475184));
#7624 = CARTESIAN_POINT('',(5.206428143831,3.880646283779));
#7625 = CARTESIAN_POINT('',(5.232792210249,3.860778814612));
#7626 = CARTESIAN_POINT('',(5.259341657336,3.840093430649));
#7627 = CARTESIAN_POINT('',(5.286090020106,3.81864733995));
#7628 = CARTESIAN_POINT('',(5.313051026292,3.796503928153));
#7629 = CARTESIAN_POINT('',(5.350435136119,3.76519375521));
#7630 = CARTESIAN_POINT('',(5.360662769484,3.756566363397));
#7631 = CARTESIAN_POINT('',(5.370923128453,3.7478544018));
#7632 = CARTESIAN_POINT('',(5.381216977728,3.739061685339));
#7633 = CARTESIAN_POINT('',(5.391545088974,3.730192163492));
#7634 = CARTESIAN_POINT('',(5.401908241625,3.721249923895));
#7635 = CARTESIAN_POINT('',(5.412307223699,3.71223919593));
#7636 = CARTESIAN_POINT('',(5.422742832609,3.703164354329));
#7637 = CARTESIAN_POINT('',(5.433215875977,3.694029922763));
#7638 = CARTESIAN_POINT('',(5.462121941248,3.668759223125));
#7639 = CARTESIAN_POINT('',(5.480634223393,3.652509387433));
#7640 = CARTESIAN_POINT('',(5.499266328407,3.63611785337));
#7641 = CARTESIAN_POINT('',(5.518022589386,3.619611668109));
#7642 = CARTESIAN_POINT('',(5.536933521857,3.602995288558));
#7643 = CARTESIAN_POINT('',(5.555946721812,3.58634904807));
#7644 = CARTESIAN_POINT('',(5.575123746879,3.569654067775));
#7645 = CARTESIAN_POINT('',(5.594431018653,3.552977015854));
#7646 = CARTESIAN_POINT('',(5.613887259459,3.536340293799));
#7647 = CARTESIAN_POINT('',(5.648197024918,3.507366994872));
#7648 = CARTESIAN_POINT('',(5.662985680738,3.494994800245));
#7649 = CARTESIAN_POINT('',(5.677858799714,3.48268444584));
#7650 = CARTESIAN_POINT('',(5.692821954959,3.470449175339));
#7651 = CARTESIAN_POINT('',(5.707873488989,3.458308226912));
#7652 = CARTESIAN_POINT('',(5.723013399967,3.446280108063));
#7653 = CARTESIAN_POINT('',(5.738247760438,3.434379298568));
#7654 = CARTESIAN_POINT('',(5.753580961401,3.42262215212));
#7655 = CARTESIAN_POINT('',(5.769006532286,3.411033727128));
#7656 = CARTESIAN_POINT('',(5.796165154807,3.391082869306));
#7657 = CARTESIAN_POINT('',(5.807857129295,3.382638303337));
#7658 = CARTESIAN_POINT('',(5.819601438902,3.374308255453));
#7659 = CARTESIAN_POINT('',(5.831397883192,3.366101497725));
#7660 = CARTESIAN_POINT('',(5.843246290979,3.358026843975));
#7661 = CARTESIAN_POINT('',(5.855146520296,3.350093135856));
#7662 = CARTESIAN_POINT('',(5.86709845837,3.342309228947));
#7663 = CARTESIAN_POINT('',(5.879102021583,3.33468397884));
#7664 = CARTESIAN_POINT('',(5.891157155452,3.32722622723));
#7665 = CARTESIAN_POINT('',(5.907803839269,3.317214248293));
#7666 = CARTESIAN_POINT('',(5.912350928293,3.314508593451));
#7667 = CARTESIAN_POINT('',(5.916905582198,3.311828020683));
#7668 = CARTESIAN_POINT('',(5.921467583173,3.309173116195));
#7669 = CARTESIAN_POINT('',(5.926036595502,3.306544529906));
#7670 = CARTESIAN_POINT('',(5.93061251767,3.303942779154));
#7671 = CARTESIAN_POINT('',(5.935195606149,3.301368181396));
#7672 = CARTESIAN_POINT('',(5.939786370845,3.298820915895));
#7673 = CARTESIAN_POINT('',(5.94438524222,3.296301214405));
#7674 = CARTESIAN_POINT('',(5.9812393852,3.276368945905));
#7675 = CARTESIAN_POINT('',(6.01386926584,3.260310667202));
#7676 = CARTESIAN_POINT('',(6.046831143,3.245824466079));
#7677 = CARTESIAN_POINT('',(6.080077931796,3.2330837739));
#7678 = CARTESIAN_POINT('',(6.113565369333,3.222241358427));
#7679 = CARTESIAN_POINT('',(6.147251415182,3.213425611271));
#7680 = CARTESIAN_POINT('',(6.181095654494,3.206737596411));
#7681 = CARTESIAN_POINT('',(6.215058703732,3.202248859792));
#7682 = CARTESIAN_POINT('',(6.24910161903,3.2));
#7683 = CARTESIAN_POINT('',(6.28318530718,3.2));
#7684 = ( GEOMETRIC_REPRESENTATION_CONTEXT(2) 
PARAMETRIC_REPRESENTATION_CONTEXT() REPRESENTATION_CONTEXT('2D SPACE',''
  ) );
#7685 = ADVANCED_FACE('',(#7686),#7342,.T.);
#7686 = FACE_BOUND('',#7687,.T.);
#7687 = EDGE_LOOP('',(#7688,#7711,#7738,#7739));
#7688 = ORIENTED_EDGE('',*,*,#7689,.T.);
#7689 = EDGE_CURVE('',#7129,#7690,#7692,.T.);
#7690 = VERTEX_POINT('',#7691);
#7691 = CARTESIAN_POINT('',(-49.87223676555,-2.32682891838E-15,269.));
#7692 = SEAM_CURVE('',#7693,(#7697,#7704),.PCURVE_S1.);
#7693 = LINE('',#7694,#7695);
#7694 = CARTESIAN_POINT('',(-55.,-2.32682891838E-15,269.));
#7695 = VECTOR('',#7696,1.);
#7696 = DIRECTION('',(1.,0.,2.22044604925E-16));
#7697 = PCURVE('',#7342,#7698);
#7698 = DEFINITIONAL_REPRESENTATION('',(#7699),#7703);
#7699 = LINE('',#7700,#7701);
#7700 = CARTESIAN_POINT('',(6.28318530718,-0.));
#7701 = VECTOR('',#7702,1.);
#7702 = DIRECTION('',(0.,1.));
#7703 = ( GEOMETRIC_REPRESENTATION_CONTEXT(2) 
PARAMETRIC_REPRESENTATION_CONTEXT() REPRESENTATION_CONTEXT('2D SPACE',''
  ) );
#7704 = PCURVE('',#7342,#7705);
#7705 = DEFINITIONAL_REPRESENTATION('',(#7706),#7710);
#7706 = LINE('',#7707,#7708);
#7707 = CARTESIAN_POINT('',(0.,-0.));
#7708 = VECTOR('',#7709,1.);
#7709 = DIRECTION('',(0.,1.));
#7710 = ( GEOMETRIC_REPRESENTATION_CONTEXT(2) 
PARAMETRIC_REPRESENTATION_CONTEXT() REPRESENTATION_CONTEXT('2D SPACE',''
  ) );
#7711 = ORIENTED_EDGE('',*,*,#7712,.F.);
#7712 = EDGE_CURVE('',#7690,#7690,#7713,.T.);
#7713 = SURFACE_CURVE('',#7714,(#7719,#7726),.PCURVE_S1.);
#7714 = CIRCLE('',#7715,9.5);
#7715 = AXIS2_PLACEMENT_3D('',#7716,#7717,#7718);
#7716 = CARTESIAN_POINT('',(-49.87223676555,0.,278.5));
#7717 = DIRECTION('',(1.,0.,2.22044604925E-16));
#7718 = DIRECTION('',(2.22044604925E-16,0.,-1.));
#7719 = PCURVE('',#7342,#7720);
#7720 = DEFINITIONAL_REPRESENTATION('',(#7721),#7725);
#7721 = LINE('',#7722,#7723);
#7722 = CARTESIAN_POINT('',(0.,5.127763234441));
#7723 = VECTOR('',#7724,1.);
#7724 = DIRECTION('',(1.,0.));
#7725 = ( GEOMETRIC_REPRESENTATION_CONTEXT(2) 
PARAMETRIC_REPRESENTATION_CONTEXT() REPRESENTATION_CONTEXT('2D SPACE',''
  ) );
#7726 = PCURVE('',#7727,#7732);
#7727 = PLANE('',#7728);
#7728 = AXIS2_PLACEMENT_3D('',#7729,#7730,#7731);
#7729 = CARTESIAN_POINT('',(-49.87223676555,0.,278.5));
#7730 = DIRECTION('',(1.,0.,2.22044604925E-16));
#7731 = DIRECTION('',(2.22044604925E-16,0.,-1.));
#7732 = DEFINITIONAL_REPRESENTATION('',(#7733),#7737);
#7733 = CIRCLE('',#7734,9.5);
#7734 = AXIS2_PLACEMENT_2D('',#7735,#7736);
#7735 = CARTESIAN_POINT('',(0.,0.));
#7736 = DIRECTION('',(1.,0.));
#7737 = ( GEOMETRIC_REPRESENTATION_CONTEXT(2) 
PARAMETRIC_REPRESENTATION_CONTEXT() REPRESENTATION_CONTEXT('2D SPACE',''
  ) );
#7738 = ORIENTED_EDGE('',*,*,#7689,.F.);
#7739 = ORIENTED_EDGE('',*,*,#7128,.T.);
#7740 = ADVANCED_FACE('',(#7741,#7776),#7727,.F.);
#7741 = FACE_BOUND('',#7742,.F.);
#7742 = EDGE_LOOP('',(#7743));
#7743 = ORIENTED_EDGE('',*,*,#7744,.F.);
#7744 = EDGE_CURVE('',#7745,#7745,#7747,.T.);
#7745 = VERTEX_POINT('',#7746);
#7746 = CARTESIAN_POINT('',(-49.87223676555,-3.429011037613E-15,264.5));
#7747 = SURFACE_CURVE('',#7748,(#7753,#7764),.PCURVE_S1.);
#7748 = CIRCLE('',#7749,14.);
#7749 = AXIS2_PLACEMENT_3D('',#7750,#7751,#7752);
#7750 = CARTESIAN_POINT('',(-49.87223676555,-4.130029651606E-14,278.5));
#7751 = DIRECTION('',(-1.,0.,0.));
#7752 = DIRECTION('',(0.,2.705091819889E-15,-1.));
#7753 = PCURVE('',#7727,#7754);
#7754 = DEFINITIONAL_REPRESENTATION('',(#7755),#7763);
#7755 = ( BOUNDED_CURVE() B_SPLINE_CURVE(2,(#7756,#7757,#7758,#7759,
#7760,#7761,#7762),.UNSPECIFIED.,.T.,.F.) B_SPLINE_CURVE_WITH_KNOTS((1,2
    ,2,2,2,1),(-2.094395102393,0.,2.094395102393,4.188790204786,
6.28318530718,8.377580409573),.UNSPECIFIED.) CURVE() 
GEOMETRIC_REPRESENTATION_ITEM() RATIONAL_B_SPLINE_CURVE((1.,0.5,1.,0.5,
1.,0.5,1.)) REPRESENTATION_ITEM('') );
#7756 = CARTESIAN_POINT('',(14.,-3.429011037613E-15));
#7757 = CARTESIAN_POINT('',(14.,-24.24871130596));
#7758 = CARTESIAN_POINT('',(-7.,-12.12435565298));
#7759 = CARTESIAN_POINT('',(-28.,-1.204718785106E-13));
#7760 = CARTESIAN_POINT('',(-7.,12.124355652982));
#7761 = CARTESIAN_POINT('',(14.,24.248711305964));
#7762 = CARTESIAN_POINT('',(14.,-3.429011037613E-15));
#7763 = ( GEOMETRIC_REPRESENTATION_CONTEXT(2) 
PARAMETRIC_REPRESENTATION_CONTEXT() REPRESENTATION_CONTEXT('2D SPACE',''
  ) );
#7764 = PCURVE('',#7765,#7770);
#7765 = CYLINDRICAL_SURFACE('',#7766,14.);
#7766 = AXIS2_PLACEMENT_3D('',#7767,#7768,#7769);
#7767 = CARTESIAN_POINT('',(-49.87223676555,0.,278.5));
#7768 = DIRECTION('',(1.,0.,2.22044604925E-16));
#7769 = DIRECTION('',(2.22044604925E-16,0.,-1.));
#7770 = DEFINITIONAL_REPRESENTATION('',(#7771),#7775);
#7771 = LINE('',#7772,#7773);
#7772 = CARTESIAN_POINT('',(6.28318530718,0.));
#7773 = VECTOR('',#7774,1.);
#7774 = DIRECTION('',(-1.,-0.));
#7775 = ( GEOMETRIC_REPRESENTATION_CONTEXT(2) 
PARAMETRIC_REPRESENTATION_CONTEXT() REPRESENTATION_CONTEXT('2D SPACE',''
  ) );
#7776 = FACE_BOUND('',#7777,.F.);
#7777 = EDGE_LOOP('',(#7778));
#7778 = ORIENTED_EDGE('',*,*,#7712,.F.);
#7779 = ADVANCED_FACE('',(#7780),#7765,.T.);
#7780 = FACE_BOUND('',#7781,.T.);
#7781 = EDGE_LOOP('',(#7782,#7805,#7832,#7833));
#7782 = ORIENTED_EDGE('',*,*,#7783,.T.);
#7783 = EDGE_CURVE('',#7745,#7784,#7786,.T.);
#7784 = VERTEX_POINT('',#7785);
#7785 = CARTESIAN_POINT('',(-44.87223676555,-3.429011037613E-15,264.5));
#7786 = SEAM_CURVE('',#7787,(#7791,#7798),.PCURVE_S1.);
#7787 = LINE('',#7788,#7789);
#7788 = CARTESIAN_POINT('',(-49.87223676555,-3.429011037613E-15,264.5));
#7789 = VECTOR('',#7790,1.);
#7790 = DIRECTION('',(1.,0.,2.22044604925E-16));
#7791 = PCURVE('',#7765,#7792);
#7792 = DEFINITIONAL_REPRESENTATION('',(#7793),#7797);
#7793 = LINE('',#7794,#7795);
#7794 = CARTESIAN_POINT('',(6.28318530718,-0.));
#7795 = VECTOR('',#7796,1.);
#7796 = DIRECTION('',(0.,1.));
#7797 = ( GEOMETRIC_REPRESENTATION_CONTEXT(2) 
PARAMETRIC_REPRESENTATION_CONTEXT() REPRESENTATION_CONTEXT('2D SPACE',''
  ) );
#7798 = PCURVE('',#7765,#7799);
#7799 = DEFINITIONAL_REPRESENTATION('',(#7800),#7804);
#7800 = LINE('',#7801,#7802);
#7801 = CARTESIAN_POINT('',(0.,-0.));
#7802 = VECTOR('',#7803,1.);
#7803 = DIRECTION('',(0.,1.));
#7804 = ( GEOMETRIC_REPRESENTATION_CONTEXT(2) 
PARAMETRIC_REPRESENTATION_CONTEXT() REPRESENTATION_CONTEXT('2D SPACE',''
  ) );
#7805 = ORIENTED_EDGE('',*,*,#7806,.F.);
#7806 = EDGE_CURVE('',#7784,#7784,#7807,.T.);
#7807 = SURFACE_CURVE('',#7808,(#7813,#7820),.PCURVE_S1.);
#7808 = CIRCLE('',#7809,14.);
#7809 = AXIS2_PLACEMENT_3D('',#7810,#7811,#7812);
#7810 = CARTESIAN_POINT('',(-44.87223676555,0.,278.5));
#7811 = DIRECTION('',(1.,-0.,2.22044604925E-16));
#7812 = DIRECTION('',(2.22044604925E-16,0.,-1.));
#7813 = PCURVE('',#7765,#7814);
#7814 = DEFINITIONAL_REPRESENTATION('',(#7815),#7819);
#7815 = LINE('',#7816,#7817);
#7816 = CARTESIAN_POINT('',(0.,5.));
#7817 = VECTOR('',#7818,1.);
#7818 = DIRECTION('',(1.,0.));
#7819 = ( GEOMETRIC_REPRESENTATION_CONTEXT(2) 
PARAMETRIC_REPRESENTATION_CONTEXT() REPRESENTATION_CONTEXT('2D SPACE',''
  ) );
#7820 = PCURVE('',#7821,#7826);
#7821 = PLANE('',#7822);
#7822 = AXIS2_PLACEMENT_3D('',#7823,#7824,#7825);
#7823 = CARTESIAN_POINT('',(-44.87223676555,0.,278.5));
#7824 = DIRECTION('',(1.,0.,2.22044604925E-16));
#7825 = DIRECTION('',(2.22044604925E-16,0.,-1.));
#7826 = DEFINITIONAL_REPRESENTATION('',(#7827),#7831);
#7827 = CIRCLE('',#7828,14.);
#7828 = AXIS2_PLACEMENT_2D('',#7829,#7830);
#7829 = CARTESIAN_POINT('',(0.,0.));
#7830 = DIRECTION('',(1.,0.));
#7831 = ( GEOMETRIC_REPRESENTATION_CONTEXT(2) 
PARAMETRIC_REPRESENTATION_CONTEXT() REPRESENTATION_CONTEXT('2D SPACE',''
  ) );
#7832 = ORIENTED_EDGE('',*,*,#7783,.F.);
#7833 = ORIENTED_EDGE('',*,*,#7744,.F.);
#7834 = ADVANCED_FACE('',(#7835),#7821,.T.);
#7835 = FACE_BOUND('',#7836,.T.);
#7836 = EDGE_LOOP('',(#7837));
#7837 = ORIENTED_EDGE('',*,*,#7806,.T.);
#7838 = ADVANCED_FACE('',(#7839),#6828,.F.);
#7839 = FACE_BOUND('',#7840,.F.);
#7840 = EDGE_LOOP('',(#7841));
#7841 = ORIENTED_EDGE('',*,*,#6813,.T.);
#7842 = ADVANCED_FACE('',(#7843),#6635,.T.);
#7843 = FACE_BOUND('',#7844,.T.);
#7844 = EDGE_LOOP('',(#7845,#7874,#7895,#7896,#7897));
#7845 = ORIENTED_EDGE('',*,*,#7846,.T.);
#7846 = EDGE_CURVE('',#7847,#7847,#7849,.T.);
#7847 = VERTEX_POINT('',#7848);
#7848 = CARTESIAN_POINT('',(49.872236765559,-2.32682891838E-15,269.));
#7849 = SURFACE_CURVE('',#7850,(#7855,#7862),.PCURVE_S1.);
#7850 = CIRCLE('',#7851,9.5);
#7851 = AXIS2_PLACEMENT_3D('',#7852,#7853,#7854);
#7852 = CARTESIAN_POINT('',(49.872236765559,0.,278.5));
#7853 = DIRECTION('',(1.,0.,2.22044604925E-16));
#7854 = DIRECTION('',(2.22044604925E-16,0.,-1.));
#7855 = PCURVE('',#6635,#7856);
#7856 = DEFINITIONAL_REPRESENTATION('',(#7857),#7861);
#7857 = LINE('',#7858,#7859);
#7858 = CARTESIAN_POINT('',(0.,5.));
#7859 = VECTOR('',#7860,1.);
#7860 = DIRECTION('',(1.,0.));
#7861 = ( GEOMETRIC_REPRESENTATION_CONTEXT(2) 
PARAMETRIC_REPRESENTATION_CONTEXT() REPRESENTATION_CONTEXT('2D SPACE',''
  ) );
#7862 = PCURVE('',#7863,#7868);
#7863 = PLANE('',#7864);
#7864 = AXIS2_PLACEMENT_3D('',#7865,#7866,#7867);
#7865 = CARTESIAN_POINT('',(49.872236765559,0.,278.5));
#7866 = DIRECTION('',(1.,0.,2.22044604925E-16));
#7867 = DIRECTION('',(2.22044604925E-16,0.,-1.));
#7868 = DEFINITIONAL_REPRESENTATION('',(#7869),#7873);
#7869 = CIRCLE('',#7870,9.5);
#7870 = AXIS2_PLACEMENT_2D('',#7871,#7872);
#7871 = CARTESIAN_POINT('',(0.,0.));
#7872 = DIRECTION('',(1.,0.));
#7873 = ( GEOMETRIC_REPRESENTATION_CONTEXT(2) 
PARAMETRIC_REPRESENTATION_CONTEXT() REPRESENTATION_CONTEXT('2D SPACE',''
  ) );
#7874 = ORIENTED_EDGE('',*,*,#7875,.T.);
#7875 = EDGE_CURVE('',#7847,#6522,#7876,.T.);
#7876 = SEAM_CURVE('',#7877,(#7881,#7888),.PCURVE_S1.);
#7877 = LINE('',#7878,#7879);
#7878 = CARTESIAN_POINT('',(44.872236765559,-2.32682891838E-15,269.));
#7879 = VECTOR('',#7880,1.);
#7880 = DIRECTION('',(1.,0.,2.22044604925E-16));
#7881 = PCURVE('',#6635,#7882);
#7882 = DEFINITIONAL_REPRESENTATION('',(#7883),#7887);
#7883 = LINE('',#7884,#7885);
#7884 = CARTESIAN_POINT('',(0.,-0.));
#7885 = VECTOR('',#7886,1.);
#7886 = DIRECTION('',(0.,1.));
#7887 = ( GEOMETRIC_REPRESENTATION_CONTEXT(2) 
PARAMETRIC_REPRESENTATION_CONTEXT() REPRESENTATION_CONTEXT('2D SPACE',''
  ) );
#7888 = PCURVE('',#6635,#7889);
#7889 = DEFINITIONAL_REPRESENTATION('',(#7890),#7894);
#7890 = LINE('',#7891,#7892);
#7891 = CARTESIAN_POINT('',(6.28318530718,-0.));
#7892 = VECTOR('',#7893,1.);
#7893 = DIRECTION('',(0.,1.));
#7894 = ( GEOMETRIC_REPRESENTATION_CONTEXT(2) 
PARAMETRIC_REPRESENTATION_CONTEXT() REPRESENTATION_CONTEXT('2D SPACE',''
  ) );
#7895 = ORIENTED_EDGE('',*,*,#6519,.F.);
#7896 = ORIENTED_EDGE('',*,*,#6841,.F.);
#7897 = ORIENTED_EDGE('',*,*,#7875,.F.);
#7898 = ADVANCED_FACE('',(#7899,#7930),#7863,.T.);
#7899 = FACE_BOUND('',#7900,.T.);
#7900 = EDGE_LOOP('',(#7901));
#7901 = ORIENTED_EDGE('',*,*,#7902,.T.);
#7902 = EDGE_CURVE('',#7903,#7903,#7905,.T.);
#7903 = VERTEX_POINT('',#7904);
#7904 = CARTESIAN_POINT('',(49.872236765559,-3.429011037613E-15,264.5));
#7905 = SURFACE_CURVE('',#7906,(#7911,#7918),.PCURVE_S1.);
#7906 = CIRCLE('',#7907,14.);
#7907 = AXIS2_PLACEMENT_3D('',#7908,#7909,#7910);
#7908 = CARTESIAN_POINT('',(49.872236765559,0.,278.5));
#7909 = DIRECTION('',(1.,-0.,2.22044604925E-16));
#7910 = DIRECTION('',(2.22044604925E-16,0.,-1.));
#7911 = PCURVE('',#7863,#7912);
#7912 = DEFINITIONAL_REPRESENTATION('',(#7913),#7917);
#7913 = CIRCLE('',#7914,14.);
#7914 = AXIS2_PLACEMENT_2D('',#7915,#7916);
#7915 = CARTESIAN_POINT('',(0.,0.));
#7916 = DIRECTION('',(1.,0.));
#7917 = ( GEOMETRIC_REPRESENTATION_CONTEXT(2) 
PARAMETRIC_REPRESENTATION_CONTEXT() REPRESENTATION_CONTEXT('2D SPACE',''
  ) );
#7918 = PCURVE('',#7919,#7924);
#7919 = CYLINDRICAL_SURFACE('',#7920,14.);
#7920 = AXIS2_PLACEMENT_3D('',#7921,#7922,#7923);
#7921 = CARTESIAN_POINT('',(44.872236765559,0.,278.5));
#7922 = DIRECTION('',(1.,0.,2.22044604925E-16));
#7923 = DIRECTION('',(2.22044604925E-16,0.,-1.));
#7924 = DEFINITIONAL_REPRESENTATION('',(#7925),#7929);
#7925 = LINE('',#7926,#7927);
#7926 = CARTESIAN_POINT('',(0.,5.));
#7927 = VECTOR('',#7928,1.);
#7928 = DIRECTION('',(1.,0.));
#7929 = ( GEOMETRIC_REPRESENTATION_CONTEXT(2) 
PARAMETRIC_REPRESENTATION_CONTEXT() REPRESENTATION_CONTEXT('2D SPACE',''
  ) );
#7930 = FACE_BOUND('',#7931,.T.);
#7931 = EDGE_LOOP('',(#7932));
#7932 = ORIENTED_EDGE('',*,*,#7846,.F.);
#7933 = ADVANCED_FACE('',(#7934),#7919,.T.);
#7934 = FACE_BOUND('',#7935,.T.);
#7935 = EDGE_LOOP('',(#7936,#7959,#7960,#7961));
#7936 = ORIENTED_EDGE('',*,*,#7937,.T.);
#7937 = EDGE_CURVE('',#7938,#7903,#7940,.T.);
#7938 = VERTEX_POINT('',#7939);
#7939 = CARTESIAN_POINT('',(44.872236765559,-3.429011037613E-15,264.5));
#7940 = SEAM_CURVE('',#7941,(#7945,#7952),.PCURVE_S1.);
#7941 = LINE('',#7942,#7943);
#7942 = CARTESIAN_POINT('',(44.872236765559,-3.429011037613E-15,264.5));
#7943 = VECTOR('',#7944,1.);
#7944 = DIRECTION('',(1.,0.,2.22044604925E-16));
#7945 = PCURVE('',#7919,#7946);
#7946 = DEFINITIONAL_REPRESENTATION('',(#7947),#7951);
#7947 = LINE('',#7948,#7949);
#7948 = CARTESIAN_POINT('',(6.28318530718,-0.));
#7949 = VECTOR('',#7950,1.);
#7950 = DIRECTION('',(0.,1.));
#7951 = ( GEOMETRIC_REPRESENTATION_CONTEXT(2) 
PARAMETRIC_REPRESENTATION_CONTEXT() REPRESENTATION_CONTEXT('2D SPACE',''
  ) );
#7952 = PCURVE('',#7919,#7953);
#7953 = DEFINITIONAL_REPRESENTATION('',(#7954),#7958);
#7954 = LINE('',#7955,#7956);
#7955 = CARTESIAN_POINT('',(0.,-0.));
#7956 = VECTOR('',#7957,1.);
#7957 = DIRECTION('',(0.,1.));
#7958 = ( GEOMETRIC_REPRESENTATION_CONTEXT(2) 
PARAMETRIC_REPRESENTATION_CONTEXT() REPRESENTATION_CONTEXT('2D SPACE',''
  ) );
#7959 = ORIENTED_EDGE('',*,*,#7902,.F.);
#7960 = ORIENTED_EDGE('',*,*,#7937,.F.);
#7961 = ORIENTED_EDGE('',*,*,#7962,.T.);
#7962 = EDGE_CURVE('',#7938,#7938,#7963,.T.);
#7963 = SURFACE_CURVE('',#7964,(#7969,#7976),.PCURVE_S1.);
#7964 = CIRCLE('',#7965,14.);
#7965 = AXIS2_PLACEMENT_3D('',#7966,#7967,#7968);
#7966 = CARTESIAN_POINT('',(44.872236765559,0.,278.5));
#7967 = DIRECTION('',(1.,-0.,2.22044604925E-16));
#7968 = DIRECTION('',(2.22044604925E-16,0.,-1.));
#7969 = PCURVE('',#7919,#7970);
#7970 = DEFINITIONAL_REPRESENTATION('',(#7971),#7975);
#7971 = LINE('',#7972,#7973);
#7972 = CARTESIAN_POINT('',(0.,0.));
#7973 = VECTOR('',#7974,1.);
#7974 = DIRECTION('',(1.,0.));
#7975 = ( GEOMETRIC_REPRESENTATION_CONTEXT(2) 
PARAMETRIC_REPRESENTATION_CONTEXT() REPRESENTATION_CONTEXT('2D SPACE',''
  ) );
#7976 = PCURVE('',#7977,#7982);
#7977 = PLANE('',#7978);
#7978 = AXIS2_PLACEMENT_3D('',#7979,#7980,#7981);
#7979 = CARTESIAN_POINT('',(44.872236765559,0.,278.5));
#7980 = DIRECTION('',(1.,0.,2.22044604925E-16));
#7981 = DIRECTION('',(2.22044604925E-16,0.,-1.));
#7982 = DEFINITIONAL_REPRESENTATION('',(#7983),#7987);
#7983 = CIRCLE('',#7984,14.);
#7984 = AXIS2_PLACEMENT_2D('',#7985,#7986);
#7985 = CARTESIAN_POINT('',(0.,0.));
#7986 = DIRECTION('',(1.,0.));
#7987 = ( GEOMETRIC_REPRESENTATION_CONTEXT(2) 
PARAMETRIC_REPRESENTATION_CONTEXT() REPRESENTATION_CONTEXT('2D SPACE',''
  ) );
#7988 = ADVANCED_FACE('',(#7989),#7977,.F.);
#7989 = FACE_BOUND('',#7990,.F.);
#7990 = EDGE_LOOP('',(#7991));
#7991 = ORIENTED_EDGE('',*,*,#7962,.T.);
#7992 = ( GEOMETRIC_REPRESENTATION_CONTEXT(3) 
GLOBAL_UNCERTAINTY_ASSIGNED_CONTEXT((#7996)) 
GLOBAL_UNIT_ASSIGNED_CONTEXT((#7993,#7994,#7995)) REPRESENTATION_CONTEXT
('Context #1','3D Context with UNIT and UNCERTAINTY') );
#7993 = ( LENGTH_UNIT() NAMED_UNIT(*) SI_UNIT(.MILLI.,.METRE.) );
#7994 = ( NAMED_UNIT(*) PLANE_ANGLE_UNIT() SI_UNIT($,.RADIAN.) );
#7995 = ( NAMED_UNIT(*) SI_UNIT($,.STERADIAN.) SOLID_ANGLE_UNIT() );
#7996 = UNCERTAINTY_MEASURE_WITH_UNIT(LENGTH_MEASURE(1.E-05),#7993,
  'distance_accuracy_value','confusion accuracy');
#7997 = CONTEXT_DEPENDENT_SHAPE_REPRESENTATION(#7998,#8000);
#7998 = ( REPRESENTATION_RELATIONSHIP('','',#1763,#10) 
REPRESENTATION_RELATIONSHIP_WITH_TRANSFORMATION(#7999) 
SHAPE_REPRESENTATION_RELATIONSHIP() );
#7999 = ITEM_DEFINED_TRANSFORMATION('','',#11,#27);
#8000 = PRODUCT_DEFINITION_SHAPE('Placement','Placement of an item',
  #8001);
#8001 = NEXT_ASSEMBLY_USAGE_OCCURRENCE('4','=>[0:1:1:5]','',#5,#1758,$);
#8002 = PRODUCT_RELATED_PRODUCT_CATEGORY('part',$,(#1760));
#8003 = SHAPE_DEFINITION_REPRESENTATION(#8004,#8010);
#8004 = PRODUCT_DEFINITION_SHAPE('','',#8005);
#8005 = PRODUCT_DEFINITION('design','',#8006,#8009);
#8006 = PRODUCT_DEFINITION_FORMATION('','',#8007);
#8007 = PRODUCT('COMPOUND','COMPOUND','',(#8008));
#8008 = PRODUCT_CONTEXT('',#2,'mechanical');
#8009 = PRODUCT_DEFINITION_CONTEXT('part definition',#2,'design');
#8010 = SHAPE_REPRESENTATION('',(#11,#8011,#8109,#8291),#8473);
#8011 = MANIFOLD_SOLID_BREP('',#8012);
#8012 = CLOSED_SHELL('',(#8013,#8101,#8105));
#8013 = ADVANCED_FACE('',(#8014),#8027,.T.);
#8014 = FACE_BOUND('',#8015,.T.);
#8015 = EDGE_LOOP('',(#8016,#8050,#8073,#8100));
#8016 = ORIENTED_EDGE('',*,*,#8017,.F.);
#8017 = EDGE_CURVE('',#8018,#8018,#8020,.T.);
#8018 = VERTEX_POINT('',#8019);
#8019 = CARTESIAN_POINT('',(3.,-7.347880794884E-16,250.));
#8020 = SURFACE_CURVE('',#8021,(#8026,#8038),.PCURVE_S1.);
#8021 = CIRCLE('',#8022,3.);
#8022 = AXIS2_PLACEMENT_3D('',#8023,#8024,#8025);
#8023 = CARTESIAN_POINT('',(0.,0.,250.));
#8024 = DIRECTION('',(0.,0.,1.));
#8025 = DIRECTION('',(1.,0.,-0.));
#8026 = PCURVE('',#8027,#8032);
#8027 = CYLINDRICAL_SURFACE('',#8028,3.);
#8028 = AXIS2_PLACEMENT_3D('',#8029,#8030,#8031);
#8029 = CARTESIAN_POINT('',(0.,0.,-335.));
#8030 = DIRECTION('',(0.,0.,1.));
#8031 = DIRECTION('',(1.,0.,-0.));
#8032 = DEFINITIONAL_REPRESENTATION('',(#8033),#8037);
#8033 = LINE('',#8034,#8035);
#8034 = CARTESIAN_POINT('',(0.,585.));
#8035 = VECTOR('',#8036,1.);
#8036 = DIRECTION('',(1.,0.));
#8037 = ( GEOMETRIC_REPRESENTATION_CONTEXT(2) 
PARAMETRIC_REPRESENTATION_CONTEXT() REPRESENTATION_CONTEXT('2D SPACE',''
  ) );
#8038 = PCURVE('',#8039,#8044);
#8039 = PLANE('',#8040);
#8040 = AXIS2_PLACEMENT_3D('',#8041,#8042,#8043);
#8041 = CARTESIAN_POINT('',(0.,0.,250.));
#8042 = DIRECTION('',(0.,0.,1.));
#8043 = DIRECTION('',(1.,0.,-0.));
#8044 = DEFINITIONAL_REPRESENTATION('',(#8045),#8049);
#8045 = CIRCLE('',#8046,3.);
#8046 = AXIS2_PLACEMENT_2D('',#8047,#8048);
#8047 = CARTESIAN_POINT('',(0.,0.));
#8048 = DIRECTION('',(1.,0.));
#8049 = ( GEOMETRIC_REPRESENTATION_CONTEXT(2) 
PARAMETRIC_REPRESENTATION_CONTEXT() REPRESENTATION_CONTEXT('2D SPACE',''
  ) );
#8050 = ORIENTED_EDGE('',*,*,#8051,.F.);
#8051 = EDGE_CURVE('',#8052,#8018,#8054,.T.);
#8052 = VERTEX_POINT('',#8053);
#8053 = CARTESIAN_POINT('',(3.,-7.347880794884E-16,-335.));
#8054 = SEAM_CURVE('',#8055,(#8059,#8066),.PCURVE_S1.);
#8055 = LINE('',#8056,#8057);
#8056 = CARTESIAN_POINT('',(3.,-7.347880794884E-16,-335.));
#8057 = VECTOR('',#8058,1.);
#8058 = DIRECTION('',(0.,0.,1.));
#8059 = PCURVE('',#8027,#8060);
#8060 = DEFINITIONAL_REPRESENTATION('',(#8061),#8065);
#8061 = LINE('',#8062,#8063);
#8062 = CARTESIAN_POINT('',(6.28318530718,-0.));
#8063 = VECTOR('',#8064,1.);
#8064 = DIRECTION('',(0.,1.));
#8065 = ( GEOMETRIC_REPRESENTATION_CONTEXT(2) 
PARAMETRIC_REPRESENTATION_CONTEXT() REPRESENTATION_CONTEXT('2D SPACE',''
  ) );
#8066 = PCURVE('',#8027,#8067);
#8067 = DEFINITIONAL_REPRESENTATION('',(#8068),#8072);
#8068 = LINE('',#8069,#8070);
#8069 = CARTESIAN_POINT('',(0.,-0.));
#8070 = VECTOR('',#8071,1.);
#8071 = DIRECTION('',(0.,1.));
#8072 = ( GEOMETRIC_REPRESENTATION_CONTEXT(2) 
PARAMETRIC_REPRESENTATION_CONTEXT() REPRESENTATION_CONTEXT('2D SPACE',''
  ) );
#8073 = ORIENTED_EDGE('',*,*,#8074,.T.);
#8074 = EDGE_CURVE('',#8052,#8052,#8075,.T.);
#8075 = SURFACE_CURVE('',#8076,(#8081,#8088),.PCURVE_S1.);
#8076 = CIRCLE('',#8077,3.);
#8077 = AXIS2_PLACEMENT_3D('',#8078,#8079,#8080);
#8078 = CARTESIAN_POINT('',(0.,0.,-335.));
#8079 = DIRECTION('',(0.,0.,1.));
#8080 = DIRECTION('',(1.,0.,-0.));
#8081 = PCURVE('',#8027,#8082);
#8082 = DEFINITIONAL_REPRESENTATION('',(#8083),#8087);
#8083 = LINE('',#8084,#8085);
#8084 = CARTESIAN_POINT('',(0.,0.));
#8085 = VECTOR('',#8086,1.);
#8086 = DIRECTION('',(1.,0.));
#8087 = ( GEOMETRIC_REPRESENTATION_CONTEXT(2) 
PARAMETRIC_REPRESENTATION_CONTEXT() REPRESENTATION_CONTEXT('2D SPACE',''
  ) );
#8088 = PCURVE('',#8089,#8094);
#8089 = PLANE('',#8090);
#8090 = AXIS2_PLACEMENT_3D('',#8091,#8092,#8093);
#8091 = CARTESIAN_POINT('',(0.,0.,-335.));
#8092 = DIRECTION('',(0.,0.,1.));
#8093 = DIRECTION('',(1.,0.,-0.));
#8094 = DEFINITIONAL_REPRESENTATION('',(#8095),#8099);
#8095 = CIRCLE('',#8096,3.);
#8096 = AXIS2_PLACEMENT_2D('',#8097,#8098);
#8097 = CARTESIAN_POINT('',(0.,0.));
#8098 = DIRECTION('',(1.,0.));
#8099 = ( GEOMETRIC_REPRESENTATION_CONTEXT(2) 
PARAMETRIC_REPRESENTATION_CONTEXT() REPRESENTATION_CONTEXT('2D SPACE',''
  ) );
#8100 = ORIENTED_EDGE('',*,*,#8051,.T.);
#8101 = ADVANCED_FACE('',(#8102),#8039,.T.);
#8102 = FACE_BOUND('',#8103,.T.);
#8103 = EDGE_LOOP('',(#8104));
#8104 = ORIENTED_EDGE('',*,*,#8017,.T.);
#8105 = ADVANCED_FACE('',(#8106),#8089,.F.);
#8106 = FACE_BOUND('',#8107,.T.);
#8107 = EDGE_LOOP('',(#8108));
#8108 = ORIENTED_EDGE('',*,*,#8074,.F.);
#8109 = MANIFOLD_SOLID_BREP('',#8110);
#8110 = CLOSED_SHELL('',(#8111,#8199,#8234,#8264));
#8111 = ADVANCED_FACE('',(#8112),#8125,.T.);
#8112 = FACE_BOUND('',#8113,.T.);
#8113 = EDGE_LOOP('',(#8114,#8148,#8171,#8198));
#8114 = ORIENTED_EDGE('',*,*,#8115,.F.);
#8115 = EDGE_CURVE('',#8116,#8116,#8118,.T.);
#8116 = VERTEX_POINT('',#8117);
#8117 = CARTESIAN_POINT('',(-73.,-2.449293598295E-15,268.5));
#8118 = SURFACE_CURVE('',#8119,(#8124,#8136),.PCURVE_S1.);
#8119 = CIRCLE('',#8120,10.);
#8120 = AXIS2_PLACEMENT_3D('',#8121,#8122,#8123);
#8121 = CARTESIAN_POINT('',(-73.,0.,278.5));
#8122 = DIRECTION('',(1.,-0.,2.22044604925E-16));
#8123 = DIRECTION('',(2.22044604925E-16,0.,-1.));
#8124 = PCURVE('',#8125,#8130);
#8125 = CYLINDRICAL_SURFACE('',#8126,10.);
#8126 = AXIS2_PLACEMENT_3D('',#8127,#8128,#8129);
#8127 = CARTESIAN_POINT('',(-178.,0.,278.5));
#8128 = DIRECTION('',(1.,0.,2.22044604925E-16));
#8129 = DIRECTION('',(2.22044604925E-16,0.,-1.));
#8130 = DEFINITIONAL_REPRESENTATION('',(#8131),#8135);
#8131 = LINE('',#8132,#8133);
#8132 = CARTESIAN_POINT('',(0.,105.));
#8133 = VECTOR('',#8134,1.);
#8134 = DIRECTION('',(1.,0.));
#8135 = ( GEOMETRIC_REPRESENTATION_CONTEXT(2) 
PARAMETRIC_REPRESENTATION_CONTEXT() REPRESENTATION_CONTEXT('2D SPACE',''
  ) );
#8136 = PCURVE('',#8137,#8142);
#8137 = PLANE('',#8138);
#8138 = AXIS2_PLACEMENT_3D('',#8139,#8140,#8141);
#8139 = CARTESIAN_POINT('',(-73.,0.,278.5));
#8140 = DIRECTION('',(1.,0.,2.22044604925E-16));
#8141 = DIRECTION('',(2.22044604925E-16,0.,-1.));
#8142 = DEFINITIONAL_REPRESENTATION('',(#8143),#8147);
#8143 = CIRCLE('',#8144,10.);
#8144 = AXIS2_PLACEMENT_2D('',#8145,#8146);
#8145 = CARTESIAN_POINT('',(0.,0.));
#8146 = DIRECTION('',(1.,0.));
#8147 = ( GEOMETRIC_REPRESENTATION_CONTEXT(2) 
PARAMETRIC_REPRESENTATION_CONTEXT() REPRESENTATION_CONTEXT('2D SPACE',''
  ) );
#8148 = ORIENTED_EDGE('',*,*,#8149,.F.);
#8149 = EDGE_CURVE('',#8150,#8116,#8152,.T.);
#8150 = VERTEX_POINT('',#8151);
#8151 = CARTESIAN_POINT('',(-178.,-2.449293598295E-15,268.5));
#8152 = SEAM_CURVE('',#8153,(#8157,#8164),.PCURVE_S1.);
#8153 = LINE('',#8154,#8155);
#8154 = CARTESIAN_POINT('',(-178.,-2.449293598295E-15,268.5));
#8155 = VECTOR('',#8156,1.);
#8156 = DIRECTION('',(1.,0.,2.22044604925E-16));
#8157 = PCURVE('',#8125,#8158);
#8158 = DEFINITIONAL_REPRESENTATION('',(#8159),#8163);
#8159 = LINE('',#8160,#8161);
#8160 = CARTESIAN_POINT('',(6.28318530718,-0.));
#8161 = VECTOR('',#8162,1.);
#8162 = DIRECTION('',(0.,1.));
#8163 = ( GEOMETRIC_REPRESENTATION_CONTEXT(2) 
PARAMETRIC_REPRESENTATION_CONTEXT() REPRESENTATION_CONTEXT('2D SPACE',''
  ) );
#8164 = PCURVE('',#8125,#8165);
#8165 = DEFINITIONAL_REPRESENTATION('',(#8166),#8170);
#8166 = LINE('',#8167,#8168);
#8167 = CARTESIAN_POINT('',(0.,-0.));
#8168 = VECTOR('',#8169,1.);
#8169 = DIRECTION('',(0.,1.));
#8170 = ( GEOMETRIC_REPRESENTATION_CONTEXT(2) 
PARAMETRIC_REPRESENTATION_CONTEXT() REPRESENTATION_CONTEXT('2D SPACE',''
  ) );
#8171 = ORIENTED_EDGE('',*,*,#8172,.T.);
#8172 = EDGE_CURVE('',#8150,#8150,#8173,.T.);
#8173 = SURFACE_CURVE('',#8174,(#8179,#8186),.PCURVE_S1.);
#8174 = CIRCLE('',#8175,10.);
#8175 = AXIS2_PLACEMENT_3D('',#8176,#8177,#8178);
#8176 = CARTESIAN_POINT('',(-178.,0.,278.5));
#8177 = DIRECTION('',(1.,-0.,2.22044604925E-16));
#8178 = DIRECTION('',(2.22044604925E-16,0.,-1.));
#8179 = PCURVE('',#8125,#8180);
#8180 = DEFINITIONAL_REPRESENTATION('',(#8181),#8185);
#8181 = LINE('',#8182,#8183);
#8182 = CARTESIAN_POINT('',(0.,0.));
#8183 = VECTOR('',#8184,1.);
#8184 = DIRECTION('',(1.,0.));
#8185 = ( GEOMETRIC_REPRESENTATION_CONTEXT(2) 
PARAMETRIC_REPRESENTATION_CONTEXT() REPRESENTATION_CONTEXT('2D SPACE',''
  ) );
#8186 = PCURVE('',#8187,#8192);
#8187 = PLANE('',#8188);
#8188 = AXIS2_PLACEMENT_3D('',#8189,#8190,#8191);
#8189 = CARTESIAN_POINT('',(-178.,0.,278.5));
#8190 = DIRECTION('',(1.,0.,2.22044604925E-16));
#8191 = DIRECTION('',(2.22044604925E-16,0.,-1.));
#8192 = DEFINITIONAL_REPRESENTATION('',(#8193),#8197);
#8193 = CIRCLE('',#8194,10.);
#8194 = AXIS2_PLACEMENT_2D('',#8195,#8196);
#8195 = CARTESIAN_POINT('',(0.,0.));
#8196 = DIRECTION('',(1.,0.));
#8197 = ( GEOMETRIC_REPRESENTATION_CONTEXT(2) 
PARAMETRIC_REPRESENTATION_CONTEXT() REPRESENTATION_CONTEXT('2D SPACE',''
  ) );
#8198 = ORIENTED_EDGE('',*,*,#8149,.T.);
#8199 = ADVANCED_FACE('',(#8200,#8203),#8137,.T.);
#8200 = FACE_BOUND('',#8201,.T.);
#8201 = EDGE_LOOP('',(#8202));
#8202 = ORIENTED_EDGE('',*,*,#8115,.T.);
#8203 = FACE_BOUND('',#8204,.T.);
#8204 = EDGE_LOOP('',(#8205));
#8205 = ORIENTED_EDGE('',*,*,#8206,.F.);
#8206 = EDGE_CURVE('',#8207,#8207,#8209,.T.);
#8207 = VERTEX_POINT('',#8208);
#8208 = CARTESIAN_POINT('',(-73.,-1.714505518806E-15,271.5));
#8209 = SURFACE_CURVE('',#8210,(#8215,#8222),.PCURVE_S1.);
#8210 = CIRCLE('',#8211,7.);
#8211 = AXIS2_PLACEMENT_3D('',#8212,#8213,#8214);
#8212 = CARTESIAN_POINT('',(-73.,0.,278.5));
#8213 = DIRECTION('',(1.,0.,2.22044604925E-16));
#8214 = DIRECTION('',(2.22044604925E-16,0.,-1.));
#8215 = PCURVE('',#8137,#8216);
#8216 = DEFINITIONAL_REPRESENTATION('',(#8217),#8221);
#8217 = CIRCLE('',#8218,7.);
#8218 = AXIS2_PLACEMENT_2D('',#8219,#8220);
#8219 = CARTESIAN_POINT('',(0.,0.));
#8220 = DIRECTION('',(1.,0.));
#8221 = ( GEOMETRIC_REPRESENTATION_CONTEXT(2) 
PARAMETRIC_REPRESENTATION_CONTEXT() REPRESENTATION_CONTEXT('2D SPACE',''
  ) );
#8222 = PCURVE('',#8223,#8228);
#8223 = CYLINDRICAL_SURFACE('',#8224,7.);
#8224 = AXIS2_PLACEMENT_3D('',#8225,#8226,#8227);
#8225 = CARTESIAN_POINT('',(-400.,0.,278.5));
#8226 = DIRECTION('',(1.,0.,2.22044604925E-16));
#8227 = DIRECTION('',(2.22044604925E-16,0.,-1.));
#8228 = DEFINITIONAL_REPRESENTATION('',(#8229),#8233);
#8229 = LINE('',#8230,#8231);
#8230 = CARTESIAN_POINT('',(0.,327.));
#8231 = VECTOR('',#8232,1.);
#8232 = DIRECTION('',(1.,0.));
#8233 = ( GEOMETRIC_REPRESENTATION_CONTEXT(2) 
PARAMETRIC_REPRESENTATION_CONTEXT() REPRESENTATION_CONTEXT('2D SPACE',''
  ) );
#8234 = ADVANCED_FACE('',(#8235,#8238),#8187,.F.);
#8235 = FACE_BOUND('',#8236,.F.);
#8236 = EDGE_LOOP('',(#8237));
#8237 = ORIENTED_EDGE('',*,*,#8172,.T.);
#8238 = FACE_BOUND('',#8239,.F.);
#8239 = EDGE_LOOP('',(#8240));
#8240 = ORIENTED_EDGE('',*,*,#8241,.F.);
#8241 = EDGE_CURVE('',#8242,#8242,#8244,.T.);
#8242 = VERTEX_POINT('',#8243);
#8243 = CARTESIAN_POINT('',(-178.,-1.714505518806E-15,271.5));
#8244 = SURFACE_CURVE('',#8245,(#8250,#8257),.PCURVE_S1.);
#8245 = CIRCLE('',#8246,7.);
#8246 = AXIS2_PLACEMENT_3D('',#8247,#8248,#8249);
#8247 = CARTESIAN_POINT('',(-178.,0.,278.5));
#8248 = DIRECTION('',(1.,0.,2.22044604925E-16));
#8249 = DIRECTION('',(2.22044604925E-16,0.,-1.));
#8250 = PCURVE('',#8187,#8251);
#8251 = DEFINITIONAL_REPRESENTATION('',(#8252),#8256);
#8252 = CIRCLE('',#8253,7.);
#8253 = AXIS2_PLACEMENT_2D('',#8254,#8255);
#8254 = CARTESIAN_POINT('',(0.,0.));
#8255 = DIRECTION('',(1.,0.));
#8256 = ( GEOMETRIC_REPRESENTATION_CONTEXT(2) 
PARAMETRIC_REPRESENTATION_CONTEXT() REPRESENTATION_CONTEXT('2D SPACE',''
  ) );
#8257 = PCURVE('',#8223,#8258);
#8258 = DEFINITIONAL_REPRESENTATION('',(#8259),#8263);
#8259 = LINE('',#8260,#8261);
#8260 = CARTESIAN_POINT('',(0.,222.));
#8261 = VECTOR('',#8262,1.);
#8262 = DIRECTION('',(1.,0.));
#8263 = ( GEOMETRIC_REPRESENTATION_CONTEXT(2) 
PARAMETRIC_REPRESENTATION_CONTEXT() REPRESENTATION_CONTEXT('2D SPACE',''
  ) );
#8264 = ADVANCED_FACE('',(#8265),#8223,.F.);
#8265 = FACE_BOUND('',#8266,.F.);
#8266 = EDGE_LOOP('',(#8267,#8268,#8289,#8290));
#8267 = ORIENTED_EDGE('',*,*,#8206,.F.);
#8268 = ORIENTED_EDGE('',*,*,#8269,.F.);
#8269 = EDGE_CURVE('',#8242,#8207,#8270,.T.);
#8270 = SEAM_CURVE('',#8271,(#8275,#8282),.PCURVE_S1.);
#8271 = LINE('',#8272,#8273);
#8272 = CARTESIAN_POINT('',(-400.,-1.714505518806E-15,271.5));
#8273 = VECTOR('',#8274,1.);
#8274 = DIRECTION('',(1.,0.,2.22044604925E-16));
#8275 = PCURVE('',#8223,#8276);
#8276 = DEFINITIONAL_REPRESENTATION('',(#8277),#8281);
#8277 = LINE('',#8278,#8279);
#8278 = CARTESIAN_POINT('',(6.28318530718,-0.));
#8279 = VECTOR('',#8280,1.);
#8280 = DIRECTION('',(0.,1.));
#8281 = ( GEOMETRIC_REPRESENTATION_CONTEXT(2) 
PARAMETRIC_REPRESENTATION_CONTEXT() REPRESENTATION_CONTEXT('2D SPACE',''
  ) );
#8282 = PCURVE('',#8223,#8283);
#8283 = DEFINITIONAL_REPRESENTATION('',(#8284),#8288);
#8284 = LINE('',#8285,#8286);
#8285 = CARTESIAN_POINT('',(0.,-0.));
#8286 = VECTOR('',#8287,1.);
#8287 = DIRECTION('',(0.,1.));
#8288 = ( GEOMETRIC_REPRESENTATION_CONTEXT(2) 
PARAMETRIC_REPRESENTATION_CONTEXT() REPRESENTATION_CONTEXT('2D SPACE',''
  ) );
#8289 = ORIENTED_EDGE('',*,*,#8241,.T.);
#8290 = ORIENTED_EDGE('',*,*,#8269,.T.);
#8291 = MANIFOLD_SOLID_BREP('',#8292);
#8292 = CLOSED_SHELL('',(#8293,#8381,#8416,#8446));
#8293 = ADVANCED_FACE('',(#8294),#8307,.T.);
#8294 = FACE_BOUND('',#8295,.T.);
#8295 = EDGE_LOOP('',(#8296,#8330,#8353,#8380));
#8296 = ORIENTED_EDGE('',*,*,#8297,.F.);
#8297 = EDGE_CURVE('',#8298,#8298,#8300,.T.);
#8298 = VERTEX_POINT('',#8299);
#8299 = CARTESIAN_POINT('',(178.,-2.449293598295E-15,268.5));
#8300 = SURFACE_CURVE('',#8301,(#8306,#8318),.PCURVE_S1.);
#8301 = CIRCLE('',#8302,10.);
#8302 = AXIS2_PLACEMENT_3D('',#8303,#8304,#8305);
#8303 = CARTESIAN_POINT('',(178.,0.,278.5));
#8304 = DIRECTION('',(1.,-0.,2.22044604925E-16));
#8305 = DIRECTION('',(2.22044604925E-16,0.,-1.));
#8306 = PCURVE('',#8307,#8312);
#8307 = CYLINDRICAL_SURFACE('',#8308,10.);
#8308 = AXIS2_PLACEMENT_3D('',#8309,#8310,#8311);
#8309 = CARTESIAN_POINT('',(73.,0.,278.5));
#8310 = DIRECTION('',(1.,0.,2.22044604925E-16));
#8311 = DIRECTION('',(2.22044604925E-16,0.,-1.));
#8312 = DEFINITIONAL_REPRESENTATION('',(#8313),#8317);
#8313 = LINE('',#8314,#8315);
#8314 = CARTESIAN_POINT('',(0.,105.));
#8315 = VECTOR('',#8316,1.);
#8316 = DIRECTION('',(1.,0.));
#8317 = ( GEOMETRIC_REPRESENTATION_CONTEXT(2) 
PARAMETRIC_REPRESENTATION_CONTEXT() REPRESENTATION_CONTEXT('2D SPACE',''
  ) );
#8318 = PCURVE('',#8319,#8324);
#8319 = PLANE('',#8320);
#8320 = AXIS2_PLACEMENT_3D('',#8321,#8322,#8323);
#8321 = CARTESIAN_POINT('',(178.,0.,278.5));
#8322 = DIRECTION('',(1.,0.,2.22044604925E-16));
#8323 = DIRECTION('',(2.22044604925E-16,0.,-1.));
#8324 = DEFINITIONAL_REPRESENTATION('',(#8325),#8329);
#8325 = CIRCLE('',#8326,10.);
#8326 = AXIS2_PLACEMENT_2D('',#8327,#8328);
#8327 = CARTESIAN_POINT('',(0.,0.));
#8328 = DIRECTION('',(1.,0.));
#8329 = ( GEOMETRIC_REPRESENTATION_CONTEXT(2) 
PARAMETRIC_REPRESENTATION_CONTEXT() REPRESENTATION_CONTEXT('2D SPACE',''
  ) );
#8330 = ORIENTED_EDGE('',*,*,#8331,.F.);
#8331 = EDGE_CURVE('',#8332,#8298,#8334,.T.);
#8332 = VERTEX_POINT('',#8333);
#8333 = CARTESIAN_POINT('',(73.,-2.449293598295E-15,268.5));
#8334 = SEAM_CURVE('',#8335,(#8339,#8346),.PCURVE_S1.);
#8335 = LINE('',#8336,#8337);
#8336 = CARTESIAN_POINT('',(73.,-2.449293598295E-15,268.5));
#8337 = VECTOR('',#8338,1.);
#8338 = DIRECTION('',(1.,0.,2.22044604925E-16));
#8339 = PCURVE('',#8307,#8340);
#8340 = DEFINITIONAL_REPRESENTATION('',(#8341),#8345);
#8341 = LINE('',#8342,#8343);
#8342 = CARTESIAN_POINT('',(6.28318530718,-0.));
#8343 = VECTOR('',#8344,1.);
#8344 = DIRECTION('',(0.,1.));
#8345 = ( GEOMETRIC_REPRESENTATION_CONTEXT(2) 
PARAMETRIC_REPRESENTATION_CONTEXT() REPRESENTATION_CONTEXT('2D SPACE',''
  ) );
#8346 = PCURVE('',#8307,#8347);
#8347 = DEFINITIONAL_REPRESENTATION('',(#8348),#8352);
#8348 = LINE('',#8349,#8350);
#8349 = CARTESIAN_POINT('',(0.,-0.));
#8350 = VECTOR('',#8351,1.);
#8351 = DIRECTION('',(0.,1.));
#8352 = ( GEOMETRIC_REPRESENTATION_CONTEXT(2) 
PARAMETRIC_REPRESENTATION_CONTEXT() REPRESENTATION_CONTEXT('2D SPACE',''
  ) );
#8353 = ORIENTED_EDGE('',*,*,#8354,.T.);
#8354 = EDGE_CURVE('',#8332,#8332,#8355,.T.);
#8355 = SURFACE_CURVE('',#8356,(#8361,#8368),.PCURVE_S1.);
#8356 = CIRCLE('',#8357,10.);
#8357 = AXIS2_PLACEMENT_3D('',#8358,#8359,#8360);
#8358 = CARTESIAN_POINT('',(73.,0.,278.5));
#8359 = DIRECTION('',(1.,-0.,2.22044604925E-16));
#8360 = DIRECTION('',(2.22044604925E-16,0.,-1.));
#8361 = PCURVE('',#8307,#8362);
#8362 = DEFINITIONAL_REPRESENTATION('',(#8363),#8367);
#8363 = LINE('',#8364,#8365);
#8364 = CARTESIAN_POINT('',(0.,0.));
#8365 = VECTOR('',#8366,1.);
#8366 = DIRECTION('',(1.,0.));
#8367 = ( GEOMETRIC_REPRESENTATION_CONTEXT(2) 
PARAMETRIC_REPRESENTATION_CONTEXT() REPRESENTATION_CONTEXT('2D SPACE',''
  ) );
#8368 = PCURVE('',#8369,#8374);
#8369 = PLANE('',#8370);
#8370 = AXIS2_PLACEMENT_3D('',#8371,#8372,#8373);
#8371 = CARTESIAN_POINT('',(73.,0.,278.5));
#8372 = DIRECTION('',(1.,0.,2.22044604925E-16));
#8373 = DIRECTION('',(2.22044604925E-16,0.,-1.));
#8374 = DEFINITIONAL_REPRESENTATION('',(#8375),#8379);
#8375 = CIRCLE('',#8376,10.);
#8376 = AXIS2_PLACEMENT_2D('',#8377,#8378);
#8377 = CARTESIAN_POINT('',(0.,0.));
#8378 = DIRECTION('',(1.,0.));
#8379 = ( GEOMETRIC_REPRESENTATION_CONTEXT(2) 
PARAMETRIC_REPRESENTATION_CONTEXT() REPRESENTATION_CONTEXT('2D SPACE',''
  ) );
#8380 = ORIENTED_EDGE('',*,*,#8331,.T.);
#8381 = ADVANCED_FACE('',(#8382,#8385),#8319,.T.);
#8382 = FACE_BOUND('',#8383,.T.);
#8383 = EDGE_LOOP('',(#8384));
#8384 = ORIENTED_EDGE('',*,*,#8297,.T.);
#8385 = FACE_BOUND('',#8386,.T.);
#8386 = EDGE_LOOP('',(#8387));
#8387 = ORIENTED_EDGE('',*,*,#8388,.F.);
#8388 = EDGE_CURVE('',#8389,#8389,#8391,.T.);
#8389 = VERTEX_POINT('',#8390);
#8390 = CARTESIAN_POINT('',(178.,-1.714505518806E-15,271.5));
#8391 = SURFACE_CURVE('',#8392,(#8397,#8404),.PCURVE_S1.);
#8392 = CIRCLE('',#8393,7.);
#8393 = AXIS2_PLACEMENT_3D('',#8394,#8395,#8396);
#8394 = CARTESIAN_POINT('',(178.,0.,278.5));
#8395 = DIRECTION('',(1.,0.,2.22044604925E-16));
#8396 = DIRECTION('',(2.22044604925E-16,0.,-1.));
#8397 = PCURVE('',#8319,#8398);
#8398 = DEFINITIONAL_REPRESENTATION('',(#8399),#8403);
#8399 = CIRCLE('',#8400,7.);
#8400 = AXIS2_PLACEMENT_2D('',#8401,#8402);
#8401 = CARTESIAN_POINT('',(0.,0.));
#8402 = DIRECTION('',(1.,0.));
#8403 = ( GEOMETRIC_REPRESENTATION_CONTEXT(2) 
PARAMETRIC_REPRESENTATION_CONTEXT() REPRESENTATION_CONTEXT('2D SPACE',''
  ) );
#8404 = PCURVE('',#8405,#8410);
#8405 = CYLINDRICAL_SURFACE('',#8406,7.);
#8406 = AXIS2_PLACEMENT_3D('',#8407,#8408,#8409);
#8407 = CARTESIAN_POINT('',(0.,0.,278.5));
#8408 = DIRECTION('',(1.,0.,2.22044604925E-16));
#8409 = DIRECTION('',(2.22044604925E-16,0.,-1.));
#8410 = DEFINITIONAL_REPRESENTATION('',(#8411),#8415);
#8411 = LINE('',#8412,#8413);
#8412 = CARTESIAN_POINT('',(0.,178.));
#8413 = VECTOR('',#8414,1.);
#8414 = DIRECTION('',(1.,0.));
#8415 = ( GEOMETRIC_REPRESENTATION_CONTEXT(2) 
PARAMETRIC_REPRESENTATION_CONTEXT() REPRESENTATION_CONTEXT('2D SPACE',''
  ) );
#8416 = ADVANCED_FACE('',(#8417,#8420),#8369,.F.);
#8417 = FACE_BOUND('',#8418,.F.);
#8418 = EDGE_LOOP('',(#8419));
#8419 = ORIENTED_EDGE('',*,*,#8354,.T.);
#8420 = FACE_BOUND('',#8421,.F.);
#8421 = EDGE_LOOP('',(#8422));
#8422 = ORIENTED_EDGE('',*,*,#8423,.F.);
#8423 = EDGE_CURVE('',#8424,#8424,#8426,.T.);
#8424 = VERTEX_POINT('',#8425);
#8425 = CARTESIAN_POINT('',(73.,-1.714505518806E-15,271.5));
#8426 = SURFACE_CURVE('',#8427,(#8432,#8439),.PCURVE_S1.);
#8427 = CIRCLE('',#8428,7.);
#8428 = AXIS2_PLACEMENT_3D('',#8429,#8430,#8431);
#8429 = CARTESIAN_POINT('',(73.,0.,278.5));
#8430 = DIRECTION('',(1.,0.,2.22044604925E-16));
#8431 = DIRECTION('',(2.22044604925E-16,0.,-1.));
#8432 = PCURVE('',#8369,#8433);
#8433 = DEFINITIONAL_REPRESENTATION('',(#8434),#8438);
#8434 = CIRCLE('',#8435,7.);
#8435 = AXIS2_PLACEMENT_2D('',#8436,#8437);
#8436 = CARTESIAN_POINT('',(5.684341886081E-14,0.));
#8437 = DIRECTION('',(1.,0.));
#8438 = ( GEOMETRIC_REPRESENTATION_CONTEXT(2) 
PARAMETRIC_REPRESENTATION_CONTEXT() REPRESENTATION_CONTEXT('2D SPACE',''
  ) );
#8439 = PCURVE('',#8405,#8440);
#8440 = DEFINITIONAL_REPRESENTATION('',(#8441),#8445);
#8441 = LINE('',#8442,#8443);
#8442 = CARTESIAN_POINT('',(0.,73.));
#8443 = VECTOR('',#8444,1.);
#8444 = DIRECTION('',(1.,0.));
#8445 = ( GEOMETRIC_REPRESENTATION_CONTEXT(2) 
PARAMETRIC_REPRESENTATION_CONTEXT() REPRESENTATION_CONTEXT('2D SPACE',''
  ) );
#8446 = ADVANCED_FACE('',(#8447),#8405,.F.);
#8447 = FACE_BOUND('',#8448,.F.);
#8448 = EDGE_LOOP('',(#8449,#8450,#8471,#8472));
#8449 = ORIENTED_EDGE('',*,*,#8388,.F.);
#8450 = ORIENTED_EDGE('',*,*,#8451,.F.);
#8451 = EDGE_CURVE('',#8424,#8389,#8452,.T.);
#8452 = SEAM_CURVE('',#8453,(#8457,#8464),.PCURVE_S1.);
#8453 = LINE('',#8454,#8455);
#8454 = CARTESIAN_POINT('',(1.554312234475E-15,-1.714505518806E-15,271.5
    ));
#8455 = VECTOR('',#8456,1.);
#8456 = DIRECTION('',(1.,0.,2.22044604925E-16));
#8457 = PCURVE('',#8405,#8458);
#8458 = DEFINITIONAL_REPRESENTATION('',(#8459),#8463);
#8459 = LINE('',#8460,#8461);
#8460 = CARTESIAN_POINT('',(6.28318530718,-0.));
#8461 = VECTOR('',#8462,1.);
#8462 = DIRECTION('',(0.,1.));
#8463 = ( GEOMETRIC_REPRESENTATION_CONTEXT(2) 
PARAMETRIC_REPRESENTATION_CONTEXT() REPRESENTATION_CONTEXT('2D SPACE',''
  ) );
#8464 = PCURVE('',#8405,#8465);
#8465 = DEFINITIONAL_REPRESENTATION('',(#8466),#8470);
#8466 = LINE('',#8467,#8468);
#8467 = CARTESIAN_POINT('',(0.,-0.));
#8468 = VECTOR('',#8469,1.);
#8469 = DIRECTION('',(0.,1.));
#8470 = ( GEOMETRIC_REPRESENTATION_CONTEXT(2) 
PARAMETRIC_REPRESENTATION_CONTEXT() REPRESENTATION_CONTEXT('2D SPACE',''
  ) );
#8471 = ORIENTED_EDGE('',*,*,#8423,.T.);
#8472 = ORIENTED_EDGE('',*,*,#8451,.T.);
#8473 = ( GEOMETRIC_REPRESENTATION_CONTEXT(3) 
GLOBAL_UNCERTAINTY_ASSIGNED_CONTEXT((#8477)) 
GLOBAL_UNIT_ASSIGNED_CONTEXT((#8474,#8475,#8476)) REPRESENTATION_CONTEXT
('Context #1','3D Context with UNIT and UNCERTAINTY') );
#8474 = ( LENGTH_UNIT() NAMED_UNIT(*) SI_UNIT(.MILLI.,.METRE.) );
#8475 = ( NAMED_UNIT(*) PLANE_ANGLE_UNIT() SI_UNIT($,.RADIAN.) );
#8476 = ( NAMED_UNIT(*) SI_UNIT($,.STERADIAN.) SOLID_ANGLE_UNIT() );
#8477 = UNCERTAINTY_MEASURE_WITH_UNIT(LENGTH_MEASURE(1.E-07),#8474,
  'distance_accuracy_value','confusion accuracy');
#8478 = CONTEXT_DEPENDENT_SHAPE_REPRESENTATION(#8479,#8481);
#8479 = ( REPRESENTATION_RELATIONSHIP('','',#8010,#10) 
REPRESENTATION_RELATIONSHIP_WITH_TRANSFORMATION(#8480) 
SHAPE_REPRESENTATION_RELATIONSHIP() );
#8480 = ITEM_DEFINED_TRANSFORMATION('','',#11,#31);
#8481 = PRODUCT_DEFINITION_SHAPE('Placement','Placement of an item',
  #8482);
#8482 = NEXT_ASSEMBLY_USAGE_OCCURRENCE('5','=>[0:1:1:6]','',#5,#8005,$);
#8483 = PRODUCT_RELATED_PRODUCT_CATEGORY('part',$,(#8007));
ENDSEC;
END-ISO-10303-21;
