ISO-10303-21;
HEADER;
FILE_DESCRIPTION(('Open CASCADE Model'),'2;1');
FILE_NAME('Open CASCADE Shape Model','2026-10-01T15:37:40',('Author'),(
    'Open CASCADE'),'Open CASCADE STEP processor 8.0','build123d',
  'Unknown');
FILE_SCHEMA(('AUTOMOTIVE_DESIGN { 1 0 10303 214 1 1 1 1 }'));
ENDSEC;
DATA;
#1 = APPLICATION_PROTOCOL_DEFINITION('international standard',
  'automotive_design',2000,#2);
#2 = APPLICATION_CONTEXT(
  'core data for automotive mechanical design processes');
#3 = SHAPE_DEFINITION_REPRESENTATION(#4,#10);
#4 = PRODUCT_DEFINITION_SHAPE('','',#5);
#5 = PRODUCT_DEFINITION('design','',#6,#9);
#6 = PRODUCT_DEFINITION_FORMATION('','',#7);
#7 = PRODUCT('COMPOUND','COMPOUND','',(#8));
#8 = PRODUCT_CONTEXT('',#2,'mechanical');
#9 = PRODUCT_DEFINITION_CONTEXT('part definition',#2,'design');
#10 = SHAPE_REPRESENTATION('',(#11,#15,#19),#23);
#11 = AXIS2_PLACEMENT_3D('',#12,#13,#14);
#12 = CARTESIAN_POINT('',(0.,0.,0.));
#13 = DIRECTION('',(0.,0.,1.));
#14 = DIRECTION('',(1.,0.,-0.));
#15 = AXIS2_PLACEMENT_3D('',#16,#17,#18);
#16 = CARTESIAN_POINT('',(0.,0.,0.));
#17 = DIRECTION('',(0.,0.,1.));
#18 = DIRECTION('',(1.,0.,-0.));
#19 = AXIS2_PLACEMENT_3D('',#20,#21,#22);
#20 = CARTESIAN_POINT('',(0.,0.,0.));
#21 = DIRECTION('',(0.,0.,1.));
#22 = DIRECTION('',(1.,0.,-0.));
#23 = ( GEOMETRIC_REPRESENTATION_CONTEXT(3) 
GLOBAL_UNCERTAINTY_ASSIGNED_CONTEXT((#27)) GLOBAL_UNIT_ASSIGNED_CONTEXT(
(#24,#25,#26)) REPRESENTATION_CONTEXT('Context #1',
  '3D Context with UNIT and UNCERTAINTY') );
#24 = ( LENGTH_UNIT() NAMED_UNIT(*) SI_UNIT(.MILLI.,.METRE.) );
#25 = ( NAMED_UNIT(*) PLANE_ANGLE_UNIT() SI_UNIT($,.RADIAN.) );
#26 = ( NAMED_UNIT(*) SI_UNIT($,.STERADIAN.) SOLID_ANGLE_UNIT() );
#27 = UNCERTAINTY_MEASURE_WITH_UNIT(LENGTH_MEASURE(2.E-07),#24,
  'distance_accuracy_value','confusion accuracy');
#28 = PRODUCT_RELATED_PRODUCT_CATEGORY('part',$,(#7));
#29 = SHAPE_DEFINITION_REPRESENTATION(#30,#36);
#30 = PRODUCT_DEFINITION_SHAPE('','',#31);
#31 = PRODUCT_DEFINITION('design','',#32,#35);
#32 = PRODUCT_DEFINITION_FORMATION('','',#33);
#33 = PRODUCT('COMPOUND','COMPOUND','',(#34));
#34 = PRODUCT_CONTEXT('',#2,'mechanical');
#35 = PRODUCT_DEFINITION_CONTEXT('part definition',#2,'design');
#36 = SHAPE_REPRESENTATION('',(#11,#37,#2393,#4597,#6435,#7504,#7704),
  #7904);
#37 = MANIFOLD_SOLID_BREP('',#38);
#38 = CLOSED_SHELL('',(#39,#159,#316,#1662,#1693,#1768,#1837,#1843,#1848
    ,#1854,#1972,#2074,#2129,#2133,#2182,#2231,#2289,#2344,#2348,#2358,
    #2386));
#39 = ADVANCED_FACE('',(#40),#54,.F.);
#40 = FACE_BOUND('',#41,.F.);
#41 = EDGE_LOOP('',(#42,#77,#105,#132));
#42 = ORIENTED_EDGE('',*,*,#43,.F.);
#43 = EDGE_CURVE('',#44,#46,#48,.T.);
#44 = VERTEX_POINT('',#45);
#45 = CARTESIAN_POINT('',(-440.,-7.347880794884E-16,107.));
#46 = VERTEX_POINT('',#47);
#47 = CARTESIAN_POINT('',(-440.,-7.831247229319E-14,113.));
#48 = SURFACE_CURVE('',#49,(#53,#65),.PCURVE_S1.);
#49 = LINE('',#50,#51);
#50 = CARTESIAN_POINT('',(-440.,-2.449293598295E-15,-470.));
#51 = VECTOR('',#52,1.);
#52 = DIRECTION('',(0.,0.,1.));
#53 = PCURVE('',#54,#59);
#54 = PLANE('',#55);
#55 = AXIS2_PLACEMENT_3D('',#56,#57,#58);
#56 = CARTESIAN_POINT('',(-440.,0.,110.));
#57 = DIRECTION('',(1.,0.,2.22044604925E-16));
#58 = DIRECTION('',(2.22044604925E-16,0.,-1.));
#59 = DEFINITIONAL_REPRESENTATION('',(#60),#64);
#60 = LINE('',#61,#62);
#61 = CARTESIAN_POINT('',(580.,-2.449293598295E-15));
#62 = VECTOR('',#63,1.);
#63 = DIRECTION('',(-1.,0.));
#64 = ( GEOMETRIC_REPRESENTATION_CONTEXT(2) 
PARAMETRIC_REPRESENTATION_CONTEXT() REPRESENTATION_CONTEXT('2D SPACE',''
  ) );
#65 = PCURVE('',#66,#71);
#66 = PLANE('',#67);
#67 = AXIS2_PLACEMENT_3D('',#68,#69,#70);
#68 = CARTESIAN_POINT('',(-440.,0.,110.));
#69 = DIRECTION('',(1.,0.,2.22044604925E-16));
#70 = DIRECTION('',(2.22044604925E-16,0.,-1.));
#71 = DEFINITIONAL_REPRESENTATION('',(#72),#76);
#72 = LINE('',#73,#74);
#73 = CARTESIAN_POINT('',(580.,-2.449293598295E-15));
#74 = VECTOR('',#75,1.);
#75 = DIRECTION('',(-1.,0.));
#76 = ( GEOMETRIC_REPRESENTATION_CONTEXT(2) 
PARAMETRIC_REPRESENTATION_CONTEXT() REPRESENTATION_CONTEXT('2D SPACE',''
  ) );
#77 = ORIENTED_EDGE('',*,*,#78,.T.);
#78 = EDGE_CURVE('',#44,#79,#81,.T.);
#79 = VERTEX_POINT('',#80);
#80 = CARTESIAN_POINT('',(-440.,2.25,108.0156865167));
#81 = SURFACE_CURVE('',#82,(#87,#94),.PCURVE_S1.);
#82 = CIRCLE('',#83,3.);
#83 = AXIS2_PLACEMENT_3D('',#84,#85,#86);
#84 = CARTESIAN_POINT('',(-440.,0.,110.));
#85 = DIRECTION('',(1.,-0.,2.22044604925E-16));
#86 = DIRECTION('',(2.22044604925E-16,0.,-1.));
#87 = PCURVE('',#54,#88);
#88 = DEFINITIONAL_REPRESENTATION('',(#89),#93);
#89 = CIRCLE('',#90,3.);
#90 = AXIS2_PLACEMENT_2D('',#91,#92);
#91 = CARTESIAN_POINT('',(0.,0.));
#92 = DIRECTION('',(1.,0.));
#93 = ( GEOMETRIC_REPRESENTATION_CONTEXT(2) 
PARAMETRIC_REPRESENTATION_CONTEXT() REPRESENTATION_CONTEXT('2D SPACE',''
  ) );
#94 = PCURVE('',#95,#100);
#95 = CYLINDRICAL_SURFACE('',#96,3.);
#96 = AXIS2_PLACEMENT_3D('',#97,#98,#99);
#97 = CARTESIAN_POINT('',(-430.,0.,110.));
#98 = DIRECTION('',(1.,0.,2.22044604925E-16));
#99 = DIRECTION('',(2.22044604925E-16,0.,-1.));
#100 = DEFINITIONAL_REPRESENTATION('',(#101),#104);
#101 = B_SPLINE_CURVE_WITH_KNOTS('',1,(#102,#103),.UNSPECIFIED.,.F.,.F.,
  (2,2),(0.,0.848062078981),.PIECEWISE_BEZIER_KNOTS.);
#102 = CARTESIAN_POINT('',(6.28318530718,-10.));
#103 = CARTESIAN_POINT('',(7.131247386161,-10.));
#104 = ( GEOMETRIC_REPRESENTATION_CONTEXT(2) 
PARAMETRIC_REPRESENTATION_CONTEXT() REPRESENTATION_CONTEXT('2D SPACE',''
  ) );
#105 = ORIENTED_EDGE('',*,*,#106,.T.);
#106 = EDGE_CURVE('',#79,#107,#109,.T.);
#107 = VERTEX_POINT('',#108);
#108 = CARTESIAN_POINT('',(-440.,2.25,111.98431348329));
#109 = SURFACE_CURVE('',#110,(#114,#121),.PCURVE_S1.);
#110 = LINE('',#111,#112);
#111 = CARTESIAN_POINT('',(-440.,2.25,50.));
#112 = VECTOR('',#113,1.);
#113 = DIRECTION('',(0.,0.,1.));
#114 = PCURVE('',#54,#115);
#115 = DEFINITIONAL_REPRESENTATION('',(#116),#120);
#116 = LINE('',#117,#118);
#117 = CARTESIAN_POINT('',(60.,2.25));
#118 = VECTOR('',#119,1.);
#119 = DIRECTION('',(-1.,0.));
#120 = ( GEOMETRIC_REPRESENTATION_CONTEXT(2) 
PARAMETRIC_REPRESENTATION_CONTEXT() REPRESENTATION_CONTEXT('2D SPACE',''
  ) );
#121 = PCURVE('',#122,#127);
#122 = CYLINDRICAL_SURFACE('',#123,10.25);
#123 = AXIS2_PLACEMENT_3D('',#124,#125,#126);
#124 = CARTESIAN_POINT('',(-450.,0.,50.));
#125 = DIRECTION('',(0.,0.,1.));
#126 = DIRECTION('',(1.,0.,-0.));
#127 = DEFINITIONAL_REPRESENTATION('',(#128),#131);
#128 = B_SPLINE_CURVE_WITH_KNOTS('',1,(#129,#130),.UNSPECIFIED.,.F.,.F.,
  (2,2),(56.4,63.6),.PIECEWISE_BEZIER_KNOTS.);
#129 = CARTESIAN_POINT('',(0.221314442348,56.4));
#130 = CARTESIAN_POINT('',(0.221314442348,63.6));
#131 = ( GEOMETRIC_REPRESENTATION_CONTEXT(2) 
PARAMETRIC_REPRESENTATION_CONTEXT() REPRESENTATION_CONTEXT('2D SPACE',''
  ) );
#132 = ORIENTED_EDGE('',*,*,#133,.T.);
#133 = EDGE_CURVE('',#107,#46,#134,.T.);
#134 = SURFACE_CURVE('',#135,(#140,#147),.PCURVE_S1.);
#135 = CIRCLE('',#136,3.);
#136 = AXIS2_PLACEMENT_3D('',#137,#138,#139);
#137 = CARTESIAN_POINT('',(-440.,0.,110.));
#138 = DIRECTION('',(1.,-0.,2.22044604925E-16));
#139 = DIRECTION('',(2.22044604925E-16,0.,-1.));
#140 = PCURVE('',#54,#141);
#141 = DEFINITIONAL_REPRESENTATION('',(#142),#146);
#142 = CIRCLE('',#143,3.);
#143 = AXIS2_PLACEMENT_2D('',#144,#145);
#144 = CARTESIAN_POINT('',(0.,0.));
#145 = DIRECTION('',(1.,0.));
#146 = ( GEOMETRIC_REPRESENTATION_CONTEXT(2) 
PARAMETRIC_REPRESENTATION_CONTEXT() REPRESENTATION_CONTEXT('2D SPACE',''
  ) );
#147 = PCURVE('',#148,#153);
#148 = CYLINDRICAL_SURFACE('',#149,3.);
#149 = AXIS2_PLACEMENT_3D('',#150,#151,#152);
#150 = CARTESIAN_POINT('',(-430.,0.,110.));
#151 = DIRECTION('',(1.,0.,2.22044604925E-16));
#152 = DIRECTION('',(2.22044604925E-16,0.,-1.));
#153 = DEFINITIONAL_REPRESENTATION('',(#154),#158);
#154 = LINE('',#155,#156);
#155 = CARTESIAN_POINT('',(0.,-10.));
#156 = VECTOR('',#157,1.);
#157 = DIRECTION('',(1.,0.));
#158 = ( GEOMETRIC_REPRESENTATION_CONTEXT(2) 
PARAMETRIC_REPRESENTATION_CONTEXT() REPRESENTATION_CONTEXT('2D SPACE',''
  ) );
#159 = ADVANCED_FACE('',(#160),#95,.T.);
#160 = FACE_BOUND('',#161,.T.);
#161 = EDGE_LOOP('',(#162,#230,#294,#315));
#162 = ORIENTED_EDGE('',*,*,#163,.F.);
#163 = EDGE_CURVE('',#164,#79,#166,.T.);
#164 = VERTEX_POINT('',#165);
#165 = CARTESIAN_POINT('',(-439.75,-1.62265700887E-15,107.));
#166 = SURFACE_CURVE('',#167,(#180,#214),.PCURVE_S1.);
#167 = B_SPLINE_CURVE_WITH_KNOTS('',6,(#168,#169,#170,#171,#172,#173,
    #174,#175,#176,#177,#178,#179),.UNSPECIFIED.,.F.,.F.,(7,5,7),(0.,
    0.493352168373,1.),.UNSPECIFIED.);
#168 = CARTESIAN_POINT('',(-439.75,-3.673940397442E-16,107.));
#169 = CARTESIAN_POINT('',(-439.75,0.230186327547,107.));
#170 = CARTESIAN_POINT('',(-439.7562030377,0.45904730463,107.02119446638
    ));
#171 = CARTESIAN_POINT('',(-439.7684763276,0.68293457515,107.0631246627)
  );
#172 = CARTESIAN_POINT('',(-439.7860561187,0.898314133411,107.1242245625
    ));
#173 = CARTESIAN_POINT('',(-439.8076238319,1.102025667692,
    107.20185364764));
#174 = CARTESIAN_POINT('',(-439.8564133637,1.486148075338,
    107.38507063765));
#175 = CARTESIAN_POINT('',(-439.8839138417,1.6669018536,107.49188934725)
  );
#176 = CARTESIAN_POINT('',(-439.9130004805,1.833547321476,
    107.61025927397));
#177 = CARTESIAN_POINT('',(-439.9426025425,1.986122891969,107.7381314045
    ));
#178 = CARTESIAN_POINT('',(-439.971839169,2.124840907003,107.87376906035
    ));
#179 = CARTESIAN_POINT('',(-440.0000006,2.250002666747,108.01568954051)
  );
#180 = PCURVE('',#95,#181);
#181 = DEFINITIONAL_REPRESENTATION('',(#182),#213);
#182 = B_SPLINE_CURVE_WITH_KNOTS('',8,(#183,#184,#185,#186,#187,#188,
    #189,#190,#191,#192,#193,#194,#195,#196,#197,#198,#199,#200,#201,
    #202,#203,#204,#205,#206,#207,#208,#209,#210,#211,#212),
  .UNSPECIFIED.,.F.,.F.,(9,7,7,7,9),(0.,0.249999550215,0.437499212877,
    0.507811586375,0.999998200862),.UNSPECIFIED.);
#183 = CARTESIAN_POINT('',(6.28318530718,-9.75));
#184 = CARTESIAN_POINT('',(6.312346260572,-9.75));
#185 = CARTESIAN_POINT('',(6.34144644314,-9.750853259233));
#186 = CARTESIAN_POINT('',(6.37046712206,-9.752553742589));
#187 = CARTESIAN_POINT('',(6.399389446073,-9.755086256869));
#188 = CARTESIAN_POINT('',(6.428194149242,-9.758427006397));
#189 = CARTESIAN_POINT('',(6.456861254709,-9.762544148636));
#190 = CARTESIAN_POINT('',(6.485369778455,-9.767398349799));
#191 = CARTESIAN_POINT('',(6.534943174018,-9.777102083467));
#192 = CARTESIAN_POINT('',(6.556087175704,-9.781649411448));
#193 = CARTESIAN_POINT('',(6.577120029602,-9.786565885871));
#194 = CARTESIAN_POINT('',(6.598031915073,-9.791829907353));
#195 = CARTESIAN_POINT('',(6.61881251867,-9.797417965061));
#196 = CARTESIAN_POINT('',(6.639450953456,-9.803304886102));
#197 = CARTESIAN_POINT('',(6.659935678315,-9.809464084924));
#198 = CARTESIAN_POINT('',(6.687873944374,-9.818269210622));
#199 = CARTESIAN_POINT('',(6.695469769167,-9.820704868624));
#200 = CARTESIAN_POINT('',(6.703044457216,-9.823174459947));
#201 = CARTESIAN_POINT('',(6.710584531096,-9.825671991137));
#202 = CARTESIAN_POINT('',(6.718119060647,-9.828206378545));
#203 = CARTESIAN_POINT('',(6.725604154082,-9.830761046833));
#204 = CARTESIAN_POINT('',(6.733076267231,-9.833347308387));
#205 = CARTESIAN_POINT('',(6.792668086178,-9.854252756862));
#206 = CARTESIAN_POINT('',(6.843731671345,-9.873882527293));
#207 = CARTESIAN_POINT('',(6.893794022753,-9.894462000315));
#208 = CARTESIAN_POINT('',(6.942922810897,-9.915627829646));
#209 = CARTESIAN_POINT('',(6.991178662723,-9.937046963909));
#210 = CARTESIAN_POINT('',(7.038617351986,-9.958419960174));
#211 = CARTESIAN_POINT('',(7.085290871339,-9.979481770288));
#212 = CARTESIAN_POINT('',(7.131247386162,-9.999999999991));
#213 = ( GEOMETRIC_REPRESENTATION_CONTEXT(2) 
PARAMETRIC_REPRESENTATION_CONTEXT() REPRESENTATION_CONTEXT('2D SPACE',''
  ) );
#214 = PCURVE('',#122,#215);
#215 = DEFINITIONAL_REPRESENTATION('',(#216),#229);
#216 = B_SPLINE_CURVE_WITH_KNOTS('',6,(#217,#218,#219,#220,#221,#222,
    #223,#224,#225,#226,#227,#228),.UNSPECIFIED.,.F.,.F.,(7,5,7),(0.,
    0.493352168373,1.),.UNSPECIFIED.);
#217 = CARTESIAN_POINT('',(0.,57.));
#218 = CARTESIAN_POINT('',(2.245720268751E-02,57.));
#219 = CARTESIAN_POINT('',(4.478511819096E-02,57.021194466383));
#220 = CARTESIAN_POINT('',(6.664808642395E-02,57.063124662709));
#221 = CARTESIAN_POINT('',(8.772094398582E-02,57.124224562507));
#222 = CARTESIAN_POINT('',(0.107701985192,57.201853647647));
#223 = CARTESIAN_POINT('',(0.145478426737,57.385070637655));
#224 = CARTESIAN_POINT('',(0.163310451154,57.491889347251));
#225 = CARTESIAN_POINT('',(0.179809167203,57.610259273977));
#226 = CARTESIAN_POINT('',(0.194969029365,57.738131404501));
#227 = CARTESIAN_POINT('',(0.208798532297,57.873769060352));
#228 = CARTESIAN_POINT('',(0.221314709022,58.015689540513));
#229 = ( GEOMETRIC_REPRESENTATION_CONTEXT(2) 
PARAMETRIC_REPRESENTATION_CONTEXT() REPRESENTATION_CONTEXT('2D SPACE',''
  ) );
#230 = ORIENTED_EDGE('',*,*,#231,.F.);
#231 = EDGE_CURVE('',#232,#164,#234,.T.);
#232 = VERTEX_POINT('',#233);
#233 = CARTESIAN_POINT('',(-440.,-2.25,108.0156865167));
#234 = SURFACE_CURVE('',#235,(#248,#278),.PCURVE_S1.);
#235 = B_SPLINE_CURVE_WITH_KNOTS('',6,(#236,#237,#238,#239,#240,#241,
    #242,#243,#244,#245,#246,#247),.UNSPECIFIED.,.F.,.F.,(7,5,7),(0.,
    0.521879813084,1.),.UNSPECIFIED.);
#236 = CARTESIAN_POINT('',(-440.0000006,-2.250002666747,108.01568954051)
  );
#237 = CARTESIAN_POINT('',(-439.9709870337,-2.121053643785,
    107.86947469587));
#238 = CARTESIAN_POINT('',(-439.9408244129,-1.977681046643,
    107.72988973278));
#239 = CARTESIAN_POINT('',(-439.9102956955,-1.819575469526,
    107.5986008446));
#240 = CARTESIAN_POINT('',(-439.8803764255,-1.64653550466,
    107.47753706607));
#241 = CARTESIAN_POINT('',(-439.8522532331,-1.458561133183,
    107.36896202309));
#242 = CARTESIAN_POINT('',(-439.8043269332,-1.070383787572,
    107.19000981565));
#243 = CARTESIAN_POINT('',(-439.783913453,-0.871632107021,
    107.11678017013));
#244 = CARTESIAN_POINT('',(-439.7673514306,-0.66212818972,107.0592817712
    ));
#245 = CARTESIAN_POINT('',(-439.7558212166,-0.444822133049,
    107.01988977423));
#246 = CARTESIAN_POINT('',(-439.75,-0.222988956083,107.));
#247 = CARTESIAN_POINT('',(-439.75,-1.7763568394E-15,107.));
#248 = PCURVE('',#95,#249);
#249 = DEFINITIONAL_REPRESENTATION('',(#250),#277);
#250 = B_SPLINE_CURVE_WITH_KNOTS('',9,(#251,#252,#253,#254,#255,#256,
    #257,#258,#259,#260,#261,#262,#263,#264,#265,#266,#267,#268,#269,
    #270,#271,#272,#273,#274,#275,#276),.UNSPECIFIED.,.F.,.F.,(10,8,8,10
    ),(1.798798191846E-06,0.500000899399,0.562500786974,1.),
  .UNSPECIFIED.);
#251 = CARTESIAN_POINT('',(5.435123228198,-9.999999999991));
#252 = CARTESIAN_POINT('',(5.476629724578,-9.981468572396));
#253 = CARTESIAN_POINT('',(5.518718586544,-9.962497681383));
#254 = CARTESIAN_POINT('',(5.561420220421,-9.943251267472));
#255 = CARTESIAN_POINT('',(5.60476784745,-9.923912588258));
#256 = CARTESIAN_POINT('',(5.648797354241,-9.904684929517));
#257 = CARTESIAN_POINT('',(5.693547571141,-9.885791387617));
#258 = CARTESIAN_POINT('',(5.739060978508,-9.867473723225));
#259 = CARTESIAN_POINT('',(5.785384840908,-9.849990286306));
#260 = CARTESIAN_POINT('',(5.838471260256,-9.831565853186));
#261 = CARTESIAN_POINT('',(5.844382680176,-9.82953616924));
#262 = CARTESIAN_POINT('',(5.85031236909,-9.827522735461));
#263 = CARTESIAN_POINT('',(5.856240356748,-9.825532848481));
#264 = CARTESIAN_POINT('',(5.862205613579,-9.823553868453));
#265 = CARTESIAN_POINT('',(5.868173703217,-9.821598219016));
#266 = CARTESIAN_POINT('',(5.874161347816,-9.819660683064));
#267 = CARTESIAN_POINT('',(5.880163179473,-9.817743743725));
#268 = CARTESIAN_POINT('',(5.928295173105,-9.802576216568));
#269 = CARTESIAN_POINT('',(5.971127094084,-9.790334439346));
#270 = CARTESIAN_POINT('',(6.014567356127,-9.779359619414));
#271 = CARTESIAN_POINT('',(6.05852041054,-9.76987015155));
#272 = CARTESIAN_POINT('',(6.102900559954,-9.762056205464));
#273 = CARTESIAN_POINT('',(6.147629424491,-9.75607215008));
#274 = CARTESIAN_POINT('',(6.19263355954,-9.752030873693));
#275 = CARTESIAN_POINT('',(6.237842225173,-9.75));
#276 = CARTESIAN_POINT('',(6.28318530718,-9.75));
#277 = ( GEOMETRIC_REPRESENTATION_CONTEXT(2) 
PARAMETRIC_REPRESENTATION_CONTEXT() REPRESENTATION_CONTEXT('2D SPACE',''
  ) );
#278 = PCURVE('',#122,#279);
#279 = DEFINITIONAL_REPRESENTATION('',(#280),#293);
#280 = B_SPLINE_CURVE_WITH_KNOTS('',6,(#281,#282,#283,#284,#285,#286,
    #287,#288,#289,#290,#291,#292),.UNSPECIFIED.,.F.,.F.,(7,5,7),(0.,
    0.521879813084,1.),.UNSPECIFIED.);
#281 = CARTESIAN_POINT('',(6.061870598157,58.015689540513));
#282 = CARTESIAN_POINT('',(6.074765501227,57.869474695879));
#283 = CARTESIAN_POINT('',(6.089057861278,57.729889732784));
#284 = CARTESIAN_POINT('',(6.104764263335,57.598600844606));
#285 = CARTESIAN_POINT('',(6.121890901544,57.477537066076));
#286 = CARTESIAN_POINT('',(6.140427864367,57.368962023097));
#287 = CARTESIAN_POINT('',(6.178586378035,57.190009815652));
#288 = CARTESIAN_POINT('',(6.198074712191,57.116780170137));
#289 = CARTESIAN_POINT('',(6.218568956152,57.059281771208));
#290 = CARTESIAN_POINT('',(6.239788012713,57.01988977423));
#291 = CARTESIAN_POINT('',(6.261430287074,57.));
#292 = CARTESIAN_POINT('',(6.28318530718,57.));
#293 = ( GEOMETRIC_REPRESENTATION_CONTEXT(2) 
PARAMETRIC_REPRESENTATION_CONTEXT() REPRESENTATION_CONTEXT('2D SPACE',''
  ) );
#294 = ORIENTED_EDGE('',*,*,#295,.T.);
#295 = EDGE_CURVE('',#232,#44,#296,.T.);
#296 = SURFACE_CURVE('',#297,(#302,#308),.PCURVE_S1.);
#297 = CIRCLE('',#298,3.);
#298 = AXIS2_PLACEMENT_3D('',#299,#300,#301);
#299 = CARTESIAN_POINT('',(-440.,0.,110.));
#300 = DIRECTION('',(1.,-0.,2.22044604925E-16));
#301 = DIRECTION('',(2.22044604925E-16,0.,-1.));
#302 = PCURVE('',#95,#303);
#303 = DEFINITIONAL_REPRESENTATION('',(#304),#307);
#304 = B_SPLINE_CURVE_WITH_KNOTS('',1,(#305,#306),.UNSPECIFIED.,.F.,.F.,
  (2,2),(5.435123228198,6.28318530718),.PIECEWISE_BEZIER_KNOTS.);
#305 = CARTESIAN_POINT('',(5.435123228198,-10.));
#306 = CARTESIAN_POINT('',(6.28318530718,-10.));
#307 = ( GEOMETRIC_REPRESENTATION_CONTEXT(2) 
PARAMETRIC_REPRESENTATION_CONTEXT() REPRESENTATION_CONTEXT('2D SPACE',''
  ) );
#308 = PCURVE('',#66,#309);
#309 = DEFINITIONAL_REPRESENTATION('',(#310),#314);
#310 = CIRCLE('',#311,3.);
#311 = AXIS2_PLACEMENT_2D('',#312,#313);
#312 = CARTESIAN_POINT('',(0.,0.));
#313 = DIRECTION('',(1.,0.));
#314 = ( GEOMETRIC_REPRESENTATION_CONTEXT(2) 
PARAMETRIC_REPRESENTATION_CONTEXT() REPRESENTATION_CONTEXT('2D SPACE',''
  ) );
#315 = ORIENTED_EDGE('',*,*,#78,.T.);
#316 = ADVANCED_FACE('',(#317,#576),#122,.F.);
#317 = FACE_BOUND('',#318,.F.);
#318 = EDGE_LOOP('',(#319,#342,#369,#370,#371,#393,#461,#484,#511,#512,
    #574,#575));
#319 = ORIENTED_EDGE('',*,*,#320,.F.);
#320 = EDGE_CURVE('',#321,#164,#323,.T.);
#321 = VERTEX_POINT('',#322);
#322 = CARTESIAN_POINT('',(-439.75,-2.510525938252E-15,80.));
#323 = SEAM_CURVE('',#324,(#328,#335),.PCURVE_S1.);
#324 = LINE('',#325,#326);
#325 = CARTESIAN_POINT('',(-439.75,-2.510525938252E-15,50.));
#326 = VECTOR('',#327,1.);
#327 = DIRECTION('',(0.,0.,1.));
#328 = PCURVE('',#122,#329);
#329 = DEFINITIONAL_REPRESENTATION('',(#330),#334);
#330 = LINE('',#331,#332);
#331 = CARTESIAN_POINT('',(0.,-0.));
#332 = VECTOR('',#333,1.);
#333 = DIRECTION('',(0.,1.));
#334 = ( GEOMETRIC_REPRESENTATION_CONTEXT(2) 
PARAMETRIC_REPRESENTATION_CONTEXT() REPRESENTATION_CONTEXT('2D SPACE',''
  ) );
#335 = PCURVE('',#122,#336);
#336 = DEFINITIONAL_REPRESENTATION('',(#337),#341);
#337 = LINE('',#338,#339);
#338 = CARTESIAN_POINT('',(6.28318530718,-0.));
#339 = VECTOR('',#340,1.);
#340 = DIRECTION('',(0.,1.));
#341 = ( GEOMETRIC_REPRESENTATION_CONTEXT(2) 
PARAMETRIC_REPRESENTATION_CONTEXT() REPRESENTATION_CONTEXT('2D SPACE',''
  ) );
#342 = ORIENTED_EDGE('',*,*,#343,.T.);
#343 = EDGE_CURVE('',#321,#321,#344,.T.);
#344 = SURFACE_CURVE('',#345,(#350,#357),.PCURVE_S1.);
#345 = CIRCLE('',#346,10.25);
#346 = AXIS2_PLACEMENT_3D('',#347,#348,#349);
#347 = CARTESIAN_POINT('',(-450.,0.,80.));
#348 = DIRECTION('',(0.,0.,1.));
#349 = DIRECTION('',(1.,0.,-0.));
#350 = PCURVE('',#122,#351);
#351 = DEFINITIONAL_REPRESENTATION('',(#352),#356);
#352 = LINE('',#353,#354);
#353 = CARTESIAN_POINT('',(0.,30.));
#354 = VECTOR('',#355,1.);
#355 = DIRECTION('',(1.,0.));
#356 = ( GEOMETRIC_REPRESENTATION_CONTEXT(2) 
PARAMETRIC_REPRESENTATION_CONTEXT() REPRESENTATION_CONTEXT('2D SPACE',''
  ) );
#357 = PCURVE('',#358,#363);
#358 = PLANE('',#359);
#359 = AXIS2_PLACEMENT_3D('',#360,#361,#362);
#360 = CARTESIAN_POINT('',(-470.,-20.,80.));
#361 = DIRECTION('',(0.,0.,1.));
#362 = DIRECTION('',(1.,0.,-0.));
#363 = DEFINITIONAL_REPRESENTATION('',(#364),#368);
#364 = CIRCLE('',#365,10.25);
#365 = AXIS2_PLACEMENT_2D('',#366,#367);
#366 = CARTESIAN_POINT('',(20.,20.));
#367 = DIRECTION('',(1.,0.));
#368 = ( GEOMETRIC_REPRESENTATION_CONTEXT(2) 
PARAMETRIC_REPRESENTATION_CONTEXT() REPRESENTATION_CONTEXT('2D SPACE',''
  ) );
#369 = ORIENTED_EDGE('',*,*,#320,.T.);
#370 = ORIENTED_EDGE('',*,*,#231,.F.);
#371 = ORIENTED_EDGE('',*,*,#372,.T.);
#372 = EDGE_CURVE('',#232,#373,#375,.T.);
#373 = VERTEX_POINT('',#374);
#374 = CARTESIAN_POINT('',(-440.,-2.25,111.98431348329));
#375 = SURFACE_CURVE('',#376,(#380,#386),.PCURVE_S1.);
#376 = LINE('',#377,#378);
#377 = CARTESIAN_POINT('',(-440.,-2.25,50.));
#378 = VECTOR('',#379,1.);
#379 = DIRECTION('',(0.,0.,1.));
#380 = PCURVE('',#122,#381);
#381 = DEFINITIONAL_REPRESENTATION('',(#382),#385);
#382 = B_SPLINE_CURVE_WITH_KNOTS('',1,(#383,#384),.UNSPECIFIED.,.F.,.F.,
  (2,2),(56.4,63.6),.PIECEWISE_BEZIER_KNOTS.);
#383 = CARTESIAN_POINT('',(6.061870864832,56.4));
#384 = CARTESIAN_POINT('',(6.061870864832,63.6));
#385 = ( GEOMETRIC_REPRESENTATION_CONTEXT(2) 
PARAMETRIC_REPRESENTATION_CONTEXT() REPRESENTATION_CONTEXT('2D SPACE',''
  ) );
#386 = PCURVE('',#66,#387);
#387 = DEFINITIONAL_REPRESENTATION('',(#388),#392);
#388 = LINE('',#389,#390);
#389 = CARTESIAN_POINT('',(60.,-2.25));
#390 = VECTOR('',#391,1.);
#391 = DIRECTION('',(-1.,0.));
#392 = ( GEOMETRIC_REPRESENTATION_CONTEXT(2) 
PARAMETRIC_REPRESENTATION_CONTEXT() REPRESENTATION_CONTEXT('2D SPACE',''
  ) );
#393 = ORIENTED_EDGE('',*,*,#394,.F.);
#394 = EDGE_CURVE('',#395,#373,#397,.T.);
#395 = VERTEX_POINT('',#396);
#396 = CARTESIAN_POINT('',(-439.75,-2.510525938252E-15,113.));
#397 = SURFACE_CURVE('',#398,(#411,#427),.PCURVE_S1.);
#398 = B_SPLINE_CURVE_WITH_KNOTS('',6,(#399,#400,#401,#402,#403,#404,
    #405,#406,#407,#408,#409,#410),.UNSPECIFIED.,.F.,.F.,(7,5,7),(0.,
    0.493352168373,1.),.UNSPECIFIED.);
#399 = CARTESIAN_POINT('',(-439.75,-8.881784197001E-16,113.));
#400 = CARTESIAN_POINT('',(-439.75,-0.230186327547,113.));
#401 = CARTESIAN_POINT('',(-439.7562030377,-0.45904730463,
    112.97880553361));
#402 = CARTESIAN_POINT('',(-439.7684763276,-0.68293457515,
    112.93687533729));
#403 = CARTESIAN_POINT('',(-439.7860561187,-0.898314133411,
    112.87577543749));
#404 = CARTESIAN_POINT('',(-439.8076238319,-1.102025667692,
    112.79814635235));
#405 = CARTESIAN_POINT('',(-439.8564133637,-1.486148075338,
    112.61492936234));
#406 = CARTESIAN_POINT('',(-439.8839138417,-1.6669018536,112.50811065274
    ));
#407 = CARTESIAN_POINT('',(-439.9130004805,-1.833547321476,
    112.38974072602));
#408 = CARTESIAN_POINT('',(-439.9426025425,-1.986122891969,
    112.26186859549));
#409 = CARTESIAN_POINT('',(-439.971839169,-2.124840907003,
    112.12623093964));
#410 = CARTESIAN_POINT('',(-440.0000006,-2.250002666747,111.98431045948)
  );
#411 = PCURVE('',#122,#412);
#412 = DEFINITIONAL_REPRESENTATION('',(#413),#426);
#413 = B_SPLINE_CURVE_WITH_KNOTS('',6,(#414,#415,#416,#417,#418,#419,
    #420,#421,#422,#423,#424,#425),.UNSPECIFIED.,.F.,.F.,(7,5,7),(0.,
    0.493352168373,1.),.UNSPECIFIED.);
#414 = CARTESIAN_POINT('',(6.28318530718,63.));
#415 = CARTESIAN_POINT('',(6.260728104492,63.));
#416 = CARTESIAN_POINT('',(6.238400188989,62.978805533617));
#417 = CARTESIAN_POINT('',(6.216537220756,62.936875337291));
#418 = CARTESIAN_POINT('',(6.195464363194,62.875775437493));
#419 = CARTESIAN_POINT('',(6.175483321987,62.798146352353));
#420 = CARTESIAN_POINT('',(6.137706880443,62.614929362345));
#421 = CARTESIAN_POINT('',(6.119874856026,62.508110652749));
#422 = CARTESIAN_POINT('',(6.103376139976,62.389740726023));
#423 = CARTESIAN_POINT('',(6.088216277815,62.261868595499));
#424 = CARTESIAN_POINT('',(6.074386774882,62.126230939648));
#425 = CARTESIAN_POINT('',(6.061870598157,61.984310459487));
#426 = ( GEOMETRIC_REPRESENTATION_CONTEXT(2) 
PARAMETRIC_REPRESENTATION_CONTEXT() REPRESENTATION_CONTEXT('2D SPACE',''
  ) );
#427 = PCURVE('',#148,#428);
#428 = DEFINITIONAL_REPRESENTATION('',(#429),#460);
#429 = B_SPLINE_CURVE_WITH_KNOTS('',8,(#430,#431,#432,#433,#434,#435,
    #436,#437,#438,#439,#440,#441,#442,#443,#444,#445,#446,#447,#448,
    #449,#450,#451,#452,#453,#454,#455,#456,#457,#458,#459),
  .UNSPECIFIED.,.F.,.F.,(9,7,7,7,9),(0.,0.249999550215,0.437499212877,
    0.507811586375,0.999998200862),.UNSPECIFIED.);
#430 = CARTESIAN_POINT('',(3.14159265359,-9.75));
#431 = CARTESIAN_POINT('',(3.170753606983,-9.75));
#432 = CARTESIAN_POINT('',(3.19985378955,-9.750853259233));
#433 = CARTESIAN_POINT('',(3.22887446847,-9.752553742589));
#434 = CARTESIAN_POINT('',(3.257796792484,-9.755086256869));
#435 = CARTESIAN_POINT('',(3.286601495652,-9.758427006397));
#436 = CARTESIAN_POINT('',(3.315268601119,-9.762544148636));
#437 = CARTESIAN_POINT('',(3.343777124866,-9.767398349799));
#438 = CARTESIAN_POINT('',(3.393350520428,-9.777102083467));
#439 = CARTESIAN_POINT('',(3.414494522114,-9.781649411448));
#440 = CARTESIAN_POINT('',(3.435527376013,-9.786565885871));
#441 = CARTESIAN_POINT('',(3.456439261483,-9.791829907353));
#442 = CARTESIAN_POINT('',(3.477219865081,-9.797417965061));
#443 = CARTESIAN_POINT('',(3.497858299866,-9.803304886102));
#444 = CARTESIAN_POINT('',(3.518343024725,-9.809464084924));
#445 = CARTESIAN_POINT('',(3.546281290784,-9.818269210622));
#446 = CARTESIAN_POINT('',(3.553877115578,-9.820704868624));
#447 = CARTESIAN_POINT('',(3.561451803624,-9.823174459947));
#448 = CARTESIAN_POINT('',(3.568991877495,-9.825671991137));
#449 = CARTESIAN_POINT('',(3.57652640706,-9.828206378545));
#450 = CARTESIAN_POINT('',(3.584011500494,-9.830761046833));
#451 = CARTESIAN_POINT('',(3.591483613641,-9.833347308387));
#452 = CARTESIAN_POINT('',(3.651075432589,-9.854252756862));
#453 = CARTESIAN_POINT('',(3.702139017755,-9.873882527293));
#454 = CARTESIAN_POINT('',(3.752201369163,-9.894462000315));
#455 = CARTESIAN_POINT('',(3.801330157307,-9.915627829647));
#456 = CARTESIAN_POINT('',(3.849586009133,-9.937046963909));
#457 = CARTESIAN_POINT('',(3.897024698396,-9.958419960174));
#458 = CARTESIAN_POINT('',(3.943698217749,-9.979481770288));
#459 = CARTESIAN_POINT('',(3.989654732572,-9.999999999991));
#460 = ( GEOMETRIC_REPRESENTATION_CONTEXT(2) 
PARAMETRIC_REPRESENTATION_CONTEXT() REPRESENTATION_CONTEXT('2D SPACE',''
  ) );
#461 = ORIENTED_EDGE('',*,*,#462,.T.);
#462 = EDGE_CURVE('',#395,#463,#465,.T.);
#463 = VERTEX_POINT('',#464);
#464 = CARTESIAN_POINT('',(-439.75,-2.510525938252E-15,140.));
#465 = SEAM_CURVE('',#466,(#470,#477),.PCURVE_S1.);
#466 = LINE('',#467,#468);
#467 = CARTESIAN_POINT('',(-439.75,-2.510525938252E-15,50.));
#468 = VECTOR('',#469,1.);
#469 = DIRECTION('',(0.,0.,1.));
#470 = PCURVE('',#122,#471);
#471 = DEFINITIONAL_REPRESENTATION('',(#472),#476);
#472 = LINE('',#473,#474);
#473 = CARTESIAN_POINT('',(6.28318530718,-0.));
#474 = VECTOR('',#475,1.);
#475 = DIRECTION('',(0.,1.));
#476 = ( GEOMETRIC_REPRESENTATION_CONTEXT(2) 
PARAMETRIC_REPRESENTATION_CONTEXT() REPRESENTATION_CONTEXT('2D SPACE',''
  ) );
#477 = PCURVE('',#122,#478);
#478 = DEFINITIONAL_REPRESENTATION('',(#479),#483);
#479 = LINE('',#480,#481);
#480 = CARTESIAN_POINT('',(0.,-0.));
#481 = VECTOR('',#482,1.);
#482 = DIRECTION('',(0.,1.));
#483 = ( GEOMETRIC_REPRESENTATION_CONTEXT(2) 
PARAMETRIC_REPRESENTATION_CONTEXT() REPRESENTATION_CONTEXT('2D SPACE',''
  ) );
#484 = ORIENTED_EDGE('',*,*,#485,.F.);
#485 = EDGE_CURVE('',#463,#463,#486,.T.);
#486 = SURFACE_CURVE('',#487,(#492,#499),.PCURVE_S1.);
#487 = CIRCLE('',#488,10.25);
#488 = AXIS2_PLACEMENT_3D('',#489,#490,#491);
#489 = CARTESIAN_POINT('',(-450.,0.,140.));
#490 = DIRECTION('',(0.,0.,1.));
#491 = DIRECTION('',(1.,0.,-0.));
#492 = PCURVE('',#122,#493);
#493 = DEFINITIONAL_REPRESENTATION('',(#494),#498);
#494 = LINE('',#495,#496);
#495 = CARTESIAN_POINT('',(0.,90.));
#496 = VECTOR('',#497,1.);
#497 = DIRECTION('',(1.,0.));
#498 = ( GEOMETRIC_REPRESENTATION_CONTEXT(2) 
PARAMETRIC_REPRESENTATION_CONTEXT() REPRESENTATION_CONTEXT('2D SPACE',''
  ) );
#499 = PCURVE('',#500,#505);
#500 = PLANE('',#501);
#501 = AXIS2_PLACEMENT_3D('',#502,#503,#504);
#502 = CARTESIAN_POINT('',(-470.,-20.,140.));
#503 = DIRECTION('',(0.,0.,1.));
#504 = DIRECTION('',(1.,0.,-0.));
#505 = DEFINITIONAL_REPRESENTATION('',(#506),#510);
#506 = CIRCLE('',#507,10.25);
#507 = AXIS2_PLACEMENT_2D('',#508,#509);
#508 = CARTESIAN_POINT('',(20.,20.));
#509 = DIRECTION('',(1.,0.));
#510 = ( GEOMETRIC_REPRESENTATION_CONTEXT(2) 
PARAMETRIC_REPRESENTATION_CONTEXT() REPRESENTATION_CONTEXT('2D SPACE',''
  ) );
#511 = ORIENTED_EDGE('',*,*,#462,.F.);
#512 = ORIENTED_EDGE('',*,*,#513,.F.);
#513 = EDGE_CURVE('',#107,#395,#514,.T.);
#514 = SURFACE_CURVE('',#515,(#528,#544),.PCURVE_S1.);
#515 = B_SPLINE_CURVE_WITH_KNOTS('',6,(#516,#517,#518,#519,#520,#521,
    #522,#523,#524,#525,#526,#527),.UNSPECIFIED.,.F.,.F.,(7,5,7),(0.,
    0.521879813062,1.),.UNSPECIFIED.);
#516 = CARTESIAN_POINT('',(-440.0000006,2.250002666747,111.98431045948)
  );
#517 = CARTESIAN_POINT('',(-439.9709870337,2.121053643785,
    112.13052530412));
#518 = CARTESIAN_POINT('',(-439.9408244129,1.977681046643,
    112.27011026721));
#519 = CARTESIAN_POINT('',(-439.9102956955,1.819575469527,
    112.40139915539));
#520 = CARTESIAN_POINT('',(-439.8803764255,1.64653550466,112.52246293392
    ));
#521 = CARTESIAN_POINT('',(-439.8522532331,1.458561133183,112.6310379769
    ));
#522 = CARTESIAN_POINT('',(-439.8043269332,1.070383787555,
    112.80999018435));
#523 = CARTESIAN_POINT('',(-439.783913453,0.871632107025,112.88321982985
    ));
#524 = CARTESIAN_POINT('',(-439.7673514306,0.662128189738,
    112.94071822878));
#525 = CARTESIAN_POINT('',(-439.7558212166,0.444822133053,
    112.98011022577));
#526 = CARTESIAN_POINT('',(-439.75,0.222988956065,113.));
#527 = CARTESIAN_POINT('',(-439.75,5.510910596163E-16,113.));
#528 = PCURVE('',#122,#529);
#529 = DEFINITIONAL_REPRESENTATION('',(#530),#543);
#530 = B_SPLINE_CURVE_WITH_KNOTS('',6,(#531,#532,#533,#534,#535,#536,
    #537,#538,#539,#540,#541,#542),.UNSPECIFIED.,.F.,.F.,(7,5,7),(0.,
    0.521879813062,1.),.UNSPECIFIED.);
#531 = CARTESIAN_POINT('',(0.221314709022,61.984310459487));
#532 = CARTESIAN_POINT('',(0.208419805953,62.130525304121));
#533 = CARTESIAN_POINT('',(0.194127445901,62.270110267216));
#534 = CARTESIAN_POINT('',(0.178421043844,62.401399155394));
#535 = CARTESIAN_POINT('',(0.161294405636,62.522462933924));
#536 = CARTESIAN_POINT('',(0.142757442812,62.631037976903));
#537 = CARTESIAN_POINT('',(0.104598929143,62.809990184355));
#538 = CARTESIAN_POINT('',(8.511059498894E-02,62.883219829857));
#539 = CARTESIAN_POINT('',(6.46163510292E-02,62.940718228788));
#540 = CARTESIAN_POINT('',(4.339729446663E-02,62.980110225773));
#541 = CARTESIAN_POINT('',(2.17550201039E-02,63.));
#542 = CARTESIAN_POINT('',(0.,63.));
#543 = ( GEOMETRIC_REPRESENTATION_CONTEXT(2) 
PARAMETRIC_REPRESENTATION_CONTEXT() REPRESENTATION_CONTEXT('2D SPACE',''
  ) );
#544 = PCURVE('',#148,#545);
#545 = DEFINITIONAL_REPRESENTATION('',(#546),#573);
#546 = B_SPLINE_CURVE_WITH_KNOTS('',9,(#547,#548,#549,#550,#551,#552,
    #553,#554,#555,#556,#557,#558,#559,#560,#561,#562,#563,#564,#565,
    #566,#567,#568,#569,#570,#571,#572),.UNSPECIFIED.,.F.,.F.,(10,8,8,10
    ),(1.798798194847E-06,0.500000899399,0.562500786974,1.),
  .UNSPECIFIED.);
#547 = CARTESIAN_POINT('',(2.293530574608,-9.999999999991));
#548 = CARTESIAN_POINT('',(2.33503707099,-9.981468572396));
#549 = CARTESIAN_POINT('',(2.377125932958,-9.962497681381));
#550 = CARTESIAN_POINT('',(2.419827566837,-9.94325126747));
#551 = CARTESIAN_POINT('',(2.463175193867,-9.923912588255));
#552 = CARTESIAN_POINT('',(2.507204700661,-9.904684929513));
#553 = CARTESIAN_POINT('',(2.551954917563,-9.885791387612));
#554 = CARTESIAN_POINT('',(2.597468324932,-9.86747372322));
#555 = CARTESIAN_POINT('',(2.643792187334,-9.8499902863));
#556 = CARTESIAN_POINT('',(2.696878606685,-9.83156585318));
#557 = CARTESIAN_POINT('',(2.702790026617,-9.829536169127));
#558 = CARTESIAN_POINT('',(2.708719715385,-9.827522735897));
#559 = CARTESIAN_POINT('',(2.714647703157,-9.825532847404));
#560 = CARTESIAN_POINT('',(2.720612960155,-9.823553869646));
#561 = CARTESIAN_POINT('',(2.726581049828,-9.821598218346));
#562 = CARTESIAN_POINT('',(2.732568694235,-9.819660683082));
#563 = CARTESIAN_POINT('',(2.738570525903,-9.817743743718));
#564 = CARTESIAN_POINT('',(2.786702519534,-9.802576216563));
#565 = CARTESIAN_POINT('',(2.829534440509,-9.790334439342));
#566 = CARTESIAN_POINT('',(2.872974702548,-9.779359619412));
#567 = CARTESIAN_POINT('',(2.916927756957,-9.769870151549));
#568 = CARTESIAN_POINT('',(2.961307906371,-9.762056205463));
#569 = CARTESIAN_POINT('',(3.006036770907,-9.756072150079));
#570 = CARTESIAN_POINT('',(3.051040905957,-9.752030873693));
#571 = CARTESIAN_POINT('',(3.096249571589,-9.75));
#572 = CARTESIAN_POINT('',(3.14159265359,-9.75));
#573 = ( GEOMETRIC_REPRESENTATION_CONTEXT(2) 
PARAMETRIC_REPRESENTATION_CONTEXT() REPRESENTATION_CONTEXT('2D SPACE',''
  ) );
#574 = ORIENTED_EDGE('',*,*,#106,.F.);
#575 = ORIENTED_EDGE('',*,*,#163,.F.);
#576 = FACE_BOUND('',#577,.F.);
#577 = EDGE_LOOP('',(#578,#719,#1050,#1333));
#578 = ORIENTED_EDGE('',*,*,#579,.T.);
#579 = EDGE_CURVE('',#580,#582,#584,.T.);
#580 = VERTEX_POINT('',#581);
#581 = CARTESIAN_POINT('',(-460.,-2.250000005802,121.69281086927));
#582 = VERTEX_POINT('',#583);
#583 = CARTESIAN_POINT('',(-460.,2.250000002206,121.6928108646));
#584 = SURFACE_CURVE('',#585,(#612,#663),.PCURVE_S1.);
#585 = B_SPLINE_CURVE_WITH_KNOTS('',7,(#586,#587,#588,#589,#590,#591,
    #592,#593,#594,#595,#596,#597,#598,#599,#600,#601,#602,#603,#604,
    #605,#606,#607,#608,#609,#610,#611),.UNSPECIFIED.,.F.,.F.,(8,6,6,6,8
    ),(0.917265918241,0.935496899003,1.,1.039431827425,1.082461402208),
  .UNSPECIFIED.);
#586 = CARTESIAN_POINT('',(-460.,-2.250000003869,121.69281087211));
#587 = CARTESIAN_POINT('',(-460.0126955148,-2.193575496236,
    121.65442325289));
#588 = CARTESIAN_POINT('',(-460.0252627987,-2.135986507894,
    121.61688634205));
#589 = CARTESIAN_POINT('',(-460.0376755172,-2.077230466921,
    121.58024035223));
#590 = CARTESIAN_POINT('',(-460.0499063984,-2.017305718031,
    121.54452713168));
#591 = CARTESIAN_POINT('',(-460.0619272825,-1.956211539574,
    121.50979018066));
#592 = CARTESIAN_POINT('',(-460.0737091707,-1.893948160526,
    121.47607466783));
#593 = CARTESIAN_POINT('',(-460.12595683,-1.606089964723,121.32791819161
    ));
#594 = CARTESIAN_POINT('',(-460.1636996313,-1.364986405861,
    121.22472408186));
#595 = CARTESIAN_POINT('',(-460.1965445547,-1.109405774207,
    121.13771943326));
#596 = CARTESIAN_POINT('',(-460.2227151889,-0.84200874976,121.06991612)
  );
#597 = CARTESIAN_POINT('',(-460.2408185198,-0.565801970259,
    121.02352808859));
#598 = CARTESIAN_POINT('',(-460.25,-0.284019383373,121.));
#599 = CARTESIAN_POINT('',(-460.25,0.173625812365,121.));
#600 = CARTESIAN_POINT('',(-460.2465687602,0.34699508095,121.0087925795)
  );
#601 = CARTESIAN_POINT('',(-460.2397245136,0.519124274186,
    121.02633086915));
#602 = CARTESIAN_POINT('',(-460.2295948982,0.689037213339,
    121.05239134121));
#603 = CARTESIAN_POINT('',(-460.2164147029,0.855781067961,
    121.08657538327));
#604 = CARTESIAN_POINT('',(-460.2005138542,1.018442120626,
    121.12830718541));
#605 = CARTESIAN_POINT('',(-460.1624152113,1.348270728939,
    121.22977571444));
#606 = CARTESIAN_POINT('',(-460.1397801103,1.51445326254,121.29079479337
    ));
#607 = CARTESIAN_POINT('',(-460.1148158214,1.67447294807,121.35916183949
    ));
#608 = CARTESIAN_POINT('',(-460.0879486816,1.828148397008,
    121.43418999156));
#609 = CARTESIAN_POINT('',(-460.0595953336,1.975347152396,
    121.51522341924));
#610 = CARTESIAN_POINT('',(-460.0301543453,2.115980682441,
    121.60163267817));
#611 = CARTESIAN_POINT('',(-460.,2.250000001305,121.69281086593));
#612 = PCURVE('',#122,#613);
#613 = DEFINITIONAL_REPRESENTATION('',(#614),#662);
#614 = B_SPLINE_CURVE_WITH_KNOTS('',3,(#615,#616,#617,#618,#619,#620,
    #621,#622,#623,#624,#625,#626,#627,#628,#629,#630,#631,#632,#633,
    #634,#635,#636,#637,#638,#639,#640,#641,#642,#643,#644,#645,#646,
    #647,#648,#649,#650,#651,#652,#653,#654,#655,#656,#657,#658,#659,
    #660,#661),.UNSPECIFIED.,.F.,.F.,(4,1,1,1,1,1,1,1,1,1,1,1,1,1,1,1,1,
    1,1,1,1,1,1,1,1,1,1,1,1,1,1,1,1,1,1,1,1,1,1,1,1,1,1,1,4),(
    0.917265918241,0.921020361058,0.924774803876,0.928529246693,
    0.932283689511,0.936038132328,0.939792575146,0.943547017963,
    0.947301460781,0.951055903598,0.954810346415,0.958564789233,
    0.96231923205,0.966073674868,0.969828117685,0.973582560503,
    0.97733700332,0.981091446138,0.984845888955,0.988600331772,
    0.99235477459,0.996109217407,0.999863660225,1.003618103042,
    1.00737254586,1.011126988677,1.014881431495,1.018635874312,
    1.022390317129,1.026144759947,1.029899202764,1.033653645582,
    1.037408088399,1.041162531217,1.044916974034,1.048671416851,
    1.052425859669,1.056180302486,1.059934745304,1.063689188121,
    1.067443630939,1.071198073756,1.074952516574,1.078706959391,
    1.082461402208),.QUASI_UNIFORM_KNOTS.);
#615 = CARTESIAN_POINT('',(3.362907096306,71.692810872115));
#616 = CARTESIAN_POINT('',(3.36019578775,71.674365027735));
#617 = CARTESIAN_POINT('',(3.354708983734,71.637977740099));
#618 = CARTESIAN_POINT('',(3.346286242231,71.58498696469));
#619 = CARTESIAN_POINT('',(3.337671573177,71.533665408637));
#620 = CARTESIAN_POINT('',(3.328863545099,71.484084748009));
#621 = CARTESIAN_POINT('',(3.319868768649,71.436359107819));
#622 = CARTESIAN_POINT('',(3.310662387938,71.390446144002));
#623 = CARTESIAN_POINT('',(3.301244536029,71.346454547944));
#624 = CARTESIAN_POINT('',(3.291627568464,71.304543659708));
#625 = CARTESIAN_POINT('',(3.281820884374,71.26484895372));
#626 = CARTESIAN_POINT('',(3.271834967091,71.227502120843));
#627 = CARTESIAN_POINT('',(3.26168027697,71.192625794524));
#628 = CARTESIAN_POINT('',(3.251367525522,71.160335062112));
#629 = CARTESIAN_POINT('',(3.240907581427,71.130737149192));
#630 = CARTESIAN_POINT('',(3.23031147673,71.103931584531));
#631 = CARTESIAN_POINT('',(3.219590389066,71.080010227376));
#632 = CARTESIAN_POINT('',(3.208755627766,71.059057322538));
#633 = CARTESIAN_POINT('',(3.197818636214,71.041149539818));
#634 = CARTESIAN_POINT('',(3.186790932539,71.02635600607));
#635 = CARTESIAN_POINT('',(3.175684287499,71.014738340218));
#636 = CARTESIAN_POINT('',(3.16451002146,71.006350641626));
#637 = CARTESIAN_POINT('',(3.153281593388,71.001239619913));
#638 = CARTESIAN_POINT('',(3.142004907729,70.999444163475));
#639 = CARTESIAN_POINT('',(3.130714462104,71.000996969528));
#640 = CARTESIAN_POINT('',(3.119454947512,71.005885004172));
#641 = CARTESIAN_POINT('',(3.108234583239,71.014081648102));
#642 = CARTESIAN_POINT('',(3.097071241175,71.025548499096));
#643 = CARTESIAN_POINT('',(3.085980116238,71.040234887624));
#644 = CARTESIAN_POINT('',(3.074977013054,71.058077995107));
#645 = CARTESIAN_POINT('',(3.064077456411,71.079002763787));
#646 = CARTESIAN_POINT('',(3.053296884392,71.10292195442));
#647 = CARTESIAN_POINT('',(3.042650679727,71.129735738015));
#648 = CARTESIAN_POINT('',(3.032153757093,71.159332920507));
#649 = CARTESIAN_POINT('',(3.021822078805,71.19158601857));
#650 = CARTESIAN_POINT('',(3.011666552518,71.226370315727));
#651 = CARTESIAN_POINT('',(3.001688425335,71.263590524269));
#652 = CARTESIAN_POINT('',(2.991890538533,71.303148042472));
#653 = CARTESIAN_POINT('',(2.982275130467,71.344947216213));
#654 = CARTESIAN_POINT('',(2.972844428353,71.388893579572));
#655 = CARTESIAN_POINT('',(2.963600492317,71.434894246033));
#656 = CARTESIAN_POINT('',(2.954545258926,71.482857729015));
#657 = CARTESIAN_POINT('',(2.945680532182,71.532693905159));
#658 = CARTESIAN_POINT('',(2.937007982994,71.584313987942));
#659 = CARTESIAN_POINT('',(2.928529165303,71.637630327925));
#660 = CARTESIAN_POINT('',(2.923006691989,71.674248047196));
#661 = CARTESIAN_POINT('',(2.920278211118,71.692810865932));
#662 = ( GEOMETRIC_REPRESENTATION_CONTEXT(2) 
PARAMETRIC_REPRESENTATION_CONTEXT() REPRESENTATION_CONTEXT('2D SPACE',''
  ) );
#663 = PCURVE('',#664,#669);
#664 = CYLINDRICAL_SURFACE('',#665,4.);
#665 = AXIS2_PLACEMENT_3D('',#666,#667,#668);
#666 = CARTESIAN_POINT('',(-476.,0.,125.));
#667 = DIRECTION('',(1.,0.,2.22044604925E-16));
#668 = DIRECTION('',(2.22044604925E-16,0.,-1.));
#669 = DEFINITIONAL_REPRESENTATION('',(#670),#718);
#670 = B_SPLINE_CURVE_WITH_KNOTS('',3,(#671,#672,#673,#674,#675,#676,
    #677,#678,#679,#680,#681,#682,#683,#684,#685,#686,#687,#688,#689,
    #690,#691,#692,#693,#694,#695,#696,#697,#698,#699,#700,#701,#702,
    #703,#704,#705,#706,#707,#708,#709,#710,#711,#712,#713,#714,#715,
    #716,#717),.UNSPECIFIED.,.F.,.F.,(4,1,1,1,1,1,1,1,1,1,1,1,1,1,1,1,1,
    1,1,1,1,1,1,1,1,1,1,1,1,1,1,1,1,1,1,1,1,1,1,1,1,1,1,1,4),(
    0.917265918241,0.921020361058,0.924774803876,0.928529246693,
    0.932283689511,0.936038132328,0.939792575146,0.943547017963,
    0.947301460781,0.951055903598,0.954810346415,0.958564789233,
    0.96231923205,0.966073674868,0.969828117685,0.973582560503,
    0.97733700332,0.981091446138,0.984845888955,0.988600331772,
    0.99235477459,0.996109217407,0.999863660225,1.003618103042,
    1.00737254586,1.011126988677,1.014881431495,1.018635874312,
    1.022390317129,1.026144759947,1.029899202764,1.033653645582,
    1.037408088399,1.041162531217,1.044916974034,1.048671416851,
    1.052425859669,1.056180302486,1.059934745304,1.063689188121,
    1.067443630939,1.071198073756,1.074952516574,1.078706959391,
    1.082461402208),.QUASI_UNIFORM_KNOTS.);
#671 = CARTESIAN_POINT('',(5.685778888195,16.));
#672 = CARTESIAN_POINT('',(5.693977150749,15.993899653686));
#673 = CARTESIAN_POINT('',(5.710445449897,15.981774695904));
#674 = CARTESIAN_POINT('',(5.735369425167,15.96386468759));
#675 = CARTESIAN_POINT('',(5.760519316171,15.946282904733));
#676 = CARTESIAN_POINT('',(5.785905865432,15.92907813798));
#677 = CARTESIAN_POINT('',(5.811517575622,15.912314576282));
#678 = CARTESIAN_POINT('',(5.837432208724,15.896001256034));
#679 = CARTESIAN_POINT('',(5.863655410788,15.880199669656));
#680 = CARTESIAN_POINT('',(5.890160449771,15.864990587418));
#681 = CARTESIAN_POINT('',(5.916930668915,15.850447029531));
#682 = CARTESIAN_POINT('',(5.943948012034,15.83664102635));
#683 = CARTESIAN_POINT('',(5.97119600202,15.823641349573));
#684 = CARTESIAN_POINT('',(5.99865884991,15.811513687266));
#685 = CARTESIAN_POINT('',(6.026321603749,15.800320188574));
#686 = CARTESIAN_POINT('',(6.054170022733,15.790119201825));
#687 = CARTESIAN_POINT('',(6.082190525085,15.780964985341));
#688 = CARTESIAN_POINT('',(6.110370129861,15.772907449985));
#689 = CARTESIAN_POINT('',(6.13869636277,15.76599191801));
#690 = CARTESIAN_POINT('',(6.167157324685,15.760258900966));
#691 = CARTESIAN_POINT('',(6.195741157077,15.755743900987));
#692 = CARTESIAN_POINT('',(6.224437767747,15.752477215501));
#693 = CARTESIAN_POINT('',(6.253232127837,15.750483820823));
#694 = CARTESIAN_POINT('',(6.282129031574,15.749783052743));
#695 = CARTESIAN_POINT('',(6.311060440489,15.750389136218));
#696 = CARTESIAN_POINT('',(6.339932324666,15.75229571988));
#697 = CARTESIAN_POINT('',(6.368743848013,15.755488385201));
#698 = CARTESIAN_POINT('',(6.397469072526,15.759945472522));
#699 = CARTESIAN_POINT('',(6.426088403333,15.765638020316));
#700 = CARTESIAN_POINT('',(6.454580026795,15.772529991268));
#701 = CARTESIAN_POINT('',(6.482922042353,15.780578456962));
#702 = CARTESIAN_POINT('',(6.511091820178,15.789733881221));
#703 = CARTESIAN_POINT('',(6.539065753874,15.799940270063));
#704 = CARTESIAN_POINT('',(6.5668201974,15.811135976442));
#705 = CARTESIAN_POINT('',(6.594327258628,15.823252239066));
#706 = CARTESIAN_POINT('',(6.621570871323,15.836220763848));
#707 = CARTESIAN_POINT('',(6.648559762354,15.849983698888));
#708 = CARTESIAN_POINT('',(6.675297681286,15.86448146021));
#709 = CARTESIAN_POINT('',(6.701789245735,15.879655242557));
#710 = CARTESIAN_POINT('',(6.728038402048,15.895446500457));
#711 = CARTESIAN_POINT('',(6.754048861074,15.911797234155));
#712 = CARTESIAN_POINT('',(6.77982400036,15.928650056863));
#713 = CARTESIAN_POINT('',(6.805366908899,15.945948302902));
#714 = CARTESIAN_POINT('',(6.830680379828,15.963636161991));
#715 = CARTESIAN_POINT('',(6.855766954602,15.981658639082));
#716 = CARTESIAN_POINT('',(6.872341518558,15.993860984309));
#717 = CARTESIAN_POINT('',(6.880591724765,15.999999999991));
#718 = ( GEOMETRIC_REPRESENTATION_CONTEXT(2) 
PARAMETRIC_REPRESENTATION_CONTEXT() REPRESENTATION_CONTEXT('2D SPACE',''
  ) );
#719 = ORIENTED_EDGE('',*,*,#720,.T.);
#720 = EDGE_CURVE('',#582,#721,#723,.T.);
#721 = VERTEX_POINT('',#722);
#722 = CARTESIAN_POINT('',(-460.,2.250000005801,128.30718913072));
#723 = SURFACE_CURVE('',#724,(#829,#937),.PCURVE_S1.);
#724 = B_SPLINE_CURVE_WITH_KNOTS('',7,(#725,#726,#727,#728,#729,#730,
    #731,#732,#733,#734,#735,#736,#737,#738,#739,#740,#741,#742,#743,
    #744,#745,#746,#747,#748,#749,#750,#751,#752,#753,#754,#755,#756,
    #757,#758,#759,#760,#761,#762,#763,#764,#765,#766,#767,#768,#769,
    #770,#771,#772,#773,#774,#775,#776,#777,#778,#779,#780,#781,#782,
    #783,#784,#785,#786,#787,#788,#789,#790,#791,#792,#793,#794,#795,
    #796,#797,#798,#799,#800,#801,#802,#803,#804,#805,#806,#807,#808,
    #809,#810,#811,#812,#813,#814,#815,#816,#817,#818,#819,#820,#821,
    #822,#823,#824,#825,#826,#827,#828),.UNSPECIFIED.,.T.,.F.,(8,6,6,6,6
    ,6,6,6,6,6,6,6,6,6,6,6,6,8),(0.,3.957011154622E-02,
    9.540284730593E-02,0.120781649855,0.244713167522,0.378650440068,
    0.404231921441,0.435204683306,0.472999828093,0.526784758918,
    0.564457674273,0.595470721023,0.620866279016,0.744879618026,
    0.878905317856,0.904503688485,0.935496899003,1.),.UNSPECIFIED.);
#725 = CARTESIAN_POINT('',(-460.25,0.,121.));
#726 = CARTESIAN_POINT('',(-460.25,0.173625812365,121.));
#727 = CARTESIAN_POINT('',(-460.2465687602,0.34699508095,121.0087925795)
  );
#728 = CARTESIAN_POINT('',(-460.2397245136,0.519124274186,
    121.02633086915));
#729 = CARTESIAN_POINT('',(-460.2295948982,0.689037213339,
    121.05239134121));
#730 = CARTESIAN_POINT('',(-460.2164147029,0.855781067961,
    121.08657538327));
#731 = CARTESIAN_POINT('',(-460.2005138542,1.018442120626,
    121.12830718541));
#732 = CARTESIAN_POINT('',(-460.1565900692,1.39870030762,121.24528987858
    ));
#733 = CARTESIAN_POINT('',(-460.1262790425,1.611330306788,
    121.32724600394));
#734 = CARTESIAN_POINT('',(-460.0922823436,1.813541226803,
    121.42113264436));
#735 = CARTESIAN_POINT('',(-460.0555221471,2.004975514064,
    121.52548808586));
#736 = CARTESIAN_POINT('',(-460.0168848889,2.185407772363,
    121.63893289043));
#737 = CARTESIAN_POINT('',(-459.9771932767,2.354727333134,
    121.76015395655));
#738 = CARTESIAN_POINT('',(-459.9190042255,2.584832033006,
    121.94595587178));
#739 = CARTESIAN_POINT('',(-459.9007369443,2.654514732888,
    122.00542466299));
#740 = CARTESIAN_POINT('',(-459.8824476822,2.721995004653,
    122.06621149396));
#741 = CARTESIAN_POINT('',(-459.8641939233,2.787296596116,
    122.12823593785));
#742 = CARTESIAN_POINT('',(-459.846029555,2.850443854513,122.1914243436)
  );
#743 = CARTESIAN_POINT('',(-459.8280048679,2.911461726496,
    122.25570983593));
#744 = CARTESIAN_POINT('',(-459.7230572816,3.258068817666,
    122.64001954862));
#745 = CARTESIAN_POINT('',(-459.6401572495,3.496371784245,
    122.98459951542));
#746 = CARTESIAN_POINT('',(-459.5671763778,3.687034404054,123.3472466392
    ));
#747 = CARTESIAN_POINT('',(-459.5082692483,3.831727143417,
    123.72260751537));
#748 = CARTESIAN_POINT('',(-459.4662284966,3.931658360329,
    124.10659584761));
#749 = CARTESIAN_POINT('',(-459.4426524221,3.987349917493,
    124.49579697532));
#750 = CARTESIAN_POINT('',(-459.4329080011,4.010350980198,
    125.30983525771));
#751 = CARTESIAN_POINT('',(-459.4499468623,3.970083100232,
    125.73226306569));
#752 = CARTESIAN_POINT('',(-459.4891118732,3.878309037056,
    126.15013276317));
#753 = CARTESIAN_POINT('',(-459.5488022628,3.734512337067,
    126.55923568351));
#754 = CARTESIAN_POINT('',(-459.6257423355,3.537334375932,
    126.95445912713));
#755 = CARTESIAN_POINT('',(-459.7148239563,3.284760231803,
    127.32924945134));
#756 = CARTESIAN_POINT('',(-459.8268025751,2.915523936643,
    127.73999364703));
#757 = CARTESIAN_POINT('',(-459.8449518405,2.854177218783,
    127.80481419219));
#758 = CARTESIAN_POINT('',(-459.8632451699,2.790670773274,127.8685245232
    ));
#759 = CARTESIAN_POINT('',(-459.8816312828,2.724979069162,
    127.93105652803));
#760 = CARTESIAN_POINT('',(-459.9000551875,2.657077226293,
    127.99233508879));
#761 = CARTESIAN_POINT('',(-459.9184581819,2.586941015307,
    128.05227808174));
#762 = CARTESIAN_POINT('',(-459.9589583828,2.42689567853,128.18164736531
    ));
#763 = CARTESIAN_POINT('',(-459.9810209419,2.33591786279,128.25042349984
    ));
#764 = CARTESIAN_POINT('',(-460.0028497496,2.241588408586,128.3169494716
    ));
#765 = CARTESIAN_POINT('',(-460.024320332,2.143889672333,128.38103659684
    ));
#766 = CARTESIAN_POINT('',(-460.0453002214,2.042811610046,128.4424825847
    ));
#767 = CARTESIAN_POINT('',(-460.065649655,1.938352018683,128.50107130454
    ));
#768 = CARTESIAN_POINT('',(-460.1091061629,1.698928623631,
    128.62429908494));
#769 = CARTESIAN_POINT('',(-460.1318620462,1.56215583529,128.68750923358
    ));
#770 = CARTESIAN_POINT('',(-460.1531685457,1.420465258788,
    128.74562197316));
#771 = CARTESIAN_POINT('',(-460.172709775,1.27416076199,128.79809834681)
  );
#772 = CARTESIAN_POINT('',(-460.1901843151,1.123582826204,
    128.84443863358));
#773 = CARTESIAN_POINT('',(-460.2053141887,0.969108138064,
    128.88417951513));
#774 = CARTESIAN_POINT('',(-460.2356985624,0.586363389393,
    128.96344214214));
#775 = CARTESIAN_POINT('',(-460.2482874708,0.354651105042,
    128.99573181791));
#776 = CARTESIAN_POINT('',(-460.2548062668,0.118693676045,129.0122470192
    ));
#777 = CARTESIAN_POINT('',(-460.2548062668,-0.118693676045,
    129.0122470192));
#778 = CARTESIAN_POINT('',(-460.2482874708,-0.354651105043,
    128.99573181791));
#779 = CARTESIAN_POINT('',(-460.2356985624,-0.586363389393,
    128.96344214214));
#780 = CARTESIAN_POINT('',(-460.2053547419,-0.968597299074,
    128.8842853048));
#781 = CARTESIAN_POINT('',(-460.1902815893,-1.12259069654,128.8446941515
    ));
#782 = CARTESIAN_POINT('',(-460.172877375,-1.272717412035,
    128.79854283915));
#783 = CARTESIAN_POINT('',(-460.1534175067,-1.418600847633,
    128.7462905448));
#784 = CARTESIAN_POINT('',(-460.132200915,-1.559900205527,
    128.68843336765));
#785 = CARTESIAN_POINT('',(-460.1095411651,-1.696310924293,
    128.62550713081));
#786 = CARTESIAN_POINT('',(-460.0661784697,-1.935616013759,
    128.50259129369));
#787 = CARTESIAN_POINT('',(-460.0458176911,-2.040283001061,
    128.44399251541));
#788 = CARTESIAN_POINT('',(-460.0248222678,-2.141559913363,
    128.38252519849));
#789 = CARTESIAN_POINT('',(-460.0033326193,-2.239448740657,
    128.31840655483));
#790 = CARTESIAN_POINT('',(-459.9814818431,-2.333959380853,
    128.25183989462));
#791 = CARTESIAN_POINT('',(-459.9593950077,-2.425109394018,
    128.18301486304));
#792 = CARTESIAN_POINT('',(-459.9190042255,-2.584832033006,
    128.05404412821));
#793 = CARTESIAN_POINT('',(-459.9007369443,-2.654514732888,127.994575337
    ));
#794 = CARTESIAN_POINT('',(-459.8824476822,-2.721995004653,
    127.93378850603));
#795 = CARTESIAN_POINT('',(-459.8641939233,-2.787296596116,
    127.87176406214));
#796 = CARTESIAN_POINT('',(-459.846029555,-2.850443854513,
    127.80857565639));
#797 = CARTESIAN_POINT('',(-459.8280048679,-2.911461726496,
    127.74429016406));
#798 = CARTESIAN_POINT('',(-459.7230572816,-3.258068817666,
    127.35998045137));
#799 = CARTESIAN_POINT('',(-459.6401572495,-3.496371784246,
    127.01540048457));
#800 = CARTESIAN_POINT('',(-459.5671763778,-3.687034404053,
    126.6527533608));
#801 = CARTESIAN_POINT('',(-459.5082692483,-3.831727143418,
    126.27739248461));
#802 = CARTESIAN_POINT('',(-459.4662284966,-3.931658360329,
    125.89340415238));
#803 = CARTESIAN_POINT('',(-459.4426524221,-3.987349917493,
    125.50420302468));
#804 = CARTESIAN_POINT('',(-459.4329080011,-4.010350980198,
    124.69016474228));
#805 = CARTESIAN_POINT('',(-459.4499468623,-3.970083100233,
    124.26773693431));
#806 = CARTESIAN_POINT('',(-459.4891118732,-3.878309037053,
    123.84986723682));
#807 = CARTESIAN_POINT('',(-459.5488022628,-3.73451233707,
    123.44076431648));
#808 = CARTESIAN_POINT('',(-459.6257423355,-3.537334375929,
    123.04554087285));
#809 = CARTESIAN_POINT('',(-459.7148239563,-3.284760231804,
    122.67075054865));
#810 = CARTESIAN_POINT('',(-459.8268025751,-2.915523936643,
    122.26000635296));
#811 = CARTESIAN_POINT('',(-459.8449518405,-2.854177218783,
    122.1951858078));
#812 = CARTESIAN_POINT('',(-459.8632451699,-2.790670773273,
    122.13147547679));
#813 = CARTESIAN_POINT('',(-459.8816312828,-2.724979069162,
    122.06894347196));
#814 = CARTESIAN_POINT('',(-459.9000551875,-2.657077226292,
    122.0076649112));
#815 = CARTESIAN_POINT('',(-459.9184581819,-2.586941015306,
    121.94772191825));
#816 = CARTESIAN_POINT('',(-459.9589583828,-2.426895678538,
    121.81835263468));
#817 = CARTESIAN_POINT('',(-459.9810209419,-2.335917862791,
    121.74957650015));
#818 = CARTESIAN_POINT('',(-460.0028497496,-2.241588408578,
    121.68305052839));
#819 = CARTESIAN_POINT('',(-460.024320332,-2.143889672324,
    121.61896340315));
#820 = CARTESIAN_POINT('',(-460.0453002214,-2.042811610046,
    121.55751741529));
#821 = CARTESIAN_POINT('',(-460.065649655,-1.938352018694,
    121.49892869545));
#822 = CARTESIAN_POINT('',(-460.12595683,-1.606089964723,121.32791819161
    ));
#823 = CARTESIAN_POINT('',(-460.1636996313,-1.364986405861,
    121.22472408186));
#824 = CARTESIAN_POINT('',(-460.1965445547,-1.109405774207,
    121.13771943326));
#825 = CARTESIAN_POINT('',(-460.2227151889,-0.84200874976,121.06991612)
  );
#826 = CARTESIAN_POINT('',(-460.2408185198,-0.565801970259,
    121.02352808859));
#827 = CARTESIAN_POINT('',(-460.25,-0.284019383373,121.));
#828 = CARTESIAN_POINT('',(-460.25,0.,121.));
#829 = PCURVE('',#122,#830);
#830 = DEFINITIONAL_REPRESENTATION('',(#831),#936);
#831 = B_SPLINE_CURVE_WITH_KNOTS('',7,(#832,#833,#834,#835,#836,#837,
    #838,#839,#840,#841,#842,#843,#844,#845,#846,#847,#848,#849,#850,
    #851,#852,#853,#854,#855,#856,#857,#858,#859,#860,#861,#862,#863,
    #864,#865,#866,#867,#868,#869,#870,#871,#872,#873,#874,#875,#876,
    #877,#878,#879,#880,#881,#882,#883,#884,#885,#886,#887,#888,#889,
    #890,#891,#892,#893,#894,#895,#896,#897,#898,#899,#900,#901,#902,
    #903,#904,#905,#906,#907,#908,#909,#910,#911,#912,#913,#914,#915,
    #916,#917,#918,#919,#920,#921,#922,#923,#924,#925,#926,#927,#928,
    #929,#930,#931,#932,#933,#934,#935),.UNSPECIFIED.,.T.,.F.,(8,6,6,6,6
    ,6,6,6,6,6,6,6,6,6,6,6,6,8),(0.,3.957011154622E-02,
    9.540284730593E-02,0.120781649855,0.244713167522,0.378650440068,
    0.404231921441,0.435204683306,0.472999828093,0.526784758918,
    0.564457674273,0.595470721023,0.620866279016,0.744879618026,
    0.878905317856,0.904503688485,0.935496899003,1.),.UNSPECIFIED.);
#832 = CARTESIAN_POINT('',(3.14159265359,71.));
#833 = CARTESIAN_POINT('',(3.124653549944,71.));
#834 = CARTESIAN_POINT('',(3.107739472327,71.008792579506));
#835 = CARTESIAN_POINT('',(3.090938451071,71.026330869159));
#836 = CARTESIAN_POINT('',(3.074337854659,71.052391341217));
#837 = CARTESIAN_POINT('',(3.058024002768,71.086575383275));
#838 = CARTESIAN_POINT('',(3.042081443241,71.128307185419));
#839 = CARTESIAN_POINT('',(3.004736408264,71.245289878581));
#840 = CARTESIAN_POINT('',(2.983789717718,71.327246003944));
#841 = CARTESIAN_POINT('',(2.963794475279,71.421132644361));
#842 = CARTESIAN_POINT('',(2.944785049457,71.525488085864));
#843 = CARTESIAN_POINT('',(2.926788373426,71.638932890433));
#844 = CARTESIAN_POINT('',(2.90982416708,71.760153956552));
#845 = CARTESIAN_POINT('',(2.886668251185,71.945955871788));
#846 = CARTESIAN_POINT('',(2.879640476023,72.005424662994));
#847 = CARTESIAN_POINT('',(2.872819886331,72.066211493963));
#848 = CARTESIAN_POINT('',(2.866205144605,72.128235937854));
#849 = CARTESIAN_POINT('',(2.85979489504,72.191424343606));
#850 = CARTESIAN_POINT('',(2.853587763533,72.255709835934));
#851 = CARTESIAN_POINT('',(2.818256345948,72.640019548627));
#852 = CARTESIAN_POINT('',(2.793661115043,72.98459951542));
#853 = CARTESIAN_POINT('',(2.773753551801,73.347246639201));
#854 = CARTESIAN_POINT('',(2.758513639894,73.722607515378));
#855 = CARTESIAN_POINT('',(2.747936635297,74.106595847616));
#856 = CARTESIAN_POINT('',(2.742036514789,74.49579697532));
#857 = CARTESIAN_POINT('',(2.739599437271,75.309835257717));
#858 = CARTESIAN_POINT('',(2.743865227702,75.73226306569));
#859 = CARTESIAN_POINT('',(2.753600020456,76.150132763175));
#860 = CARTESIAN_POINT('',(2.76878923338,76.559235683515));
#861 = CARTESIAN_POINT('',(2.789428179331,76.954459127138));
#862 = CARTESIAN_POINT('',(2.815531266896,77.329249451342));
#863 = CARTESIAN_POINT('',(2.85317446518,77.739993647036));
#864 = CARTESIAN_POINT('',(2.859415806774,77.804814192195));
#865 = CARTESIAN_POINT('',(2.865863207277,77.868524523202));
#866 = CARTESIAN_POINT('',(2.872518073343,77.931056528034));
#867 = CARTESIAN_POINT('',(2.879381788969,77.992335088799));
#868 = CARTESIAN_POINT('',(2.886455715496,78.052278081744));
#869 = CARTESIAN_POINT('',(2.90256207705,78.181647365319));
#870 = CARTESIAN_POINT('',(2.911694771246,78.250423499847));
#871 = CARTESIAN_POINT('',(2.921139988814,78.316949471601));
#872 = CARTESIAN_POINT('',(2.930897896825,78.381036596843));
#873 = CARTESIAN_POINT('',(2.940968174451,78.442482584703));
#874 = CARTESIAN_POINT('',(2.951350072622,78.501071304548));
#875 = CARTESIAN_POINT('',(2.975090094263,78.624299084944));
#876 = CARTESIAN_POINT('',(2.988615760445,78.687509233581));
#877 = CARTESIAN_POINT('',(3.002591836761,78.745621973164));
#878 = CARTESIAN_POINT('',(3.01698853481,78.798098346816));
#879 = CARTESIAN_POINT('',(3.031773967218,78.844438633582));
#880 = CARTESIAN_POINT('',(3.046914201606,78.884179515139));
#881 = CARTESIAN_POINT('',(3.084372630238,78.963442142146));
#882 = CARTESIAN_POINT('',(3.107005037531,78.995731817915));
#883 = CARTESIAN_POINT('',(3.130020678938,79.012247019206));
#884 = CARTESIAN_POINT('',(3.153164628241,79.012247019206));
#885 = CARTESIAN_POINT('',(3.176180269649,78.995731817915));
#886 = CARTESIAN_POINT('',(3.198812676941,78.963442142146));
#887 = CARTESIAN_POINT('',(3.236221110829,78.884285304808));
#888 = CARTESIAN_POINT('',(3.251314100221,78.844694151506));
#889 = CARTESIAN_POINT('',(3.266055047096,78.798542839155));
#890 = CARTESIAN_POINT('',(3.280410007397,78.7462905448));
#891 = CARTESIAN_POINT('',(3.294347058915,78.688433367659));
#892 = CARTESIAN_POINT('',(3.3078363535,78.625507130817));
#893 = CARTESIAN_POINT('',(3.331563385189,78.502591293696));
#894 = CARTESIAN_POINT('',(3.341965350752,78.443992515417));
#895 = CARTESIAN_POINT('',(3.352054925006,78.382525198493));
#896 = CARTESIAN_POINT('',(3.361831339301,78.318406554837));
#897 = CARTESIAN_POINT('',(3.371294257081,78.251839894624));
#898 = CARTESIAN_POINT('',(3.380443833687,78.183014863042));
#899 = CARTESIAN_POINT('',(3.396517055995,78.054044128212));
#900 = CARTESIAN_POINT('',(3.403544831157,77.994575337005));
#901 = CARTESIAN_POINT('',(3.410365420848,77.933788506037));
#902 = CARTESIAN_POINT('',(3.416980162574,77.871764062146));
#903 = CARTESIAN_POINT('',(3.423390412139,77.808575656394));
#904 = CARTESIAN_POINT('',(3.429597543647,77.744290164066));
#905 = CARTESIAN_POINT('',(3.464928961232,77.359980451373));
#906 = CARTESIAN_POINT('',(3.489524192136,77.015400484578));
#907 = CARTESIAN_POINT('',(3.509431755378,76.652753360802));
#908 = CARTESIAN_POINT('',(3.524671667285,76.277392484619));
#909 = CARTESIAN_POINT('',(3.535248671883,75.893404152385));
#910 = CARTESIAN_POINT('',(3.541148792391,75.50420302468));
#911 = CARTESIAN_POINT('',(3.543585869909,74.690164742282));
#912 = CARTESIAN_POINT('',(3.539320079478,74.26773693431));
#913 = CARTESIAN_POINT('',(3.529585286724,73.849867236821));
#914 = CARTESIAN_POINT('',(3.5143960738,73.440764316489));
#915 = CARTESIAN_POINT('',(3.493757127848,73.045540872858));
#916 = CARTESIAN_POINT('',(3.467654040284,72.670750548658));
#917 = CARTESIAN_POINT('',(3.430010842,72.260006352963));
#918 = CARTESIAN_POINT('',(3.423769500405,72.195185807805));
#919 = CARTESIAN_POINT('',(3.417322099903,72.131475476797));
#920 = CARTESIAN_POINT('',(3.410667233837,72.068943471965));
#921 = CARTESIAN_POINT('',(3.40380351821,72.0076649112));
#922 = CARTESIAN_POINT('',(3.396729591683,71.947721918255));
#923 = CARTESIAN_POINT('',(3.380623230131,71.818352634687));
#924 = CARTESIAN_POINT('',(3.371490535933,71.749576500152));
#925 = CARTESIAN_POINT('',(3.362045318364,71.683050528393));
#926 = CARTESIAN_POINT('',(3.352287410354,71.618963403152));
#927 = CARTESIAN_POINT('',(3.342217132728,71.557517415299));
#928 = CARTESIAN_POINT('',(3.331835234558,71.498928695457));
#929 = CARTESIAN_POINT('',(3.298889797668,71.327918191611));
#930 = CARTESIAN_POINT('',(3.275088013155,71.224724081861));
#931 = CARTESIAN_POINT('',(3.249964005386,71.137719433265));
#932 = CARTESIAN_POINT('',(3.223774507386,71.069916120007));
#933 = CARTESIAN_POINT('',(3.196792879741,71.023528088591));
#934 = CARTESIAN_POINT('',(3.169301861724,71.));
#935 = CARTESIAN_POINT('',(3.14159265359,71.));
#936 = ( GEOMETRIC_REPRESENTATION_CONTEXT(2) 
PARAMETRIC_REPRESENTATION_CONTEXT() REPRESENTATION_CONTEXT('2D SPACE',''
  ) );
#937 = PCURVE('',#938,#943);
#938 = CYLINDRICAL_SURFACE('',#939,4.);
#939 = AXIS2_PLACEMENT_3D('',#940,#941,#942);
#940 = CARTESIAN_POINT('',(-471.,0.,125.));
#941 = DIRECTION('',(1.,0.,2.22044604925E-16));
#942 = DIRECTION('',(2.22044604925E-16,0.,-1.));
#943 = DEFINITIONAL_REPRESENTATION('',(#944),#1049);
#944 = B_SPLINE_CURVE_WITH_KNOTS('',7,(#945,#946,#947,#948,#949,#950,
    #951,#952,#953,#954,#955,#956,#957,#958,#959,#960,#961,#962,#963,
    #964,#965,#966,#967,#968,#969,#970,#971,#972,#973,#974,#975,#976,
    #977,#978,#979,#980,#981,#982,#983,#984,#985,#986,#987,#988,#989,
    #990,#991,#992,#993,#994,#995,#996,#997,#998,#999,#1000,#1001,#1002,
    #1003,#1004,#1005,#1006,#1007,#1008,#1009,#1010,#1011,#1012,#1013,
    #1014,#1015,#1016,#1017,#1018,#1019,#1020,#1021,#1022,#1023,#1024,
    #1025,#1026,#1027,#1028,#1029,#1030,#1031,#1032,#1033,#1034,#1035,
    #1036,#1037,#1038,#1039,#1040,#1041,#1042,#1043,#1044,#1045,#1046,
    #1047,#1048),.UNSPECIFIED.,.F.,.F.,(8,6,6,6,6,6,6,6,6,6,6,6,6,6,6,6,
    6,8),(0.,3.957011154622E-02,9.540284730593E-02,0.120781649855,
    0.244713167522,0.378650440068,0.404231921441,0.435204683306,
    0.472999828093,0.526784758918,0.564457674273,0.595470721023,
    0.620866279016,0.744879618026,0.878905317856,0.904503688485,
    0.935496899003,1.),.UNSPECIFIED.);
#945 = CARTESIAN_POINT('',(0.,10.75));
#946 = CARTESIAN_POINT('',(4.340645309137E-02,10.75));
#947 = CARTESIAN_POINT('',(8.674876650636E-02,10.753431239768));
#948 = CARTESIAN_POINT('',(0.129914658131,10.760275486353));
#949 = CARTESIAN_POINT('',(0.17279182751,10.770405101701));
#950 = CARTESIAN_POINT('',(0.215262535911,10.78358529702));
#951 = CARTESIAN_POINT('',(0.257197814709,10.79948614579));
#952 = CARTESIAN_POINT('',(0.356659251732,10.843409930712));
#953 = CARTESIAN_POINT('',(0.413491450538,10.873720957454));
#954 = CARTESIAN_POINT('',(0.469033019718,10.907717656351));
#955 = CARTESIAN_POINT('',(0.523345134512,10.944477852814));
#956 = CARTESIAN_POINT('',(0.576472242217,10.983115111002));
#957 = CARTESIAN_POINT('',(0.628444772496,11.022806723254));
#958 = CARTESIAN_POINT('',(0.702383313109,11.080995774414));
#959 = CARTESIAN_POINT('',(0.725277221609,11.099263055643));
#960 = CARTESIAN_POINT('',(0.747969728686,11.11755231776));
#961 = CARTESIAN_POINT('',(0.770471386805,11.135806076666));
#962 = CARTESIAN_POINT('',(0.79279263768,11.153970444991));
#963 = CARTESIAN_POINT('',(0.81494381227,11.171995132091));
#964 = CARTESIAN_POINT('',(0.94432465294,11.276942718387));
#965 = CARTESIAN_POINT('',(1.048195863522,11.359842750401));
#966 = CARTESIAN_POINT('',(1.1494666507,11.43282362219));
#967 = CARTESIAN_POINT('',(1.248853159665,11.491730751655));
#968 = CARTESIAN_POINT('',(1.347048207869,11.533771503389));
#969 = CARTESIAN_POINT('',(1.444702778751,11.557347577889));
#970 = CARTESIAN_POINT('',(1.648293571473,11.567091998894));
#971 = CARTESIAN_POINT('',(1.753573928331,11.550053137625));
#972 = CARTESIAN_POINT('',(1.859283602844,11.510888126711));
#973 = CARTESIAN_POINT('',(1.966219480708,11.451197737127));
#974 = CARTESIAN_POINT('',(2.075198536227,11.374257664402));
#975 = CARTESIAN_POINT('',(2.187093592676,11.285176043664));
#976 = CARTESIAN_POINT('',(2.325171070011,11.173197424843));
#977 = CARTESIAN_POINT('',(2.347475738262,11.155048159491));
#978 = CARTESIAN_POINT('',(2.369952525957,11.136754830005));
#979 = CARTESIAN_POINT('',(2.392611998961,11.118368717143));
#980 = CARTESIAN_POINT('',(2.415464821225,11.099944812403));
#981 = CARTESIAN_POINT('',(2.438521754782,11.081541818018));
#982 = CARTESIAN_POINT('',(2.48997010349,11.041041617185));
#983 = CARTESIAN_POINT('',(2.518467234001,11.018979058034));
#984 = CARTESIAN_POINT('',(2.547298940919,10.99715025034));
#985 = CARTESIAN_POINT('',(2.576479234783,10.975679667936));
#986 = CARTESIAN_POINT('',(2.606022824516,10.954699778591));
#987 = CARTESIAN_POINT('',(2.635945694895,10.934350344943));
#988 = CARTESIAN_POINT('',(2.703264269579,10.890893837031));
#989 = CARTESIAN_POINT('',(2.740898588737,10.868137953729));
#990 = CARTESIAN_POINT('',(2.779125695477,10.846831454267));
#991 = CARTESIAN_POINT('',(2.817911741092,10.82729022495));
#992 = CARTESIAN_POINT('',(2.857230433584,10.809815684888));
#993 = CARTESIAN_POINT('',(2.897061497057,10.794685811232));
#994 = CARTESIAN_POINT('',(2.994777957632,10.76430143751));
#995 = CARTESIAN_POINT('',(3.053139385747,10.751712529136));
#996 = CARTESIAN_POINT('',(3.112049245719,10.745193733162));
#997 = CARTESIAN_POINT('',(3.171136061461,10.745193733162));
#998 = CARTESIAN_POINT('',(3.230045921433,10.751712529136));
#999 = CARTESIAN_POINT('',(3.288407349548,10.76430143751));
#1000 = CARTESIAN_POINT('',(3.385993390624,10.794645258036));
#1001 = CARTESIAN_POINT('',(3.425699037564,10.80971841065));
#1002 = CARTESIAN_POINT('',(3.464896655621,10.827122624973));
#1003 = CARTESIAN_POINT('',(3.503565353893,10.846582493226));
#1004 = CARTESIAN_POINT('',(3.541678254992,10.86779908495));
#1005 = CARTESIAN_POINT('',(3.579200938191,10.890458834835));
#1006 = CARTESIAN_POINT('',(3.64645754979,10.933821530237));
#1007 = CARTESIAN_POINT('',(3.676426790008,10.954182308882));
#1008 = CARTESIAN_POINT('',(3.706015503366,10.97517773219));
#1009 = CARTESIAN_POINT('',(3.735239724818,10.99666738067));
#1010 = CARTESIAN_POINT('',(3.764114204322,11.018518156808));
#1011 = CARTESIAN_POINT('',(3.792652987046,11.040604992232));
#1012 = CARTESIAN_POINT('',(3.843975966699,11.080995774414));
#1013 = CARTESIAN_POINT('',(3.866869875199,11.099263055643));
#1014 = CARTESIAN_POINT('',(3.889562382276,11.11755231776));
#1015 = CARTESIAN_POINT('',(3.912064040395,11.135806076666));
#1016 = CARTESIAN_POINT('',(3.93438529127,11.153970444991));
#1017 = CARTESIAN_POINT('',(3.95653646586,11.171995132091));
#1018 = CARTESIAN_POINT('',(4.08591730653,11.276942718387));
#1019 = CARTESIAN_POINT('',(4.189788517112,11.359842750401));
#1020 = CARTESIAN_POINT('',(4.29105930429,11.43282362219));
#1021 = CARTESIAN_POINT('',(4.390445813255,11.491730751655));
#1022 = CARTESIAN_POINT('',(4.488640861459,11.533771503389));
#1023 = CARTESIAN_POINT('',(4.586295432341,11.557347577889));
#1024 = CARTESIAN_POINT('',(4.789886225063,11.567091998894));
#1025 = CARTESIAN_POINT('',(4.895166581921,11.550053137626));
#1026 = CARTESIAN_POINT('',(5.000876256434,11.510888126711));
#1027 = CARTESIAN_POINT('',(5.107812134297,11.451197737128));
#1028 = CARTESIAN_POINT('',(5.216791189818,11.374257664401));
#1029 = CARTESIAN_POINT('',(5.328686246265,11.285176043664));
#1030 = CARTESIAN_POINT('',(5.466763723601,11.173197424843));
#1031 = CARTESIAN_POINT('',(5.489068391852,11.155048159491));
#1032 = CARTESIAN_POINT('',(5.511545179547,11.136754830005));
#1033 = CARTESIAN_POINT('',(5.534204652551,11.118368717143));
#1034 = CARTESIAN_POINT('',(5.557057474815,11.099944812403));
#1035 = CARTESIAN_POINT('',(5.580114408372,11.081541818017));
#1036 = CARTESIAN_POINT('',(5.631562757078,11.041041617187));
#1037 = CARTESIAN_POINT('',(5.660059887591,11.018979058034));
#1038 = CARTESIAN_POINT('',(5.688891594511,10.997150250338));
#1039 = CARTESIAN_POINT('',(5.718071888376,10.975679667934));
#1040 = CARTESIAN_POINT('',(5.747615478105,10.954699778591));
#1041 = CARTESIAN_POINT('',(5.777538348482,10.934350344945));
#1042 = CARTESIAN_POINT('',(5.870960329612,10.874043169976));
#1043 = CARTESIAN_POINT('',(5.936360334935,10.836300368695));
#1044 = CARTESIAN_POINT('',(6.003536765836,10.803455445239));
#1045 = CARTESIAN_POINT('',(6.072098232296,10.7772848111));
#1046 = CARTESIAN_POINT('',(6.141734872012,10.759181480159));
#1047 = CARTESIAN_POINT('',(6.212180461336,10.75));
#1048 = CARTESIAN_POINT('',(6.28318530718,10.75));
#1049 = ( GEOMETRIC_REPRESENTATION_CONTEXT(2) 
PARAMETRIC_REPRESENTATION_CONTEXT() REPRESENTATION_CONTEXT('2D SPACE',''
  ) );
#1050 = ORIENTED_EDGE('',*,*,#1051,.T.);
#1051 = EDGE_CURVE('',#721,#1052,#1054,.T.);
#1052 = VERTEX_POINT('',#1053);
#1053 = CARTESIAN_POINT('',(-460.,-2.250000004439,128.30718913264));
#1054 = SURFACE_CURVE('',#1055,(#1160,#1268),.PCURVE_S1.);
#1055 = B_SPLINE_CURVE_WITH_KNOTS('',7,(#1056,#1057,#1058,#1059,#1060,
    #1061,#1062,#1063,#1064,#1065,#1066,#1067,#1068,#1069,#1070,#1071,
    #1072,#1073,#1074,#1075,#1076,#1077,#1078,#1079,#1080,#1081,#1082,
    #1083,#1084,#1085,#1086,#1087,#1088,#1089,#1090,#1091,#1092,#1093,
    #1094,#1095,#1096,#1097,#1098,#1099,#1100,#1101,#1102,#1103,#1104,
    #1105,#1106,#1107,#1108,#1109,#1110,#1111,#1112,#1113,#1114,#1115,
    #1116,#1117,#1118,#1119,#1120,#1121,#1122,#1123,#1124,#1125,#1126,
    #1127,#1128,#1129,#1130,#1131,#1132,#1133,#1134,#1135,#1136,#1137,
    #1138,#1139,#1140,#1141,#1142,#1143,#1144,#1145,#1146,#1147,#1148,
    #1149,#1150,#1151,#1152,#1153,#1154,#1155,#1156,#1157,#1158,#1159),
  .UNSPECIFIED.,.T.,.F.,(8,6,6,6,6,6,6,6,6,6,6,6,6,6,6,6,6,8),(0.,
    3.957011154622E-02,9.540284730593E-02,0.120781649855,0.244713167522,
    0.378650440068,0.404231921441,0.435204683306,0.472999828093,
    0.526784758918,0.564457674273,0.595470721023,0.620866279016,
    0.744879618026,0.878905317856,0.904503688485,0.935496899003,1.),
  .UNSPECIFIED.);
#1056 = CARTESIAN_POINT('',(-460.25,0.,121.));
#1057 = CARTESIAN_POINT('',(-460.25,0.173625812365,121.));
#1058 = CARTESIAN_POINT('',(-460.2465687602,0.34699508095,121.0087925795
    ));
#1059 = CARTESIAN_POINT('',(-460.2397245136,0.519124274186,
    121.02633086915));
#1060 = CARTESIAN_POINT('',(-460.2295948982,0.689037213339,
    121.05239134121));
#1061 = CARTESIAN_POINT('',(-460.2164147029,0.855781067961,
    121.08657538327));
#1062 = CARTESIAN_POINT('',(-460.2005138542,1.018442120626,
    121.12830718541));
#1063 = CARTESIAN_POINT('',(-460.1565900692,1.39870030762,
    121.24528987858));
#1064 = CARTESIAN_POINT('',(-460.1262790425,1.611330306788,
    121.32724600394));
#1065 = CARTESIAN_POINT('',(-460.0922823436,1.813541226803,
    121.42113264436));
#1066 = CARTESIAN_POINT('',(-460.0555221471,2.004975514064,
    121.52548808586));
#1067 = CARTESIAN_POINT('',(-460.0168848889,2.185407772363,
    121.63893289043));
#1068 = CARTESIAN_POINT('',(-459.9771932767,2.354727333134,
    121.76015395655));
#1069 = CARTESIAN_POINT('',(-459.9190042255,2.584832033006,
    121.94595587178));
#1070 = CARTESIAN_POINT('',(-459.9007369443,2.654514732888,
    122.00542466299));
#1071 = CARTESIAN_POINT('',(-459.8824476822,2.721995004653,
    122.06621149396));
#1072 = CARTESIAN_POINT('',(-459.8641939233,2.787296596116,
    122.12823593785));
#1073 = CARTESIAN_POINT('',(-459.846029555,2.850443854513,122.1914243436
    ));
#1074 = CARTESIAN_POINT('',(-459.8280048679,2.911461726496,
    122.25570983593));
#1075 = CARTESIAN_POINT('',(-459.7230572816,3.258068817666,
    122.64001954862));
#1076 = CARTESIAN_POINT('',(-459.6401572495,3.496371784245,
    122.98459951542));
#1077 = CARTESIAN_POINT('',(-459.5671763778,3.687034404054,
    123.3472466392));
#1078 = CARTESIAN_POINT('',(-459.5082692483,3.831727143417,
    123.72260751537));
#1079 = CARTESIAN_POINT('',(-459.4662284966,3.931658360329,
    124.10659584761));
#1080 = CARTESIAN_POINT('',(-459.4426524221,3.987349917493,
    124.49579697532));
#1081 = CARTESIAN_POINT('',(-459.4329080011,4.010350980198,
    125.30983525771));
#1082 = CARTESIAN_POINT('',(-459.4499468623,3.970083100232,
    125.73226306569));
#1083 = CARTESIAN_POINT('',(-459.4891118732,3.878309037056,
    126.15013276317));
#1084 = CARTESIAN_POINT('',(-459.5488022628,3.734512337067,
    126.55923568351));
#1085 = CARTESIAN_POINT('',(-459.6257423355,3.537334375932,
    126.95445912713));
#1086 = CARTESIAN_POINT('',(-459.7148239563,3.284760231803,
    127.32924945134));
#1087 = CARTESIAN_POINT('',(-459.8268025751,2.915523936643,
    127.73999364703));
#1088 = CARTESIAN_POINT('',(-459.8449518405,2.854177218783,
    127.80481419219));
#1089 = CARTESIAN_POINT('',(-459.8632451699,2.790670773274,
    127.8685245232));
#1090 = CARTESIAN_POINT('',(-459.8816312828,2.724979069162,
    127.93105652803));
#1091 = CARTESIAN_POINT('',(-459.9000551875,2.657077226293,
    127.99233508879));
#1092 = CARTESIAN_POINT('',(-459.9184581819,2.586941015307,
    128.05227808174));
#1093 = CARTESIAN_POINT('',(-459.9589583828,2.42689567853,
    128.18164736531));
#1094 = CARTESIAN_POINT('',(-459.9810209419,2.33591786279,
    128.25042349984));
#1095 = CARTESIAN_POINT('',(-460.0028497496,2.241588408586,
    128.3169494716));
#1096 = CARTESIAN_POINT('',(-460.024320332,2.143889672333,
    128.38103659684));
#1097 = CARTESIAN_POINT('',(-460.0453002214,2.042811610046,
    128.4424825847));
#1098 = CARTESIAN_POINT('',(-460.065649655,1.938352018683,
    128.50107130454));
#1099 = CARTESIAN_POINT('',(-460.1091061629,1.698928623631,
    128.62429908494));
#1100 = CARTESIAN_POINT('',(-460.1318620462,1.56215583529,
    128.68750923358));
#1101 = CARTESIAN_POINT('',(-460.1531685457,1.420465258788,
    128.74562197316));
#1102 = CARTESIAN_POINT('',(-460.172709775,1.27416076199,128.79809834681
    ));
#1103 = CARTESIAN_POINT('',(-460.1901843151,1.123582826204,
    128.84443863358));
#1104 = CARTESIAN_POINT('',(-460.2053141887,0.969108138064,
    128.88417951513));
#1105 = CARTESIAN_POINT('',(-460.2356985624,0.586363389393,
    128.96344214214));
#1106 = CARTESIAN_POINT('',(-460.2482874708,0.354651105042,
    128.99573181791));
#1107 = CARTESIAN_POINT('',(-460.2548062668,0.118693676045,
    129.0122470192));
#1108 = CARTESIAN_POINT('',(-460.2548062668,-0.118693676045,
    129.0122470192));
#1109 = CARTESIAN_POINT('',(-460.2482874708,-0.354651105043,
    128.99573181791));
#1110 = CARTESIAN_POINT('',(-460.2356985624,-0.586363389393,
    128.96344214214));
#1111 = CARTESIAN_POINT('',(-460.2053547419,-0.968597299074,
    128.8842853048));
#1112 = CARTESIAN_POINT('',(-460.1902815893,-1.12259069654,
    128.8446941515));
#1113 = CARTESIAN_POINT('',(-460.172877375,-1.272717412035,
    128.79854283915));
#1114 = CARTESIAN_POINT('',(-460.1534175067,-1.418600847633,
    128.7462905448));
#1115 = CARTESIAN_POINT('',(-460.132200915,-1.559900205527,
    128.68843336765));
#1116 = CARTESIAN_POINT('',(-460.1095411651,-1.696310924293,
    128.62550713081));
#1117 = CARTESIAN_POINT('',(-460.0661784697,-1.935616013759,
    128.50259129369));
#1118 = CARTESIAN_POINT('',(-460.0458176911,-2.040283001061,
    128.44399251541));
#1119 = CARTESIAN_POINT('',(-460.0248222678,-2.141559913363,
    128.38252519849));
#1120 = CARTESIAN_POINT('',(-460.0033326193,-2.239448740657,
    128.31840655483));
#1121 = CARTESIAN_POINT('',(-459.9814818431,-2.333959380853,
    128.25183989462));
#1122 = CARTESIAN_POINT('',(-459.9593950077,-2.425109394018,
    128.18301486304));
#1123 = CARTESIAN_POINT('',(-459.9190042255,-2.584832033006,
    128.05404412821));
#1124 = CARTESIAN_POINT('',(-459.9007369443,-2.654514732888,
    127.994575337));
#1125 = CARTESIAN_POINT('',(-459.8824476822,-2.721995004653,
    127.93378850603));
#1126 = CARTESIAN_POINT('',(-459.8641939233,-2.787296596116,
    127.87176406214));
#1127 = CARTESIAN_POINT('',(-459.846029555,-2.850443854513,
    127.80857565639));
#1128 = CARTESIAN_POINT('',(-459.8280048679,-2.911461726496,
    127.74429016406));
#1129 = CARTESIAN_POINT('',(-459.7230572816,-3.258068817666,
    127.35998045137));
#1130 = CARTESIAN_POINT('',(-459.6401572495,-3.496371784246,
    127.01540048457));
#1131 = CARTESIAN_POINT('',(-459.5671763778,-3.687034404053,
    126.6527533608));
#1132 = CARTESIAN_POINT('',(-459.5082692483,-3.831727143418,
    126.27739248461));
#1133 = CARTESIAN_POINT('',(-459.4662284966,-3.931658360329,
    125.89340415238));
#1134 = CARTESIAN_POINT('',(-459.4426524221,-3.987349917493,
    125.50420302468));
#1135 = CARTESIAN_POINT('',(-459.4329080011,-4.010350980198,
    124.69016474228));
#1136 = CARTESIAN_POINT('',(-459.4499468623,-3.970083100233,
    124.26773693431));
#1137 = CARTESIAN_POINT('',(-459.4891118732,-3.878309037053,
    123.84986723682));
#1138 = CARTESIAN_POINT('',(-459.5488022628,-3.73451233707,
    123.44076431648));
#1139 = CARTESIAN_POINT('',(-459.6257423355,-3.537334375929,
    123.04554087285));
#1140 = CARTESIAN_POINT('',(-459.7148239563,-3.284760231804,
    122.67075054865));
#1141 = CARTESIAN_POINT('',(-459.8268025751,-2.915523936643,
    122.26000635296));
#1142 = CARTESIAN_POINT('',(-459.8449518405,-2.854177218783,
    122.1951858078));
#1143 = CARTESIAN_POINT('',(-459.8632451699,-2.790670773273,
    122.13147547679));
#1144 = CARTESIAN_POINT('',(-459.8816312828,-2.724979069162,
    122.06894347196));
#1145 = CARTESIAN_POINT('',(-459.9000551875,-2.657077226292,
    122.0076649112));
#1146 = CARTESIAN_POINT('',(-459.9184581819,-2.586941015306,
    121.94772191825));
#1147 = CARTESIAN_POINT('',(-459.9589583828,-2.426895678538,
    121.81835263468));
#1148 = CARTESIAN_POINT('',(-459.9810209419,-2.335917862791,
    121.74957650015));
#1149 = CARTESIAN_POINT('',(-460.0028497496,-2.241588408578,
    121.68305052839));
#1150 = CARTESIAN_POINT('',(-460.024320332,-2.143889672324,
    121.61896340315));
#1151 = CARTESIAN_POINT('',(-460.0453002214,-2.042811610046,
    121.55751741529));
#1152 = CARTESIAN_POINT('',(-460.065649655,-1.938352018694,
    121.49892869545));
#1153 = CARTESIAN_POINT('',(-460.12595683,-1.606089964723,
    121.32791819161));
#1154 = CARTESIAN_POINT('',(-460.1636996313,-1.364986405861,
    121.22472408186));
#1155 = CARTESIAN_POINT('',(-460.1965445547,-1.109405774207,
    121.13771943326));
#1156 = CARTESIAN_POINT('',(-460.2227151889,-0.84200874976,121.06991612)
  );
#1157 = CARTESIAN_POINT('',(-460.2408185198,-0.565801970259,
    121.02352808859));
#1158 = CARTESIAN_POINT('',(-460.25,-0.284019383373,121.));
#1159 = CARTESIAN_POINT('',(-460.25,0.,121.));
#1160 = PCURVE('',#122,#1161);
#1161 = DEFINITIONAL_REPRESENTATION('',(#1162),#1267);
#1162 = B_SPLINE_CURVE_WITH_KNOTS('',7,(#1163,#1164,#1165,#1166,#1167,
    #1168,#1169,#1170,#1171,#1172,#1173,#1174,#1175,#1176,#1177,#1178,
    #1179,#1180,#1181,#1182,#1183,#1184,#1185,#1186,#1187,#1188,#1189,
    #1190,#1191,#1192,#1193,#1194,#1195,#1196,#1197,#1198,#1199,#1200,
    #1201,#1202,#1203,#1204,#1205,#1206,#1207,#1208,#1209,#1210,#1211,
    #1212,#1213,#1214,#1215,#1216,#1217,#1218,#1219,#1220,#1221,#1222,
    #1223,#1224,#1225,#1226,#1227,#1228,#1229,#1230,#1231,#1232,#1233,
    #1234,#1235,#1236,#1237,#1238,#1239,#1240,#1241,#1242,#1243,#1244,
    #1245,#1246,#1247,#1248,#1249,#1250,#1251,#1252,#1253,#1254,#1255,
    #1256,#1257,#1258,#1259,#1260,#1261,#1262,#1263,#1264,#1265,#1266),
  .UNSPECIFIED.,.T.,.F.,(8,6,6,6,6,6,6,6,6,6,6,6,6,6,6,6,6,8),(0.,
    3.957011154622E-02,9.540284730593E-02,0.120781649855,0.244713167522,
    0.378650440068,0.404231921441,0.435204683306,0.472999828093,
    0.526784758918,0.564457674273,0.595470721023,0.620866279016,
    0.744879618026,0.878905317856,0.904503688485,0.935496899003,1.),
  .UNSPECIFIED.);
#1163 = CARTESIAN_POINT('',(3.14159265359,71.));
#1164 = CARTESIAN_POINT('',(3.124653549944,71.));
#1165 = CARTESIAN_POINT('',(3.107739472327,71.008792579506));
#1166 = CARTESIAN_POINT('',(3.090938451071,71.026330869159));
#1167 = CARTESIAN_POINT('',(3.074337854659,71.052391341217));
#1168 = CARTESIAN_POINT('',(3.058024002768,71.086575383275));
#1169 = CARTESIAN_POINT('',(3.042081443241,71.128307185419));
#1170 = CARTESIAN_POINT('',(3.004736408264,71.245289878581));
#1171 = CARTESIAN_POINT('',(2.983789717718,71.327246003944));
#1172 = CARTESIAN_POINT('',(2.963794475279,71.421132644361));
#1173 = CARTESIAN_POINT('',(2.944785049457,71.525488085864));
#1174 = CARTESIAN_POINT('',(2.926788373426,71.638932890433));
#1175 = CARTESIAN_POINT('',(2.90982416708,71.760153956552));
#1176 = CARTESIAN_POINT('',(2.886668251185,71.945955871788));
#1177 = CARTESIAN_POINT('',(2.879640476023,72.005424662994));
#1178 = CARTESIAN_POINT('',(2.872819886331,72.066211493963));
#1179 = CARTESIAN_POINT('',(2.866205144605,72.128235937854));
#1180 = CARTESIAN_POINT('',(2.85979489504,72.191424343606));
#1181 = CARTESIAN_POINT('',(2.853587763533,72.255709835934));
#1182 = CARTESIAN_POINT('',(2.818256345948,72.640019548627));
#1183 = CARTESIAN_POINT('',(2.793661115043,72.98459951542));
#1184 = CARTESIAN_POINT('',(2.773753551801,73.347246639201));
#1185 = CARTESIAN_POINT('',(2.758513639894,73.722607515378));
#1186 = CARTESIAN_POINT('',(2.747936635297,74.106595847616));
#1187 = CARTESIAN_POINT('',(2.742036514789,74.49579697532));
#1188 = CARTESIAN_POINT('',(2.739599437271,75.309835257717));
#1189 = CARTESIAN_POINT('',(2.743865227702,75.73226306569));
#1190 = CARTESIAN_POINT('',(2.753600020456,76.150132763175));
#1191 = CARTESIAN_POINT('',(2.76878923338,76.559235683515));
#1192 = CARTESIAN_POINT('',(2.789428179331,76.954459127138));
#1193 = CARTESIAN_POINT('',(2.815531266896,77.329249451342));
#1194 = CARTESIAN_POINT('',(2.85317446518,77.739993647036));
#1195 = CARTESIAN_POINT('',(2.859415806774,77.804814192195));
#1196 = CARTESIAN_POINT('',(2.865863207277,77.868524523202));
#1197 = CARTESIAN_POINT('',(2.872518073343,77.931056528034));
#1198 = CARTESIAN_POINT('',(2.879381788969,77.992335088799));
#1199 = CARTESIAN_POINT('',(2.886455715496,78.052278081744));
#1200 = CARTESIAN_POINT('',(2.90256207705,78.181647365319));
#1201 = CARTESIAN_POINT('',(2.911694771246,78.250423499847));
#1202 = CARTESIAN_POINT('',(2.921139988814,78.316949471601));
#1203 = CARTESIAN_POINT('',(2.930897896825,78.381036596843));
#1204 = CARTESIAN_POINT('',(2.940968174451,78.442482584703));
#1205 = CARTESIAN_POINT('',(2.951350072622,78.501071304548));
#1206 = CARTESIAN_POINT('',(2.975090094263,78.624299084944));
#1207 = CARTESIAN_POINT('',(2.988615760445,78.687509233581));
#1208 = CARTESIAN_POINT('',(3.002591836761,78.745621973164));
#1209 = CARTESIAN_POINT('',(3.01698853481,78.798098346816));
#1210 = CARTESIAN_POINT('',(3.031773967218,78.844438633582));
#1211 = CARTESIAN_POINT('',(3.046914201606,78.884179515139));
#1212 = CARTESIAN_POINT('',(3.084372630238,78.963442142146));
#1213 = CARTESIAN_POINT('',(3.107005037531,78.995731817915));
#1214 = CARTESIAN_POINT('',(3.130020678938,79.012247019206));
#1215 = CARTESIAN_POINT('',(3.153164628241,79.012247019206));
#1216 = CARTESIAN_POINT('',(3.176180269649,78.995731817915));
#1217 = CARTESIAN_POINT('',(3.198812676941,78.963442142146));
#1218 = CARTESIAN_POINT('',(3.236221110829,78.884285304808));
#1219 = CARTESIAN_POINT('',(3.251314100221,78.844694151506));
#1220 = CARTESIAN_POINT('',(3.266055047096,78.798542839155));
#1221 = CARTESIAN_POINT('',(3.280410007397,78.7462905448));
#1222 = CARTESIAN_POINT('',(3.294347058915,78.688433367659));
#1223 = CARTESIAN_POINT('',(3.3078363535,78.625507130817));
#1224 = CARTESIAN_POINT('',(3.331563385189,78.502591293696));
#1225 = CARTESIAN_POINT('',(3.341965350752,78.443992515417));
#1226 = CARTESIAN_POINT('',(3.352054925006,78.382525198493));
#1227 = CARTESIAN_POINT('',(3.361831339301,78.318406554837));
#1228 = CARTESIAN_POINT('',(3.371294257081,78.251839894624));
#1229 = CARTESIAN_POINT('',(3.380443833687,78.183014863042));
#1230 = CARTESIAN_POINT('',(3.396517055995,78.054044128212));
#1231 = CARTESIAN_POINT('',(3.403544831157,77.994575337005));
#1232 = CARTESIAN_POINT('',(3.410365420848,77.933788506037));
#1233 = CARTESIAN_POINT('',(3.416980162574,77.871764062146));
#1234 = CARTESIAN_POINT('',(3.423390412139,77.808575656394));
#1235 = CARTESIAN_POINT('',(3.429597543647,77.744290164066));
#1236 = CARTESIAN_POINT('',(3.464928961232,77.359980451373));
#1237 = CARTESIAN_POINT('',(3.489524192136,77.015400484578));
#1238 = CARTESIAN_POINT('',(3.509431755378,76.652753360802));
#1239 = CARTESIAN_POINT('',(3.524671667285,76.277392484619));
#1240 = CARTESIAN_POINT('',(3.535248671883,75.893404152385));
#1241 = CARTESIAN_POINT('',(3.541148792391,75.50420302468));
#1242 = CARTESIAN_POINT('',(3.543585869909,74.690164742282));
#1243 = CARTESIAN_POINT('',(3.539320079478,74.26773693431));
#1244 = CARTESIAN_POINT('',(3.529585286724,73.849867236821));
#1245 = CARTESIAN_POINT('',(3.5143960738,73.440764316489));
#1246 = CARTESIAN_POINT('',(3.493757127848,73.045540872858));
#1247 = CARTESIAN_POINT('',(3.467654040284,72.670750548658));
#1248 = CARTESIAN_POINT('',(3.430010842,72.260006352963));
#1249 = CARTESIAN_POINT('',(3.423769500405,72.195185807805));
#1250 = CARTESIAN_POINT('',(3.417322099903,72.131475476797));
#1251 = CARTESIAN_POINT('',(3.410667233837,72.068943471965));
#1252 = CARTESIAN_POINT('',(3.40380351821,72.0076649112));
#1253 = CARTESIAN_POINT('',(3.396729591683,71.947721918255));
#1254 = CARTESIAN_POINT('',(3.380623230131,71.818352634687));
#1255 = CARTESIAN_POINT('',(3.371490535933,71.749576500152));
#1256 = CARTESIAN_POINT('',(3.362045318364,71.683050528393));
#1257 = CARTESIAN_POINT('',(3.352287410354,71.618963403152));
#1258 = CARTESIAN_POINT('',(3.342217132728,71.557517415299));
#1259 = CARTESIAN_POINT('',(3.331835234558,71.498928695457));
#1260 = CARTESIAN_POINT('',(3.298889797668,71.327918191611));
#1261 = CARTESIAN_POINT('',(3.275088013155,71.224724081861));
#1262 = CARTESIAN_POINT('',(3.249964005386,71.137719433265));
#1263 = CARTESIAN_POINT('',(3.223774507386,71.069916120007));
#1264 = CARTESIAN_POINT('',(3.196792879741,71.023528088591));
#1265 = CARTESIAN_POINT('',(3.169301861724,71.));
#1266 = CARTESIAN_POINT('',(3.14159265359,71.));
#1267 = ( GEOMETRIC_REPRESENTATION_CONTEXT(2) 
PARAMETRIC_REPRESENTATION_CONTEXT() REPRESENTATION_CONTEXT('2D SPACE',''
  ) );
#1268 = PCURVE('',#1269,#1274);
#1269 = CYLINDRICAL_SURFACE('',#1270,4.);
#1270 = AXIS2_PLACEMENT_3D('',#1271,#1272,#1273);
#1271 = CARTESIAN_POINT('',(-476.,0.,125.));
#1272 = DIRECTION('',(1.,0.,2.22044604925E-16));
#1273 = DIRECTION('',(2.22044604925E-16,0.,-1.));
#1274 = DEFINITIONAL_REPRESENTATION('',(#1275),#1332);
#1275 = B_SPLINE_CURVE_WITH_KNOTS('',10,(#1276,#1277,#1278,#1279,#1280,
    #1281,#1282,#1283,#1284,#1285,#1286,#1287,#1288,#1289,#1290,#1291,
    #1292,#1293,#1294,#1295,#1296,#1297,#1298,#1299,#1300,#1301,#1302,
    #1303,#1304,#1305,#1306,#1307,#1308,#1309,#1310,#1311,#1312,#1313,
    #1314,#1315,#1316,#1317,#1318,#1319,#1320,#1321,#1322,#1323,#1324,
    #1325,#1326,#1327,#1328,#1329,#1330,#1331),.UNSPECIFIED.,.F.,.F.,(11
    ,9,9,9,9,9,11),(0.416985730953,0.437712306424,0.473983813499,
    0.528391074111,0.555594704417,0.56919651957,0.582798334723),
  .UNSPECIFIED.);
#1276 = CARTESIAN_POINT('',(2.544186234606,15.999999999999));
#1277 = CARTESIAN_POINT('',(2.557772838379,15.98988996846));
#1278 = CARTESIAN_POINT('',(2.571432245244,15.979857579325));
#1279 = CARTESIAN_POINT('',(2.585169142287,15.969912046799));
#1280 = CARTESIAN_POINT('',(2.598968157661,15.960075250594));
#1281 = CARTESIAN_POINT('',(2.612879889144,15.950328430627));
#1282 = CARTESIAN_POINT('',(2.626808675821,15.940744245192));
#1283 = CARTESIAN_POINT('',(2.640889012604,15.931251442875));
#1284 = CARTESIAN_POINT('',(2.654995224548,15.921942938032));
#1285 = CARTESIAN_POINT('',(2.669208526609,15.912780698238));
#1286 = CARTESIAN_POINT('',(2.708530522228,15.888063937383));
#1287 = CARTESIAN_POINT('',(2.733820045509,15.872865857134));
#1288 = CARTESIAN_POINT('',(2.759373956593,15.858278536587));
#1289 = CARTESIAN_POINT('',(2.785145074478,15.844394280808));
#1290 = CARTESIAN_POINT('',(2.811227907019,15.831263297237));
#1291 = CARTESIAN_POINT('',(2.837431166961,15.819016246824));
#1292 = CARTESIAN_POINT('',(2.863979529735,15.80766102171));
#1293 = CARTESIAN_POINT('',(2.890662157992,15.797328410088));
#1294 = CARTESIAN_POINT('',(2.917604572156,15.78804765616));
#1295 = CARTESIAN_POINT('',(2.985456399005,15.767673558618));
#1296 = CARTESIAN_POINT('',(3.026612907133,15.757993698542));
#1297 = CARTESIAN_POINT('',(3.068092359475,15.751097558688));
#1298 = CARTESIAN_POINT('',(3.109762587331,15.747153849818));
#1299 = CARTESIAN_POINT('',(3.151534069759,15.746271129145));
#1300 = CARTESIAN_POINT('',(3.193281846674,15.748470404069));
#1301 = CARTESIAN_POINT('',(3.234886630049,15.753697654222));
#1302 = CARTESIAN_POINT('',(3.276263378167,15.761835534262));
#1303 = CARTESIAN_POINT('',(3.317265596464,15.77267955006));
#1304 = CARTESIAN_POINT('',(3.378029693245,15.79262178126));
#1305 = CARTESIAN_POINT('',(3.398163903315,15.799882799017));
#1306 = CARTESIAN_POINT('',(3.418175735772,15.807730141871));
#1307 = CARTESIAN_POINT('',(3.43806308839,15.816135110405));
#1308 = CARTESIAN_POINT('',(3.457823621398,15.825067733462));
#1309 = CARTESIAN_POINT('',(3.477454733412,15.834496913554));
#1310 = CARTESIAN_POINT('',(3.496953537354,15.844390572277));
#1311 = CARTESIAN_POINT('',(3.516316836392,15.854715795722));
#1312 = CARTESIAN_POINT('',(3.535541099855,15.865438979891));
#1313 = CARTESIAN_POINT('',(3.564163108831,15.88206947421));
#1314 = CARTESIAN_POINT('',(3.573667621666,15.887703653396));
#1315 = CARTESIAN_POINT('',(3.5831394454,15.893426766503));
#1316 = CARTESIAN_POINT('',(3.592562006263,15.899224317633));
#1317 = CARTESIAN_POINT('',(3.601971098687,15.905114851892));
#1318 = CARTESIAN_POINT('',(3.611319353106,15.911064988468));
#1319 = CARTESIAN_POINT('',(3.620633610291,15.917086445494));
#1320 = CARTESIAN_POINT('',(3.629918426435,15.923179385805));
#1321 = CARTESIAN_POINT('',(3.639165464227,15.929334194679));
#1322 = CARTESIAN_POINT('',(3.657591212045,15.941764807314));
#1323 = CARTESIAN_POINT('',(3.666769511543,15.948040338795));
#1324 = CARTESIAN_POINT('',(3.67591365107,15.95437257941));
#1325 = CARTESIAN_POINT('',(3.685024035058,15.960758055917));
#1326 = CARTESIAN_POINT('',(3.694101058772,15.967193338826));
#1327 = CARTESIAN_POINT('',(3.703145109155,15.973675043348));
#1328 = CARTESIAN_POINT('',(3.712156565667,15.980199830354));
#1329 = CARTESIAN_POINT('',(3.721135801127,15.986764407333));
#1330 = CARTESIAN_POINT('',(3.730083182557,15.993365529346));
#1331 = CARTESIAN_POINT('',(3.738999072023,15.999999999983));
#1332 = ( GEOMETRIC_REPRESENTATION_CONTEXT(2) 
PARAMETRIC_REPRESENTATION_CONTEXT() REPRESENTATION_CONTEXT('2D SPACE',''
  ) );
#1333 = ORIENTED_EDGE('',*,*,#1334,.T.);
#1334 = EDGE_CURVE('',#1052,#580,#1335,.T.);
#1335 = SURFACE_CURVE('',#1336,(#1441,#1549),.PCURVE_S1.);
#1336 = B_SPLINE_CURVE_WITH_KNOTS('',7,(#1337,#1338,#1339,#1340,#1341,
    #1342,#1343,#1344,#1345,#1346,#1347,#1348,#1349,#1350,#1351,#1352,
    #1353,#1354,#1355,#1356,#1357,#1358,#1359,#1360,#1361,#1362,#1363,
    #1364,#1365,#1366,#1367,#1368,#1369,#1370,#1371,#1372,#1373,#1374,
    #1375,#1376,#1377,#1378,#1379,#1380,#1381,#1382,#1383,#1384,#1385,
    #1386,#1387,#1388,#1389,#1390,#1391,#1392,#1393,#1394,#1395,#1396,
    #1397,#1398,#1399,#1400,#1401,#1402,#1403,#1404,#1405,#1406,#1407,
    #1408,#1409,#1410,#1411,#1412,#1413,#1414,#1415,#1416,#1417,#1418,
    #1419,#1420,#1421,#1422,#1423,#1424,#1425,#1426,#1427,#1428,#1429,
    #1430,#1431,#1432,#1433,#1434,#1435,#1436,#1437,#1438,#1439,#1440),
  .UNSPECIFIED.,.T.,.F.,(8,6,6,6,6,6,6,6,6,6,6,6,6,6,6,6,6,8),(0.,
    3.957011154622E-02,9.540284730593E-02,0.120781649855,0.244713167522,
    0.378650440068,0.404231921441,0.435204683306,0.472999828093,
    0.526784758918,0.564457674273,0.595470721023,0.620866279016,
    0.744879618026,0.878905317856,0.904503688485,0.935496899003,1.),
  .UNSPECIFIED.);
#1337 = CARTESIAN_POINT('',(-460.25,0.,121.));
#1338 = CARTESIAN_POINT('',(-460.25,0.173625812365,121.));
#1339 = CARTESIAN_POINT('',(-460.2465687602,0.34699508095,121.0087925795
    ));
#1340 = CARTESIAN_POINT('',(-460.2397245136,0.519124274186,
    121.02633086915));
#1341 = CARTESIAN_POINT('',(-460.2295948982,0.689037213339,
    121.05239134121));
#1342 = CARTESIAN_POINT('',(-460.2164147029,0.855781067961,
    121.08657538327));
#1343 = CARTESIAN_POINT('',(-460.2005138542,1.018442120626,
    121.12830718541));
#1344 = CARTESIAN_POINT('',(-460.1565900692,1.39870030762,
    121.24528987858));
#1345 = CARTESIAN_POINT('',(-460.1262790425,1.611330306788,
    121.32724600394));
#1346 = CARTESIAN_POINT('',(-460.0922823436,1.813541226803,
    121.42113264436));
#1347 = CARTESIAN_POINT('',(-460.0555221471,2.004975514064,
    121.52548808586));
#1348 = CARTESIAN_POINT('',(-460.0168848889,2.185407772363,
    121.63893289043));
#1349 = CARTESIAN_POINT('',(-459.9771932767,2.354727333134,
    121.76015395655));
#1350 = CARTESIAN_POINT('',(-459.9190042255,2.584832033006,
    121.94595587178));
#1351 = CARTESIAN_POINT('',(-459.9007369443,2.654514732888,
    122.00542466299));
#1352 = CARTESIAN_POINT('',(-459.8824476822,2.721995004653,
    122.06621149396));
#1353 = CARTESIAN_POINT('',(-459.8641939233,2.787296596116,
    122.12823593785));
#1354 = CARTESIAN_POINT('',(-459.846029555,2.850443854513,122.1914243436
    ));
#1355 = CARTESIAN_POINT('',(-459.8280048679,2.911461726496,
    122.25570983593));
#1356 = CARTESIAN_POINT('',(-459.7230572816,3.258068817666,
    122.64001954862));
#1357 = CARTESIAN_POINT('',(-459.6401572495,3.496371784245,
    122.98459951542));
#1358 = CARTESIAN_POINT('',(-459.5671763778,3.687034404054,
    123.3472466392));
#1359 = CARTESIAN_POINT('',(-459.5082692483,3.831727143417,
    123.72260751537));
#1360 = CARTESIAN_POINT('',(-459.4662284966,3.931658360329,
    124.10659584761));
#1361 = CARTESIAN_POINT('',(-459.4426524221,3.987349917493,
    124.49579697532));
#1362 = CARTESIAN_POINT('',(-459.4329080011,4.010350980198,
    125.30983525771));
#1363 = CARTESIAN_POINT('',(-459.4499468623,3.970083100232,
    125.73226306569));
#1364 = CARTESIAN_POINT('',(-459.4891118732,3.878309037056,
    126.15013276317));
#1365 = CARTESIAN_POINT('',(-459.5488022628,3.734512337067,
    126.55923568351));
#1366 = CARTESIAN_POINT('',(-459.6257423355,3.537334375932,
    126.95445912713));
#1367 = CARTESIAN_POINT('',(-459.7148239563,3.284760231803,
    127.32924945134));
#1368 = CARTESIAN_POINT('',(-459.8268025751,2.915523936643,
    127.73999364703));
#1369 = CARTESIAN_POINT('',(-459.8449518405,2.854177218783,
    127.80481419219));
#1370 = CARTESIAN_POINT('',(-459.8632451699,2.790670773274,
    127.8685245232));
#1371 = CARTESIAN_POINT('',(-459.8816312828,2.724979069162,
    127.93105652803));
#1372 = CARTESIAN_POINT('',(-459.9000551875,2.657077226293,
    127.99233508879));
#1373 = CARTESIAN_POINT('',(-459.9184581819,2.586941015307,
    128.05227808174));
#1374 = CARTESIAN_POINT('',(-459.9589583828,2.42689567853,
    128.18164736531));
#1375 = CARTESIAN_POINT('',(-459.9810209419,2.33591786279,
    128.25042349984));
#1376 = CARTESIAN_POINT('',(-460.0028497496,2.241588408586,
    128.3169494716));
#1377 = CARTESIAN_POINT('',(-460.024320332,2.143889672333,
    128.38103659684));
#1378 = CARTESIAN_POINT('',(-460.0453002214,2.042811610046,
    128.4424825847));
#1379 = CARTESIAN_POINT('',(-460.065649655,1.938352018683,
    128.50107130454));
#1380 = CARTESIAN_POINT('',(-460.1091061629,1.698928623631,
    128.62429908494));
#1381 = CARTESIAN_POINT('',(-460.1318620462,1.56215583529,
    128.68750923358));
#1382 = CARTESIAN_POINT('',(-460.1531685457,1.420465258788,
    128.74562197316));
#1383 = CARTESIAN_POINT('',(-460.172709775,1.27416076199,128.79809834681
    ));
#1384 = CARTESIAN_POINT('',(-460.1901843151,1.123582826204,
    128.84443863358));
#1385 = CARTESIAN_POINT('',(-460.2053141887,0.969108138064,
    128.88417951513));
#1386 = CARTESIAN_POINT('',(-460.2356985624,0.586363389393,
    128.96344214214));
#1387 = CARTESIAN_POINT('',(-460.2482874708,0.354651105042,
    128.99573181791));
#1388 = CARTESIAN_POINT('',(-460.2548062668,0.118693676045,
    129.0122470192));
#1389 = CARTESIAN_POINT('',(-460.2548062668,-0.118693676045,
    129.0122470192));
#1390 = CARTESIAN_POINT('',(-460.2482874708,-0.354651105043,
    128.99573181791));
#1391 = CARTESIAN_POINT('',(-460.2356985624,-0.586363389393,
    128.96344214214));
#1392 = CARTESIAN_POINT('',(-460.2053547419,-0.968597299074,
    128.8842853048));
#1393 = CARTESIAN_POINT('',(-460.1902815893,-1.12259069654,
    128.8446941515));
#1394 = CARTESIAN_POINT('',(-460.172877375,-1.272717412035,
    128.79854283915));
#1395 = CARTESIAN_POINT('',(-460.1534175067,-1.418600847633,
    128.7462905448));
#1396 = CARTESIAN_POINT('',(-460.132200915,-1.559900205527,
    128.68843336765));
#1397 = CARTESIAN_POINT('',(-460.1095411651,-1.696310924293,
    128.62550713081));
#1398 = CARTESIAN_POINT('',(-460.0661784697,-1.935616013759,
    128.50259129369));
#1399 = CARTESIAN_POINT('',(-460.0458176911,-2.040283001061,
    128.44399251541));
#1400 = CARTESIAN_POINT('',(-460.0248222678,-2.141559913363,
    128.38252519849));
#1401 = CARTESIAN_POINT('',(-460.0033326193,-2.239448740657,
    128.31840655483));
#1402 = CARTESIAN_POINT('',(-459.9814818431,-2.333959380853,
    128.25183989462));
#1403 = CARTESIAN_POINT('',(-459.9593950077,-2.425109394018,
    128.18301486304));
#1404 = CARTESIAN_POINT('',(-459.9190042255,-2.584832033006,
    128.05404412821));
#1405 = CARTESIAN_POINT('',(-459.9007369443,-2.654514732888,
    127.994575337));
#1406 = CARTESIAN_POINT('',(-459.8824476822,-2.721995004653,
    127.93378850603));
#1407 = CARTESIAN_POINT('',(-459.8641939233,-2.787296596116,
    127.87176406214));
#1408 = CARTESIAN_POINT('',(-459.846029555,-2.850443854513,
    127.80857565639));
#1409 = CARTESIAN_POINT('',(-459.8280048679,-2.911461726496,
    127.74429016406));
#1410 = CARTESIAN_POINT('',(-459.7230572816,-3.258068817666,
    127.35998045137));
#1411 = CARTESIAN_POINT('',(-459.6401572495,-3.496371784246,
    127.01540048457));
#1412 = CARTESIAN_POINT('',(-459.5671763778,-3.687034404053,
    126.6527533608));
#1413 = CARTESIAN_POINT('',(-459.5082692483,-3.831727143418,
    126.27739248461));
#1414 = CARTESIAN_POINT('',(-459.4662284966,-3.931658360329,
    125.89340415238));
#1415 = CARTESIAN_POINT('',(-459.4426524221,-3.987349917493,
    125.50420302468));
#1416 = CARTESIAN_POINT('',(-459.4329080011,-4.010350980198,
    124.69016474228));
#1417 = CARTESIAN_POINT('',(-459.4499468623,-3.970083100233,
    124.26773693431));
#1418 = CARTESIAN_POINT('',(-459.4891118732,-3.878309037053,
    123.84986723682));
#1419 = CARTESIAN_POINT('',(-459.5488022628,-3.73451233707,
    123.44076431648));
#1420 = CARTESIAN_POINT('',(-459.6257423355,-3.537334375929,
    123.04554087285));
#1421 = CARTESIAN_POINT('',(-459.7148239563,-3.284760231804,
    122.67075054865));
#1422 = CARTESIAN_POINT('',(-459.8268025751,-2.915523936643,
    122.26000635296));
#1423 = CARTESIAN_POINT('',(-459.8449518405,-2.854177218783,
    122.1951858078));
#1424 = CARTESIAN_POINT('',(-459.8632451699,-2.790670773273,
    122.13147547679));
#1425 = CARTESIAN_POINT('',(-459.8816312828,-2.724979069162,
    122.06894347196));
#1426 = CARTESIAN_POINT('',(-459.9000551875,-2.657077226292,
    122.0076649112));
#1427 = CARTESIAN_POINT('',(-459.9184581819,-2.586941015306,
    121.94772191825));
#1428 = CARTESIAN_POINT('',(-459.9589583828,-2.426895678538,
    121.81835263468));
#1429 = CARTESIAN_POINT('',(-459.9810209419,-2.335917862791,
    121.74957650015));
#1430 = CARTESIAN_POINT('',(-460.0028497496,-2.241588408578,
    121.68305052839));
#1431 = CARTESIAN_POINT('',(-460.024320332,-2.143889672324,
    121.61896340315));
#1432 = CARTESIAN_POINT('',(-460.0453002214,-2.042811610046,
    121.55751741529));
#1433 = CARTESIAN_POINT('',(-460.065649655,-1.938352018694,
    121.49892869545));
#1434 = CARTESIAN_POINT('',(-460.12595683,-1.606089964723,
    121.32791819161));
#1435 = CARTESIAN_POINT('',(-460.1636996313,-1.364986405861,
    121.22472408186));
#1436 = CARTESIAN_POINT('',(-460.1965445547,-1.109405774207,
    121.13771943326));
#1437 = CARTESIAN_POINT('',(-460.2227151889,-0.84200874976,121.06991612)
  );
#1438 = CARTESIAN_POINT('',(-460.2408185198,-0.565801970259,
    121.02352808859));
#1439 = CARTESIAN_POINT('',(-460.25,-0.284019383373,121.));
#1440 = CARTESIAN_POINT('',(-460.25,0.,121.));
#1441 = PCURVE('',#122,#1442);
#1442 = DEFINITIONAL_REPRESENTATION('',(#1443),#1548);
#1443 = B_SPLINE_CURVE_WITH_KNOTS('',7,(#1444,#1445,#1446,#1447,#1448,
    #1449,#1450,#1451,#1452,#1453,#1454,#1455,#1456,#1457,#1458,#1459,
    #1460,#1461,#1462,#1463,#1464,#1465,#1466,#1467,#1468,#1469,#1470,
    #1471,#1472,#1473,#1474,#1475,#1476,#1477,#1478,#1479,#1480,#1481,
    #1482,#1483,#1484,#1485,#1486,#1487,#1488,#1489,#1490,#1491,#1492,
    #1493,#1494,#1495,#1496,#1497,#1498,#1499,#1500,#1501,#1502,#1503,
    #1504,#1505,#1506,#1507,#1508,#1509,#1510,#1511,#1512,#1513,#1514,
    #1515,#1516,#1517,#1518,#1519,#1520,#1521,#1522,#1523,#1524,#1525,
    #1526,#1527,#1528,#1529,#1530,#1531,#1532,#1533,#1534,#1535,#1536,
    #1537,#1538,#1539,#1540,#1541,#1542,#1543,#1544,#1545,#1546,#1547),
  .UNSPECIFIED.,.T.,.F.,(8,6,6,6,6,6,6,6,6,6,6,6,6,6,6,6,6,8),(0.,
    3.957011154622E-02,9.540284730593E-02,0.120781649855,0.244713167522,
    0.378650440068,0.404231921441,0.435204683306,0.472999828093,
    0.526784758918,0.564457674273,0.595470721023,0.620866279016,
    0.744879618026,0.878905317856,0.904503688485,0.935496899003,1.),
  .UNSPECIFIED.);
#1444 = CARTESIAN_POINT('',(3.14159265359,71.));
#1445 = CARTESIAN_POINT('',(3.124653549944,71.));
#1446 = CARTESIAN_POINT('',(3.107739472327,71.008792579506));
#1447 = CARTESIAN_POINT('',(3.090938451071,71.026330869159));
#1448 = CARTESIAN_POINT('',(3.074337854659,71.052391341217));
#1449 = CARTESIAN_POINT('',(3.058024002768,71.086575383275));
#1450 = CARTESIAN_POINT('',(3.042081443241,71.128307185419));
#1451 = CARTESIAN_POINT('',(3.004736408264,71.245289878581));
#1452 = CARTESIAN_POINT('',(2.983789717718,71.327246003944));
#1453 = CARTESIAN_POINT('',(2.963794475279,71.421132644361));
#1454 = CARTESIAN_POINT('',(2.944785049457,71.525488085864));
#1455 = CARTESIAN_POINT('',(2.926788373426,71.638932890433));
#1456 = CARTESIAN_POINT('',(2.90982416708,71.760153956552));
#1457 = CARTESIAN_POINT('',(2.886668251185,71.945955871788));
#1458 = CARTESIAN_POINT('',(2.879640476023,72.005424662994));
#1459 = CARTESIAN_POINT('',(2.872819886331,72.066211493963));
#1460 = CARTESIAN_POINT('',(2.866205144605,72.128235937854));
#1461 = CARTESIAN_POINT('',(2.85979489504,72.191424343606));
#1462 = CARTESIAN_POINT('',(2.853587763533,72.255709835934));
#1463 = CARTESIAN_POINT('',(2.818256345948,72.640019548627));
#1464 = CARTESIAN_POINT('',(2.793661115043,72.98459951542));
#1465 = CARTESIAN_POINT('',(2.773753551801,73.347246639201));
#1466 = CARTESIAN_POINT('',(2.758513639894,73.722607515378));
#1467 = CARTESIAN_POINT('',(2.747936635297,74.106595847616));
#1468 = CARTESIAN_POINT('',(2.742036514789,74.49579697532));
#1469 = CARTESIAN_POINT('',(2.739599437271,75.309835257717));
#1470 = CARTESIAN_POINT('',(2.743865227702,75.73226306569));
#1471 = CARTESIAN_POINT('',(2.753600020456,76.150132763175));
#1472 = CARTESIAN_POINT('',(2.76878923338,76.559235683515));
#1473 = CARTESIAN_POINT('',(2.789428179331,76.954459127138));
#1474 = CARTESIAN_POINT('',(2.815531266896,77.329249451342));
#1475 = CARTESIAN_POINT('',(2.85317446518,77.739993647036));
#1476 = CARTESIAN_POINT('',(2.859415806774,77.804814192195));
#1477 = CARTESIAN_POINT('',(2.865863207277,77.868524523202));
#1478 = CARTESIAN_POINT('',(2.872518073343,77.931056528034));
#1479 = CARTESIAN_POINT('',(2.879381788969,77.992335088799));
#1480 = CARTESIAN_POINT('',(2.886455715496,78.052278081744));
#1481 = CARTESIAN_POINT('',(2.90256207705,78.181647365319));
#1482 = CARTESIAN_POINT('',(2.911694771246,78.250423499847));
#1483 = CARTESIAN_POINT('',(2.921139988814,78.316949471601));
#1484 = CARTESIAN_POINT('',(2.930897896825,78.381036596843));
#1485 = CARTESIAN_POINT('',(2.940968174451,78.442482584703));
#1486 = CARTESIAN_POINT('',(2.951350072622,78.501071304548));
#1487 = CARTESIAN_POINT('',(2.975090094263,78.624299084944));
#1488 = CARTESIAN_POINT('',(2.988615760445,78.687509233581));
#1489 = CARTESIAN_POINT('',(3.002591836761,78.745621973164));
#1490 = CARTESIAN_POINT('',(3.01698853481,78.798098346816));
#1491 = CARTESIAN_POINT('',(3.031773967218,78.844438633582));
#1492 = CARTESIAN_POINT('',(3.046914201606,78.884179515139));
#1493 = CARTESIAN_POINT('',(3.084372630238,78.963442142146));
#1494 = CARTESIAN_POINT('',(3.107005037531,78.995731817915));
#1495 = CARTESIAN_POINT('',(3.130020678938,79.012247019206));
#1496 = CARTESIAN_POINT('',(3.153164628241,79.012247019206));
#1497 = CARTESIAN_POINT('',(3.176180269649,78.995731817915));
#1498 = CARTESIAN_POINT('',(3.198812676941,78.963442142146));
#1499 = CARTESIAN_POINT('',(3.236221110829,78.884285304808));
#1500 = CARTESIAN_POINT('',(3.251314100221,78.844694151506));
#1501 = CARTESIAN_POINT('',(3.266055047096,78.798542839155));
#1502 = CARTESIAN_POINT('',(3.280410007397,78.7462905448));
#1503 = CARTESIAN_POINT('',(3.294347058915,78.688433367659));
#1504 = CARTESIAN_POINT('',(3.3078363535,78.625507130817));
#1505 = CARTESIAN_POINT('',(3.331563385189,78.502591293696));
#1506 = CARTESIAN_POINT('',(3.341965350752,78.443992515417));
#1507 = CARTESIAN_POINT('',(3.352054925006,78.382525198493));
#1508 = CARTESIAN_POINT('',(3.361831339301,78.318406554837));
#1509 = CARTESIAN_POINT('',(3.371294257081,78.251839894624));
#1510 = CARTESIAN_POINT('',(3.380443833687,78.183014863042));
#1511 = CARTESIAN_POINT('',(3.396517055995,78.054044128212));
#1512 = CARTESIAN_POINT('',(3.403544831157,77.994575337005));
#1513 = CARTESIAN_POINT('',(3.410365420848,77.933788506037));
#1514 = CARTESIAN_POINT('',(3.416980162574,77.871764062146));
#1515 = CARTESIAN_POINT('',(3.423390412139,77.808575656394));
#1516 = CARTESIAN_POINT('',(3.429597543647,77.744290164066));
#1517 = CARTESIAN_POINT('',(3.464928961232,77.359980451373));
#1518 = CARTESIAN_POINT('',(3.489524192136,77.015400484578));
#1519 = CARTESIAN_POINT('',(3.509431755378,76.652753360802));
#1520 = CARTESIAN_POINT('',(3.524671667285,76.277392484619));
#1521 = CARTESIAN_POINT('',(3.535248671883,75.893404152385));
#1522 = CARTESIAN_POINT('',(3.541148792391,75.50420302468));
#1523 = CARTESIAN_POINT('',(3.543585869909,74.690164742282));
#1524 = CARTESIAN_POINT('',(3.539320079478,74.26773693431));
#1525 = CARTESIAN_POINT('',(3.529585286724,73.849867236821));
#1526 = CARTESIAN_POINT('',(3.5143960738,73.440764316489));
#1527 = CARTESIAN_POINT('',(3.493757127848,73.045540872858));
#1528 = CARTESIAN_POINT('',(3.467654040284,72.670750548658));
#1529 = CARTESIAN_POINT('',(3.430010842,72.260006352963));
#1530 = CARTESIAN_POINT('',(3.423769500405,72.195185807805));
#1531 = CARTESIAN_POINT('',(3.417322099903,72.131475476797));
#1532 = CARTESIAN_POINT('',(3.410667233837,72.068943471965));
#1533 = CARTESIAN_POINT('',(3.40380351821,72.0076649112));
#1534 = CARTESIAN_POINT('',(3.396729591683,71.947721918255));
#1535 = CARTESIAN_POINT('',(3.380623230131,71.818352634687));
#1536 = CARTESIAN_POINT('',(3.371490535933,71.749576500152));
#1537 = CARTESIAN_POINT('',(3.362045318364,71.683050528393));
#1538 = CARTESIAN_POINT('',(3.352287410354,71.618963403152));
#1539 = CARTESIAN_POINT('',(3.342217132728,71.557517415299));
#1540 = CARTESIAN_POINT('',(3.331835234558,71.498928695457));
#1541 = CARTESIAN_POINT('',(3.298889797668,71.327918191611));
#1542 = CARTESIAN_POINT('',(3.275088013155,71.224724081861));
#1543 = CARTESIAN_POINT('',(3.249964005386,71.137719433265));
#1544 = CARTESIAN_POINT('',(3.223774507386,71.069916120007));
#1545 = CARTESIAN_POINT('',(3.196792879741,71.023528088591));
#1546 = CARTESIAN_POINT('',(3.169301861724,71.));
#1547 = CARTESIAN_POINT('',(3.14159265359,71.));
#1548 = ( GEOMETRIC_REPRESENTATION_CONTEXT(2) 
PARAMETRIC_REPRESENTATION_CONTEXT() REPRESENTATION_CONTEXT('2D SPACE',''
  ) );
#1549 = PCURVE('',#1550,#1555);
#1550 = CYLINDRICAL_SURFACE('',#1551,4.);
#1551 = AXIS2_PLACEMENT_3D('',#1552,#1553,#1554);
#1552 = CARTESIAN_POINT('',(-471.,0.,125.));
#1553 = DIRECTION('',(1.,0.,2.22044604925E-16));
#1554 = DIRECTION('',(2.22044604925E-16,0.,-1.));
#1555 = DEFINITIONAL_REPRESENTATION('',(#1556),#1661);
#1556 = B_SPLINE_CURVE_WITH_KNOTS('',7,(#1557,#1558,#1559,#1560,#1561,
    #1562,#1563,#1564,#1565,#1566,#1567,#1568,#1569,#1570,#1571,#1572,
    #1573,#1574,#1575,#1576,#1577,#1578,#1579,#1580,#1581,#1582,#1583,
    #1584,#1585,#1586,#1587,#1588,#1589,#1590,#1591,#1592,#1593,#1594,
    #1595,#1596,#1597,#1598,#1599,#1600,#1601,#1602,#1603,#1604,#1605,
    #1606,#1607,#1608,#1609,#1610,#1611,#1612,#1613,#1614,#1615,#1616,
    #1617,#1618,#1619,#1620,#1621,#1622,#1623,#1624,#1625,#1626,#1627,
    #1628,#1629,#1630,#1631,#1632,#1633,#1634,#1635,#1636,#1637,#1638,
    #1639,#1640,#1641,#1642,#1643,#1644,#1645,#1646,#1647,#1648,#1649,
    #1650,#1651,#1652,#1653,#1654,#1655,#1656,#1657,#1658,#1659,#1660),
  .UNSPECIFIED.,.F.,.F.,(8,6,6,6,6,6,6,6,6,6,6,6,6,6,6,6,6,8),(0.,
    3.957011154622E-02,9.540284730593E-02,0.120781649855,0.244713167522,
    0.378650440068,0.404231921441,0.435204683306,0.472999828093,
    0.526784758918,0.564457674273,0.595470721023,0.620866279016,
    0.744879618026,0.878905317856,0.904503688485,0.935496899003,1.),
  .UNSPECIFIED.);
#1557 = CARTESIAN_POINT('',(0.,10.75));
#1558 = CARTESIAN_POINT('',(4.340645309137E-02,10.75));
#1559 = CARTESIAN_POINT('',(8.674876650636E-02,10.753431239768));
#1560 = CARTESIAN_POINT('',(0.129914658131,10.760275486353));
#1561 = CARTESIAN_POINT('',(0.17279182751,10.770405101701));
#1562 = CARTESIAN_POINT('',(0.215262535911,10.78358529702));
#1563 = CARTESIAN_POINT('',(0.257197814709,10.79948614579));
#1564 = CARTESIAN_POINT('',(0.356659251732,10.843409930712));
#1565 = CARTESIAN_POINT('',(0.413491450538,10.873720957454));
#1566 = CARTESIAN_POINT('',(0.469033019718,10.907717656351));
#1567 = CARTESIAN_POINT('',(0.523345134512,10.944477852814));
#1568 = CARTESIAN_POINT('',(0.576472242217,10.983115111002));
#1569 = CARTESIAN_POINT('',(0.628444772496,11.022806723254));
#1570 = CARTESIAN_POINT('',(0.702383313109,11.080995774414));
#1571 = CARTESIAN_POINT('',(0.725277221609,11.099263055643));
#1572 = CARTESIAN_POINT('',(0.747969728686,11.11755231776));
#1573 = CARTESIAN_POINT('',(0.770471386805,11.135806076666));
#1574 = CARTESIAN_POINT('',(0.79279263768,11.153970444991));
#1575 = CARTESIAN_POINT('',(0.81494381227,11.171995132091));
#1576 = CARTESIAN_POINT('',(0.94432465294,11.276942718387));
#1577 = CARTESIAN_POINT('',(1.048195863522,11.359842750401));
#1578 = CARTESIAN_POINT('',(1.1494666507,11.43282362219));
#1579 = CARTESIAN_POINT('',(1.248853159665,11.491730751655));
#1580 = CARTESIAN_POINT('',(1.347048207869,11.533771503389));
#1581 = CARTESIAN_POINT('',(1.444702778751,11.557347577889));
#1582 = CARTESIAN_POINT('',(1.648293571473,11.567091998894));
#1583 = CARTESIAN_POINT('',(1.753573928331,11.550053137625));
#1584 = CARTESIAN_POINT('',(1.859283602844,11.510888126711));
#1585 = CARTESIAN_POINT('',(1.966219480708,11.451197737127));
#1586 = CARTESIAN_POINT('',(2.075198536227,11.374257664402));
#1587 = CARTESIAN_POINT('',(2.187093592676,11.285176043664));
#1588 = CARTESIAN_POINT('',(2.325171070011,11.173197424843));
#1589 = CARTESIAN_POINT('',(2.347475738262,11.155048159491));
#1590 = CARTESIAN_POINT('',(2.369952525957,11.136754830005));
#1591 = CARTESIAN_POINT('',(2.392611998961,11.118368717143));
#1592 = CARTESIAN_POINT('',(2.415464821225,11.099944812403));
#1593 = CARTESIAN_POINT('',(2.438521754782,11.081541818018));
#1594 = CARTESIAN_POINT('',(2.48997010349,11.041041617185));
#1595 = CARTESIAN_POINT('',(2.518467234001,11.018979058034));
#1596 = CARTESIAN_POINT('',(2.547298940919,10.99715025034));
#1597 = CARTESIAN_POINT('',(2.576479234783,10.975679667936));
#1598 = CARTESIAN_POINT('',(2.606022824516,10.954699778591));
#1599 = CARTESIAN_POINT('',(2.635945694895,10.934350344943));
#1600 = CARTESIAN_POINT('',(2.703264269579,10.890893837031));
#1601 = CARTESIAN_POINT('',(2.740898588737,10.868137953729));
#1602 = CARTESIAN_POINT('',(2.779125695477,10.846831454267));
#1603 = CARTESIAN_POINT('',(2.817911741092,10.82729022495));
#1604 = CARTESIAN_POINT('',(2.857230433584,10.809815684888));
#1605 = CARTESIAN_POINT('',(2.897061497057,10.794685811232));
#1606 = CARTESIAN_POINT('',(2.994777957632,10.76430143751));
#1607 = CARTESIAN_POINT('',(3.053139385747,10.751712529136));
#1608 = CARTESIAN_POINT('',(3.112049245719,10.745193733162));
#1609 = CARTESIAN_POINT('',(3.171136061461,10.745193733162));
#1610 = CARTESIAN_POINT('',(3.230045921433,10.751712529136));
#1611 = CARTESIAN_POINT('',(3.288407349548,10.76430143751));
#1612 = CARTESIAN_POINT('',(3.385993390624,10.794645258036));
#1613 = CARTESIAN_POINT('',(3.425699037564,10.80971841065));
#1614 = CARTESIAN_POINT('',(3.464896655621,10.827122624973));
#1615 = CARTESIAN_POINT('',(3.503565353893,10.846582493226));
#1616 = CARTESIAN_POINT('',(3.541678254992,10.86779908495));
#1617 = CARTESIAN_POINT('',(3.579200938191,10.890458834835));
#1618 = CARTESIAN_POINT('',(3.64645754979,10.933821530237));
#1619 = CARTESIAN_POINT('',(3.676426790008,10.954182308882));
#1620 = CARTESIAN_POINT('',(3.706015503366,10.97517773219));
#1621 = CARTESIAN_POINT('',(3.735239724818,10.99666738067));
#1622 = CARTESIAN_POINT('',(3.764114204322,11.018518156808));
#1623 = CARTESIAN_POINT('',(3.792652987046,11.040604992232));
#1624 = CARTESIAN_POINT('',(3.843975966699,11.080995774414));
#1625 = CARTESIAN_POINT('',(3.866869875199,11.099263055643));
#1626 = CARTESIAN_POINT('',(3.889562382276,11.11755231776));
#1627 = CARTESIAN_POINT('',(3.912064040395,11.135806076666));
#1628 = CARTESIAN_POINT('',(3.93438529127,11.153970444991));
#1629 = CARTESIAN_POINT('',(3.95653646586,11.171995132091));
#1630 = CARTESIAN_POINT('',(4.08591730653,11.276942718387));
#1631 = CARTESIAN_POINT('',(4.189788517112,11.359842750401));
#1632 = CARTESIAN_POINT('',(4.29105930429,11.43282362219));
#1633 = CARTESIAN_POINT('',(4.390445813255,11.491730751655));
#1634 = CARTESIAN_POINT('',(4.488640861459,11.533771503389));
#1635 = CARTESIAN_POINT('',(4.586295432341,11.557347577889));
#1636 = CARTESIAN_POINT('',(4.789886225063,11.567091998894));
#1637 = CARTESIAN_POINT('',(4.895166581921,11.550053137626));
#1638 = CARTESIAN_POINT('',(5.000876256434,11.510888126711));
#1639 = CARTESIAN_POINT('',(5.107812134297,11.451197737128));
#1640 = CARTESIAN_POINT('',(5.216791189818,11.374257664401));
#1641 = CARTESIAN_POINT('',(5.328686246265,11.285176043664));
#1642 = CARTESIAN_POINT('',(5.466763723601,11.173197424843));
#1643 = CARTESIAN_POINT('',(5.489068391852,11.155048159491));
#1644 = CARTESIAN_POINT('',(5.511545179547,11.136754830005));
#1645 = CARTESIAN_POINT('',(5.534204652551,11.118368717143));
#1646 = CARTESIAN_POINT('',(5.557057474815,11.099944812403));
#1647 = CARTESIAN_POINT('',(5.580114408372,11.081541818017));
#1648 = CARTESIAN_POINT('',(5.631562757078,11.041041617187));
#1649 = CARTESIAN_POINT('',(5.660059887591,11.018979058034));
#1650 = CARTESIAN_POINT('',(5.688891594511,10.997150250338));
#1651 = CARTESIAN_POINT('',(5.718071888376,10.975679667934));
#1652 = CARTESIAN_POINT('',(5.747615478105,10.954699778591));
#1653 = CARTESIAN_POINT('',(5.777538348482,10.934350344945));
#1654 = CARTESIAN_POINT('',(5.870960329612,10.874043169976));
#1655 = CARTESIAN_POINT('',(5.936360334935,10.836300368695));
#1656 = CARTESIAN_POINT('',(6.003536765836,10.803455445239));
#1657 = CARTESIAN_POINT('',(6.072098232296,10.7772848111));
#1658 = CARTESIAN_POINT('',(6.141734872012,10.759181480159));
#1659 = CARTESIAN_POINT('',(6.212180461336,10.75));
#1660 = CARTESIAN_POINT('',(6.28318530718,10.75));
#1661 = ( GEOMETRIC_REPRESENTATION_CONTEXT(2) 
PARAMETRIC_REPRESENTATION_CONTEXT() REPRESENTATION_CONTEXT('2D SPACE',''
  ) );
#1662 = ADVANCED_FACE('',(#1663),#1550,.F.);
#1663 = FACE_BOUND('',#1664,.F.);
#1664 = EDGE_LOOP('',(#1665,#1692));
#1665 = ORIENTED_EDGE('',*,*,#1666,.T.);
#1666 = EDGE_CURVE('',#1052,#580,#1667,.T.);
#1667 = SURFACE_CURVE('',#1668,(#1673,#1680),.PCURVE_S1.);
#1668 = CIRCLE('',#1669,4.);
#1669 = AXIS2_PLACEMENT_3D('',#1670,#1671,#1672);
#1670 = CARTESIAN_POINT('',(-460.,0.,125.));
#1671 = DIRECTION('',(1.,-0.,2.22044604925E-16));
#1672 = DIRECTION('',(2.22044604925E-16,0.,-1.));
#1673 = PCURVE('',#1550,#1674);
#1674 = DEFINITIONAL_REPRESENTATION('',(#1675),#1679);
#1675 = LINE('',#1676,#1677);
#1676 = CARTESIAN_POINT('',(0.,11.));
#1677 = VECTOR('',#1678,1.);
#1678 = DIRECTION('',(1.,0.));
#1679 = ( GEOMETRIC_REPRESENTATION_CONTEXT(2) 
PARAMETRIC_REPRESENTATION_CONTEXT() REPRESENTATION_CONTEXT('2D SPACE',''
  ) );
#1680 = PCURVE('',#1681,#1686);
#1681 = PLANE('',#1682);
#1682 = AXIS2_PLACEMENT_3D('',#1683,#1684,#1685);
#1683 = CARTESIAN_POINT('',(-460.,0.,125.));
#1684 = DIRECTION('',(1.,0.,2.22044604925E-16));
#1685 = DIRECTION('',(2.22044604925E-16,0.,-1.));
#1686 = DEFINITIONAL_REPRESENTATION('',(#1687),#1691);
#1687 = CIRCLE('',#1688,4.);
#1688 = AXIS2_PLACEMENT_2D('',#1689,#1690);
#1689 = CARTESIAN_POINT('',(0.,0.));
#1690 = DIRECTION('',(1.,0.));
#1691 = ( GEOMETRIC_REPRESENTATION_CONTEXT(2) 
PARAMETRIC_REPRESENTATION_CONTEXT() REPRESENTATION_CONTEXT('2D SPACE',''
  ) );
#1692 = ORIENTED_EDGE('',*,*,#1334,.F.);
#1693 = ADVANCED_FACE('',(#1694),#1681,.T.);
#1694 = FACE_BOUND('',#1695,.T.);
#1695 = EDGE_LOOP('',(#1696,#1719,#1745,#1767));
#1696 = ORIENTED_EDGE('',*,*,#1697,.T.);
#1697 = EDGE_CURVE('',#580,#1698,#1700,.T.);
#1698 = VERTEX_POINT('',#1699);
#1699 = CARTESIAN_POINT('',(-460.,-9.797174393179E-16,121.));
#1700 = SURFACE_CURVE('',#1701,(#1706,#1713),.PCURVE_S1.);
#1701 = CIRCLE('',#1702,4.);
#1702 = AXIS2_PLACEMENT_3D('',#1703,#1704,#1705);
#1703 = CARTESIAN_POINT('',(-460.,0.,125.));
#1704 = DIRECTION('',(1.,-0.,2.22044604925E-16));
#1705 = DIRECTION('',(2.22044604925E-16,0.,-1.));
#1706 = PCURVE('',#1681,#1707);
#1707 = DEFINITIONAL_REPRESENTATION('',(#1708),#1712);
#1708 = CIRCLE('',#1709,4.);
#1709 = AXIS2_PLACEMENT_2D('',#1710,#1711);
#1710 = CARTESIAN_POINT('',(0.,0.));
#1711 = DIRECTION('',(1.,0.));
#1712 = ( GEOMETRIC_REPRESENTATION_CONTEXT(2) 
PARAMETRIC_REPRESENTATION_CONTEXT() REPRESENTATION_CONTEXT('2D SPACE',''
  ) );
#1713 = PCURVE('',#664,#1714);
#1714 = DEFINITIONAL_REPRESENTATION('',(#1715),#1718);
#1715 = B_SPLINE_CURVE_WITH_KNOTS('',1,(#1716,#1717),.UNSPECIFIED.,.F.,
  .F.,(2,2),(5.685778888195,6.28318530718),.PIECEWISE_BEZIER_KNOTS.);
#1716 = CARTESIAN_POINT('',(5.685778888195,16.));
#1717 = CARTESIAN_POINT('',(6.28318530718,16.));
#1718 = ( GEOMETRIC_REPRESENTATION_CONTEXT(2) 
PARAMETRIC_REPRESENTATION_CONTEXT() REPRESENTATION_CONTEXT('2D SPACE',''
  ) );
#1719 = ORIENTED_EDGE('',*,*,#1720,.T.);
#1720 = EDGE_CURVE('',#1698,#1721,#1723,.T.);
#1721 = VERTEX_POINT('',#1722);
#1722 = CARTESIAN_POINT('',(-460.,4.898587196589E-16,129.));
#1723 = SURFACE_CURVE('',#1724,(#1728,#1734),.PCURVE_S1.);
#1724 = LINE('',#1725,#1726);
#1725 = CARTESIAN_POINT('',(-460.,0.,-470.));
#1726 = VECTOR('',#1727,1.);
#1727 = DIRECTION('',(0.,0.,1.));
#1728 = PCURVE('',#1681,#1729);
#1729 = DEFINITIONAL_REPRESENTATION('',(#1730),#1733);
#1730 = B_SPLINE_CURVE_WITH_KNOTS('',1,(#1731,#1732),.UNSPECIFIED.,.F.,
  .F.,(2,2),(590.2,599.8),.PIECEWISE_BEZIER_KNOTS.);
#1731 = CARTESIAN_POINT('',(4.8,0.));
#1732 = CARTESIAN_POINT('',(-4.8,0.));
#1733 = ( GEOMETRIC_REPRESENTATION_CONTEXT(2) 
PARAMETRIC_REPRESENTATION_CONTEXT() REPRESENTATION_CONTEXT('2D SPACE',''
  ) );
#1734 = PCURVE('',#1735,#1740);
#1735 = PLANE('',#1736);
#1736 = AXIS2_PLACEMENT_3D('',#1737,#1738,#1739);
#1737 = CARTESIAN_POINT('',(-460.,0.,125.));
#1738 = DIRECTION('',(1.,0.,2.22044604925E-16));
#1739 = DIRECTION('',(2.22044604925E-16,0.,-1.));
#1740 = DEFINITIONAL_REPRESENTATION('',(#1741),#1744);
#1741 = B_SPLINE_CURVE_WITH_KNOTS('',1,(#1742,#1743),.UNSPECIFIED.,.F.,
  .F.,(2,2),(590.2,599.8),.PIECEWISE_BEZIER_KNOTS.);
#1742 = CARTESIAN_POINT('',(4.8,0.));
#1743 = CARTESIAN_POINT('',(-4.8,0.));
#1744 = ( GEOMETRIC_REPRESENTATION_CONTEXT(2) 
PARAMETRIC_REPRESENTATION_CONTEXT() REPRESENTATION_CONTEXT('2D SPACE',''
  ) );
#1745 = ORIENTED_EDGE('',*,*,#1746,.T.);
#1746 = EDGE_CURVE('',#1721,#1052,#1747,.T.);
#1747 = SURFACE_CURVE('',#1748,(#1753,#1760),.PCURVE_S1.);
#1748 = CIRCLE('',#1749,4.);
#1749 = AXIS2_PLACEMENT_3D('',#1750,#1751,#1752);
#1750 = CARTESIAN_POINT('',(-460.,0.,125.));
#1751 = DIRECTION('',(1.,-0.,2.22044604925E-16));
#1752 = DIRECTION('',(2.22044604925E-16,0.,-1.));
#1753 = PCURVE('',#1681,#1754);
#1754 = DEFINITIONAL_REPRESENTATION('',(#1755),#1759);
#1755 = CIRCLE('',#1756,4.);
#1756 = AXIS2_PLACEMENT_2D('',#1757,#1758);
#1757 = CARTESIAN_POINT('',(0.,0.));
#1758 = DIRECTION('',(1.,0.));
#1759 = ( GEOMETRIC_REPRESENTATION_CONTEXT(2) 
PARAMETRIC_REPRESENTATION_CONTEXT() REPRESENTATION_CONTEXT('2D SPACE',''
  ) );
#1760 = PCURVE('',#1269,#1761);
#1761 = DEFINITIONAL_REPRESENTATION('',(#1762),#1766);
#1762 = LINE('',#1763,#1764);
#1763 = CARTESIAN_POINT('',(0.,16.));
#1764 = VECTOR('',#1765,1.);
#1765 = DIRECTION('',(1.,0.));
#1766 = ( GEOMETRIC_REPRESENTATION_CONTEXT(2) 
PARAMETRIC_REPRESENTATION_CONTEXT() REPRESENTATION_CONTEXT('2D SPACE',''
  ) );
#1767 = ORIENTED_EDGE('',*,*,#1666,.T.);
#1768 = ADVANCED_FACE('',(#1769),#1735,.T.);
#1769 = FACE_BOUND('',#1770,.T.);
#1770 = EDGE_LOOP('',(#1771,#1772,#1793,#1815));
#1771 = ORIENTED_EDGE('',*,*,#1720,.F.);
#1772 = ORIENTED_EDGE('',*,*,#1773,.T.);
#1773 = EDGE_CURVE('',#1698,#582,#1774,.T.);
#1774 = SURFACE_CURVE('',#1775,(#1780,#1787),.PCURVE_S1.);
#1775 = CIRCLE('',#1776,4.);
#1776 = AXIS2_PLACEMENT_3D('',#1777,#1778,#1779);
#1777 = CARTESIAN_POINT('',(-460.,0.,125.));
#1778 = DIRECTION('',(1.,-0.,2.22044604925E-16));
#1779 = DIRECTION('',(2.22044604925E-16,0.,-1.));
#1780 = PCURVE('',#1735,#1781);
#1781 = DEFINITIONAL_REPRESENTATION('',(#1782),#1786);
#1782 = CIRCLE('',#1783,4.);
#1783 = AXIS2_PLACEMENT_2D('',#1784,#1785);
#1784 = CARTESIAN_POINT('',(0.,0.));
#1785 = DIRECTION('',(1.,0.));
#1786 = ( GEOMETRIC_REPRESENTATION_CONTEXT(2) 
PARAMETRIC_REPRESENTATION_CONTEXT() REPRESENTATION_CONTEXT('2D SPACE',''
  ) );
#1787 = PCURVE('',#664,#1788);
#1788 = DEFINITIONAL_REPRESENTATION('',(#1789),#1792);
#1789 = B_SPLINE_CURVE_WITH_KNOTS('',1,(#1790,#1791),.UNSPECIFIED.,.F.,
  .F.,(2,2),(0.,0.597406417585),.PIECEWISE_BEZIER_KNOTS.);
#1790 = CARTESIAN_POINT('',(6.28318530718,16.));
#1791 = CARTESIAN_POINT('',(6.880591724764,16.));
#1792 = ( GEOMETRIC_REPRESENTATION_CONTEXT(2) 
PARAMETRIC_REPRESENTATION_CONTEXT() REPRESENTATION_CONTEXT('2D SPACE',''
  ) );
#1793 = ORIENTED_EDGE('',*,*,#1794,.T.);
#1794 = EDGE_CURVE('',#582,#721,#1795,.T.);
#1795 = SURFACE_CURVE('',#1796,(#1801,#1808),.PCURVE_S1.);
#1796 = CIRCLE('',#1797,4.);
#1797 = AXIS2_PLACEMENT_3D('',#1798,#1799,#1800);
#1798 = CARTESIAN_POINT('',(-460.,0.,125.));
#1799 = DIRECTION('',(1.,-0.,2.22044604925E-16));
#1800 = DIRECTION('',(2.22044604925E-16,0.,-1.));
#1801 = PCURVE('',#1735,#1802);
#1802 = DEFINITIONAL_REPRESENTATION('',(#1803),#1807);
#1803 = CIRCLE('',#1804,4.);
#1804 = AXIS2_PLACEMENT_2D('',#1805,#1806);
#1805 = CARTESIAN_POINT('',(0.,0.));
#1806 = DIRECTION('',(1.,0.));
#1807 = ( GEOMETRIC_REPRESENTATION_CONTEXT(2) 
PARAMETRIC_REPRESENTATION_CONTEXT() REPRESENTATION_CONTEXT('2D SPACE',''
  ) );
#1808 = PCURVE('',#938,#1809);
#1809 = DEFINITIONAL_REPRESENTATION('',(#1810),#1814);
#1810 = LINE('',#1811,#1812);
#1811 = CARTESIAN_POINT('',(0.,11.));
#1812 = VECTOR('',#1813,1.);
#1813 = DIRECTION('',(1.,0.));
#1814 = ( GEOMETRIC_REPRESENTATION_CONTEXT(2) 
PARAMETRIC_REPRESENTATION_CONTEXT() REPRESENTATION_CONTEXT('2D SPACE',''
  ) );
#1815 = ORIENTED_EDGE('',*,*,#1816,.T.);
#1816 = EDGE_CURVE('',#721,#1721,#1817,.T.);
#1817 = SURFACE_CURVE('',#1818,(#1823,#1830),.PCURVE_S1.);
#1818 = CIRCLE('',#1819,4.);
#1819 = AXIS2_PLACEMENT_3D('',#1820,#1821,#1822);
#1820 = CARTESIAN_POINT('',(-460.,0.,125.));
#1821 = DIRECTION('',(1.,-0.,2.22044604925E-16));
#1822 = DIRECTION('',(2.22044604925E-16,0.,-1.));
#1823 = PCURVE('',#1735,#1824);
#1824 = DEFINITIONAL_REPRESENTATION('',(#1825),#1829);
#1825 = CIRCLE('',#1826,4.);
#1826 = AXIS2_PLACEMENT_2D('',#1827,#1828);
#1827 = CARTESIAN_POINT('',(0.,0.));
#1828 = DIRECTION('',(1.,0.));
#1829 = ( GEOMETRIC_REPRESENTATION_CONTEXT(2) 
PARAMETRIC_REPRESENTATION_CONTEXT() REPRESENTATION_CONTEXT('2D SPACE',''
  ) );
#1830 = PCURVE('',#1269,#1831);
#1831 = DEFINITIONAL_REPRESENTATION('',(#1832),#1836);
#1832 = LINE('',#1833,#1834);
#1833 = CARTESIAN_POINT('',(0.,16.));
#1834 = VECTOR('',#1835,1.);
#1835 = DIRECTION('',(1.,0.));
#1836 = ( GEOMETRIC_REPRESENTATION_CONTEXT(2) 
PARAMETRIC_REPRESENTATION_CONTEXT() REPRESENTATION_CONTEXT('2D SPACE',''
  ) );
#1837 = ADVANCED_FACE('',(#1838),#1269,.T.);
#1838 = FACE_BOUND('',#1839,.T.);
#1839 = EDGE_LOOP('',(#1840,#1841,#1842));
#1840 = ORIENTED_EDGE('',*,*,#1816,.F.);
#1841 = ORIENTED_EDGE('',*,*,#1051,.T.);
#1842 = ORIENTED_EDGE('',*,*,#1746,.F.);
#1843 = ADVANCED_FACE('',(#1844),#938,.F.);
#1844 = FACE_BOUND('',#1845,.F.);
#1845 = EDGE_LOOP('',(#1846,#1847));
#1846 = ORIENTED_EDGE('',*,*,#720,.F.);
#1847 = ORIENTED_EDGE('',*,*,#1794,.T.);
#1848 = ADVANCED_FACE('',(#1849),#664,.T.);
#1849 = FACE_BOUND('',#1850,.T.);
#1850 = EDGE_LOOP('',(#1851,#1852,#1853));
#1851 = ORIENTED_EDGE('',*,*,#1773,.F.);
#1852 = ORIENTED_EDGE('',*,*,#1697,.F.);
#1853 = ORIENTED_EDGE('',*,*,#579,.T.);
#1854 = ADVANCED_FACE('',(#1855,#1969),#500,.T.);
#1855 = FACE_BOUND('',#1856,.T.);
#1856 = EDGE_LOOP('',(#1857,#1887,#1915,#1943));
#1857 = ORIENTED_EDGE('',*,*,#1858,.F.);
#1858 = EDGE_CURVE('',#1859,#1861,#1863,.T.);
#1859 = VERTEX_POINT('',#1860);
#1860 = CARTESIAN_POINT('',(-470.,-20.,140.));
#1861 = VERTEX_POINT('',#1862);
#1862 = CARTESIAN_POINT('',(-470.,20.,140.));
#1863 = SURFACE_CURVE('',#1864,(#1868,#1875),.PCURVE_S1.);
#1864 = LINE('',#1865,#1866);
#1865 = CARTESIAN_POINT('',(-470.,-20.,140.));
#1866 = VECTOR('',#1867,1.);
#1867 = DIRECTION('',(-0.,1.,0.));
#1868 = PCURVE('',#500,#1869);
#1869 = DEFINITIONAL_REPRESENTATION('',(#1870),#1874);
#1870 = LINE('',#1871,#1872);
#1871 = CARTESIAN_POINT('',(0.,0.));
#1872 = VECTOR('',#1873,1.);
#1873 = DIRECTION('',(0.,1.));
#1874 = ( GEOMETRIC_REPRESENTATION_CONTEXT(2) 
PARAMETRIC_REPRESENTATION_CONTEXT() REPRESENTATION_CONTEXT('2D SPACE',''
  ) );
#1875 = PCURVE('',#1876,#1881);
#1876 = PLANE('',#1877);
#1877 = AXIS2_PLACEMENT_3D('',#1878,#1879,#1880);
#1878 = CARTESIAN_POINT('',(-470.,-20.,80.));
#1879 = DIRECTION('',(1.,0.,-0.));
#1880 = DIRECTION('',(0.,0.,1.));
#1881 = DEFINITIONAL_REPRESENTATION('',(#1882),#1886);
#1882 = LINE('',#1883,#1884);
#1883 = CARTESIAN_POINT('',(60.,0.));
#1884 = VECTOR('',#1885,1.);
#1885 = DIRECTION('',(0.,-1.));
#1886 = ( GEOMETRIC_REPRESENTATION_CONTEXT(2) 
PARAMETRIC_REPRESENTATION_CONTEXT() REPRESENTATION_CONTEXT('2D SPACE',''
  ) );
#1887 = ORIENTED_EDGE('',*,*,#1888,.T.);
#1888 = EDGE_CURVE('',#1859,#1889,#1891,.T.);
#1889 = VERTEX_POINT('',#1890);
#1890 = CARTESIAN_POINT('',(-430.,-20.,140.));
#1891 = SURFACE_CURVE('',#1892,(#1896,#1903),.PCURVE_S1.);
#1892 = LINE('',#1893,#1894);
#1893 = CARTESIAN_POINT('',(-470.,-20.,140.));
#1894 = VECTOR('',#1895,1.);
#1895 = DIRECTION('',(1.,0.,-0.));
#1896 = PCURVE('',#500,#1897);
#1897 = DEFINITIONAL_REPRESENTATION('',(#1898),#1902);
#1898 = LINE('',#1899,#1900);
#1899 = CARTESIAN_POINT('',(0.,0.));
#1900 = VECTOR('',#1901,1.);
#1901 = DIRECTION('',(1.,0.));
#1902 = ( GEOMETRIC_REPRESENTATION_CONTEXT(2) 
PARAMETRIC_REPRESENTATION_CONTEXT() REPRESENTATION_CONTEXT('2D SPACE',''
  ) );
#1903 = PCURVE('',#1904,#1909);
#1904 = PLANE('',#1905);
#1905 = AXIS2_PLACEMENT_3D('',#1906,#1907,#1908);
#1906 = CARTESIAN_POINT('',(-470.,-20.,80.));
#1907 = DIRECTION('',(-0.,1.,0.));
#1908 = DIRECTION('',(0.,0.,1.));
#1909 = DEFINITIONAL_REPRESENTATION('',(#1910),#1914);
#1910 = LINE('',#1911,#1912);
#1911 = CARTESIAN_POINT('',(60.,0.));
#1912 = VECTOR('',#1913,1.);
#1913 = DIRECTION('',(0.,1.));
#1914 = ( GEOMETRIC_REPRESENTATION_CONTEXT(2) 
PARAMETRIC_REPRESENTATION_CONTEXT() REPRESENTATION_CONTEXT('2D SPACE',''
  ) );
#1915 = ORIENTED_EDGE('',*,*,#1916,.T.);
#1916 = EDGE_CURVE('',#1889,#1917,#1919,.T.);
#1917 = VERTEX_POINT('',#1918);
#1918 = CARTESIAN_POINT('',(-430.,20.,140.));
#1919 = SURFACE_CURVE('',#1920,(#1924,#1931),.PCURVE_S1.);
#1920 = LINE('',#1921,#1922);
#1921 = CARTESIAN_POINT('',(-430.,-20.,140.));
#1922 = VECTOR('',#1923,1.);
#1923 = DIRECTION('',(-0.,1.,0.));
#1924 = PCURVE('',#500,#1925);
#1925 = DEFINITIONAL_REPRESENTATION('',(#1926),#1930);
#1926 = LINE('',#1927,#1928);
#1927 = CARTESIAN_POINT('',(40.,0.));
#1928 = VECTOR('',#1929,1.);
#1929 = DIRECTION('',(0.,1.));
#1930 = ( GEOMETRIC_REPRESENTATION_CONTEXT(2) 
PARAMETRIC_REPRESENTATION_CONTEXT() REPRESENTATION_CONTEXT('2D SPACE',''
  ) );
#1931 = PCURVE('',#1932,#1937);
#1932 = PLANE('',#1933);
#1933 = AXIS2_PLACEMENT_3D('',#1934,#1935,#1936);
#1934 = CARTESIAN_POINT('',(-430.,-20.,80.));
#1935 = DIRECTION('',(1.,0.,-0.));
#1936 = DIRECTION('',(0.,0.,1.));
#1937 = DEFINITIONAL_REPRESENTATION('',(#1938),#1942);
#1938 = LINE('',#1939,#1940);
#1939 = CARTESIAN_POINT('',(60.,0.));
#1940 = VECTOR('',#1941,1.);
#1941 = DIRECTION('',(0.,-1.));
#1942 = ( GEOMETRIC_REPRESENTATION_CONTEXT(2) 
PARAMETRIC_REPRESENTATION_CONTEXT() REPRESENTATION_CONTEXT('2D SPACE',''
  ) );
#1943 = ORIENTED_EDGE('',*,*,#1944,.F.);
#1944 = EDGE_CURVE('',#1861,#1917,#1945,.T.);
#1945 = SURFACE_CURVE('',#1946,(#1950,#1957),.PCURVE_S1.);
#1946 = LINE('',#1947,#1948);
#1947 = CARTESIAN_POINT('',(-470.,20.,140.));
#1948 = VECTOR('',#1949,1.);
#1949 = DIRECTION('',(1.,0.,-0.));
#1950 = PCURVE('',#500,#1951);
#1951 = DEFINITIONAL_REPRESENTATION('',(#1952),#1956);
#1952 = LINE('',#1953,#1954);
#1953 = CARTESIAN_POINT('',(0.,40.));
#1954 = VECTOR('',#1955,1.);
#1955 = DIRECTION('',(1.,0.));
#1956 = ( GEOMETRIC_REPRESENTATION_CONTEXT(2) 
PARAMETRIC_REPRESENTATION_CONTEXT() REPRESENTATION_CONTEXT('2D SPACE',''
  ) );
#1957 = PCURVE('',#1958,#1963);
#1958 = PLANE('',#1959);
#1959 = AXIS2_PLACEMENT_3D('',#1960,#1961,#1962);
#1960 = CARTESIAN_POINT('',(-470.,20.,80.));
#1961 = DIRECTION('',(-0.,1.,0.));
#1962 = DIRECTION('',(0.,0.,1.));
#1963 = DEFINITIONAL_REPRESENTATION('',(#1964),#1968);
#1964 = LINE('',#1965,#1966);
#1965 = CARTESIAN_POINT('',(60.,0.));
#1966 = VECTOR('',#1967,1.);
#1967 = DIRECTION('',(0.,1.));
#1968 = ( GEOMETRIC_REPRESENTATION_CONTEXT(2) 
PARAMETRIC_REPRESENTATION_CONTEXT() REPRESENTATION_CONTEXT('2D SPACE',''
  ) );
#1969 = FACE_BOUND('',#1970,.T.);
#1970 = EDGE_LOOP('',(#1971));
#1971 = ORIENTED_EDGE('',*,*,#485,.F.);
#1972 = ADVANCED_FACE('',(#1973,#2043),#1932,.T.);
#1973 = FACE_BOUND('',#1974,.T.);
#1974 = EDGE_LOOP('',(#1975,#1998,#2021,#2042));
#1975 = ORIENTED_EDGE('',*,*,#1976,.F.);
#1976 = EDGE_CURVE('',#1977,#1889,#1979,.T.);
#1977 = VERTEX_POINT('',#1978);
#1978 = CARTESIAN_POINT('',(-430.,-20.,80.));
#1979 = SURFACE_CURVE('',#1980,(#1984,#1991),.PCURVE_S1.);
#1980 = LINE('',#1981,#1982);
#1981 = CARTESIAN_POINT('',(-430.,-20.,80.));
#1982 = VECTOR('',#1983,1.);
#1983 = DIRECTION('',(0.,0.,1.));
#1984 = PCURVE('',#1932,#1985);
#1985 = DEFINITIONAL_REPRESENTATION('',(#1986),#1990);
#1986 = LINE('',#1987,#1988);
#1987 = CARTESIAN_POINT('',(0.,0.));
#1988 = VECTOR('',#1989,1.);
#1989 = DIRECTION('',(1.,0.));
#1990 = ( GEOMETRIC_REPRESENTATION_CONTEXT(2) 
PARAMETRIC_REPRESENTATION_CONTEXT() REPRESENTATION_CONTEXT('2D SPACE',''
  ) );
#1991 = PCURVE('',#1904,#1992);
#1992 = DEFINITIONAL_REPRESENTATION('',(#1993),#1997);
#1993 = LINE('',#1994,#1995);
#1994 = CARTESIAN_POINT('',(0.,40.));
#1995 = VECTOR('',#1996,1.);
#1996 = DIRECTION('',(1.,0.));
#1997 = ( GEOMETRIC_REPRESENTATION_CONTEXT(2) 
PARAMETRIC_REPRESENTATION_CONTEXT() REPRESENTATION_CONTEXT('2D SPACE',''
  ) );
#1998 = ORIENTED_EDGE('',*,*,#1999,.T.);
#1999 = EDGE_CURVE('',#1977,#2000,#2002,.T.);
#2000 = VERTEX_POINT('',#2001);
#2001 = CARTESIAN_POINT('',(-430.,20.,80.));
#2002 = SURFACE_CURVE('',#2003,(#2007,#2014),.PCURVE_S1.);
#2003 = LINE('',#2004,#2005);
#2004 = CARTESIAN_POINT('',(-430.,-20.,80.));
#2005 = VECTOR('',#2006,1.);
#2006 = DIRECTION('',(-0.,1.,0.));
#2007 = PCURVE('',#1932,#2008);
#2008 = DEFINITIONAL_REPRESENTATION('',(#2009),#2013);
#2009 = LINE('',#2010,#2011);
#2010 = CARTESIAN_POINT('',(0.,0.));
#2011 = VECTOR('',#2012,1.);
#2012 = DIRECTION('',(0.,-1.));
#2013 = ( GEOMETRIC_REPRESENTATION_CONTEXT(2) 
PARAMETRIC_REPRESENTATION_CONTEXT() REPRESENTATION_CONTEXT('2D SPACE',''
  ) );
#2014 = PCURVE('',#358,#2015);
#2015 = DEFINITIONAL_REPRESENTATION('',(#2016),#2020);
#2016 = LINE('',#2017,#2018);
#2017 = CARTESIAN_POINT('',(40.,0.));
#2018 = VECTOR('',#2019,1.);
#2019 = DIRECTION('',(0.,1.));
#2020 = ( GEOMETRIC_REPRESENTATION_CONTEXT(2) 
PARAMETRIC_REPRESENTATION_CONTEXT() REPRESENTATION_CONTEXT('2D SPACE',''
  ) );
#2021 = ORIENTED_EDGE('',*,*,#2022,.T.);
#2022 = EDGE_CURVE('',#2000,#1917,#2023,.T.);
#2023 = SURFACE_CURVE('',#2024,(#2028,#2035),.PCURVE_S1.);
#2024 = LINE('',#2025,#2026);
#2025 = CARTESIAN_POINT('',(-430.,20.,80.));
#2026 = VECTOR('',#2027,1.);
#2027 = DIRECTION('',(0.,0.,1.));
#2028 = PCURVE('',#1932,#2029);
#2029 = DEFINITIONAL_REPRESENTATION('',(#2030),#2034);
#2030 = LINE('',#2031,#2032);
#2031 = CARTESIAN_POINT('',(0.,-40.));
#2032 = VECTOR('',#2033,1.);
#2033 = DIRECTION('',(1.,0.));
#2034 = ( GEOMETRIC_REPRESENTATION_CONTEXT(2) 
PARAMETRIC_REPRESENTATION_CONTEXT() REPRESENTATION_CONTEXT('2D SPACE',''
  ) );
#2035 = PCURVE('',#1958,#2036);
#2036 = DEFINITIONAL_REPRESENTATION('',(#2037),#2041);
#2037 = LINE('',#2038,#2039);
#2038 = CARTESIAN_POINT('',(0.,40.));
#2039 = VECTOR('',#2040,1.);
#2040 = DIRECTION('',(1.,0.));
#2041 = ( GEOMETRIC_REPRESENTATION_CONTEXT(2) 
PARAMETRIC_REPRESENTATION_CONTEXT() REPRESENTATION_CONTEXT('2D SPACE',''
  ) );
#2042 = ORIENTED_EDGE('',*,*,#1916,.F.);
#2043 = FACE_BOUND('',#2044,.T.);
#2044 = EDGE_LOOP('',(#2045));
#2045 = ORIENTED_EDGE('',*,*,#2046,.F.);
#2046 = EDGE_CURVE('',#2047,#2047,#2049,.T.);
#2047 = VERTEX_POINT('',#2048);
#2048 = CARTESIAN_POINT('',(-430.,-7.347880794884E-16,107.));
#2049 = SURFACE_CURVE('',#2050,(#2055,#2062),.PCURVE_S1.);
#2050 = CIRCLE('',#2051,3.);
#2051 = AXIS2_PLACEMENT_3D('',#2052,#2053,#2054);
#2052 = CARTESIAN_POINT('',(-430.,0.,110.));
#2053 = DIRECTION('',(1.,-0.,2.22044604925E-16));
#2054 = DIRECTION('',(2.22044604925E-16,0.,-1.));
#2055 = PCURVE('',#1932,#2056);
#2056 = DEFINITIONAL_REPRESENTATION('',(#2057),#2061);
#2057 = CIRCLE('',#2058,3.);
#2058 = AXIS2_PLACEMENT_2D('',#2059,#2060);
#2059 = CARTESIAN_POINT('',(30.,-20.));
#2060 = DIRECTION('',(-1.,0.));
#2061 = ( GEOMETRIC_REPRESENTATION_CONTEXT(2) 
PARAMETRIC_REPRESENTATION_CONTEXT() REPRESENTATION_CONTEXT('2D SPACE',''
  ) );
#2062 = PCURVE('',#2063,#2068);
#2063 = CYLINDRICAL_SURFACE('',#2064,3.);
#2064 = AXIS2_PLACEMENT_3D('',#2065,#2066,#2067);
#2065 = CARTESIAN_POINT('',(-430.,0.,110.));
#2066 = DIRECTION('',(1.,0.,2.22044604925E-16));
#2067 = DIRECTION('',(2.22044604925E-16,0.,-1.));
#2068 = DEFINITIONAL_REPRESENTATION('',(#2069),#2073);
#2069 = LINE('',#2070,#2071);
#2070 = CARTESIAN_POINT('',(0.,0.));
#2071 = VECTOR('',#2072,1.);
#2072 = DIRECTION('',(1.,0.));
#2073 = ( GEOMETRIC_REPRESENTATION_CONTEXT(2) 
PARAMETRIC_REPRESENTATION_CONTEXT() REPRESENTATION_CONTEXT('2D SPACE',''
  ) );
#2074 = ADVANCED_FACE('',(#2075),#2063,.T.);
#2075 = FACE_BOUND('',#2076,.T.);
#2076 = EDGE_LOOP('',(#2077,#2100,#2127,#2128));
#2077 = ORIENTED_EDGE('',*,*,#2078,.F.);
#2078 = EDGE_CURVE('',#2079,#2047,#2081,.T.);
#2079 = VERTEX_POINT('',#2080);
#2080 = CARTESIAN_POINT('',(-420.,-7.347880794884E-16,107.));
#2081 = SEAM_CURVE('',#2082,(#2086,#2093),.PCURVE_S1.);
#2082 = LINE('',#2083,#2084);
#2083 = CARTESIAN_POINT('',(-420.,-7.347880794884E-16,107.));
#2084 = VECTOR('',#2085,1.);
#2085 = DIRECTION('',(-1.,0.,0.));
#2086 = PCURVE('',#2063,#2087);
#2087 = DEFINITIONAL_REPRESENTATION('',(#2088),#2092);
#2088 = LINE('',#2089,#2090);
#2089 = CARTESIAN_POINT('',(6.28318530718,10.));
#2090 = VECTOR('',#2091,1.);
#2091 = DIRECTION('',(-0.,-1.));
#2092 = ( GEOMETRIC_REPRESENTATION_CONTEXT(2) 
PARAMETRIC_REPRESENTATION_CONTEXT() REPRESENTATION_CONTEXT('2D SPACE',''
  ) );
#2093 = PCURVE('',#2063,#2094);
#2094 = DEFINITIONAL_REPRESENTATION('',(#2095),#2099);
#2095 = LINE('',#2096,#2097);
#2096 = CARTESIAN_POINT('',(0.,10.));
#2097 = VECTOR('',#2098,1.);
#2098 = DIRECTION('',(-0.,-1.));
#2099 = ( GEOMETRIC_REPRESENTATION_CONTEXT(2) 
PARAMETRIC_REPRESENTATION_CONTEXT() REPRESENTATION_CONTEXT('2D SPACE',''
  ) );
#2100 = ORIENTED_EDGE('',*,*,#2101,.F.);
#2101 = EDGE_CURVE('',#2079,#2079,#2102,.T.);
#2102 = SURFACE_CURVE('',#2103,(#2108,#2115),.PCURVE_S1.);
#2103 = CIRCLE('',#2104,3.);
#2104 = AXIS2_PLACEMENT_3D('',#2105,#2106,#2107);
#2105 = CARTESIAN_POINT('',(-420.,0.,110.));
#2106 = DIRECTION('',(1.,-0.,2.22044604925E-16));
#2107 = DIRECTION('',(2.22044604925E-16,0.,-1.));
#2108 = PCURVE('',#2063,#2109);
#2109 = DEFINITIONAL_REPRESENTATION('',(#2110),#2114);
#2110 = LINE('',#2111,#2112);
#2111 = CARTESIAN_POINT('',(0.,10.));
#2112 = VECTOR('',#2113,1.);
#2113 = DIRECTION('',(1.,0.));
#2114 = ( GEOMETRIC_REPRESENTATION_CONTEXT(2) 
PARAMETRIC_REPRESENTATION_CONTEXT() REPRESENTATION_CONTEXT('2D SPACE',''
  ) );
#2115 = PCURVE('',#2116,#2121);
#2116 = PLANE('',#2117);
#2117 = AXIS2_PLACEMENT_3D('',#2118,#2119,#2120);
#2118 = CARTESIAN_POINT('',(-420.,0.,110.));
#2119 = DIRECTION('',(1.,0.,2.22044604925E-16));
#2120 = DIRECTION('',(2.22044604925E-16,0.,-1.));
#2121 = DEFINITIONAL_REPRESENTATION('',(#2122),#2126);
#2122 = CIRCLE('',#2123,3.);
#2123 = AXIS2_PLACEMENT_2D('',#2124,#2125);
#2124 = CARTESIAN_POINT('',(0.,0.));
#2125 = DIRECTION('',(1.,0.));
#2126 = ( GEOMETRIC_REPRESENTATION_CONTEXT(2) 
PARAMETRIC_REPRESENTATION_CONTEXT() REPRESENTATION_CONTEXT('2D SPACE',''
  ) );
#2127 = ORIENTED_EDGE('',*,*,#2078,.T.);
#2128 = ORIENTED_EDGE('',*,*,#2046,.T.);
#2129 = ADVANCED_FACE('',(#2130),#2116,.T.);
#2130 = FACE_BOUND('',#2131,.T.);
#2131 = EDGE_LOOP('',(#2132));
#2132 = ORIENTED_EDGE('',*,*,#2101,.T.);
#2133 = ADVANCED_FACE('',(#2134),#1904,.F.);
#2134 = FACE_BOUND('',#2135,.F.);
#2135 = EDGE_LOOP('',(#2136,#2159,#2180,#2181));
#2136 = ORIENTED_EDGE('',*,*,#2137,.F.);
#2137 = EDGE_CURVE('',#2138,#1977,#2140,.T.);
#2138 = VERTEX_POINT('',#2139);
#2139 = CARTESIAN_POINT('',(-470.,-20.,80.));
#2140 = SURFACE_CURVE('',#2141,(#2145,#2152),.PCURVE_S1.);
#2141 = LINE('',#2142,#2143);
#2142 = CARTESIAN_POINT('',(-470.,-20.,80.));
#2143 = VECTOR('',#2144,1.);
#2144 = DIRECTION('',(1.,0.,-0.));
#2145 = PCURVE('',#1904,#2146);
#2146 = DEFINITIONAL_REPRESENTATION('',(#2147),#2151);
#2147 = LINE('',#2148,#2149);
#2148 = CARTESIAN_POINT('',(0.,0.));
#2149 = VECTOR('',#2150,1.);
#2150 = DIRECTION('',(0.,1.));
#2151 = ( GEOMETRIC_REPRESENTATION_CONTEXT(2) 
PARAMETRIC_REPRESENTATION_CONTEXT() REPRESENTATION_CONTEXT('2D SPACE',''
  ) );
#2152 = PCURVE('',#358,#2153);
#2153 = DEFINITIONAL_REPRESENTATION('',(#2154),#2158);
#2154 = LINE('',#2155,#2156);
#2155 = CARTESIAN_POINT('',(0.,0.));
#2156 = VECTOR('',#2157,1.);
#2157 = DIRECTION('',(1.,0.));
#2158 = ( GEOMETRIC_REPRESENTATION_CONTEXT(2) 
PARAMETRIC_REPRESENTATION_CONTEXT() REPRESENTATION_CONTEXT('2D SPACE',''
  ) );
#2159 = ORIENTED_EDGE('',*,*,#2160,.T.);
#2160 = EDGE_CURVE('',#2138,#1859,#2161,.T.);
#2161 = SURFACE_CURVE('',#2162,(#2166,#2173),.PCURVE_S1.);
#2162 = LINE('',#2163,#2164);
#2163 = CARTESIAN_POINT('',(-470.,-20.,80.));
#2164 = VECTOR('',#2165,1.);
#2165 = DIRECTION('',(0.,0.,1.));
#2166 = PCURVE('',#1904,#2167);
#2167 = DEFINITIONAL_REPRESENTATION('',(#2168),#2172);
#2168 = LINE('',#2169,#2170);
#2169 = CARTESIAN_POINT('',(0.,0.));
#2170 = VECTOR('',#2171,1.);
#2171 = DIRECTION('',(1.,0.));
#2172 = ( GEOMETRIC_REPRESENTATION_CONTEXT(2) 
PARAMETRIC_REPRESENTATION_CONTEXT() REPRESENTATION_CONTEXT('2D SPACE',''
  ) );
#2173 = PCURVE('',#1876,#2174);
#2174 = DEFINITIONAL_REPRESENTATION('',(#2175),#2179);
#2175 = LINE('',#2176,#2177);
#2176 = CARTESIAN_POINT('',(0.,0.));
#2177 = VECTOR('',#2178,1.);
#2178 = DIRECTION('',(1.,0.));
#2179 = ( GEOMETRIC_REPRESENTATION_CONTEXT(2) 
PARAMETRIC_REPRESENTATION_CONTEXT() REPRESENTATION_CONTEXT('2D SPACE',''
  ) );
#2180 = ORIENTED_EDGE('',*,*,#1888,.T.);
#2181 = ORIENTED_EDGE('',*,*,#1976,.F.);
#2182 = ADVANCED_FACE('',(#2183),#1958,.T.);
#2183 = FACE_BOUND('',#2184,.T.);
#2184 = EDGE_LOOP('',(#2185,#2208,#2229,#2230));
#2185 = ORIENTED_EDGE('',*,*,#2186,.F.);
#2186 = EDGE_CURVE('',#2187,#2000,#2189,.T.);
#2187 = VERTEX_POINT('',#2188);
#2188 = CARTESIAN_POINT('',(-470.,20.,80.));
#2189 = SURFACE_CURVE('',#2190,(#2194,#2201),.PCURVE_S1.);
#2190 = LINE('',#2191,#2192);
#2191 = CARTESIAN_POINT('',(-470.,20.,80.));
#2192 = VECTOR('',#2193,1.);
#2193 = DIRECTION('',(1.,0.,-0.));
#2194 = PCURVE('',#1958,#2195);
#2195 = DEFINITIONAL_REPRESENTATION('',(#2196),#2200);
#2196 = LINE('',#2197,#2198);
#2197 = CARTESIAN_POINT('',(0.,0.));
#2198 = VECTOR('',#2199,1.);
#2199 = DIRECTION('',(0.,1.));
#2200 = ( GEOMETRIC_REPRESENTATION_CONTEXT(2) 
PARAMETRIC_REPRESENTATION_CONTEXT() REPRESENTATION_CONTEXT('2D SPACE',''
  ) );
#2201 = PCURVE('',#358,#2202);
#2202 = DEFINITIONAL_REPRESENTATION('',(#2203),#2207);
#2203 = LINE('',#2204,#2205);
#2204 = CARTESIAN_POINT('',(0.,40.));
#2205 = VECTOR('',#2206,1.);
#2206 = DIRECTION('',(1.,0.));
#2207 = ( GEOMETRIC_REPRESENTATION_CONTEXT(2) 
PARAMETRIC_REPRESENTATION_CONTEXT() REPRESENTATION_CONTEXT('2D SPACE',''
  ) );
#2208 = ORIENTED_EDGE('',*,*,#2209,.T.);
#2209 = EDGE_CURVE('',#2187,#1861,#2210,.T.);
#2210 = SURFACE_CURVE('',#2211,(#2215,#2222),.PCURVE_S1.);
#2211 = LINE('',#2212,#2213);
#2212 = CARTESIAN_POINT('',(-470.,20.,80.));
#2213 = VECTOR('',#2214,1.);
#2214 = DIRECTION('',(0.,0.,1.));
#2215 = PCURVE('',#1958,#2216);
#2216 = DEFINITIONAL_REPRESENTATION('',(#2217),#2221);
#2217 = LINE('',#2218,#2219);
#2218 = CARTESIAN_POINT('',(0.,0.));
#2219 = VECTOR('',#2220,1.);
#2220 = DIRECTION('',(1.,0.));
#2221 = ( GEOMETRIC_REPRESENTATION_CONTEXT(2) 
PARAMETRIC_REPRESENTATION_CONTEXT() REPRESENTATION_CONTEXT('2D SPACE',''
  ) );
#2222 = PCURVE('',#1876,#2223);
#2223 = DEFINITIONAL_REPRESENTATION('',(#2224),#2228);
#2224 = LINE('',#2225,#2226);
#2225 = CARTESIAN_POINT('',(0.,-40.));
#2226 = VECTOR('',#2227,1.);
#2227 = DIRECTION('',(1.,0.));
#2228 = ( GEOMETRIC_REPRESENTATION_CONTEXT(2) 
PARAMETRIC_REPRESENTATION_CONTEXT() REPRESENTATION_CONTEXT('2D SPACE',''
  ) );
#2229 = ORIENTED_EDGE('',*,*,#1944,.T.);
#2230 = ORIENTED_EDGE('',*,*,#2022,.F.);
#2231 = ADVANCED_FACE('',(#2232,#2258),#1876,.F.);
#2232 = FACE_BOUND('',#2233,.F.);
#2233 = EDGE_LOOP('',(#2234,#2235,#2256,#2257));
#2234 = ORIENTED_EDGE('',*,*,#2160,.F.);
#2235 = ORIENTED_EDGE('',*,*,#2236,.T.);
#2236 = EDGE_CURVE('',#2138,#2187,#2237,.T.);
#2237 = SURFACE_CURVE('',#2238,(#2242,#2249),.PCURVE_S1.);
#2238 = LINE('',#2239,#2240);
#2239 = CARTESIAN_POINT('',(-470.,-20.,80.));
#2240 = VECTOR('',#2241,1.);
#2241 = DIRECTION('',(-0.,1.,0.));
#2242 = PCURVE('',#1876,#2243);
#2243 = DEFINITIONAL_REPRESENTATION('',(#2244),#2248);
#2244 = LINE('',#2245,#2246);
#2245 = CARTESIAN_POINT('',(0.,0.));
#2246 = VECTOR('',#2247,1.);
#2247 = DIRECTION('',(0.,-1.));
#2248 = ( GEOMETRIC_REPRESENTATION_CONTEXT(2) 
PARAMETRIC_REPRESENTATION_CONTEXT() REPRESENTATION_CONTEXT('2D SPACE',''
  ) );
#2249 = PCURVE('',#358,#2250);
#2250 = DEFINITIONAL_REPRESENTATION('',(#2251),#2255);
#2251 = LINE('',#2252,#2253);
#2252 = CARTESIAN_POINT('',(0.,0.));
#2253 = VECTOR('',#2254,1.);
#2254 = DIRECTION('',(0.,1.));
#2255 = ( GEOMETRIC_REPRESENTATION_CONTEXT(2) 
PARAMETRIC_REPRESENTATION_CONTEXT() REPRESENTATION_CONTEXT('2D SPACE',''
  ) );
#2256 = ORIENTED_EDGE('',*,*,#2209,.T.);
#2257 = ORIENTED_EDGE('',*,*,#1858,.F.);
#2258 = FACE_BOUND('',#2259,.F.);
#2259 = EDGE_LOOP('',(#2260));
#2260 = ORIENTED_EDGE('',*,*,#2261,.F.);
#2261 = EDGE_CURVE('',#2262,#2262,#2264,.T.);
#2262 = VERTEX_POINT('',#2263);
#2263 = CARTESIAN_POINT('',(-470.,-9.797174393179E-16,121.));
#2264 = SURFACE_CURVE('',#2265,(#2270,#2277),.PCURVE_S1.);
#2265 = CIRCLE('',#2266,4.);
#2266 = AXIS2_PLACEMENT_3D('',#2267,#2268,#2269);
#2267 = CARTESIAN_POINT('',(-470.,0.,125.));
#2268 = DIRECTION('',(1.,0.,2.22044604925E-16));
#2269 = DIRECTION('',(2.22044604925E-16,0.,-1.));
#2270 = PCURVE('',#1876,#2271);
#2271 = DEFINITIONAL_REPRESENTATION('',(#2272),#2276);
#2272 = CIRCLE('',#2273,4.);
#2273 = AXIS2_PLACEMENT_2D('',#2274,#2275);
#2274 = CARTESIAN_POINT('',(45.,-20.));
#2275 = DIRECTION('',(-1.,0.));
#2276 = ( GEOMETRIC_REPRESENTATION_CONTEXT(2) 
PARAMETRIC_REPRESENTATION_CONTEXT() REPRESENTATION_CONTEXT('2D SPACE',''
  ) );
#2277 = PCURVE('',#2278,#2283);
#2278 = CYLINDRICAL_SURFACE('',#2279,4.);
#2279 = AXIS2_PLACEMENT_3D('',#2280,#2281,#2282);
#2280 = CARTESIAN_POINT('',(-476.,0.,125.));
#2281 = DIRECTION('',(1.,0.,2.22044604925E-16));
#2282 = DIRECTION('',(2.22044604925E-16,0.,-1.));
#2283 = DEFINITIONAL_REPRESENTATION('',(#2284),#2288);
#2284 = LINE('',#2285,#2286);
#2285 = CARTESIAN_POINT('',(0.,6.));
#2286 = VECTOR('',#2287,1.);
#2287 = DIRECTION('',(1.,0.));
#2288 = ( GEOMETRIC_REPRESENTATION_CONTEXT(2) 
PARAMETRIC_REPRESENTATION_CONTEXT() REPRESENTATION_CONTEXT('2D SPACE',''
  ) );
#2289 = ADVANCED_FACE('',(#2290),#2278,.T.);
#2290 = FACE_BOUND('',#2291,.T.);
#2291 = EDGE_LOOP('',(#2292,#2293,#2316,#2343));
#2292 = ORIENTED_EDGE('',*,*,#2261,.F.);
#2293 = ORIENTED_EDGE('',*,*,#2294,.F.);
#2294 = EDGE_CURVE('',#2295,#2262,#2297,.T.);
#2295 = VERTEX_POINT('',#2296);
#2296 = CARTESIAN_POINT('',(-476.,-9.797174393179E-16,121.));
#2297 = SEAM_CURVE('',#2298,(#2302,#2309),.PCURVE_S1.);
#2298 = LINE('',#2299,#2300);
#2299 = CARTESIAN_POINT('',(-476.,-9.797174393179E-16,121.));
#2300 = VECTOR('',#2301,1.);
#2301 = DIRECTION('',(1.,0.,2.22044604925E-16));
#2302 = PCURVE('',#2278,#2303);
#2303 = DEFINITIONAL_REPRESENTATION('',(#2304),#2308);
#2304 = LINE('',#2305,#2306);
#2305 = CARTESIAN_POINT('',(6.28318530718,-0.));
#2306 = VECTOR('',#2307,1.);
#2307 = DIRECTION('',(0.,1.));
#2308 = ( GEOMETRIC_REPRESENTATION_CONTEXT(2) 
PARAMETRIC_REPRESENTATION_CONTEXT() REPRESENTATION_CONTEXT('2D SPACE',''
  ) );
#2309 = PCURVE('',#2278,#2310);
#2310 = DEFINITIONAL_REPRESENTATION('',(#2311),#2315);
#2311 = LINE('',#2312,#2313);
#2312 = CARTESIAN_POINT('',(0.,-0.));
#2313 = VECTOR('',#2314,1.);
#2314 = DIRECTION('',(0.,1.));
#2315 = ( GEOMETRIC_REPRESENTATION_CONTEXT(2) 
PARAMETRIC_REPRESENTATION_CONTEXT() REPRESENTATION_CONTEXT('2D SPACE',''
  ) );
#2316 = ORIENTED_EDGE('',*,*,#2317,.T.);
#2317 = EDGE_CURVE('',#2295,#2295,#2318,.T.);
#2318 = SURFACE_CURVE('',#2319,(#2324,#2331),.PCURVE_S1.);
#2319 = CIRCLE('',#2320,4.);
#2320 = AXIS2_PLACEMENT_3D('',#2321,#2322,#2323);
#2321 = CARTESIAN_POINT('',(-476.,0.,125.));
#2322 = DIRECTION('',(1.,-0.,2.22044604925E-16));
#2323 = DIRECTION('',(2.22044604925E-16,0.,-1.));
#2324 = PCURVE('',#2278,#2325);
#2325 = DEFINITIONAL_REPRESENTATION('',(#2326),#2330);
#2326 = LINE('',#2327,#2328);
#2327 = CARTESIAN_POINT('',(0.,0.));
#2328 = VECTOR('',#2329,1.);
#2329 = DIRECTION('',(1.,0.));
#2330 = ( GEOMETRIC_REPRESENTATION_CONTEXT(2) 
PARAMETRIC_REPRESENTATION_CONTEXT() REPRESENTATION_CONTEXT('2D SPACE',''
  ) );
#2331 = PCURVE('',#2332,#2337);
#2332 = PLANE('',#2333);
#2333 = AXIS2_PLACEMENT_3D('',#2334,#2335,#2336);
#2334 = CARTESIAN_POINT('',(-476.,0.,125.));
#2335 = DIRECTION('',(1.,0.,2.22044604925E-16));
#2336 = DIRECTION('',(2.22044604925E-16,0.,-1.));
#2337 = DEFINITIONAL_REPRESENTATION('',(#2338),#2342);
#2338 = CIRCLE('',#2339,4.);
#2339 = AXIS2_PLACEMENT_2D('',#2340,#2341);
#2340 = CARTESIAN_POINT('',(0.,0.));
#2341 = DIRECTION('',(1.,0.));
#2342 = ( GEOMETRIC_REPRESENTATION_CONTEXT(2) 
PARAMETRIC_REPRESENTATION_CONTEXT() REPRESENTATION_CONTEXT('2D SPACE',''
  ) );
#2343 = ORIENTED_EDGE('',*,*,#2294,.T.);
#2344 = ADVANCED_FACE('',(#2345),#2332,.F.);
#2345 = FACE_BOUND('',#2346,.T.);
#2346 = EDGE_LOOP('',(#2347));
#2347 = ORIENTED_EDGE('',*,*,#2317,.F.);
#2348 = ADVANCED_FACE('',(#2349,#2355),#358,.F.);
#2349 = FACE_BOUND('',#2350,.F.);
#2350 = EDGE_LOOP('',(#2351,#2352,#2353,#2354));
#2351 = ORIENTED_EDGE('',*,*,#2236,.F.);
#2352 = ORIENTED_EDGE('',*,*,#2137,.T.);
#2353 = ORIENTED_EDGE('',*,*,#1999,.T.);
#2354 = ORIENTED_EDGE('',*,*,#2186,.F.);
#2355 = FACE_BOUND('',#2356,.F.);
#2356 = EDGE_LOOP('',(#2357));
#2357 = ORIENTED_EDGE('',*,*,#343,.F.);
#2358 = ADVANCED_FACE('',(#2359),#148,.T.);
#2359 = FACE_BOUND('',#2360,.T.);
#2360 = EDGE_LOOP('',(#2361,#2383,#2384,#2385));
#2361 = ORIENTED_EDGE('',*,*,#2362,.T.);
#2362 = EDGE_CURVE('',#46,#373,#2363,.T.);
#2363 = SURFACE_CURVE('',#2364,(#2369,#2376),.PCURVE_S1.);
#2364 = CIRCLE('',#2365,3.);
#2365 = AXIS2_PLACEMENT_3D('',#2366,#2367,#2368);
#2366 = CARTESIAN_POINT('',(-440.,0.,110.));
#2367 = DIRECTION('',(1.,-0.,2.22044604925E-16));
#2368 = DIRECTION('',(2.22044604925E-16,0.,-1.));
#2369 = PCURVE('',#148,#2370);
#2370 = DEFINITIONAL_REPRESENTATION('',(#2371),#2375);
#2371 = LINE('',#2372,#2373);
#2372 = CARTESIAN_POINT('',(0.,-10.));
#2373 = VECTOR('',#2374,1.);
#2374 = DIRECTION('',(1.,0.));
#2375 = ( GEOMETRIC_REPRESENTATION_CONTEXT(2) 
PARAMETRIC_REPRESENTATION_CONTEXT() REPRESENTATION_CONTEXT('2D SPACE',''
  ) );
#2376 = PCURVE('',#66,#2377);
#2377 = DEFINITIONAL_REPRESENTATION('',(#2378),#2382);
#2378 = CIRCLE('',#2379,3.);
#2379 = AXIS2_PLACEMENT_2D('',#2380,#2381);
#2380 = CARTESIAN_POINT('',(0.,0.));
#2381 = DIRECTION('',(1.,0.));
#2382 = ( GEOMETRIC_REPRESENTATION_CONTEXT(2) 
PARAMETRIC_REPRESENTATION_CONTEXT() REPRESENTATION_CONTEXT('2D SPACE',''
  ) );
#2383 = ORIENTED_EDGE('',*,*,#394,.F.);
#2384 = ORIENTED_EDGE('',*,*,#513,.F.);
#2385 = ORIENTED_EDGE('',*,*,#133,.T.);
#2386 = ADVANCED_FACE('',(#2387),#66,.F.);
#2387 = FACE_BOUND('',#2388,.F.);
#2388 = EDGE_LOOP('',(#2389,#2390,#2391,#2392));
#2389 = ORIENTED_EDGE('',*,*,#295,.T.);
#2390 = ORIENTED_EDGE('',*,*,#43,.T.);
#2391 = ORIENTED_EDGE('',*,*,#2362,.T.);
#2392 = ORIENTED_EDGE('',*,*,#372,.F.);
#2393 = MANIFOLD_SOLID_BREP('',#2394);
#2394 = CLOSED_SHELL('',(#2395,#2517,#2835,#3897,#3947,#3994,#4020,#4027
    ,#4145,#4247,#4302,#4306,#4355,#4404,#4462,#4517,#4521,#4547,#4557,
    #4562,#4590));
#2395 = ADVANCED_FACE('',(#2396),#2410,.F.);
#2396 = FACE_BOUND('',#2397,.F.);
#2397 = EDGE_LOOP('',(#2398,#2433,#2461,#2490));
#2398 = ORIENTED_EDGE('',*,*,#2399,.F.);
#2399 = EDGE_CURVE('',#2400,#2402,#2404,.T.);
#2400 = VERTEX_POINT('',#2401);
#2401 = CARTESIAN_POINT('',(460.,-9.797174393179E-16,121.));
#2402 = VERTEX_POINT('',#2403);
#2403 = CARTESIAN_POINT('',(460.,-7.825123995323E-14,129.));
#2404 = SURFACE_CURVE('',#2405,(#2409,#2421),.PCURVE_S1.);
#2405 = LINE('',#2406,#2407);
#2406 = CARTESIAN_POINT('',(460.,-2.449293598295E-15,-470.));
#2407 = VECTOR('',#2408,1.);
#2408 = DIRECTION('',(0.,0.,1.));
#2409 = PCURVE('',#2410,#2415);
#2410 = PLANE('',#2411);
#2411 = AXIS2_PLACEMENT_3D('',#2412,#2413,#2414);
#2412 = CARTESIAN_POINT('',(460.,0.,125.));
#2413 = DIRECTION('',(1.,0.,2.22044604925E-16));
#2414 = DIRECTION('',(2.22044604925E-16,0.,-1.));
#2415 = DEFINITIONAL_REPRESENTATION('',(#2416),#2420);
#2416 = LINE('',#2417,#2418);
#2417 = CARTESIAN_POINT('',(595.,-2.449293598295E-15));
#2418 = VECTOR('',#2419,1.);
#2419 = DIRECTION('',(-1.,0.));
#2420 = ( GEOMETRIC_REPRESENTATION_CONTEXT(2) 
PARAMETRIC_REPRESENTATION_CONTEXT() REPRESENTATION_CONTEXT('2D SPACE',''
  ) );
#2421 = PCURVE('',#2422,#2427);
#2422 = PLANE('',#2423);
#2423 = AXIS2_PLACEMENT_3D('',#2424,#2425,#2426);
#2424 = CARTESIAN_POINT('',(460.,0.,125.));
#2425 = DIRECTION('',(1.,0.,2.22044604925E-16));
#2426 = DIRECTION('',(2.22044604925E-16,0.,-1.));
#2427 = DEFINITIONAL_REPRESENTATION('',(#2428),#2432);
#2428 = LINE('',#2429,#2430);
#2429 = CARTESIAN_POINT('',(595.,-2.449293598295E-15));
#2430 = VECTOR('',#2431,1.);
#2431 = DIRECTION('',(-1.,0.));
#2432 = ( GEOMETRIC_REPRESENTATION_CONTEXT(2) 
PARAMETRIC_REPRESENTATION_CONTEXT() REPRESENTATION_CONTEXT('2D SPACE',''
  ) );
#2433 = ORIENTED_EDGE('',*,*,#2434,.T.);
#2434 = EDGE_CURVE('',#2400,#2435,#2437,.T.);
#2435 = VERTEX_POINT('',#2436);
#2436 = CARTESIAN_POINT('',(459.99999999999,2.250000002271,
    121.69281086465));
#2437 = SURFACE_CURVE('',#2438,(#2443,#2450),.PCURVE_S1.);
#2438 = CIRCLE('',#2439,4.);
#2439 = AXIS2_PLACEMENT_3D('',#2440,#2441,#2442);
#2440 = CARTESIAN_POINT('',(460.,0.,125.));
#2441 = DIRECTION('',(1.,-0.,2.22044604925E-16));
#2442 = DIRECTION('',(2.22044604925E-16,0.,-1.));
#2443 = PCURVE('',#2410,#2444);
#2444 = DEFINITIONAL_REPRESENTATION('',(#2445),#2449);
#2445 = CIRCLE('',#2446,4.);
#2446 = AXIS2_PLACEMENT_2D('',#2447,#2448);
#2447 = CARTESIAN_POINT('',(0.,0.));
#2448 = DIRECTION('',(1.,0.));
#2449 = ( GEOMETRIC_REPRESENTATION_CONTEXT(2) 
PARAMETRIC_REPRESENTATION_CONTEXT() REPRESENTATION_CONTEXT('2D SPACE',''
  ) );
#2450 = PCURVE('',#2451,#2456);
#2451 = CYLINDRICAL_SURFACE('',#2452,4.);
#2452 = AXIS2_PLACEMENT_3D('',#2453,#2454,#2455);
#2453 = CARTESIAN_POINT('',(460.,0.,125.));
#2454 = DIRECTION('',(1.,0.,2.22044604925E-16));
#2455 = DIRECTION('',(2.22044604925E-16,0.,-1.));
#2456 = DEFINITIONAL_REPRESENTATION('',(#2457),#2460);
#2457 = B_SPLINE_CURVE_WITH_KNOTS('',1,(#2458,#2459),.UNSPECIFIED.,.F.,
  .F.,(2,2),(0.,0.597406417605),.PIECEWISE_BEZIER_KNOTS.);
#2458 = CARTESIAN_POINT('',(6.28318530718,0.));
#2459 = CARTESIAN_POINT('',(6.880591724784,0.));
#2460 = ( GEOMETRIC_REPRESENTATION_CONTEXT(2) 
PARAMETRIC_REPRESENTATION_CONTEXT() REPRESENTATION_CONTEXT('2D SPACE',''
  ) );
#2461 = ORIENTED_EDGE('',*,*,#2462,.T.);
#2462 = EDGE_CURVE('',#2435,#2463,#2465,.T.);
#2463 = VERTEX_POINT('',#2464);
#2464 = CARTESIAN_POINT('',(460.,2.250000005755,128.30718913075));
#2465 = SURFACE_CURVE('',#2466,(#2471,#2478),.PCURVE_S1.);
#2466 = CIRCLE('',#2467,4.);
#2467 = AXIS2_PLACEMENT_3D('',#2468,#2469,#2470);
#2468 = CARTESIAN_POINT('',(460.,0.,125.));
#2469 = DIRECTION('',(1.,-0.,2.22044604925E-16));
#2470 = DIRECTION('',(2.22044604925E-16,0.,-1.));
#2471 = PCURVE('',#2410,#2472);
#2472 = DEFINITIONAL_REPRESENTATION('',(#2473),#2477);
#2473 = CIRCLE('',#2474,4.);
#2474 = AXIS2_PLACEMENT_2D('',#2475,#2476);
#2475 = CARTESIAN_POINT('',(0.,0.));
#2476 = DIRECTION('',(1.,0.));
#2477 = ( GEOMETRIC_REPRESENTATION_CONTEXT(2) 
PARAMETRIC_REPRESENTATION_CONTEXT() REPRESENTATION_CONTEXT('2D SPACE',''
  ) );
#2478 = PCURVE('',#2479,#2484);
#2479 = CYLINDRICAL_SURFACE('',#2480,4.);
#2480 = AXIS2_PLACEMENT_3D('',#2481,#2482,#2483);
#2481 = CARTESIAN_POINT('',(450.,0.,125.));
#2482 = DIRECTION('',(1.,0.,2.22044604925E-16));
#2483 = DIRECTION('',(2.22044604925E-16,0.,-1.));
#2484 = DEFINITIONAL_REPRESENTATION('',(#2485),#2489);
#2485 = LINE('',#2486,#2487);
#2486 = CARTESIAN_POINT('',(0.,10.));
#2487 = VECTOR('',#2488,1.);
#2488 = DIRECTION('',(1.,0.));
#2489 = ( GEOMETRIC_REPRESENTATION_CONTEXT(2) 
PARAMETRIC_REPRESENTATION_CONTEXT() REPRESENTATION_CONTEXT('2D SPACE',''
  ) );
#2490 = ORIENTED_EDGE('',*,*,#2491,.T.);
#2491 = EDGE_CURVE('',#2463,#2402,#2492,.T.);
#2492 = SURFACE_CURVE('',#2493,(#2498,#2505),.PCURVE_S1.);
#2493 = CIRCLE('',#2494,4.);
#2494 = AXIS2_PLACEMENT_3D('',#2495,#2496,#2497);
#2495 = CARTESIAN_POINT('',(460.,0.,125.));
#2496 = DIRECTION('',(1.,-0.,2.22044604925E-16));
#2497 = DIRECTION('',(2.22044604925E-16,0.,-1.));
#2498 = PCURVE('',#2410,#2499);
#2499 = DEFINITIONAL_REPRESENTATION('',(#2500),#2504);
#2500 = CIRCLE('',#2501,4.);
#2501 = AXIS2_PLACEMENT_2D('',#2502,#2503);
#2502 = CARTESIAN_POINT('',(0.,0.));
#2503 = DIRECTION('',(1.,0.));
#2504 = ( GEOMETRIC_REPRESENTATION_CONTEXT(2) 
PARAMETRIC_REPRESENTATION_CONTEXT() REPRESENTATION_CONTEXT('2D SPACE',''
  ) );
#2505 = PCURVE('',#2506,#2511);
#2506 = CYLINDRICAL_SURFACE('',#2507,4.);
#2507 = AXIS2_PLACEMENT_3D('',#2508,#2509,#2510);
#2508 = CARTESIAN_POINT('',(460.,0.,125.));
#2509 = DIRECTION('',(1.,0.,2.22044604925E-16));
#2510 = DIRECTION('',(2.22044604925E-16,0.,-1.));
#2511 = DEFINITIONAL_REPRESENTATION('',(#2512),#2516);
#2512 = LINE('',#2513,#2514);
#2513 = CARTESIAN_POINT('',(0.,0.));
#2514 = VECTOR('',#2515,1.);
#2515 = DIRECTION('',(1.,0.));
#2516 = ( GEOMETRIC_REPRESENTATION_CONTEXT(2) 
PARAMETRIC_REPRESENTATION_CONTEXT() REPRESENTATION_CONTEXT('2D SPACE',''
  ) );
#2517 = ADVANCED_FACE('',(#2518),#2451,.T.);
#2518 = FACE_BOUND('',#2519,.T.);
#2519 = EDGE_LOOP('',(#2520,#2673,#2813,#2834));
#2520 = ORIENTED_EDGE('',*,*,#2521,.F.);
#2521 = EDGE_CURVE('',#2522,#2435,#2524,.T.);
#2522 = VERTEX_POINT('',#2523);
#2523 = CARTESIAN_POINT('',(460.25,-1.745121688785E-15,121.));
#2524 = SURFACE_CURVE('',#2525,(#2576,#2614),.PCURVE_S1.);
#2525 = B_SPLINE_CURVE_WITH_KNOTS('',7,(#2526,#2527,#2528,#2529,#2530,
    #2531,#2532,#2533,#2534,#2535,#2536,#2537,#2538,#2539,#2540,#2541,
    #2542,#2543,#2544,#2545,#2546,#2547,#2548,#2549,#2550,#2551,#2552,
    #2553,#2554,#2555,#2556,#2557,#2558,#2559,#2560,#2561,#2562,#2563,
    #2564,#2565,#2566,#2567,#2568,#2569,#2570,#2571,#2572,#2573,#2574,
    #2575),.UNSPECIFIED.,.F.,.F.,(8,6,6,6,6,6,6,6,8),(0.,
    7.919324672655E-02,0.190933533604,0.241725146065,0.489754248504,
    0.757808268321,0.809005510018,0.870992536968,1.),.UNSPECIFIED.);
#2526 = CARTESIAN_POINT('',(460.25,-4.898587196589E-16,121.));
#2527 = CARTESIAN_POINT('',(460.25,0.173625812272,121.));
#2528 = CARTESIAN_POINT('',(460.24656876023,0.346995080939,
    121.00879257949));
#2529 = CARTESIAN_POINT('',(460.23972451364,0.519124274259,
    121.02633086916));
#2530 = CARTESIAN_POINT('',(460.22959489829,0.689037213412,
    121.05239134123));
#2531 = CARTESIAN_POINT('',(460.21641470297,0.855781067952,
    121.08657538328));
#2532 = CARTESIAN_POINT('',(460.20051385422,1.018442120536,
    121.12830718539));
#2533 = CARTESIAN_POINT('',(460.15659006928,1.39870030762,
    121.24528987858));
#2534 = CARTESIAN_POINT('',(460.12627904254,1.611330306788,
    121.32724600394));
#2535 = CARTESIAN_POINT('',(460.09228234364,1.813541226803,
    121.42113264436));
#2536 = CARTESIAN_POINT('',(460.05552214718,2.004975514064,
    121.52548808586));
#2537 = CARTESIAN_POINT('',(460.01688488899,2.185407772362,
    121.63893289043));
#2538 = CARTESIAN_POINT('',(459.97719327674,2.354727333133,
    121.76015395655));
#2539 = CARTESIAN_POINT('',(459.91900422558,2.584832033006,
    121.94595587178));
#2540 = CARTESIAN_POINT('',(459.90073694435,2.654514732888,
    122.00542466299));
#2541 = CARTESIAN_POINT('',(459.88244768224,2.721995004653,
    122.06621149396));
#2542 = CARTESIAN_POINT('',(459.86419392333,2.787296596116,
    122.12823593785));
#2543 = CARTESIAN_POINT('',(459.846029555,2.850443854513,122.1914243436)
  );
#2544 = CARTESIAN_POINT('',(459.8280048679,2.911461726496,
    122.25570983593));
#2545 = CARTESIAN_POINT('',(459.72305728161,3.258068817665,
    122.64001954862));
#2546 = CARTESIAN_POINT('',(459.64015724959,3.496371784246,
    122.98459951542));
#2547 = CARTESIAN_POINT('',(459.5671763778,3.687034404054,123.3472466392
    ));
#2548 = CARTESIAN_POINT('',(459.50826924834,3.831727143418,
    123.72260751538));
#2549 = CARTESIAN_POINT('',(459.46622849661,3.931658360329,
    124.10659584761));
#2550 = CARTESIAN_POINT('',(459.44265242211,3.987349917493,
    124.49579697532));
#2551 = CARTESIAN_POINT('',(459.4329080011,4.010350980198,
    125.30983525771));
#2552 = CARTESIAN_POINT('',(459.44994686237,3.970083100233,
    125.73226306569));
#2553 = CARTESIAN_POINT('',(459.48911187329,3.878309037053,
    126.15013276317));
#2554 = CARTESIAN_POINT('',(459.54880226287,3.734512337071,
    126.55923568351));
#2555 = CARTESIAN_POINT('',(459.62574233559,3.537334375929,
    126.95445912714));
#2556 = CARTESIAN_POINT('',(459.71482395633,3.284760231804,
    127.32924945134));
#2557 = CARTESIAN_POINT('',(459.82680257515,2.915523936643,
    127.73999364703));
#2558 = CARTESIAN_POINT('',(459.8449518405,2.854177218783,
    127.80481419219));
#2559 = CARTESIAN_POINT('',(459.86324516999,2.790670773274,
    127.8685245232));
#2560 = CARTESIAN_POINT('',(459.88163128285,2.724979069162,
    127.93105652803));
#2561 = CARTESIAN_POINT('',(459.90005518759,2.657077226293,
    127.99233508879));
#2562 = CARTESIAN_POINT('',(459.91845818198,2.586941015307,
    128.05227808174));
#2563 = CARTESIAN_POINT('',(459.95895838281,2.42689567853,
    128.18164736531));
#2564 = CARTESIAN_POINT('',(459.98102094196,2.33591786279,
    128.25042349984));
#2565 = CARTESIAN_POINT('',(460.00284974966,2.241588408586,
    128.3169494716));
#2566 = CARTESIAN_POINT('',(460.02432033206,2.143889672333,
    128.38103659684));
#2567 = CARTESIAN_POINT('',(460.0453002214,2.042811610046,128.4424825847
    ));
#2568 = CARTESIAN_POINT('',(460.06564965505,1.938352018683,
    128.50107130454));
#2569 = CARTESIAN_POINT('',(460.12595683002,1.606089964724,
    128.67208180838));
#2570 = CARTESIAN_POINT('',(460.1636996313,1.36498640586,128.77527591814
    ));
#2571 = CARTESIAN_POINT('',(460.19654455476,1.109405774208,
    128.86228056673));
#2572 = CARTESIAN_POINT('',(460.2227151889,0.84200874976,128.93008387999
    ));
#2573 = CARTESIAN_POINT('',(460.24081851984,0.565801970259,
    128.9764719114));
#2574 = CARTESIAN_POINT('',(460.25,0.284019383373,129.));
#2575 = CARTESIAN_POINT('',(460.25,7.347880794884E-16,129.));
#2576 = PCURVE('',#2451,#2577);
#2577 = DEFINITIONAL_REPRESENTATION('',(#2578),#2613);
#2578 = B_SPLINE_CURVE_WITH_KNOTS('',9,(#2579,#2580,#2581,#2582,#2583,
    #2584,#2585,#2586,#2587,#2588,#2589,#2590,#2591,#2592,#2593,#2594,
    #2595,#2596,#2597,#2598,#2599,#2600,#2601,#2602,#2603,#2604,#2605,
    #2606,#2607,#2608,#2609,#2610,#2611,#2612),.UNSPECIFIED.,.F.,.F.,(10
    ,8,8,8,10),(0.,4.14030149957E-02,7.245527624247E-02,0.119033668113,
    0.165612059983),.UNSPECIFIED.);
#2579 = CARTESIAN_POINT('',(6.28318530718,0.25));
#2580 = CARTESIAN_POINT('',(6.300835670494,0.25));
#2581 = CARTESIAN_POINT('',(6.318475807934,0.249452922611));
#2582 = CARTESIAN_POINT('',(6.336099032481,0.248359829573));
#2583 = CARTESIAN_POINT('',(6.353698658621,0.246724088706));
#2584 = CARTESIAN_POINT('',(6.371267965594,0.244551326018));
#2585 = CARTESIAN_POINT('',(6.38880016064,0.241849377821));
#2586 = CARTESIAN_POINT('',(6.406288342256,0.238628242839));
#2587 = CARTESIAN_POINT('',(6.423725463441,0.234900034324));
#2588 = CARTESIAN_POINT('',(6.45413841858,0.227513105545));
#2589 = CARTESIAN_POINT('',(6.467139754257,0.224070022988));
#2590 = CARTESIAN_POINT('',(6.480105251703,0.220355652313));
#2591 = CARTESIAN_POINT('',(6.493031803044,0.216376610302));
#2592 = CARTESIAN_POINT('',(6.505916233577,0.212140137543));
#2593 = CARTESIAN_POINT('',(6.518755292534,0.207654073279));
#2594 = CARTESIAN_POINT('',(6.53154564386,0.202926830243));
#2595 = CARTESIAN_POINT('',(6.544283856973,0.197967369509));
#2596 = CARTESIAN_POINT('',(6.575990208386,0.18501188406));
#2597 = CARTESIAN_POINT('',(6.594889539288,0.176737156816));
#2598 = CARTESIAN_POINT('',(6.613649206635,0.167993746381));
#2599 = CARTESIAN_POINT('',(6.632244879763,0.158824444508));
#2600 = CARTESIAN_POINT('',(6.650750015707,0.149223141074));
#2601 = CARTESIAN_POINT('',(6.669084855973,0.139255124591));
#2602 = CARTESIAN_POINT('',(6.687308921841,0.1289220174));
#2603 = CARTESIAN_POINT('',(6.705398720384,0.118262444415));
#2604 = CARTESIAN_POINT('',(6.741326077136,9.633871469883E-02));
#2605 = CARTESIAN_POINT('',(6.759162900076,8.507488034986E-02));
#2606 = CARTESIAN_POINT('',(6.776874544464,7.353612220486E-02));
#2607 = CARTESIAN_POINT('',(6.794462541399,6.174918688413E-02));
#2608 = CARTESIAN_POINT('',(6.811928280377,4.974046598783E-02));
#2609 = CARTESIAN_POINT('',(6.829273013473,3.753594015044E-02));
#2610 = CARTESIAN_POINT('',(6.846497859526,2.516112309519E-02));
#2611 = CARTESIAN_POINT('',(6.863603808324,1.264100568851E-02));
#2612 = CARTESIAN_POINT('',(6.880591724784,-5.570655048359E-12));
#2613 = ( GEOMETRIC_REPRESENTATION_CONTEXT(2) 
PARAMETRIC_REPRESENTATION_CONTEXT() REPRESENTATION_CONTEXT('2D SPACE',''
  ) );
#2614 = PCURVE('',#2615,#2620);
#2615 = CYLINDRICAL_SURFACE('',#2616,10.25);
#2616 = AXIS2_PLACEMENT_3D('',#2617,#2618,#2619);
#2617 = CARTESIAN_POINT('',(450.,0.,50.));
#2618 = DIRECTION('',(0.,0.,1.));
#2619 = DIRECTION('',(1.,0.,-0.));
#2620 = DEFINITIONAL_REPRESENTATION('',(#2621),#2672);
#2621 = B_SPLINE_CURVE_WITH_KNOTS('',7,(#2622,#2623,#2624,#2625,#2626,
    #2627,#2628,#2629,#2630,#2631,#2632,#2633,#2634,#2635,#2636,#2637,
    #2638,#2639,#2640,#2641,#2642,#2643,#2644,#2645,#2646,#2647,#2648,
    #2649,#2650,#2651,#2652,#2653,#2654,#2655,#2656,#2657,#2658,#2659,
    #2660,#2661,#2662,#2663,#2664,#2665,#2666,#2667,#2668,#2669,#2670,
    #2671),.UNSPECIFIED.,.F.,.F.,(8,6,6,6,6,6,6,6,8),(0.,
    7.919324672655E-02,0.190933533604,0.241725146065,0.489754248504,
    0.757808268321,0.809005510018,0.870992536968,1.),.UNSPECIFIED.);
#2622 = CARTESIAN_POINT('',(0.,71.));
#2623 = CARTESIAN_POINT('',(1.693910363634E-02,71.));
#2624 = CARTESIAN_POINT('',(3.385318126193E-02,71.008792579497));
#2625 = CARTESIAN_POINT('',(5.065420252572E-02,71.026330869163));
#2626 = CARTESIAN_POINT('',(6.725479893828E-02,71.052391341235));
#2627 = CARTESIAN_POINT('',(8.356865082093E-02,71.086575383281));
#2628 = CARTESIAN_POINT('',(9.951121033961E-02,71.128307185392));
#2629 = CARTESIAN_POINT('',(0.136856245325,71.245289878581));
#2630 = CARTESIAN_POINT('',(0.157802935872,71.327246003944));
#2631 = CARTESIAN_POINT('',(0.17779817831,71.421132644361));
#2632 = CARTESIAN_POINT('',(0.196807604133,71.525488085864));
#2633 = CARTESIAN_POINT('',(0.214804280164,71.638932890433));
#2634 = CARTESIAN_POINT('',(0.231768486509,71.760153956552));
#2635 = CARTESIAN_POINT('',(0.254924402405,71.945955871788));
#2636 = CARTESIAN_POINT('',(0.261952177567,72.005424662995));
#2637 = CARTESIAN_POINT('',(0.268772767258,72.066211493963));
#2638 = CARTESIAN_POINT('',(0.275387508985,72.128235937854));
#2639 = CARTESIAN_POINT('',(0.28179775855,72.191424343606));
#2640 = CARTESIAN_POINT('',(0.288004890057,72.255709835934));
#2641 = CARTESIAN_POINT('',(0.323336307642,72.640019548626));
#2642 = CARTESIAN_POINT('',(0.347931538547,72.984599515421));
#2643 = CARTESIAN_POINT('',(0.367839101789,73.3472466392));
#2644 = CARTESIAN_POINT('',(0.383079013695,73.72260751538));
#2645 = CARTESIAN_POINT('',(0.393656018293,74.106595847615));
#2646 = CARTESIAN_POINT('',(0.399556138801,74.49579697532));
#2647 = CARTESIAN_POINT('',(0.401993216319,75.309835257716));
#2648 = CARTESIAN_POINT('',(0.397727425888,75.732263065693));
#2649 = CARTESIAN_POINT('',(0.387992633134,76.150132763174));
#2650 = CARTESIAN_POINT('',(0.372803420211,76.559235683513));
#2651 = CARTESIAN_POINT('',(0.352164474258,76.954459127141));
#2652 = CARTESIAN_POINT('',(0.326061386694,77.329249451342));
#2653 = CARTESIAN_POINT('',(0.28841818841,77.739993647036));
#2654 = CARTESIAN_POINT('',(0.282176846816,77.804814192195));
#2655 = CARTESIAN_POINT('',(0.275729446313,77.868524523203));
#2656 = CARTESIAN_POINT('',(0.269074580247,77.931056528034));
#2657 = CARTESIAN_POINT('',(0.26221086462,77.992335088799));
#2658 = CARTESIAN_POINT('',(0.255136938093,78.052278081744));
#2659 = CARTESIAN_POINT('',(0.23903057654,78.181647365319));
#2660 = CARTESIAN_POINT('',(0.229897882343,78.250423499847));
#2661 = CARTESIAN_POINT('',(0.220452664775,78.316949471601));
#2662 = CARTESIAN_POINT('',(0.210694756765,78.381036596843));
#2663 = CARTESIAN_POINT('',(0.200624479138,78.442482584703));
#2664 = CARTESIAN_POINT('',(0.190242580968,78.501071304548));
#2665 = CARTESIAN_POINT('',(0.157297144078,78.672081808389));
#2666 = CARTESIAN_POINT('',(0.133495359565,78.77527591814));
#2667 = CARTESIAN_POINT('',(0.108371351796,78.862280566735));
#2668 = CARTESIAN_POINT('',(8.218185379642E-02,78.930083879993));
#2669 = CARTESIAN_POINT('',(5.52002261512E-02,78.976471911409));
#2670 = CARTESIAN_POINT('',(2.770920813393E-02,79.));
#2671 = CARTESIAN_POINT('',(0.,79.));
#2672 = ( GEOMETRIC_REPRESENTATION_CONTEXT(2) 
PARAMETRIC_REPRESENTATION_CONTEXT() REPRESENTATION_CONTEXT('2D SPACE',''
  ) );
#2673 = ORIENTED_EDGE('',*,*,#2674,.F.);
#2674 = EDGE_CURVE('',#2675,#2522,#2677,.T.);
#2675 = VERTEX_POINT('',#2676);
#2676 = CARTESIAN_POINT('',(460.,-2.250000005722,121.69281086921));
#2677 = SURFACE_CURVE('',#2678,(#2729,#2759),.PCURVE_S1.);
#2678 = B_SPLINE_CURVE_WITH_KNOTS('',7,(#2679,#2680,#2681,#2682,#2683,
    #2684,#2685,#2686,#2687,#2688,#2689,#2690,#2691,#2692,#2693,#2694,
    #2695,#2696,#2697,#2698,#2699,#2700,#2701,#2702,#2703,#2704,#2705,
    #2706,#2707,#2708,#2709,#2710,#2711,#2712,#2713,#2714,#2715,#2716,
    #2717,#2718,#2719,#2720,#2721,#2722,#2723,#2724,#2725,#2726,#2727,
    #2728),.UNSPECIFIED.,.F.,.F.,(8,6,6,6,6,6,6,6,8),(0.,
    7.919324680897E-02,0.190933533859,0.241725146425,0.489754249373,
    0.757808267789,0.809005509637,0.870992536764,1.),.UNSPECIFIED.);
#2679 = CARTESIAN_POINT('',(460.25,-8.881784197001E-16,129.));
#2680 = CARTESIAN_POINT('',(460.25,-0.173625812273,129.));
#2681 = CARTESIAN_POINT('',(460.24656876023,-0.346995080939,
    128.9912074205));
#2682 = CARTESIAN_POINT('',(460.23972451364,-0.519124274259,
    128.97366913083));
#2683 = CARTESIAN_POINT('',(460.22959489829,-0.689037213412,
    128.94760865876));
#2684 = CARTESIAN_POINT('',(460.21641470297,-0.855781067952,
    128.91342461671));
#2685 = CARTESIAN_POINT('',(460.20051385422,-1.018442120536,
    128.8716928146));
#2686 = CARTESIAN_POINT('',(460.15659006927,-1.398700307733,
    128.75471012138));
#2687 = CARTESIAN_POINT('',(460.12627904253,-1.611330306808,
    128.67275399603));
#2688 = CARTESIAN_POINT('',(460.09228234366,-1.813541226728,
    128.57886735566));
#2689 = CARTESIAN_POINT('',(460.0555221472,-2.004975513987,
    128.47451191418));
#2690 = CARTESIAN_POINT('',(460.016884889,-2.185407772367,
    128.36106710957));
#2691 = CARTESIAN_POINT('',(459.97719327672,-2.354727333213,
    128.23984604338));
#2692 = CARTESIAN_POINT('',(459.91900422558,-2.584832033006,
    128.05404412821));
#2693 = CARTESIAN_POINT('',(459.90073694435,-2.654514732888,
    127.994575337));
#2694 = CARTESIAN_POINT('',(459.88244768224,-2.721995004653,
    127.93378850603));
#2695 = CARTESIAN_POINT('',(459.86419392333,-2.787296596116,
    127.87176406214));
#2696 = CARTESIAN_POINT('',(459.846029555,-2.850443854513,
    127.80857565639));
#2697 = CARTESIAN_POINT('',(459.8280048679,-2.911461726496,
    127.74429016406));
#2698 = CARTESIAN_POINT('',(459.72305728161,-3.258068817666,
    127.35998045137));
#2699 = CARTESIAN_POINT('',(459.6401572496,-3.496371784245,
    127.01540048458));
#2700 = CARTESIAN_POINT('',(459.5671763778,-3.687034404055,
    126.6527533608));
#2701 = CARTESIAN_POINT('',(459.50826924834,-3.831727143417,
    126.27739248462));
#2702 = CARTESIAN_POINT('',(459.46622849661,-3.931658360329,
    125.89340415238));
#2703 = CARTESIAN_POINT('',(459.44265242211,-3.987349917493,
    125.50420302468));
#2704 = CARTESIAN_POINT('',(459.43290800114,-4.010350980111,
    124.69016474536));
#2705 = CARTESIAN_POINT('',(459.44994686297,-3.970083098353,
    124.26773692232));
#2706 = CARTESIAN_POINT('',(459.48911187113,-3.878309043755,
    123.84986725829));
#2707 = CARTESIAN_POINT('',(459.54880226601,-3.734512327168,
    123.44076429528));
#2708 = CARTESIAN_POINT('',(459.62574233328,-3.537334383368,
    123.04554088436));
#2709 = CARTESIAN_POINT('',(459.7148239571,-3.284760229271,
    122.67075054584));
#2710 = CARTESIAN_POINT('',(459.82680257515,-2.915523936643,
    122.26000635296));
#2711 = CARTESIAN_POINT('',(459.8449518405,-2.854177218783,
    122.1951858078));
#2712 = CARTESIAN_POINT('',(459.86324516999,-2.790670773274,
    122.13147547679));
#2713 = CARTESIAN_POINT('',(459.88163128285,-2.724979069162,
    122.06894347196));
#2714 = CARTESIAN_POINT('',(459.90005518759,-2.657077226292,
    122.0076649112));
#2715 = CARTESIAN_POINT('',(459.91845818198,-2.586941015307,
    121.94772191825));
#2716 = CARTESIAN_POINT('',(459.95895838281,-2.426895678538,
    121.81835263468));
#2717 = CARTESIAN_POINT('',(459.98102094196,-2.335917862791,
    121.74957650015));
#2718 = CARTESIAN_POINT('',(460.00284974966,-2.241588408578,
    121.68305052839));
#2719 = CARTESIAN_POINT('',(460.02432033206,-2.143889672324,
    121.61896340315));
#2720 = CARTESIAN_POINT('',(460.0453002214,-2.042811610046,
    121.55751741529));
#2721 = CARTESIAN_POINT('',(460.06564965505,-1.938352018694,
    121.49892869545));
#2722 = CARTESIAN_POINT('',(460.12595682997,-1.606089964985,
    121.32791819174));
#2723 = CARTESIAN_POINT('',(460.16369963131,-1.364986405879,
    121.22472408182));
#2724 = CARTESIAN_POINT('',(460.19654455479,-1.109405773974,
    121.13771943316));
#2725 = CARTESIAN_POINT('',(460.2227151889,-0.842008749532,
    121.06991611999));
#2726 = CARTESIAN_POINT('',(460.24081851982,-0.565801970301,
    121.02352808864));
#2727 = CARTESIAN_POINT('',(460.25,-0.284019383676,121.));
#2728 = CARTESIAN_POINT('',(460.25,-1.7763568394E-15,121.));
#2729 = PCURVE('',#2451,#2730);
#2730 = DEFINITIONAL_REPRESENTATION('',(#2731),#2758);
#2731 = B_SPLINE_CURVE_WITH_KNOTS('',9,(#2732,#2733,#2734,#2735,#2736,
    #2737,#2738,#2739,#2740,#2741,#2742,#2743,#2744,#2745,#2746,#2747,
    #2748,#2749,#2750,#2751,#2752,#2753,#2754,#2755,#2756,#2757),
  .UNSPECIFIED.,.F.,.F.,(10,8,8,10),(0.834530218729,0.855213941388,
    0.873312198715,1.),.UNSPECIFIED.);
#2732 = CARTESIAN_POINT('',(5.685778888219,1.796252036002E-11));
#2733 = CARTESIAN_POINT('',(5.693306352089,5.601318670483E-03));
#2734 = CARTESIAN_POINT('',(5.700856541282,1.117856718155E-02));
#2735 = CARTESIAN_POINT('',(5.70842968308,1.672974261994E-02));
#2736 = CARTESIAN_POINT('',(5.716026007561,2.22528150932E-02));
#2737 = CARTESIAN_POINT('',(5.723645748009,2.77457282296E-02));
#2738 = CARTESIAN_POINT('',(5.731289141338,3.320639966016E-02));
#2739 = CARTESIAN_POINT('',(5.738956428505,3.863272150057E-02));
#2740 = CARTESIAN_POINT('',(5.746647854928,4.402256083317E-02));
#2741 = CARTESIAN_POINT('',(5.761115009883,5.405605962522E-02));
#2742 = CARTESIAN_POINT('',(5.767885826985,5.870929058258E-02));
#2743 = CARTESIAN_POINT('',(5.774669037317,6.332736244315E-02));
#2744 = CARTESIAN_POINT('',(5.781494180497,6.792763954695E-02));
#2745 = CARTESIAN_POINT('',(5.788291444216,7.246374889155E-02));
#2746 = CARTESIAN_POINT('',(5.795168484983,7.700324720145E-02));
#2747 = CARTESIAN_POINT('',(5.802017321213,8.147499957772E-02));
#2748 = CARTESIAN_POINT('',(5.808904179936,8.592020956377E-02));
#2749 = CARTESIAN_POINT('',(5.864200503077,0.121187844781));
#2750 = CARTESIAN_POINT('',(5.913851369951,0.150267873243));
#2751 = CARTESIAN_POINT('',(5.96456667361,0.176820482077));
#2752 = CARTESIAN_POINT('',(6.016177213772,0.20013442318));
#2753 = CARTESIAN_POINT('',(6.06853939847,0.219573541753));
#2754 = CARTESIAN_POINT('',(6.121528705811,0.234607480047));
#2755 = CARTESIAN_POINT('',(6.175033946246,0.244835010752));
#2756 = CARTESIAN_POINT('',(6.228952325363,0.25));
#2757 = CARTESIAN_POINT('',(6.28318530718,0.25));
#2758 = ( GEOMETRIC_REPRESENTATION_CONTEXT(2) 
PARAMETRIC_REPRESENTATION_CONTEXT() REPRESENTATION_CONTEXT('2D SPACE',''
  ) );
#2759 = PCURVE('',#2615,#2760);
#2760 = DEFINITIONAL_REPRESENTATION('',(#2761),#2812);
#2761 = B_SPLINE_CURVE_WITH_KNOTS('',7,(#2762,#2763,#2764,#2765,#2766,
    #2767,#2768,#2769,#2770,#2771,#2772,#2773,#2774,#2775,#2776,#2777,
    #2778,#2779,#2780,#2781,#2782,#2783,#2784,#2785,#2786,#2787,#2788,
    #2789,#2790,#2791,#2792,#2793,#2794,#2795,#2796,#2797,#2798,#2799,
    #2800,#2801,#2802,#2803,#2804,#2805,#2806,#2807,#2808,#2809,#2810,
    #2811),.UNSPECIFIED.,.F.,.F.,(8,6,6,6,6,6,6,6,8),(0.,
    7.919324680897E-02,0.190933533859,0.241725146425,0.489754249373,
    0.757808267789,0.809005509637,0.870992536764,1.),.UNSPECIFIED.);
#2762 = CARTESIAN_POINT('',(6.28318530718,79.));
#2763 = CARTESIAN_POINT('',(6.266246203543,79.));
#2764 = CARTESIAN_POINT('',(6.249332125918,78.991207420503));
#2765 = CARTESIAN_POINT('',(6.232531104654,78.973669130837));
#2766 = CARTESIAN_POINT('',(6.215930508241,78.947608658765));
#2767 = CARTESIAN_POINT('',(6.199616656359,78.913424616719));
#2768 = CARTESIAN_POINT('',(6.18367409684,78.871692814608));
#2769 = CARTESIAN_POINT('',(6.146329061843,78.754710121384));
#2770 = CARTESIAN_POINT('',(6.125382371306,78.672753996033));
#2771 = CARTESIAN_POINT('',(6.105387128876,78.578867355666));
#2772 = CARTESIAN_POINT('',(6.086377703054,78.474511914189));
#2773 = CARTESIAN_POINT('',(6.068381027016,78.361067109579));
#2774 = CARTESIAN_POINT('',(6.051416820662,78.239846043384));
#2775 = CARTESIAN_POINT('',(6.028260904775,78.054044128212));
#2776 = CARTESIAN_POINT('',(6.021233129613,77.994575337006));
#2777 = CARTESIAN_POINT('',(6.014412539921,77.933788506037));
#2778 = CARTESIAN_POINT('',(6.007797798195,77.871764062146));
#2779 = CARTESIAN_POINT('',(6.00138754863,77.808575656394));
#2780 = CARTESIAN_POINT('',(5.995180417123,77.744290164066));
#2781 = CARTESIAN_POINT('',(5.959848999537,77.359980451373));
#2782 = CARTESIAN_POINT('',(5.935253768633,77.01540048458));
#2783 = CARTESIAN_POINT('',(5.915346205391,76.6527533608));
#2784 = CARTESIAN_POINT('',(5.900106293484,76.277392484621));
#2785 = CARTESIAN_POINT('',(5.889529288887,75.893404152384));
#2786 = CARTESIAN_POINT('',(5.883629168379,75.504203024681));
#2787 = CARTESIAN_POINT('',(5.88119209087,74.690164745361));
#2788 = CARTESIAN_POINT('',(5.885457881484,74.267736922323));
#2789 = CARTESIAN_POINT('',(5.895192673359,73.849867258292));
#2790 = CARTESIAN_POINT('',(5.910381887983,73.440764295281));
#2791 = CARTESIAN_POINT('',(5.931020832161,73.04554088436));
#2792 = CARTESIAN_POINT('',(5.957123920744,72.67075054584));
#2793 = CARTESIAN_POINT('',(5.99476711877,72.260006352964));
#2794 = CARTESIAN_POINT('',(6.001008460364,72.195185807805));
#2795 = CARTESIAN_POINT('',(6.007455860867,72.131475476797));
#2796 = CARTESIAN_POINT('',(6.014110726933,72.068943471966));
#2797 = CARTESIAN_POINT('',(6.020974442559,72.0076649112));
#2798 = CARTESIAN_POINT('',(6.028048369086,71.947721918256));
#2799 = CARTESIAN_POINT('',(6.044154730639,71.818352634687));
#2800 = CARTESIAN_POINT('',(6.053287424836,71.749576500153));
#2801 = CARTESIAN_POINT('',(6.062732642405,71.683050528393));
#2802 = CARTESIAN_POINT('',(6.072490550415,71.618963403152));
#2803 = CARTESIAN_POINT('',(6.082560828041,71.557517415299));
#2804 = CARTESIAN_POINT('',(6.092942726211,71.498928695457));
#2805 = CARTESIAN_POINT('',(6.125888163075,71.327918191746));
#2806 = CARTESIAN_POINT('',(6.149689947613,71.224724081822));
#2807 = CARTESIAN_POINT('',(6.174813955406,71.137719433169));
#2808 = CARTESIAN_POINT('',(6.201003453405,71.069916119991));
#2809 = CARTESIAN_POINT('',(6.227985081024,71.023528088641));
#2810 = CARTESIAN_POINT('',(6.255476099016,71.));
#2811 = CARTESIAN_POINT('',(6.28318530718,71.));
#2812 = ( GEOMETRIC_REPRESENTATION_CONTEXT(2) 
PARAMETRIC_REPRESENTATION_CONTEXT() REPRESENTATION_CONTEXT('2D SPACE',''
  ) );
#2813 = ORIENTED_EDGE('',*,*,#2814,.T.);
#2814 = EDGE_CURVE('',#2675,#2400,#2815,.T.);
#2815 = SURFACE_CURVE('',#2816,(#2821,#2827),.PCURVE_S1.);
#2816 = CIRCLE('',#2817,4.);
#2817 = AXIS2_PLACEMENT_3D('',#2818,#2819,#2820);
#2818 = CARTESIAN_POINT('',(460.,0.,125.));
#2819 = DIRECTION('',(1.,-0.,2.22044604925E-16));
#2820 = DIRECTION('',(2.22044604925E-16,0.,-1.));
#2821 = PCURVE('',#2451,#2822);
#2822 = DEFINITIONAL_REPRESENTATION('',(#2823),#2826);
#2823 = B_SPLINE_CURVE_WITH_KNOTS('',1,(#2824,#2825),.UNSPECIFIED.,.F.,
  .F.,(2,2),(5.685778888219,6.28318530718),.PIECEWISE_BEZIER_KNOTS.);
#2824 = CARTESIAN_POINT('',(5.685778888219,0.));
#2825 = CARTESIAN_POINT('',(6.28318530718,0.));
#2826 = ( GEOMETRIC_REPRESENTATION_CONTEXT(2) 
PARAMETRIC_REPRESENTATION_CONTEXT() REPRESENTATION_CONTEXT('2D SPACE',''
  ) );
#2827 = PCURVE('',#2422,#2828);
#2828 = DEFINITIONAL_REPRESENTATION('',(#2829),#2833);
#2829 = CIRCLE('',#2830,4.);
#2830 = AXIS2_PLACEMENT_2D('',#2831,#2832);
#2831 = CARTESIAN_POINT('',(0.,0.));
#2832 = DIRECTION('',(1.,0.));
#2833 = ( GEOMETRIC_REPRESENTATION_CONTEXT(2) 
PARAMETRIC_REPRESENTATION_CONTEXT() REPRESENTATION_CONTEXT('2D SPACE',''
  ) );
#2834 = ORIENTED_EDGE('',*,*,#2434,.T.);
#2835 = ADVANCED_FACE('',(#2836,#3559),#2615,.F.);
#2836 = FACE_BOUND('',#2837,.F.);
#2837 = EDGE_LOOP('',(#2838,#2863,#3001,#3163,#3164,#3187,#3214,#3215,
    #3216,#3385,#3531,#3532));
#2838 = ORIENTED_EDGE('',*,*,#2839,.F.);
#2839 = EDGE_CURVE('',#2840,#2842,#2844,.T.);
#2840 = VERTEX_POINT('',#2841);
#2841 = CARTESIAN_POINT('',(460.25,-2.510525938252E-15,129.));
#2842 = VERTEX_POINT('',#2843);
#2843 = CARTESIAN_POINT('',(460.25,-2.510525938252E-15,140.));
#2844 = SEAM_CURVE('',#2845,(#2849,#2856),.PCURVE_S1.);
#2845 = LINE('',#2846,#2847);
#2846 = CARTESIAN_POINT('',(460.25,-2.510525938252E-15,50.));
#2847 = VECTOR('',#2848,1.);
#2848 = DIRECTION('',(0.,0.,1.));
#2849 = PCURVE('',#2615,#2850);
#2850 = DEFINITIONAL_REPRESENTATION('',(#2851),#2855);
#2851 = LINE('',#2852,#2853);
#2852 = CARTESIAN_POINT('',(0.,-0.));
#2853 = VECTOR('',#2854,1.);
#2854 = DIRECTION('',(0.,1.));
#2855 = ( GEOMETRIC_REPRESENTATION_CONTEXT(2) 
PARAMETRIC_REPRESENTATION_CONTEXT() REPRESENTATION_CONTEXT('2D SPACE',''
  ) );
#2856 = PCURVE('',#2615,#2857);
#2857 = DEFINITIONAL_REPRESENTATION('',(#2858),#2862);
#2858 = LINE('',#2859,#2860);
#2859 = CARTESIAN_POINT('',(6.28318530718,-0.));
#2860 = VECTOR('',#2861,1.);
#2861 = DIRECTION('',(0.,1.));
#2862 = ( GEOMETRIC_REPRESENTATION_CONTEXT(2) 
PARAMETRIC_REPRESENTATION_CONTEXT() REPRESENTATION_CONTEXT('2D SPACE',''
  ) );
#2863 = ORIENTED_EDGE('',*,*,#2864,.F.);
#2864 = EDGE_CURVE('',#2463,#2840,#2865,.T.);
#2865 = SURFACE_CURVE('',#2866,(#2917,#2971),.PCURVE_S1.);
#2866 = B_SPLINE_CURVE_WITH_KNOTS('',7,(#2867,#2868,#2869,#2870,#2871,
    #2872,#2873,#2874,#2875,#2876,#2877,#2878,#2879,#2880,#2881,#2882,
    #2883,#2884,#2885,#2886,#2887,#2888,#2889,#2890,#2891,#2892,#2893,
    #2894,#2895,#2896,#2897,#2898,#2899,#2900,#2901,#2902,#2903,#2904,
    #2905,#2906,#2907,#2908,#2909,#2910,#2911,#2912,#2913,#2914,#2915,
    #2916),.UNSPECIFIED.,.F.,.F.,(8,6,6,6,6,6,6,6,8),(0.,
    7.919324672655E-02,0.190933533604,0.241725146065,0.489754248504,
    0.757808268321,0.809005510018,0.870992536968,1.),.UNSPECIFIED.);
#2867 = CARTESIAN_POINT('',(460.25,-4.898587196589E-16,121.));
#2868 = CARTESIAN_POINT('',(460.25,0.173625812272,121.));
#2869 = CARTESIAN_POINT('',(460.24656876023,0.346995080939,
    121.00879257949));
#2870 = CARTESIAN_POINT('',(460.23972451364,0.519124274259,
    121.02633086916));
#2871 = CARTESIAN_POINT('',(460.22959489829,0.689037213412,
    121.05239134123));
#2872 = CARTESIAN_POINT('',(460.21641470297,0.855781067952,
    121.08657538328));
#2873 = CARTESIAN_POINT('',(460.20051385422,1.018442120536,
    121.12830718539));
#2874 = CARTESIAN_POINT('',(460.15659006928,1.39870030762,
    121.24528987858));
#2875 = CARTESIAN_POINT('',(460.12627904254,1.611330306788,
    121.32724600394));
#2876 = CARTESIAN_POINT('',(460.09228234364,1.813541226803,
    121.42113264436));
#2877 = CARTESIAN_POINT('',(460.05552214718,2.004975514064,
    121.52548808586));
#2878 = CARTESIAN_POINT('',(460.01688488899,2.185407772362,
    121.63893289043));
#2879 = CARTESIAN_POINT('',(459.97719327674,2.354727333133,
    121.76015395655));
#2880 = CARTESIAN_POINT('',(459.91900422558,2.584832033006,
    121.94595587178));
#2881 = CARTESIAN_POINT('',(459.90073694435,2.654514732888,
    122.00542466299));
#2882 = CARTESIAN_POINT('',(459.88244768224,2.721995004653,
    122.06621149396));
#2883 = CARTESIAN_POINT('',(459.86419392333,2.787296596116,
    122.12823593785));
#2884 = CARTESIAN_POINT('',(459.846029555,2.850443854513,122.1914243436)
  );
#2885 = CARTESIAN_POINT('',(459.8280048679,2.911461726496,
    122.25570983593));
#2886 = CARTESIAN_POINT('',(459.72305728161,3.258068817665,
    122.64001954862));
#2887 = CARTESIAN_POINT('',(459.64015724959,3.496371784246,
    122.98459951542));
#2888 = CARTESIAN_POINT('',(459.5671763778,3.687034404054,123.3472466392
    ));
#2889 = CARTESIAN_POINT('',(459.50826924834,3.831727143418,
    123.72260751538));
#2890 = CARTESIAN_POINT('',(459.46622849661,3.931658360329,
    124.10659584761));
#2891 = CARTESIAN_POINT('',(459.44265242211,3.987349917493,
    124.49579697532));
#2892 = CARTESIAN_POINT('',(459.4329080011,4.010350980198,
    125.30983525771));
#2893 = CARTESIAN_POINT('',(459.44994686237,3.970083100233,
    125.73226306569));
#2894 = CARTESIAN_POINT('',(459.48911187329,3.878309037053,
    126.15013276317));
#2895 = CARTESIAN_POINT('',(459.54880226287,3.734512337071,
    126.55923568351));
#2896 = CARTESIAN_POINT('',(459.62574233559,3.537334375929,
    126.95445912714));
#2897 = CARTESIAN_POINT('',(459.71482395633,3.284760231804,
    127.32924945134));
#2898 = CARTESIAN_POINT('',(459.82680257515,2.915523936643,
    127.73999364703));
#2899 = CARTESIAN_POINT('',(459.8449518405,2.854177218783,
    127.80481419219));
#2900 = CARTESIAN_POINT('',(459.86324516999,2.790670773274,
    127.8685245232));
#2901 = CARTESIAN_POINT('',(459.88163128285,2.724979069162,
    127.93105652803));
#2902 = CARTESIAN_POINT('',(459.90005518759,2.657077226293,
    127.99233508879));
#2903 = CARTESIAN_POINT('',(459.91845818198,2.586941015307,
    128.05227808174));
#2904 = CARTESIAN_POINT('',(459.95895838281,2.42689567853,
    128.18164736531));
#2905 = CARTESIAN_POINT('',(459.98102094196,2.33591786279,
    128.25042349984));
#2906 = CARTESIAN_POINT('',(460.00284974966,2.241588408586,
    128.3169494716));
#2907 = CARTESIAN_POINT('',(460.02432033206,2.143889672333,
    128.38103659684));
#2908 = CARTESIAN_POINT('',(460.0453002214,2.042811610046,128.4424825847
    ));
#2909 = CARTESIAN_POINT('',(460.06564965505,1.938352018683,
    128.50107130454));
#2910 = CARTESIAN_POINT('',(460.12595683002,1.606089964724,
    128.67208180838));
#2911 = CARTESIAN_POINT('',(460.1636996313,1.36498640586,128.77527591814
    ));
#2912 = CARTESIAN_POINT('',(460.19654455476,1.109405774208,
    128.86228056673));
#2913 = CARTESIAN_POINT('',(460.2227151889,0.84200874976,128.93008387999
    ));
#2914 = CARTESIAN_POINT('',(460.24081851984,0.565801970259,
    128.9764719114));
#2915 = CARTESIAN_POINT('',(460.25,0.284019383373,129.));
#2916 = CARTESIAN_POINT('',(460.25,7.347880794884E-16,129.));
#2917 = PCURVE('',#2615,#2918);
#2918 = DEFINITIONAL_REPRESENTATION('',(#2919),#2970);
#2919 = B_SPLINE_CURVE_WITH_KNOTS('',7,(#2920,#2921,#2922,#2923,#2924,
    #2925,#2926,#2927,#2928,#2929,#2930,#2931,#2932,#2933,#2934,#2935,
    #2936,#2937,#2938,#2939,#2940,#2941,#2942,#2943,#2944,#2945,#2946,
    #2947,#2948,#2949,#2950,#2951,#2952,#2953,#2954,#2955,#2956,#2957,
    #2958,#2959,#2960,#2961,#2962,#2963,#2964,#2965,#2966,#2967,#2968,
    #2969),.UNSPECIFIED.,.F.,.F.,(8,6,6,6,6,6,6,6,8),(0.,
    7.919324672655E-02,0.190933533604,0.241725146065,0.489754248504,
    0.757808268321,0.809005510018,0.870992536968,1.),.UNSPECIFIED.);
#2920 = CARTESIAN_POINT('',(0.,71.));
#2921 = CARTESIAN_POINT('',(1.693910363634E-02,71.));
#2922 = CARTESIAN_POINT('',(3.385318126193E-02,71.008792579497));
#2923 = CARTESIAN_POINT('',(5.065420252572E-02,71.026330869163));
#2924 = CARTESIAN_POINT('',(6.725479893828E-02,71.052391341235));
#2925 = CARTESIAN_POINT('',(8.356865082093E-02,71.086575383281));
#2926 = CARTESIAN_POINT('',(9.951121033961E-02,71.128307185392));
#2927 = CARTESIAN_POINT('',(0.136856245325,71.245289878581));
#2928 = CARTESIAN_POINT('',(0.157802935872,71.327246003944));
#2929 = CARTESIAN_POINT('',(0.17779817831,71.421132644361));
#2930 = CARTESIAN_POINT('',(0.196807604133,71.525488085864));
#2931 = CARTESIAN_POINT('',(0.214804280164,71.638932890433));
#2932 = CARTESIAN_POINT('',(0.231768486509,71.760153956552));
#2933 = CARTESIAN_POINT('',(0.254924402405,71.945955871788));
#2934 = CARTESIAN_POINT('',(0.261952177567,72.005424662995));
#2935 = CARTESIAN_POINT('',(0.268772767258,72.066211493963));
#2936 = CARTESIAN_POINT('',(0.275387508985,72.128235937854));
#2937 = CARTESIAN_POINT('',(0.28179775855,72.191424343606));
#2938 = CARTESIAN_POINT('',(0.288004890057,72.255709835934));
#2939 = CARTESIAN_POINT('',(0.323336307642,72.640019548626));
#2940 = CARTESIAN_POINT('',(0.347931538547,72.984599515421));
#2941 = CARTESIAN_POINT('',(0.367839101789,73.3472466392));
#2942 = CARTESIAN_POINT('',(0.383079013695,73.72260751538));
#2943 = CARTESIAN_POINT('',(0.393656018293,74.106595847615));
#2944 = CARTESIAN_POINT('',(0.399556138801,74.49579697532));
#2945 = CARTESIAN_POINT('',(0.401993216319,75.309835257716));
#2946 = CARTESIAN_POINT('',(0.397727425888,75.732263065693));
#2947 = CARTESIAN_POINT('',(0.387992633134,76.150132763174));
#2948 = CARTESIAN_POINT('',(0.372803420211,76.559235683513));
#2949 = CARTESIAN_POINT('',(0.352164474258,76.954459127141));
#2950 = CARTESIAN_POINT('',(0.326061386694,77.329249451342));
#2951 = CARTESIAN_POINT('',(0.28841818841,77.739993647036));
#2952 = CARTESIAN_POINT('',(0.282176846816,77.804814192195));
#2953 = CARTESIAN_POINT('',(0.275729446313,77.868524523203));
#2954 = CARTESIAN_POINT('',(0.269074580247,77.931056528034));
#2955 = CARTESIAN_POINT('',(0.26221086462,77.992335088799));
#2956 = CARTESIAN_POINT('',(0.255136938093,78.052278081744));
#2957 = CARTESIAN_POINT('',(0.23903057654,78.181647365319));
#2958 = CARTESIAN_POINT('',(0.229897882343,78.250423499847));
#2959 = CARTESIAN_POINT('',(0.220452664775,78.316949471601));
#2960 = CARTESIAN_POINT('',(0.210694756765,78.381036596843));
#2961 = CARTESIAN_POINT('',(0.200624479138,78.442482584703));
#2962 = CARTESIAN_POINT('',(0.190242580968,78.501071304548));
#2963 = CARTESIAN_POINT('',(0.157297144078,78.672081808389));
#2964 = CARTESIAN_POINT('',(0.133495359565,78.77527591814));
#2965 = CARTESIAN_POINT('',(0.108371351796,78.862280566735));
#2966 = CARTESIAN_POINT('',(8.218185379642E-02,78.930083879993));
#2967 = CARTESIAN_POINT('',(5.52002261512E-02,78.976471911409));
#2968 = CARTESIAN_POINT('',(2.770920813393E-02,79.));
#2969 = CARTESIAN_POINT('',(0.,79.));
#2970 = ( GEOMETRIC_REPRESENTATION_CONTEXT(2) 
PARAMETRIC_REPRESENTATION_CONTEXT() REPRESENTATION_CONTEXT('2D SPACE',''
  ) );
#2971 = PCURVE('',#2506,#2972);
#2972 = DEFINITIONAL_REPRESENTATION('',(#2973),#3000);
#2973 = B_SPLINE_CURVE_WITH_KNOTS('',9,(#2974,#2975,#2976,#2977,#2978,
    #2979,#2980,#2981,#2982,#2983,#2984,#2985,#2986,#2987,#2988,#2989,
    #2990,#2991,#2992,#2993,#2994,#2995,#2996,#2997,#2998,#2999),
  .UNSPECIFIED.,.F.,.F.,(10,8,8,10),(0.834530219035,0.855213941656,
    0.873312198949,1.),.UNSPECIFIED.);
#2974 = CARTESIAN_POINT('',(2.544186234619,1.080024958355E-11));
#2975 = CARTESIAN_POINT('',(2.551713698497,5.601318668848E-03));
#2976 = CARTESIAN_POINT('',(2.559263887697,1.11785671855E-02));
#2977 = CARTESIAN_POINT('',(2.566837029503,1.672974262946E-02));
#2978 = CARTESIAN_POINT('',(2.574433353991,2.225281510825E-02));
#2979 = CARTESIAN_POINT('',(2.582053094447,2.774572825016E-02));
#2980 = CARTESIAN_POINT('',(2.589696487785,3.320639968623E-02));
#2981 = CARTESIAN_POINT('',(2.59736377496,3.863272153215E-02));
#2982 = CARTESIAN_POINT('',(2.605055201391,4.402256087021E-02));
#2983 = CARTESIAN_POINT('',(2.619522356362,5.405605967221E-02));
#2984 = CARTESIAN_POINT('',(2.626293173426,5.870929063306E-02));
#2985 = CARTESIAN_POINT('',(2.63307638375,6.332736250465E-02));
#2986 = CARTESIAN_POINT('',(2.639901526869,6.792763959857E-02));
#2987 = CARTESIAN_POINT('',(2.646698790864,7.246374896749E-02));
#2988 = CARTESIAN_POINT('',(2.653575831493,7.700324726443E-02));
#2989 = CARTESIAN_POINT('',(2.660424667734,8.147499965156E-02));
#2990 = CARTESIAN_POINT('',(2.667311526464,8.592020963979E-02));
#2991 = CARTESIAN_POINT('',(2.722607849644,0.121187844876));
#2992 = CARTESIAN_POINT('',(2.772258716477,0.1502678733));
#2993 = CARTESIAN_POINT('',(2.822974020079,0.176820482096));
#2994 = CARTESIAN_POINT('',(2.874584560202,0.200134423183));
#2995 = CARTESIAN_POINT('',(2.926946744893,0.219573541759));
#2996 = CARTESIAN_POINT('',(2.979936052254,0.234607480062));
#2997 = CARTESIAN_POINT('',(3.033441292721,0.244835010766));
#2998 = CARTESIAN_POINT('',(3.087359671846,0.25));
#2999 = CARTESIAN_POINT('',(3.14159265359,0.25));
#3000 = ( GEOMETRIC_REPRESENTATION_CONTEXT(2) 
PARAMETRIC_REPRESENTATION_CONTEXT() REPRESENTATION_CONTEXT('2D SPACE',''
  ) );
#3001 = ORIENTED_EDGE('',*,*,#3002,.F.);
#3002 = EDGE_CURVE('',#2435,#2463,#3003,.T.);
#3003 = SURFACE_CURVE('',#3004,(#3055,#3109),.PCURVE_S1.);
#3004 = B_SPLINE_CURVE_WITH_KNOTS('',7,(#3005,#3006,#3007,#3008,#3009,
    #3010,#3011,#3012,#3013,#3014,#3015,#3016,#3017,#3018,#3019,#3020,
    #3021,#3022,#3023,#3024,#3025,#3026,#3027,#3028,#3029,#3030,#3031,
    #3032,#3033,#3034,#3035,#3036,#3037,#3038,#3039,#3040,#3041,#3042,
    #3043,#3044,#3045,#3046,#3047,#3048,#3049,#3050,#3051,#3052,#3053,
    #3054),.UNSPECIFIED.,.F.,.F.,(8,6,6,6,6,6,6,6,8),(0.,
    7.919324672655E-02,0.190933533604,0.241725146065,0.489754248504,
    0.757808268321,0.809005510018,0.870992536968,1.),.UNSPECIFIED.);
#3005 = CARTESIAN_POINT('',(460.25,-4.898587196589E-16,121.));
#3006 = CARTESIAN_POINT('',(460.25,0.173625812272,121.));
#3007 = CARTESIAN_POINT('',(460.24656876023,0.346995080939,
    121.00879257949));
#3008 = CARTESIAN_POINT('',(460.23972451364,0.519124274259,
    121.02633086916));
#3009 = CARTESIAN_POINT('',(460.22959489829,0.689037213412,
    121.05239134123));
#3010 = CARTESIAN_POINT('',(460.21641470297,0.855781067952,
    121.08657538328));
#3011 = CARTESIAN_POINT('',(460.20051385422,1.018442120536,
    121.12830718539));
#3012 = CARTESIAN_POINT('',(460.15659006928,1.39870030762,
    121.24528987858));
#3013 = CARTESIAN_POINT('',(460.12627904254,1.611330306788,
    121.32724600394));
#3014 = CARTESIAN_POINT('',(460.09228234364,1.813541226803,
    121.42113264436));
#3015 = CARTESIAN_POINT('',(460.05552214718,2.004975514064,
    121.52548808586));
#3016 = CARTESIAN_POINT('',(460.01688488899,2.185407772362,
    121.63893289043));
#3017 = CARTESIAN_POINT('',(459.97719327674,2.354727333133,
    121.76015395655));
#3018 = CARTESIAN_POINT('',(459.91900422558,2.584832033006,
    121.94595587178));
#3019 = CARTESIAN_POINT('',(459.90073694435,2.654514732888,
    122.00542466299));
#3020 = CARTESIAN_POINT('',(459.88244768224,2.721995004653,
    122.06621149396));
#3021 = CARTESIAN_POINT('',(459.86419392333,2.787296596116,
    122.12823593785));
#3022 = CARTESIAN_POINT('',(459.846029555,2.850443854513,122.1914243436)
  );
#3023 = CARTESIAN_POINT('',(459.8280048679,2.911461726496,
    122.25570983593));
#3024 = CARTESIAN_POINT('',(459.72305728161,3.258068817665,
    122.64001954862));
#3025 = CARTESIAN_POINT('',(459.64015724959,3.496371784246,
    122.98459951542));
#3026 = CARTESIAN_POINT('',(459.5671763778,3.687034404054,123.3472466392
    ));
#3027 = CARTESIAN_POINT('',(459.50826924834,3.831727143418,
    123.72260751538));
#3028 = CARTESIAN_POINT('',(459.46622849661,3.931658360329,
    124.10659584761));
#3029 = CARTESIAN_POINT('',(459.44265242211,3.987349917493,
    124.49579697532));
#3030 = CARTESIAN_POINT('',(459.4329080011,4.010350980198,
    125.30983525771));
#3031 = CARTESIAN_POINT('',(459.44994686237,3.970083100233,
    125.73226306569));
#3032 = CARTESIAN_POINT('',(459.48911187329,3.878309037053,
    126.15013276317));
#3033 = CARTESIAN_POINT('',(459.54880226287,3.734512337071,
    126.55923568351));
#3034 = CARTESIAN_POINT('',(459.62574233559,3.537334375929,
    126.95445912714));
#3035 = CARTESIAN_POINT('',(459.71482395633,3.284760231804,
    127.32924945134));
#3036 = CARTESIAN_POINT('',(459.82680257515,2.915523936643,
    127.73999364703));
#3037 = CARTESIAN_POINT('',(459.8449518405,2.854177218783,
    127.80481419219));
#3038 = CARTESIAN_POINT('',(459.86324516999,2.790670773274,
    127.8685245232));
#3039 = CARTESIAN_POINT('',(459.88163128285,2.724979069162,
    127.93105652803));
#3040 = CARTESIAN_POINT('',(459.90005518759,2.657077226293,
    127.99233508879));
#3041 = CARTESIAN_POINT('',(459.91845818198,2.586941015307,
    128.05227808174));
#3042 = CARTESIAN_POINT('',(459.95895838281,2.42689567853,
    128.18164736531));
#3043 = CARTESIAN_POINT('',(459.98102094196,2.33591786279,
    128.25042349984));
#3044 = CARTESIAN_POINT('',(460.00284974966,2.241588408586,
    128.3169494716));
#3045 = CARTESIAN_POINT('',(460.02432033206,2.143889672333,
    128.38103659684));
#3046 = CARTESIAN_POINT('',(460.0453002214,2.042811610046,128.4424825847
    ));
#3047 = CARTESIAN_POINT('',(460.06564965505,1.938352018683,
    128.50107130454));
#3048 = CARTESIAN_POINT('',(460.12595683002,1.606089964724,
    128.67208180838));
#3049 = CARTESIAN_POINT('',(460.1636996313,1.36498640586,128.77527591814
    ));
#3050 = CARTESIAN_POINT('',(460.19654455476,1.109405774208,
    128.86228056673));
#3051 = CARTESIAN_POINT('',(460.2227151889,0.84200874976,128.93008387999
    ));
#3052 = CARTESIAN_POINT('',(460.24081851984,0.565801970259,
    128.9764719114));
#3053 = CARTESIAN_POINT('',(460.25,0.284019383373,129.));
#3054 = CARTESIAN_POINT('',(460.25,7.347880794884E-16,129.));
#3055 = PCURVE('',#2615,#3056);
#3056 = DEFINITIONAL_REPRESENTATION('',(#3057),#3108);
#3057 = B_SPLINE_CURVE_WITH_KNOTS('',7,(#3058,#3059,#3060,#3061,#3062,
    #3063,#3064,#3065,#3066,#3067,#3068,#3069,#3070,#3071,#3072,#3073,
    #3074,#3075,#3076,#3077,#3078,#3079,#3080,#3081,#3082,#3083,#3084,
    #3085,#3086,#3087,#3088,#3089,#3090,#3091,#3092,#3093,#3094,#3095,
    #3096,#3097,#3098,#3099,#3100,#3101,#3102,#3103,#3104,#3105,#3106,
    #3107),.UNSPECIFIED.,.F.,.F.,(8,6,6,6,6,6,6,6,8),(0.,
    7.919324672655E-02,0.190933533604,0.241725146065,0.489754248504,
    0.757808268321,0.809005510018,0.870992536968,1.),.UNSPECIFIED.);
#3058 = CARTESIAN_POINT('',(0.,71.));
#3059 = CARTESIAN_POINT('',(1.693910363634E-02,71.));
#3060 = CARTESIAN_POINT('',(3.385318126193E-02,71.008792579497));
#3061 = CARTESIAN_POINT('',(5.065420252572E-02,71.026330869163));
#3062 = CARTESIAN_POINT('',(6.725479893828E-02,71.052391341235));
#3063 = CARTESIAN_POINT('',(8.356865082093E-02,71.086575383281));
#3064 = CARTESIAN_POINT('',(9.951121033961E-02,71.128307185392));
#3065 = CARTESIAN_POINT('',(0.136856245325,71.245289878581));
#3066 = CARTESIAN_POINT('',(0.157802935872,71.327246003944));
#3067 = CARTESIAN_POINT('',(0.17779817831,71.421132644361));
#3068 = CARTESIAN_POINT('',(0.196807604133,71.525488085864));
#3069 = CARTESIAN_POINT('',(0.214804280164,71.638932890433));
#3070 = CARTESIAN_POINT('',(0.231768486509,71.760153956552));
#3071 = CARTESIAN_POINT('',(0.254924402405,71.945955871788));
#3072 = CARTESIAN_POINT('',(0.261952177567,72.005424662995));
#3073 = CARTESIAN_POINT('',(0.268772767258,72.066211493963));
#3074 = CARTESIAN_POINT('',(0.275387508985,72.128235937854));
#3075 = CARTESIAN_POINT('',(0.28179775855,72.191424343606));
#3076 = CARTESIAN_POINT('',(0.288004890057,72.255709835934));
#3077 = CARTESIAN_POINT('',(0.323336307642,72.640019548626));
#3078 = CARTESIAN_POINT('',(0.347931538547,72.984599515421));
#3079 = CARTESIAN_POINT('',(0.367839101789,73.3472466392));
#3080 = CARTESIAN_POINT('',(0.383079013695,73.72260751538));
#3081 = CARTESIAN_POINT('',(0.393656018293,74.106595847615));
#3082 = CARTESIAN_POINT('',(0.399556138801,74.49579697532));
#3083 = CARTESIAN_POINT('',(0.401993216319,75.309835257716));
#3084 = CARTESIAN_POINT('',(0.397727425888,75.732263065693));
#3085 = CARTESIAN_POINT('',(0.387992633134,76.150132763174));
#3086 = CARTESIAN_POINT('',(0.372803420211,76.559235683513));
#3087 = CARTESIAN_POINT('',(0.352164474258,76.954459127141));
#3088 = CARTESIAN_POINT('',(0.326061386694,77.329249451342));
#3089 = CARTESIAN_POINT('',(0.28841818841,77.739993647036));
#3090 = CARTESIAN_POINT('',(0.282176846816,77.804814192195));
#3091 = CARTESIAN_POINT('',(0.275729446313,77.868524523203));
#3092 = CARTESIAN_POINT('',(0.269074580247,77.931056528034));
#3093 = CARTESIAN_POINT('',(0.26221086462,77.992335088799));
#3094 = CARTESIAN_POINT('',(0.255136938093,78.052278081744));
#3095 = CARTESIAN_POINT('',(0.23903057654,78.181647365319));
#3096 = CARTESIAN_POINT('',(0.229897882343,78.250423499847));
#3097 = CARTESIAN_POINT('',(0.220452664775,78.316949471601));
#3098 = CARTESIAN_POINT('',(0.210694756765,78.381036596843));
#3099 = CARTESIAN_POINT('',(0.200624479138,78.442482584703));
#3100 = CARTESIAN_POINT('',(0.190242580968,78.501071304548));
#3101 = CARTESIAN_POINT('',(0.157297144078,78.672081808389));
#3102 = CARTESIAN_POINT('',(0.133495359565,78.77527591814));
#3103 = CARTESIAN_POINT('',(0.108371351796,78.862280566735));
#3104 = CARTESIAN_POINT('',(8.218185379642E-02,78.930083879993));
#3105 = CARTESIAN_POINT('',(5.52002261512E-02,78.976471911409));
#3106 = CARTESIAN_POINT('',(2.770920813393E-02,79.));
#3107 = CARTESIAN_POINT('',(0.,79.));
#3108 = ( GEOMETRIC_REPRESENTATION_CONTEXT(2) 
PARAMETRIC_REPRESENTATION_CONTEXT() REPRESENTATION_CONTEXT('2D SPACE',''
  ) );
#3109 = PCURVE('',#2479,#3110);
#3110 = DEFINITIONAL_REPRESENTATION('',(#3111),#3162);
#3111 = B_SPLINE_CURVE_WITH_KNOTS('',7,(#3112,#3113,#3114,#3115,#3116,
    #3117,#3118,#3119,#3120,#3121,#3122,#3123,#3124,#3125,#3126,#3127,
    #3128,#3129,#3130,#3131,#3132,#3133,#3134,#3135,#3136,#3137,#3138,
    #3139,#3140,#3141,#3142,#3143,#3144,#3145,#3146,#3147,#3148,#3149,
    #3150,#3151,#3152,#3153,#3154,#3155,#3156,#3157,#3158,#3159,#3160,
    #3161),.UNSPECIFIED.,.F.,.F.,(8,6,6,6,6,6,6,6,8),(0.,
    7.919324672655E-02,0.190933533604,0.241725146065,0.489754248504,
    0.757808268321,0.809005510018,0.870992536968,1.),.UNSPECIFIED.);
#3112 = CARTESIAN_POINT('',(0.,10.25));
#3113 = CARTESIAN_POINT('',(4.340645306812E-02,10.25));
#3114 = CARTESIAN_POINT('',(8.674876650364E-02,10.246568760236));
#3115 = CARTESIAN_POINT('',(0.129914658149,10.239724513645));
#3116 = CARTESIAN_POINT('',(0.172791827529,10.229594898292));
#3117 = CARTESIAN_POINT('',(0.215262535909,10.216414702978));
#3118 = CARTESIAN_POINT('',(0.257197814686,10.20051385422));
#3119 = CARTESIAN_POINT('',(0.356659251732,10.156590069288));
#3120 = CARTESIAN_POINT('',(0.413491450538,10.126279042546));
#3121 = CARTESIAN_POINT('',(0.469033019718,10.092282343649));
#3122 = CARTESIAN_POINT('',(0.523345134512,10.055522147186));
#3123 = CARTESIAN_POINT('',(0.576472242217,10.016884888998));
#3124 = CARTESIAN_POINT('',(0.628444772496,9.977193276746));
#3125 = CARTESIAN_POINT('',(0.702383313109,9.919004225586));
#3126 = CARTESIAN_POINT('',(0.725277221609,9.900736944357));
#3127 = CARTESIAN_POINT('',(0.747969728686,9.88244768224));
#3128 = CARTESIAN_POINT('',(0.770471386805,9.864193923334));
#3129 = CARTESIAN_POINT('',(0.79279263768,9.846029555009));
#3130 = CARTESIAN_POINT('',(0.81494381227,9.828004867909));
#3131 = CARTESIAN_POINT('',(0.94432465294,9.723057281613));
#3132 = CARTESIAN_POINT('',(1.048195863523,9.640157249599));
#3133 = CARTESIAN_POINT('',(1.1494666507,9.56717637781));
#3134 = CARTESIAN_POINT('',(1.248853159666,9.508269248345));
#3135 = CARTESIAN_POINT('',(1.347048207869,9.466228496611));
#3136 = CARTESIAN_POINT('',(1.444702778751,9.442652422111));
#3137 = CARTESIAN_POINT('',(1.648293571472,9.432908001107));
#3138 = CARTESIAN_POINT('',(1.753573928331,9.449946862374));
#3139 = CARTESIAN_POINT('',(1.859283602844,9.489111873289));
#3140 = CARTESIAN_POINT('',(1.966219480708,9.548802262872));
#3141 = CARTESIAN_POINT('',(2.075198536228,9.625742335599));
#3142 = CARTESIAN_POINT('',(2.187093592675,9.714823956336));
#3143 = CARTESIAN_POINT('',(2.325171070012,9.826802575157));
#3144 = CARTESIAN_POINT('',(2.347475738262,9.844951840509));
#3145 = CARTESIAN_POINT('',(2.369952525957,9.863245169995));
#3146 = CARTESIAN_POINT('',(2.392611998961,9.881631282857));
#3147 = CARTESIAN_POINT('',(2.415464821225,9.900055187597));
#3148 = CARTESIAN_POINT('',(2.438521754782,9.918458181982));
#3149 = CARTESIAN_POINT('',(2.48997010349,9.958958382815));
#3150 = CARTESIAN_POINT('',(2.518467234001,9.981020941966));
#3151 = CARTESIAN_POINT('',(2.547298940919,10.00284974966));
#3152 = CARTESIAN_POINT('',(2.576479234783,10.024320332064));
#3153 = CARTESIAN_POINT('',(2.606022824516,10.045300221409));
#3154 = CARTESIAN_POINT('',(2.635945694895,10.065649655057));
#3155 = CARTESIAN_POINT('',(2.729367676023,10.125956830024));
#3156 = CARTESIAN_POINT('',(2.794767681345,10.163699631305));
#3157 = CARTESIAN_POINT('',(2.861944112246,10.196544554761));
#3158 = CARTESIAN_POINT('',(2.930505578706,10.2227151889));
#3159 = CARTESIAN_POINT('',(3.000142218423,10.240818519841));
#3160 = CARTESIAN_POINT('',(3.070587807747,10.25));
#3161 = CARTESIAN_POINT('',(3.14159265359,10.25));
#3162 = ( GEOMETRIC_REPRESENTATION_CONTEXT(2) 
PARAMETRIC_REPRESENTATION_CONTEXT() REPRESENTATION_CONTEXT('2D SPACE',''
  ) );
#3163 = ORIENTED_EDGE('',*,*,#2521,.F.);
#3164 = ORIENTED_EDGE('',*,*,#3165,.F.);
#3165 = EDGE_CURVE('',#3166,#2522,#3168,.T.);
#3166 = VERTEX_POINT('',#3167);
#3167 = CARTESIAN_POINT('',(460.25,-2.510525938252E-15,80.));
#3168 = SEAM_CURVE('',#3169,(#3173,#3180),.PCURVE_S1.);
#3169 = LINE('',#3170,#3171);
#3170 = CARTESIAN_POINT('',(460.25,-2.510525938252E-15,50.));
#3171 = VECTOR('',#3172,1.);
#3172 = DIRECTION('',(0.,0.,1.));
#3173 = PCURVE('',#2615,#3174);
#3174 = DEFINITIONAL_REPRESENTATION('',(#3175),#3179);
#3175 = LINE('',#3176,#3177);
#3176 = CARTESIAN_POINT('',(0.,-0.));
#3177 = VECTOR('',#3178,1.);
#3178 = DIRECTION('',(0.,1.));
#3179 = ( GEOMETRIC_REPRESENTATION_CONTEXT(2) 
PARAMETRIC_REPRESENTATION_CONTEXT() REPRESENTATION_CONTEXT('2D SPACE',''
  ) );
#3180 = PCURVE('',#2615,#3181);
#3181 = DEFINITIONAL_REPRESENTATION('',(#3182),#3186);
#3182 = LINE('',#3183,#3184);
#3183 = CARTESIAN_POINT('',(6.28318530718,-0.));
#3184 = VECTOR('',#3185,1.);
#3185 = DIRECTION('',(0.,1.));
#3186 = ( GEOMETRIC_REPRESENTATION_CONTEXT(2) 
PARAMETRIC_REPRESENTATION_CONTEXT() REPRESENTATION_CONTEXT('2D SPACE',''
  ) );
#3187 = ORIENTED_EDGE('',*,*,#3188,.T.);
#3188 = EDGE_CURVE('',#3166,#3166,#3189,.T.);
#3189 = SURFACE_CURVE('',#3190,(#3195,#3202),.PCURVE_S1.);
#3190 = CIRCLE('',#3191,10.25);
#3191 = AXIS2_PLACEMENT_3D('',#3192,#3193,#3194);
#3192 = CARTESIAN_POINT('',(450.,0.,80.));
#3193 = DIRECTION('',(0.,0.,1.));
#3194 = DIRECTION('',(1.,0.,-0.));
#3195 = PCURVE('',#2615,#3196);
#3196 = DEFINITIONAL_REPRESENTATION('',(#3197),#3201);
#3197 = LINE('',#3198,#3199);
#3198 = CARTESIAN_POINT('',(0.,30.));
#3199 = VECTOR('',#3200,1.);
#3200 = DIRECTION('',(1.,0.));
#3201 = ( GEOMETRIC_REPRESENTATION_CONTEXT(2) 
PARAMETRIC_REPRESENTATION_CONTEXT() REPRESENTATION_CONTEXT('2D SPACE',''
  ) );
#3202 = PCURVE('',#3203,#3208);
#3203 = PLANE('',#3204);
#3204 = AXIS2_PLACEMENT_3D('',#3205,#3206,#3207);
#3205 = CARTESIAN_POINT('',(430.,-20.,80.));
#3206 = DIRECTION('',(0.,0.,1.));
#3207 = DIRECTION('',(1.,0.,-0.));
#3208 = DEFINITIONAL_REPRESENTATION('',(#3209),#3213);
#3209 = CIRCLE('',#3210,10.25);
#3210 = AXIS2_PLACEMENT_2D('',#3211,#3212);
#3211 = CARTESIAN_POINT('',(20.,20.));
#3212 = DIRECTION('',(1.,0.));
#3213 = ( GEOMETRIC_REPRESENTATION_CONTEXT(2) 
PARAMETRIC_REPRESENTATION_CONTEXT() REPRESENTATION_CONTEXT('2D SPACE',''
  ) );
#3214 = ORIENTED_EDGE('',*,*,#3165,.T.);
#3215 = ORIENTED_EDGE('',*,*,#2674,.F.);
#3216 = ORIENTED_EDGE('',*,*,#3217,.F.);
#3217 = EDGE_CURVE('',#3218,#2675,#3220,.T.);
#3218 = VERTEX_POINT('',#3219);
#3219 = CARTESIAN_POINT('',(460.,-2.250000002219,128.30718913538));
#3220 = SURFACE_CURVE('',#3221,(#3272,#3326),.PCURVE_S1.);
#3221 = B_SPLINE_CURVE_WITH_KNOTS('',7,(#3222,#3223,#3224,#3225,#3226,
    #3227,#3228,#3229,#3230,#3231,#3232,#3233,#3234,#3235,#3236,#3237,
    #3238,#3239,#3240,#3241,#3242,#3243,#3244,#3245,#3246,#3247,#3248,
    #3249,#3250,#3251,#3252,#3253,#3254,#3255,#3256,#3257,#3258,#3259,
    #3260,#3261,#3262,#3263,#3264,#3265,#3266,#3267,#3268,#3269,#3270,
    #3271),.UNSPECIFIED.,.F.,.F.,(8,6,6,6,6,6,6,6,8),(0.,
    7.919324680897E-02,0.190933533859,0.241725146425,0.489754249373,
    0.757808267789,0.809005509637,0.870992536764,1.),.UNSPECIFIED.);
#3222 = CARTESIAN_POINT('',(460.25,-8.881784197001E-16,129.));
#3223 = CARTESIAN_POINT('',(460.25,-0.173625812273,129.));
#3224 = CARTESIAN_POINT('',(460.24656876023,-0.346995080939,
    128.9912074205));
#3225 = CARTESIAN_POINT('',(460.23972451364,-0.519124274259,
    128.97366913083));
#3226 = CARTESIAN_POINT('',(460.22959489829,-0.689037213412,
    128.94760865876));
#3227 = CARTESIAN_POINT('',(460.21641470297,-0.855781067952,
    128.91342461671));
#3228 = CARTESIAN_POINT('',(460.20051385422,-1.018442120536,
    128.8716928146));
#3229 = CARTESIAN_POINT('',(460.15659006927,-1.398700307733,
    128.75471012138));
#3230 = CARTESIAN_POINT('',(460.12627904253,-1.611330306808,
    128.67275399603));
#3231 = CARTESIAN_POINT('',(460.09228234366,-1.813541226728,
    128.57886735566));
#3232 = CARTESIAN_POINT('',(460.0555221472,-2.004975513987,
    128.47451191418));
#3233 = CARTESIAN_POINT('',(460.016884889,-2.185407772367,
    128.36106710957));
#3234 = CARTESIAN_POINT('',(459.97719327672,-2.354727333213,
    128.23984604338));
#3235 = CARTESIAN_POINT('',(459.91900422558,-2.584832033006,
    128.05404412821));
#3236 = CARTESIAN_POINT('',(459.90073694435,-2.654514732888,
    127.994575337));
#3237 = CARTESIAN_POINT('',(459.88244768224,-2.721995004653,
    127.93378850603));
#3238 = CARTESIAN_POINT('',(459.86419392333,-2.787296596116,
    127.87176406214));
#3239 = CARTESIAN_POINT('',(459.846029555,-2.850443854513,
    127.80857565639));
#3240 = CARTESIAN_POINT('',(459.8280048679,-2.911461726496,
    127.74429016406));
#3241 = CARTESIAN_POINT('',(459.72305728161,-3.258068817666,
    127.35998045137));
#3242 = CARTESIAN_POINT('',(459.6401572496,-3.496371784245,
    127.01540048458));
#3243 = CARTESIAN_POINT('',(459.5671763778,-3.687034404055,
    126.6527533608));
#3244 = CARTESIAN_POINT('',(459.50826924834,-3.831727143417,
    126.27739248462));
#3245 = CARTESIAN_POINT('',(459.46622849661,-3.931658360329,
    125.89340415238));
#3246 = CARTESIAN_POINT('',(459.44265242211,-3.987349917493,
    125.50420302468));
#3247 = CARTESIAN_POINT('',(459.43290800114,-4.010350980111,
    124.69016474536));
#3248 = CARTESIAN_POINT('',(459.44994686297,-3.970083098353,
    124.26773692232));
#3249 = CARTESIAN_POINT('',(459.48911187113,-3.878309043755,
    123.84986725829));
#3250 = CARTESIAN_POINT('',(459.54880226601,-3.734512327168,
    123.44076429528));
#3251 = CARTESIAN_POINT('',(459.62574233328,-3.537334383368,
    123.04554088436));
#3252 = CARTESIAN_POINT('',(459.7148239571,-3.284760229271,
    122.67075054584));
#3253 = CARTESIAN_POINT('',(459.82680257515,-2.915523936643,
    122.26000635296));
#3254 = CARTESIAN_POINT('',(459.8449518405,-2.854177218783,
    122.1951858078));
#3255 = CARTESIAN_POINT('',(459.86324516999,-2.790670773274,
    122.13147547679));
#3256 = CARTESIAN_POINT('',(459.88163128285,-2.724979069162,
    122.06894347196));
#3257 = CARTESIAN_POINT('',(459.90005518759,-2.657077226292,
    122.0076649112));
#3258 = CARTESIAN_POINT('',(459.91845818198,-2.586941015307,
    121.94772191825));
#3259 = CARTESIAN_POINT('',(459.95895838281,-2.426895678538,
    121.81835263468));
#3260 = CARTESIAN_POINT('',(459.98102094196,-2.335917862791,
    121.74957650015));
#3261 = CARTESIAN_POINT('',(460.00284974966,-2.241588408578,
    121.68305052839));
#3262 = CARTESIAN_POINT('',(460.02432033206,-2.143889672324,
    121.61896340315));
#3263 = CARTESIAN_POINT('',(460.0453002214,-2.042811610046,
    121.55751741529));
#3264 = CARTESIAN_POINT('',(460.06564965505,-1.938352018694,
    121.49892869545));
#3265 = CARTESIAN_POINT('',(460.12595682997,-1.606089964985,
    121.32791819174));
#3266 = CARTESIAN_POINT('',(460.16369963131,-1.364986405879,
    121.22472408182));
#3267 = CARTESIAN_POINT('',(460.19654455479,-1.109405773974,
    121.13771943316));
#3268 = CARTESIAN_POINT('',(460.2227151889,-0.842008749532,
    121.06991611999));
#3269 = CARTESIAN_POINT('',(460.24081851982,-0.565801970301,
    121.02352808864));
#3270 = CARTESIAN_POINT('',(460.25,-0.284019383676,121.));
#3271 = CARTESIAN_POINT('',(460.25,-1.7763568394E-15,121.));
#3272 = PCURVE('',#2615,#3273);
#3273 = DEFINITIONAL_REPRESENTATION('',(#3274),#3325);
#3274 = B_SPLINE_CURVE_WITH_KNOTS('',7,(#3275,#3276,#3277,#3278,#3279,
    #3280,#3281,#3282,#3283,#3284,#3285,#3286,#3287,#3288,#3289,#3290,
    #3291,#3292,#3293,#3294,#3295,#3296,#3297,#3298,#3299,#3300,#3301,
    #3302,#3303,#3304,#3305,#3306,#3307,#3308,#3309,#3310,#3311,#3312,
    #3313,#3314,#3315,#3316,#3317,#3318,#3319,#3320,#3321,#3322,#3323,
    #3324),.UNSPECIFIED.,.F.,.F.,(8,6,6,6,6,6,6,6,8),(0.,
    7.919324680897E-02,0.190933533859,0.241725146425,0.489754249373,
    0.757808267789,0.809005509637,0.870992536764,1.),.UNSPECIFIED.);
#3275 = CARTESIAN_POINT('',(6.28318530718,79.));
#3276 = CARTESIAN_POINT('',(6.266246203543,79.));
#3277 = CARTESIAN_POINT('',(6.249332125918,78.991207420503));
#3278 = CARTESIAN_POINT('',(6.232531104654,78.973669130837));
#3279 = CARTESIAN_POINT('',(6.215930508241,78.947608658765));
#3280 = CARTESIAN_POINT('',(6.199616656359,78.913424616719));
#3281 = CARTESIAN_POINT('',(6.18367409684,78.871692814608));
#3282 = CARTESIAN_POINT('',(6.146329061843,78.754710121384));
#3283 = CARTESIAN_POINT('',(6.125382371306,78.672753996033));
#3284 = CARTESIAN_POINT('',(6.105387128876,78.578867355666));
#3285 = CARTESIAN_POINT('',(6.086377703054,78.474511914189));
#3286 = CARTESIAN_POINT('',(6.068381027016,78.361067109579));
#3287 = CARTESIAN_POINT('',(6.051416820662,78.239846043384));
#3288 = CARTESIAN_POINT('',(6.028260904775,78.054044128212));
#3289 = CARTESIAN_POINT('',(6.021233129613,77.994575337006));
#3290 = CARTESIAN_POINT('',(6.014412539921,77.933788506037));
#3291 = CARTESIAN_POINT('',(6.007797798195,77.871764062146));
#3292 = CARTESIAN_POINT('',(6.00138754863,77.808575656394));
#3293 = CARTESIAN_POINT('',(5.995180417123,77.744290164066));
#3294 = CARTESIAN_POINT('',(5.959848999537,77.359980451373));
#3295 = CARTESIAN_POINT('',(5.935253768633,77.01540048458));
#3296 = CARTESIAN_POINT('',(5.915346205391,76.6527533608));
#3297 = CARTESIAN_POINT('',(5.900106293484,76.277392484621));
#3298 = CARTESIAN_POINT('',(5.889529288887,75.893404152384));
#3299 = CARTESIAN_POINT('',(5.883629168379,75.504203024681));
#3300 = CARTESIAN_POINT('',(5.88119209087,74.690164745361));
#3301 = CARTESIAN_POINT('',(5.885457881484,74.267736922323));
#3302 = CARTESIAN_POINT('',(5.895192673359,73.849867258292));
#3303 = CARTESIAN_POINT('',(5.910381887983,73.440764295281));
#3304 = CARTESIAN_POINT('',(5.931020832161,73.04554088436));
#3305 = CARTESIAN_POINT('',(5.957123920744,72.67075054584));
#3306 = CARTESIAN_POINT('',(5.99476711877,72.260006352964));
#3307 = CARTESIAN_POINT('',(6.001008460364,72.195185807805));
#3308 = CARTESIAN_POINT('',(6.007455860867,72.131475476797));
#3309 = CARTESIAN_POINT('',(6.014110726933,72.068943471966));
#3310 = CARTESIAN_POINT('',(6.020974442559,72.0076649112));
#3311 = CARTESIAN_POINT('',(6.028048369086,71.947721918256));
#3312 = CARTESIAN_POINT('',(6.044154730639,71.818352634687));
#3313 = CARTESIAN_POINT('',(6.053287424836,71.749576500153));
#3314 = CARTESIAN_POINT('',(6.062732642405,71.683050528393));
#3315 = CARTESIAN_POINT('',(6.072490550415,71.618963403152));
#3316 = CARTESIAN_POINT('',(6.082560828041,71.557517415299));
#3317 = CARTESIAN_POINT('',(6.092942726211,71.498928695457));
#3318 = CARTESIAN_POINT('',(6.125888163075,71.327918191746));
#3319 = CARTESIAN_POINT('',(6.149689947613,71.224724081822));
#3320 = CARTESIAN_POINT('',(6.174813955406,71.137719433169));
#3321 = CARTESIAN_POINT('',(6.201003453405,71.069916119991));
#3322 = CARTESIAN_POINT('',(6.227985081024,71.023528088641));
#3323 = CARTESIAN_POINT('',(6.255476099016,71.));
#3324 = CARTESIAN_POINT('',(6.28318530718,71.));
#3325 = ( GEOMETRIC_REPRESENTATION_CONTEXT(2) 
PARAMETRIC_REPRESENTATION_CONTEXT() REPRESENTATION_CONTEXT('2D SPACE',''
  ) );
#3326 = PCURVE('',#3327,#3332);
#3327 = CYLINDRICAL_SURFACE('',#3328,4.);
#3328 = AXIS2_PLACEMENT_3D('',#3329,#3330,#3331);
#3329 = CARTESIAN_POINT('',(450.,0.,125.));
#3330 = DIRECTION('',(1.,0.,2.22044604925E-16));
#3331 = DIRECTION('',(2.22044604925E-16,0.,-1.));
#3332 = DEFINITIONAL_REPRESENTATION('',(#3333),#3384);
#3333 = B_SPLINE_CURVE_WITH_KNOTS('',7,(#3334,#3335,#3336,#3337,#3338,
    #3339,#3340,#3341,#3342,#3343,#3344,#3345,#3346,#3347,#3348,#3349,
    #3350,#3351,#3352,#3353,#3354,#3355,#3356,#3357,#3358,#3359,#3360,
    #3361,#3362,#3363,#3364,#3365,#3366,#3367,#3368,#3369,#3370,#3371,
    #3372,#3373,#3374,#3375,#3376,#3377,#3378,#3379,#3380,#3381,#3382,
    #3383),.UNSPECIFIED.,.F.,.F.,(8,6,6,6,6,6,6,6,8),(0.,
    7.919324680897E-02,0.190933533859,0.241725146425,0.489754249373,
    0.757808267789,0.809005509637,0.870992536764,1.),.UNSPECIFIED.);
#3334 = CARTESIAN_POINT('',(3.14159265359,10.25));
#3335 = CARTESIAN_POINT('',(3.184999106658,10.25));
#3336 = CARTESIAN_POINT('',(3.228341420093,10.246568760236));
#3337 = CARTESIAN_POINT('',(3.271507311739,10.239724513645));
#3338 = CARTESIAN_POINT('',(3.314384481119,10.229594898292));
#3339 = CARTESIAN_POINT('',(3.356855189499,10.216414702978));
#3340 = CARTESIAN_POINT('',(3.398790468275,10.20051385422));
#3341 = CARTESIAN_POINT('',(3.498251905351,10.156590069275));
#3342 = CARTESIAN_POINT('',(3.555084104134,10.126279042538));
#3343 = CARTESIAN_POINT('',(3.610625673288,10.09228234366));
#3344 = CARTESIAN_POINT('',(3.664937788079,10.055522147204));
#3345 = CARTESIAN_POINT('',(3.718064895806,10.016884889));
#3346 = CARTESIAN_POINT('',(3.770037426111,9.977193276726));
#3347 = CARTESIAN_POINT('',(3.843975966699,9.919004225586));
#3348 = CARTESIAN_POINT('',(3.866869875199,9.900736944357));
#3349 = CARTESIAN_POINT('',(3.889562382276,9.88244768224));
#3350 = CARTESIAN_POINT('',(3.912064040395,9.864193923334));
#3351 = CARTESIAN_POINT('',(3.93438529127,9.846029555009));
#3352 = CARTESIAN_POINT('',(3.95653646586,9.828004867909));
#3353 = CARTESIAN_POINT('',(4.08591730653,9.723057281613));
#3354 = CARTESIAN_POINT('',(4.189788517112,9.640157249599));
#3355 = CARTESIAN_POINT('',(4.29105930429,9.567176377809));
#3356 = CARTESIAN_POINT('',(4.390445813255,9.508269248345));
#3357 = CARTESIAN_POINT('',(4.488640861459,9.466228496611));
#3358 = CARTESIAN_POINT('',(4.586295432341,9.442652422111));
#3359 = CARTESIAN_POINT('',(4.789886224292,9.432908001143));
#3360 = CARTESIAN_POINT('',(4.895166585088,9.449946862971));
#3361 = CARTESIAN_POINT('',(5.000876250485,9.489111871139));
#3362 = CARTESIAN_POINT('',(5.107812140474,9.548802266017));
#3363 = CARTESIAN_POINT('',(5.216791186261,9.625742333282));
#3364 = CARTESIAN_POINT('',(5.328686247212,9.714823957104));
#3365 = CARTESIAN_POINT('',(5.466763723601,9.826802575157));
#3366 = CARTESIAN_POINT('',(5.489068391852,9.844951840509));
#3367 = CARTESIAN_POINT('',(5.511545179547,9.863245169995));
#3368 = CARTESIAN_POINT('',(5.534204652551,9.881631282857));
#3369 = CARTESIAN_POINT('',(5.557057474815,9.900055187597));
#3370 = CARTESIAN_POINT('',(5.580114408372,9.918458181982));
#3371 = CARTESIAN_POINT('',(5.631562757078,9.958958382813));
#3372 = CARTESIAN_POINT('',(5.660059887591,9.981020941966));
#3373 = CARTESIAN_POINT('',(5.688891594511,10.002849749662));
#3374 = CARTESIAN_POINT('',(5.718071888376,10.024320332066));
#3375 = CARTESIAN_POINT('',(5.747615478105,10.045300221409));
#3376 = CARTESIAN_POINT('',(5.777538348482,10.065649655055));
#3377 = CARTESIAN_POINT('',(5.870960329539,10.125956829977));
#3378 = CARTESIAN_POINT('',(5.936360334935,10.163699631316));
#3379 = CARTESIAN_POINT('',(6.003536765897,10.196544554797));
#3380 = CARTESIAN_POINT('',(6.072098232352,10.222715188908));
#3381 = CARTESIAN_POINT('',(6.141734872002,10.240818519821));
#3382 = CARTESIAN_POINT('',(6.212180461261,10.25));
#3383 = CARTESIAN_POINT('',(6.28318530718,10.25));
#3384 = ( GEOMETRIC_REPRESENTATION_CONTEXT(2) 
PARAMETRIC_REPRESENTATION_CONTEXT() REPRESENTATION_CONTEXT('2D SPACE',''
  ) );
#3385 = ORIENTED_EDGE('',*,*,#3386,.F.);
#3386 = EDGE_CURVE('',#2840,#3218,#3387,.T.);
#3387 = SURFACE_CURVE('',#3388,(#3439,#3493),.PCURVE_S1.);
#3388 = B_SPLINE_CURVE_WITH_KNOTS('',7,(#3389,#3390,#3391,#3392,#3393,
    #3394,#3395,#3396,#3397,#3398,#3399,#3400,#3401,#3402,#3403,#3404,
    #3405,#3406,#3407,#3408,#3409,#3410,#3411,#3412,#3413,#3414,#3415,
    #3416,#3417,#3418,#3419,#3420,#3421,#3422,#3423,#3424,#3425,#3426,
    #3427,#3428,#3429,#3430,#3431,#3432,#3433,#3434,#3435,#3436,#3437,
    #3438),.UNSPECIFIED.,.F.,.F.,(8,6,6,6,6,6,6,6,8),(0.,
    7.919324680897E-02,0.190933533859,0.241725146425,0.489754249373,
    0.757808267789,0.809005509637,0.870992536764,1.),.UNSPECIFIED.);
#3389 = CARTESIAN_POINT('',(460.25,-8.881784197001E-16,129.));
#3390 = CARTESIAN_POINT('',(460.25,-0.173625812273,129.));
#3391 = CARTESIAN_POINT('',(460.24656876023,-0.346995080939,
    128.9912074205));
#3392 = CARTESIAN_POINT('',(460.23972451364,-0.519124274259,
    128.97366913083));
#3393 = CARTESIAN_POINT('',(460.22959489829,-0.689037213412,
    128.94760865876));
#3394 = CARTESIAN_POINT('',(460.21641470297,-0.855781067952,
    128.91342461671));
#3395 = CARTESIAN_POINT('',(460.20051385422,-1.018442120536,
    128.8716928146));
#3396 = CARTESIAN_POINT('',(460.15659006927,-1.398700307733,
    128.75471012138));
#3397 = CARTESIAN_POINT('',(460.12627904253,-1.611330306808,
    128.67275399603));
#3398 = CARTESIAN_POINT('',(460.09228234366,-1.813541226728,
    128.57886735566));
#3399 = CARTESIAN_POINT('',(460.0555221472,-2.004975513987,
    128.47451191418));
#3400 = CARTESIAN_POINT('',(460.016884889,-2.185407772367,
    128.36106710957));
#3401 = CARTESIAN_POINT('',(459.97719327672,-2.354727333213,
    128.23984604338));
#3402 = CARTESIAN_POINT('',(459.91900422558,-2.584832033006,
    128.05404412821));
#3403 = CARTESIAN_POINT('',(459.90073694435,-2.654514732888,
    127.994575337));
#3404 = CARTESIAN_POINT('',(459.88244768224,-2.721995004653,
    127.93378850603));
#3405 = CARTESIAN_POINT('',(459.86419392333,-2.787296596116,
    127.87176406214));
#3406 = CARTESIAN_POINT('',(459.846029555,-2.850443854513,
    127.80857565639));
#3407 = CARTESIAN_POINT('',(459.8280048679,-2.911461726496,
    127.74429016406));
#3408 = CARTESIAN_POINT('',(459.72305728161,-3.258068817666,
    127.35998045137));
#3409 = CARTESIAN_POINT('',(459.6401572496,-3.496371784245,
    127.01540048458));
#3410 = CARTESIAN_POINT('',(459.5671763778,-3.687034404055,
    126.6527533608));
#3411 = CARTESIAN_POINT('',(459.50826924834,-3.831727143417,
    126.27739248462));
#3412 = CARTESIAN_POINT('',(459.46622849661,-3.931658360329,
    125.89340415238));
#3413 = CARTESIAN_POINT('',(459.44265242211,-3.987349917493,
    125.50420302468));
#3414 = CARTESIAN_POINT('',(459.43290800114,-4.010350980111,
    124.69016474536));
#3415 = CARTESIAN_POINT('',(459.44994686297,-3.970083098353,
    124.26773692232));
#3416 = CARTESIAN_POINT('',(459.48911187113,-3.878309043755,
    123.84986725829));
#3417 = CARTESIAN_POINT('',(459.54880226601,-3.734512327168,
    123.44076429528));
#3418 = CARTESIAN_POINT('',(459.62574233328,-3.537334383368,
    123.04554088436));
#3419 = CARTESIAN_POINT('',(459.7148239571,-3.284760229271,
    122.67075054584));
#3420 = CARTESIAN_POINT('',(459.82680257515,-2.915523936643,
    122.26000635296));
#3421 = CARTESIAN_POINT('',(459.8449518405,-2.854177218783,
    122.1951858078));
#3422 = CARTESIAN_POINT('',(459.86324516999,-2.790670773274,
    122.13147547679));
#3423 = CARTESIAN_POINT('',(459.88163128285,-2.724979069162,
    122.06894347196));
#3424 = CARTESIAN_POINT('',(459.90005518759,-2.657077226292,
    122.0076649112));
#3425 = CARTESIAN_POINT('',(459.91845818198,-2.586941015307,
    121.94772191825));
#3426 = CARTESIAN_POINT('',(459.95895838281,-2.426895678538,
    121.81835263468));
#3427 = CARTESIAN_POINT('',(459.98102094196,-2.335917862791,
    121.74957650015));
#3428 = CARTESIAN_POINT('',(460.00284974966,-2.241588408578,
    121.68305052839));
#3429 = CARTESIAN_POINT('',(460.02432033206,-2.143889672324,
    121.61896340315));
#3430 = CARTESIAN_POINT('',(460.0453002214,-2.042811610046,
    121.55751741529));
#3431 = CARTESIAN_POINT('',(460.06564965505,-1.938352018694,
    121.49892869545));
#3432 = CARTESIAN_POINT('',(460.12595682997,-1.606089964985,
    121.32791819174));
#3433 = CARTESIAN_POINT('',(460.16369963131,-1.364986405879,
    121.22472408182));
#3434 = CARTESIAN_POINT('',(460.19654455479,-1.109405773974,
    121.13771943316));
#3435 = CARTESIAN_POINT('',(460.2227151889,-0.842008749532,
    121.06991611999));
#3436 = CARTESIAN_POINT('',(460.24081851982,-0.565801970301,
    121.02352808864));
#3437 = CARTESIAN_POINT('',(460.25,-0.284019383676,121.));
#3438 = CARTESIAN_POINT('',(460.25,-1.7763568394E-15,121.));
#3439 = PCURVE('',#2615,#3440);
#3440 = DEFINITIONAL_REPRESENTATION('',(#3441),#3492);
#3441 = B_SPLINE_CURVE_WITH_KNOTS('',7,(#3442,#3443,#3444,#3445,#3446,
    #3447,#3448,#3449,#3450,#3451,#3452,#3453,#3454,#3455,#3456,#3457,
    #3458,#3459,#3460,#3461,#3462,#3463,#3464,#3465,#3466,#3467,#3468,
    #3469,#3470,#3471,#3472,#3473,#3474,#3475,#3476,#3477,#3478,#3479,
    #3480,#3481,#3482,#3483,#3484,#3485,#3486,#3487,#3488,#3489,#3490,
    #3491),.UNSPECIFIED.,.F.,.F.,(8,6,6,6,6,6,6,6,8),(0.,
    7.919324680897E-02,0.190933533859,0.241725146425,0.489754249373,
    0.757808267789,0.809005509637,0.870992536764,1.),.UNSPECIFIED.);
#3442 = CARTESIAN_POINT('',(6.28318530718,79.));
#3443 = CARTESIAN_POINT('',(6.266246203543,79.));
#3444 = CARTESIAN_POINT('',(6.249332125918,78.991207420503));
#3445 = CARTESIAN_POINT('',(6.232531104654,78.973669130837));
#3446 = CARTESIAN_POINT('',(6.215930508241,78.947608658765));
#3447 = CARTESIAN_POINT('',(6.199616656359,78.913424616719));
#3448 = CARTESIAN_POINT('',(6.18367409684,78.871692814608));
#3449 = CARTESIAN_POINT('',(6.146329061843,78.754710121384));
#3450 = CARTESIAN_POINT('',(6.125382371306,78.672753996033));
#3451 = CARTESIAN_POINT('',(6.105387128876,78.578867355666));
#3452 = CARTESIAN_POINT('',(6.086377703054,78.474511914189));
#3453 = CARTESIAN_POINT('',(6.068381027016,78.361067109579));
#3454 = CARTESIAN_POINT('',(6.051416820662,78.239846043384));
#3455 = CARTESIAN_POINT('',(6.028260904775,78.054044128212));
#3456 = CARTESIAN_POINT('',(6.021233129613,77.994575337006));
#3457 = CARTESIAN_POINT('',(6.014412539921,77.933788506037));
#3458 = CARTESIAN_POINT('',(6.007797798195,77.871764062146));
#3459 = CARTESIAN_POINT('',(6.00138754863,77.808575656394));
#3460 = CARTESIAN_POINT('',(5.995180417123,77.744290164066));
#3461 = CARTESIAN_POINT('',(5.959848999537,77.359980451373));
#3462 = CARTESIAN_POINT('',(5.935253768633,77.01540048458));
#3463 = CARTESIAN_POINT('',(5.915346205391,76.6527533608));
#3464 = CARTESIAN_POINT('',(5.900106293484,76.277392484621));
#3465 = CARTESIAN_POINT('',(5.889529288887,75.893404152384));
#3466 = CARTESIAN_POINT('',(5.883629168379,75.504203024681));
#3467 = CARTESIAN_POINT('',(5.88119209087,74.690164745361));
#3468 = CARTESIAN_POINT('',(5.885457881484,74.267736922323));
#3469 = CARTESIAN_POINT('',(5.895192673359,73.849867258292));
#3470 = CARTESIAN_POINT('',(5.910381887983,73.440764295281));
#3471 = CARTESIAN_POINT('',(5.931020832161,73.04554088436));
#3472 = CARTESIAN_POINT('',(5.957123920744,72.67075054584));
#3473 = CARTESIAN_POINT('',(5.99476711877,72.260006352964));
#3474 = CARTESIAN_POINT('',(6.001008460364,72.195185807805));
#3475 = CARTESIAN_POINT('',(6.007455860867,72.131475476797));
#3476 = CARTESIAN_POINT('',(6.014110726933,72.068943471966));
#3477 = CARTESIAN_POINT('',(6.020974442559,72.0076649112));
#3478 = CARTESIAN_POINT('',(6.028048369086,71.947721918256));
#3479 = CARTESIAN_POINT('',(6.044154730639,71.818352634687));
#3480 = CARTESIAN_POINT('',(6.053287424836,71.749576500153));
#3481 = CARTESIAN_POINT('',(6.062732642405,71.683050528393));
#3482 = CARTESIAN_POINT('',(6.072490550415,71.618963403152));
#3483 = CARTESIAN_POINT('',(6.082560828041,71.557517415299));
#3484 = CARTESIAN_POINT('',(6.092942726211,71.498928695457));
#3485 = CARTESIAN_POINT('',(6.125888163075,71.327918191746));
#3486 = CARTESIAN_POINT('',(6.149689947613,71.224724081822));
#3487 = CARTESIAN_POINT('',(6.174813955406,71.137719433169));
#3488 = CARTESIAN_POINT('',(6.201003453405,71.069916119991));
#3489 = CARTESIAN_POINT('',(6.227985081024,71.023528088641));
#3490 = CARTESIAN_POINT('',(6.255476099016,71.));
#3491 = CARTESIAN_POINT('',(6.28318530718,71.));
#3492 = ( GEOMETRIC_REPRESENTATION_CONTEXT(2) 
PARAMETRIC_REPRESENTATION_CONTEXT() REPRESENTATION_CONTEXT('2D SPACE',''
  ) );
#3493 = PCURVE('',#2506,#3494);
#3494 = DEFINITIONAL_REPRESENTATION('',(#3495),#3530);
#3495 = B_SPLINE_CURVE_WITH_KNOTS('',9,(#3496,#3497,#3498,#3499,#3500,
    #3501,#3502,#3503,#3504,#3505,#3506,#3507,#3508,#3509,#3510,#3511,
    #3512,#3513,#3514,#3515,#3516,#3517,#3518,#3519,#3520,#3521,#3522,
    #3523,#3524,#3525,#3526,#3527,#3528,#3529),.UNSPECIFIED.,.F.,.F.,(10
    ,8,8,8,10),(0.,4.14030150482E-02,7.245527633436E-02,0.119033668264,
    0.165612060193),.UNSPECIFIED.);
#3496 = CARTESIAN_POINT('',(3.14159265359,0.25));
#3497 = CARTESIAN_POINT('',(3.159243016908,0.25));
#3498 = CARTESIAN_POINT('',(3.176883154352,0.249452922611));
#3499 = CARTESIAN_POINT('',(3.194506378903,0.248359829572));
#3500 = CARTESIAN_POINT('',(3.212106005047,0.246724088704));
#3501 = CARTESIAN_POINT('',(3.229675312024,0.244551326015));
#3502 = CARTESIAN_POINT('',(3.247207507074,0.241849377817));
#3503 = CARTESIAN_POINT('',(3.264695688694,0.238628242834));
#3504 = CARTESIAN_POINT('',(3.282132809883,0.234900034317));
#3505 = CARTESIAN_POINT('',(3.312545765029,0.227513105535));
#3506 = CARTESIAN_POINT('',(3.325547100708,0.224070022977));
#3507 = CARTESIAN_POINT('',(3.338512598157,0.2203556523));
#3508 = CARTESIAN_POINT('',(3.351439149502,0.216376610287));
#3509 = CARTESIAN_POINT('',(3.364323580037,0.212140137527));
#3510 = CARTESIAN_POINT('',(3.377162638997,0.20765407326));
#3511 = CARTESIAN_POINT('',(3.389952990326,0.202926830223));
#3512 = CARTESIAN_POINT('',(3.402691203442,0.197967369486));
#3513 = CARTESIAN_POINT('',(3.434397554861,0.185011884033));
#3514 = CARTESIAN_POINT('',(3.453296885767,0.176737156785));
#3515 = CARTESIAN_POINT('',(3.47205655311,0.16799374635));
#3516 = CARTESIAN_POINT('',(3.490652226174,0.158824444472));
#3517 = CARTESIAN_POINT('',(3.509157361987,0.149223141057));
#3518 = CARTESIAN_POINT('',(3.527492202418,0.139255124561));
#3519 = CARTESIAN_POINT('',(3.545716268287,0.128922017378));
#3520 = CARTESIAN_POINT('',(3.563806066825,0.118262444397));
#3521 = CARTESIAN_POINT('',(3.599733423561,9.63387146898E-02));
#3522 = CARTESIAN_POINT('',(3.617570246493,8.507488034568E-02));
#3523 = CARTESIAN_POINT('',(3.635281890874,7.353612220496E-02));
#3524 = CARTESIAN_POINT('',(3.652869887804,6.174918688762E-02));
#3525 = CARTESIAN_POINT('',(3.670335626778,4.974046599384E-02));
#3526 = CARTESIAN_POINT('',(3.687680359871,3.753594015829E-02));
#3527 = CARTESIAN_POINT('',(3.704905205923,2.51611231045E-02));
#3528 = CARTESIAN_POINT('',(3.72201115472,1.264100569914E-02));
#3529 = CARTESIAN_POINT('',(3.738999071179,6.36646291241E-12));
#3530 = ( GEOMETRIC_REPRESENTATION_CONTEXT(2) 
PARAMETRIC_REPRESENTATION_CONTEXT() REPRESENTATION_CONTEXT('2D SPACE',''
  ) );
#3531 = ORIENTED_EDGE('',*,*,#2839,.T.);
#3532 = ORIENTED_EDGE('',*,*,#3533,.F.);
#3533 = EDGE_CURVE('',#2842,#2842,#3534,.T.);
#3534 = SURFACE_CURVE('',#3535,(#3540,#3547),.PCURVE_S1.);
#3535 = CIRCLE('',#3536,10.25);
#3536 = AXIS2_PLACEMENT_3D('',#3537,#3538,#3539);
#3537 = CARTESIAN_POINT('',(450.,0.,140.));
#3538 = DIRECTION('',(0.,0.,1.));
#3539 = DIRECTION('',(1.,0.,-0.));
#3540 = PCURVE('',#2615,#3541);
#3541 = DEFINITIONAL_REPRESENTATION('',(#3542),#3546);
#3542 = LINE('',#3543,#3544);
#3543 = CARTESIAN_POINT('',(0.,90.));
#3544 = VECTOR('',#3545,1.);
#3545 = DIRECTION('',(1.,0.));
#3546 = ( GEOMETRIC_REPRESENTATION_CONTEXT(2) 
PARAMETRIC_REPRESENTATION_CONTEXT() REPRESENTATION_CONTEXT('2D SPACE',''
  ) );
#3547 = PCURVE('',#3548,#3553);
#3548 = PLANE('',#3549);
#3549 = AXIS2_PLACEMENT_3D('',#3550,#3551,#3552);
#3550 = CARTESIAN_POINT('',(430.,-20.,140.));
#3551 = DIRECTION('',(0.,0.,1.));
#3552 = DIRECTION('',(1.,0.,-0.));
#3553 = DEFINITIONAL_REPRESENTATION('',(#3554),#3558);
#3554 = CIRCLE('',#3555,10.25);
#3555 = AXIS2_PLACEMENT_2D('',#3556,#3557);
#3556 = CARTESIAN_POINT('',(20.,20.));
#3557 = DIRECTION('',(1.,0.));
#3558 = ( GEOMETRIC_REPRESENTATION_CONTEXT(2) 
PARAMETRIC_REPRESENTATION_CONTEXT() REPRESENTATION_CONTEXT('2D SPACE',''
  ) );
#3559 = FACE_BOUND('',#3560,.F.);
#3560 = EDGE_LOOP('',(#3561,#3590,#3725,#3752));
#3561 = ORIENTED_EDGE('',*,*,#3562,.F.);
#3562 = EDGE_CURVE('',#3563,#3565,#3567,.T.);
#3563 = VERTEX_POINT('',#3564);
#3564 = CARTESIAN_POINT('',(440.,-2.25,108.0156865167));
#3565 = VERTEX_POINT('',#3566);
#3566 = CARTESIAN_POINT('',(440.,-2.25,111.98431348329));
#3567 = SURFACE_CURVE('',#3568,(#3572,#3578),.PCURVE_S1.);
#3568 = LINE('',#3569,#3570);
#3569 = CARTESIAN_POINT('',(440.,-2.25,50.));
#3570 = VECTOR('',#3571,1.);
#3571 = DIRECTION('',(0.,0.,1.));
#3572 = PCURVE('',#2615,#3573);
#3573 = DEFINITIONAL_REPRESENTATION('',(#3574),#3577);
#3574 = B_SPLINE_CURVE_WITH_KNOTS('',1,(#3575,#3576),.UNSPECIFIED.,.F.,
  .F.,(2,2),(56.4,63.6),.PIECEWISE_BEZIER_KNOTS.);
#3575 = CARTESIAN_POINT('',(3.362907095938,56.4));
#3576 = CARTESIAN_POINT('',(3.362907095938,63.6));
#3577 = ( GEOMETRIC_REPRESENTATION_CONTEXT(2) 
PARAMETRIC_REPRESENTATION_CONTEXT() REPRESENTATION_CONTEXT('2D SPACE',''
  ) );
#3578 = PCURVE('',#3579,#3584);
#3579 = PLANE('',#3580);
#3580 = AXIS2_PLACEMENT_3D('',#3581,#3582,#3583);
#3581 = CARTESIAN_POINT('',(440.,0.,110.));
#3582 = DIRECTION('',(1.,0.,2.22044604925E-16));
#3583 = DIRECTION('',(2.22044604925E-16,0.,-1.));
#3584 = DEFINITIONAL_REPRESENTATION('',(#3585),#3589);
#3585 = LINE('',#3586,#3587);
#3586 = CARTESIAN_POINT('',(60.,-2.25));
#3587 = VECTOR('',#3588,1.);
#3588 = DIRECTION('',(-1.,0.));
#3589 = ( GEOMETRIC_REPRESENTATION_CONTEXT(2) 
PARAMETRIC_REPRESENTATION_CONTEXT() REPRESENTATION_CONTEXT('2D SPACE',''
  ) );
#3590 = ORIENTED_EDGE('',*,*,#3591,.F.);
#3591 = EDGE_CURVE('',#3592,#3563,#3594,.T.);
#3592 = VERTEX_POINT('',#3593);
#3593 = CARTESIAN_POINT('',(440.,2.25,108.0156865167));
#3594 = SURFACE_CURVE('',#3595,(#3618,#3669),.PCURVE_S1.);
#3595 = B_SPLINE_CURVE_WITH_KNOTS('',6,(#3596,#3597,#3598,#3599,#3600,
    #3601,#3602,#3603,#3604,#3605,#3606,#3607,#3608,#3609,#3610,#3611,
    #3612,#3613,#3614,#3615,#3616,#3617),.UNSPECIFIED.,.F.,.F.,(7,5,5,5,
    7),(0.,0.506646032441,0.999998200862,1.477924436676,1.99959074962),
  .UNSPECIFIED.);
#3596 = CARTESIAN_POINT('',(439.99999999999,2.250000000001,
    108.0156865167));
#3597 = CARTESIAN_POINT('',(439.97183864989,2.12483844401,
    107.87376665205));
#3598 = CARTESIAN_POINT('',(439.94260212205,1.986120724749,
    107.73812958817));
#3599 = CARTESIAN_POINT('',(439.91300017067,1.833545546182,
    107.61025801296));
#3600 = CARTESIAN_POINT('',(439.88391364645,1.666900569868,
    107.49188858861));
#3601 = CARTESIAN_POINT('',(439.85641327597,1.486147384236,
    107.38507030801));
#3602 = CARTESIAN_POINT('',(439.80762383189,1.102025667669,
    107.20185364763));
#3603 = CARTESIAN_POINT('',(439.78605611872,0.898314133417,
    107.12422456251));
#3604 = CARTESIAN_POINT('',(439.76847632765,0.682934575175,
    107.06312466271));
#3605 = CARTESIAN_POINT('',(439.7562030377,0.459047304637,
    107.02119446637));
#3606 = CARTESIAN_POINT('',(439.75,0.230186327521,107.));
#3607 = CARTESIAN_POINT('',(439.75,-0.222988956146,107.));
#3608 = CARTESIAN_POINT('',(439.75582121667,-0.444822133032,
    107.01988977424));
#3609 = CARTESIAN_POINT('',(439.76735143066,-0.66212818966,
    107.05928177119));
#3610 = CARTESIAN_POINT('',(439.78391345309,-0.871632107005,
    107.11678017011));
#3611 = CARTESIAN_POINT('',(439.80432693321,-1.070383787629,
    107.19000981567));
#3612 = CARTESIAN_POINT('',(439.85225314695,-1.458560434975,
    107.36896170121));
#3613 = CARTESIAN_POINT('',(439.88037623164,-1.646534208827,
    107.4775363176));
#3614 = CARTESIAN_POINT('',(439.91029538619,-1.819573680197,
    107.59859959273));
#3615 = CARTESIAN_POINT('',(439.94082399208,-1.977678866839,
    107.72988792268));
#3616 = CARTESIAN_POINT('',(439.97098651391,-2.121051172983,
    107.86947229036));
#3617 = CARTESIAN_POINT('',(439.99999999999,-2.250000000001,
    108.0156865167));
#3618 = PCURVE('',#2615,#3619);
#3619 = DEFINITIONAL_REPRESENTATION('',(#3620),#3668);
#3620 = B_SPLINE_CURVE_WITH_KNOTS('',3,(#3621,#3622,#3623,#3624,#3625,
    #3626,#3627,#3628,#3629,#3630,#3631,#3632,#3633,#3634,#3635,#3636,
    #3637,#3638,#3639,#3640,#3641,#3642,#3643,#3644,#3645,#3646,#3647,
    #3648,#3649,#3650,#3651,#3652,#3653,#3654,#3655,#3656,#3657,#3658,
    #3659,#3660,#3661,#3662,#3663,#3664,#3665,#3666,#3667),
  .UNSPECIFIED.,.F.,.F.,(4,1,1,1,1,1,1,1,1,1,1,1,1,1,1,1,1,1,1,1,1,1,1,1
    ,1,1,1,1,1,1,1,1,1,1,1,1,1,1,1,1,1,1,1,1,4),(0.,4.544524430954E-02,
    9.089048861908E-02,0.136335732929,0.181780977238,0.227226221548,
    0.272671465857,0.318116710167,0.363561954476,0.409007198786,
    0.454452443095,0.499897687405,0.545342931714,0.590788176024,
    0.636233420334,0.681678664643,0.727123908953,0.772569153262,
    0.818014397572,0.863459641881,0.908904886191,0.9543501305,
    0.99979537481,1.045240619119,1.090685863429,1.136131107738,
    1.181576352048,1.227021596358,1.272466840667,1.317912084977,
    1.363357329286,1.408802573596,1.454247817905,1.499693062215,
    1.545138306524,1.590583550834,1.636028795143,1.681474039453,
    1.726919283762,1.772364528072,1.817809772382,1.863255016691,
    1.908700261001,1.95414550531,1.99959074962),.QUASI_UNIFORM_KNOTS.);
#3621 = CARTESIAN_POINT('',(2.920278211242,58.015686516703));
#3622 = CARTESIAN_POINT('',(2.922523546031,57.990227118061));
#3623 = CARTESIAN_POINT('',(2.927119953196,57.939811859481));
#3624 = CARTESIAN_POINT('',(2.934332900727,57.865837806352));
#3625 = CARTESIAN_POINT('',(2.94186540321,57.79364830869));
#3626 = CARTESIAN_POINT('',(2.949718349311,57.7233878299));
#3627 = CARTESIAN_POINT('',(2.957892379325,57.655206904363));
#3628 = CARTESIAN_POINT('',(2.966387838501,57.589263167269));
#3629 = CARTESIAN_POINT('',(2.975204736909,57.525721538533));
#3630 = CARTESIAN_POINT('',(2.984342810259,57.464754136744));
#3631 = CARTESIAN_POINT('',(2.993801168934,57.406542166831));
#3632 = CARTESIAN_POINT('',(3.003579490863,57.351270230733));
#3633 = CARTESIAN_POINT('',(3.01367344763,57.299149020254));
#3634 = CARTESIAN_POINT('',(3.024091649706,57.250332106084));
#3635 = CARTESIAN_POINT('',(3.034836735684,57.205030424512));
#3636 = CARTESIAN_POINT('',(3.045876754039,57.163591100106));
#3637 = CARTESIAN_POINT('',(3.057187147718,57.126290584061));
#3638 = CARTESIAN_POINT('',(3.068740145407,57.093387890681));
#3639 = CARTESIAN_POINT('',(3.080507718373,57.065110502465));
#3640 = CARTESIAN_POINT('',(3.092460997233,57.041658268144));
#3641 = CARTESIAN_POINT('',(3.104570242368,57.023202434513));
#3642 = CARTESIAN_POINT('',(3.11680610249,57.00988592431));
#3643 = CARTESIAN_POINT('',(3.129135133608,57.001823270311));
#3644 = CARTESIAN_POINT('',(3.141536959225,56.999100452691));
#3645 = CARTESIAN_POINT('',(3.153940580676,57.001775241323));
#3646 = CARTESIAN_POINT('',(3.166273201741,57.009793249728));
#3647 = CARTESIAN_POINT('',(3.178514211887,57.023070189599));
#3648 = CARTESIAN_POINT('',(3.190629507893,57.041492443846));
#3649 = CARTESIAN_POINT('',(3.202589190514,57.064916987483));
#3650 = CARTESIAN_POINT('',(3.214362940727,57.093171507661));
#3651 = CARTESIAN_POINT('',(3.225921331063,57.126054140805));
#3652 = CARTESIAN_POINT('',(3.237235746476,57.163334303751));
#3653 = CARTESIAN_POINT('',(3.248277965977,57.204749293289));
#3654 = CARTESIAN_POINT('',(3.259022530028,57.250016479637));
#3655 = CARTESIAN_POINT('',(3.269438346367,57.29878711732));
#3656 = CARTESIAN_POINT('',(3.27953944069,57.350910534962));
#3657 = CARTESIAN_POINT('',(3.289323555604,57.406184027456));
#3658 = CARTESIAN_POINT('',(3.298788990927,57.46441017248));
#3659 = CARTESIAN_POINT('',(3.307934435224,57.525400489788));
#3660 = CARTESIAN_POINT('',(3.316758979566,57.5889740468));
#3661 = CARTESIAN_POINT('',(3.325262083257,57.654957423795));
#3662 = CARTESIAN_POINT('',(3.333443553901,57.723184341256));
#3663 = CARTESIAN_POINT('',(3.341303521651,57.793495325799));
#3664 = CARTESIAN_POINT('',(3.348842424983,57.865737606423));
#3665 = CARTESIAN_POINT('',(3.356060957871,57.939764097753));
#3666 = CARTESIAN_POINT('',(3.36066042643,57.990211933755));
#3667 = CARTESIAN_POINT('',(3.362907095937,58.015686516703));
#3668 = ( GEOMETRIC_REPRESENTATION_CONTEXT(2) 
PARAMETRIC_REPRESENTATION_CONTEXT() REPRESENTATION_CONTEXT('2D SPACE',''
  ) );
#3669 = PCURVE('',#3670,#3675);
#3670 = CYLINDRICAL_SURFACE('',#3671,3.);
#3671 = AXIS2_PLACEMENT_3D('',#3672,#3673,#3674);
#3672 = CARTESIAN_POINT('',(420.,0.,110.));
#3673 = DIRECTION('',(1.,0.,2.22044604925E-16));
#3674 = DIRECTION('',(2.22044604925E-16,0.,-1.));
#3675 = DEFINITIONAL_REPRESENTATION('',(#3676),#3724);
#3676 = B_SPLINE_CURVE_WITH_KNOTS('',3,(#3677,#3678,#3679,#3680,#3681,
    #3682,#3683,#3684,#3685,#3686,#3687,#3688,#3689,#3690,#3691,#3692,
    #3693,#3694,#3695,#3696,#3697,#3698,#3699,#3700,#3701,#3702,#3703,
    #3704,#3705,#3706,#3707,#3708,#3709,#3710,#3711,#3712,#3713,#3714,
    #3715,#3716,#3717,#3718,#3719,#3720,#3721,#3722,#3723),
  .UNSPECIFIED.,.F.,.F.,(4,1,1,1,1,1,1,1,1,1,1,1,1,1,1,1,1,1,1,1,1,1,1,1
    ,1,1,1,1,1,1,1,1,1,1,1,1,1,1,1,1,1,1,1,1,4),(0.,4.544524430954E-02,
    9.089048861908E-02,0.136335732929,0.181780977238,0.227226221548,
    0.272671465857,0.318116710167,0.363561954476,0.409007198786,
    0.454452443095,0.499897687405,0.545342931714,0.590788176024,
    0.636233420334,0.681678664643,0.727123908953,0.772569153262,
    0.818014397572,0.863459641881,0.908904886191,0.9543501305,
    0.99979537481,1.045240619119,1.090685863429,1.136131107738,
    1.181576352048,1.227021596358,1.272466840667,1.317912084977,
    1.363357329286,1.408802573596,1.454247817905,1.499693062215,
    1.545138306524,1.590583550834,1.636028795143,1.681474039453,
    1.726919283762,1.772364528072,1.817809772382,1.863255016691,
    1.908700261001,1.95414550531,1.99959074962),.QUASI_UNIFORM_KNOTS.);
#3677 = CARTESIAN_POINT('',(7.131247386162,19.999999999991));
#3678 = CARTESIAN_POINT('',(7.119931829075,19.994948292301));
#3679 = CARTESIAN_POINT('',(7.097186758986,19.984757088675));
#3680 = CARTESIAN_POINT('',(7.062713790732,19.969274840289));
#3681 = CARTESIAN_POINT('',(7.027872153192,19.953663472404));
#3682 = CARTESIAN_POINT('',(6.992647877979,19.937994902695));
#3683 = CARTESIAN_POINT('',(6.957026520412,19.92234472579));
#3684 = CARTESIAN_POINT('',(6.920993029699,19.906792687286));
#3685 = CARTESIAN_POINT('',(6.884531794731,19.891422513066));
#3686 = CARTESIAN_POINT('',(6.847626239787,19.876321736652));
#3687 = CARTESIAN_POINT('',(6.81025996755,19.861581989734));
#3688 = CARTESIAN_POINT('',(6.772412071,19.847297252477));
#3689 = CARTESIAN_POINT('',(6.734074115774,19.833569612182));
#3690 = CARTESIAN_POINT('',(6.695186150433,19.820486839288));
#3691 = CARTESIAN_POINT('',(6.655710194681,19.808151586962));
#3692 = CARTESIAN_POINT('',(6.615729580537,19.796704519853));
#3693 = CARTESIAN_POINT('',(6.575291789287,19.78626767355));
#3694 = CARTESIAN_POINT('',(6.53444930157,19.776957014511));
#3695 = CARTESIAN_POINT('',(6.493249305098,19.768877270818));
#3696 = CARTESIAN_POINT('',(6.451736731102,19.762121687298));
#3697 = CARTESIAN_POINT('',(6.40995502118,19.756770635952));
#3698 = CARTESIAN_POINT('',(6.367942557464,19.752890704339));
#3699 = CARTESIAN_POINT('',(6.325748635475,19.750533840422));
#3700 = CARTESIAN_POINT('',(6.283375543852,19.749736617167));
#3701 = CARTESIAN_POINT('',(6.240996630914,19.750519785268));
#3702 = CARTESIAN_POINT('',(6.198791338307,19.752863650854));
#3703 = CARTESIAN_POINT('',(6.156762652095,19.75673218642));
#3704 = CARTESIAN_POINT('',(6.114961996643,19.762073747872));
#3705 = CARTESIAN_POINT('',(6.073429511909,19.76882173512));
#3706 = CARTESIAN_POINT('',(6.032210545145,19.7768954704));
#3707 = CARTESIAN_POINT('',(5.991351930441,19.786201128453));
#3708 = CARTESIAN_POINT('',(5.950902960845,19.796633107928));
#3709 = CARTESIAN_POINT('',(5.910917875786,19.808074452385));
#3710 = CARTESIAN_POINT('',(5.871447681357,19.820401498032));
#3711 = CARTESIAN_POINT('',(5.832573221679,19.833473431267));
#3712 = CARTESIAN_POINT('',(5.794213095754,19.847203414538));
#3713 = CARTESIAN_POINT('',(5.756347584729,19.86149037415));
#3714 = CARTESIAN_POINT('',(5.718958200424,19.87623562621));
#3715 = CARTESIAN_POINT('',(5.68202749523,19.891343978937));
#3716 = CARTESIAN_POINT('',(5.645538958048,19.90672370385));
#3717 = CARTESIAN_POINT('',(5.609476913833,19.922286766675));
#3718 = CARTESIAN_POINT('',(5.573826447698,19.937948960031));
#3719 = CARTESIAN_POINT('',(5.538573337152,19.953629978823));
#3720 = CARTESIAN_POINT('',(5.503704022165,19.969253632552));
#3721 = CARTESIAN_POINT('',(5.469205495788,19.984747376798));
#3722 = CARTESIAN_POINT('',(5.446445525438,19.994945286014));
#3723 = CARTESIAN_POINT('',(5.435123228198,19.999999999991));
#3724 = ( GEOMETRIC_REPRESENTATION_CONTEXT(2) 
PARAMETRIC_REPRESENTATION_CONTEXT() REPRESENTATION_CONTEXT('2D SPACE',''
  ) );
#3725 = ORIENTED_EDGE('',*,*,#3726,.T.);
#3726 = EDGE_CURVE('',#3592,#3727,#3729,.T.);
#3727 = VERTEX_POINT('',#3728);
#3728 = CARTESIAN_POINT('',(440.,2.25,111.98431348329));
#3729 = SURFACE_CURVE('',#3730,(#3734,#3740),.PCURVE_S1.);
#3730 = LINE('',#3731,#3732);
#3731 = CARTESIAN_POINT('',(440.,2.25,50.));
#3732 = VECTOR('',#3733,1.);
#3733 = DIRECTION('',(0.,0.,1.));
#3734 = PCURVE('',#2615,#3735);
#3735 = DEFINITIONAL_REPRESENTATION('',(#3736),#3739);
#3736 = B_SPLINE_CURVE_WITH_KNOTS('',1,(#3737,#3738),.UNSPECIFIED.,.F.,
  .F.,(2,2),(56.4,63.6),.PIECEWISE_BEZIER_KNOTS.);
#3737 = CARTESIAN_POINT('',(2.920278211242,56.4));
#3738 = CARTESIAN_POINT('',(2.920278211242,63.6));
#3739 = ( GEOMETRIC_REPRESENTATION_CONTEXT(2) 
PARAMETRIC_REPRESENTATION_CONTEXT() REPRESENTATION_CONTEXT('2D SPACE',''
  ) );
#3740 = PCURVE('',#3741,#3746);
#3741 = PLANE('',#3742);
#3742 = AXIS2_PLACEMENT_3D('',#3743,#3744,#3745);
#3743 = CARTESIAN_POINT('',(440.,0.,110.));
#3744 = DIRECTION('',(1.,0.,2.22044604925E-16));
#3745 = DIRECTION('',(2.22044604925E-16,0.,-1.));
#3746 = DEFINITIONAL_REPRESENTATION('',(#3747),#3751);
#3747 = LINE('',#3748,#3749);
#3748 = CARTESIAN_POINT('',(60.,2.25));
#3749 = VECTOR('',#3750,1.);
#3750 = DIRECTION('',(-1.,0.));
#3751 = ( GEOMETRIC_REPRESENTATION_CONTEXT(2) 
PARAMETRIC_REPRESENTATION_CONTEXT() REPRESENTATION_CONTEXT('2D SPACE',''
  ) );
#3752 = ORIENTED_EDGE('',*,*,#3753,.T.);
#3753 = EDGE_CURVE('',#3727,#3565,#3754,.T.);
#3754 = SURFACE_CURVE('',#3755,(#3783,#3814),.PCURVE_S1.);
#3755 = B_SPLINE_CURVE_WITH_KNOTS('',6,(#3756,#3757,#3758,#3759,#3760,
    #3761,#3762,#3763,#3764,#3765,#3766,#3767,#3768,#3769,#3770,#3771,
    #3772,#3773,#3774,#3775,#3776,#3777,#3778,#3779,#3780,#3781,#3782),
  .UNSPECIFIED.,.F.,.F.,(7,5,5,5,5,7),(0.,0.260666198399,0.400875258866,
    0.606230204493,0.746947826411,1.),.UNSPECIFIED.);
#3756 = CARTESIAN_POINT('',(440.0000006,2.250002666747,111.98431045948)
  );
#3757 = CARTESIAN_POINT('',(439.97098703371,2.121053643785,
    112.13052530412));
#3758 = CARTESIAN_POINT('',(439.94082441298,1.977681046643,
    112.27011026721));
#3759 = CARTESIAN_POINT('',(439.91029569557,1.819575469526,
    112.40139915539));
#3760 = CARTESIAN_POINT('',(439.88037642551,1.64653550466,
    112.52246293392));
#3761 = CARTESIAN_POINT('',(439.85225323316,1.458561133183,
    112.6310379769));
#3762 = CARTESIAN_POINT('',(439.8137879499,1.147012952601,112.7746636554
    ));
#3763 = CARTESIAN_POINT('',(439.8012346147,1.033820486206,
    112.82050456381));
#3764 = CARTESIAN_POINT('',(439.78982459674,0.91676366258,
    112.86139021673));
#3765 = CARTESIAN_POINT('',(439.77978662806,0.796250551924,
    112.89683105041));
#3766 = CARTESIAN_POINT('',(439.77132179374,0.672733398972,
    112.92640703177));
#3767 = CARTESIAN_POINT('',(439.75473110277,0.362123417621,
    112.98397518906));
#3768 = CARTESIAN_POINT('',(439.74859776511,0.172297581739,
    113.00482075111));
#3769 = CARTESIAN_POINT('',(439.74674047559,-2.01324290403E-02,
    113.01103350953));
#3770 = CARTESIAN_POINT('',(439.74936360762,-0.212369030806,
    113.00223126188));
#3771 = CARTESIAN_POINT('',(439.75621955801,-0.401621394172,
    112.97888601232));
#3772 = CARTESIAN_POINT('',(439.77392041037,-0.711115176627,
    112.91732387136));
#3773 = CARTESIAN_POINT('',(439.7828284143,-0.834292302606,
    112.88610789225));
#3774 = CARTESIAN_POINT('',(439.79327791156,-0.954329685669,
    112.84907929235));
#3775 = CARTESIAN_POINT('',(439.80506184653,-1.070797711927,
    112.80666991051));
#3776 = CARTESIAN_POINT('',(439.81794841419,-1.183311616888,
    112.75937494343));
#3777 = CARTESIAN_POINT('',(439.85641336374,-1.486148075301,
    112.61492936236));
#3778 = CARTESIAN_POINT('',(439.88391384176,-1.666901853612,
    112.50811065275));
#3779 = CARTESIAN_POINT('',(439.91300048054,-1.833547321509,
    112.38974072599));
#3780 = CARTESIAN_POINT('',(439.94260254253,-1.986122891975,
    112.26186859548));
#3781 = CARTESIAN_POINT('',(439.97183916899,-2.124840906976,
    112.12623093967));
#3782 = CARTESIAN_POINT('',(440.0000006,-2.250002666747,111.98431045948)
  );
#3783 = PCURVE('',#2615,#3784);
#3784 = DEFINITIONAL_REPRESENTATION('',(#3785),#3813);
#3785 = B_SPLINE_CURVE_WITH_KNOTS('',6,(#3786,#3787,#3788,#3789,#3790,
    #3791,#3792,#3793,#3794,#3795,#3796,#3797,#3798,#3799,#3800,#3801,
    #3802,#3803,#3804,#3805,#3806,#3807,#3808,#3809,#3810,#3811,#3812),
  .UNSPECIFIED.,.F.,.F.,(7,5,5,5,5,7),(0.,0.260666198399,0.400875258866,
    0.606230204493,0.746947826411,1.),.UNSPECIFIED.);
#3786 = CARTESIAN_POINT('',(2.920277944567,61.984310459487));
#3787 = CARTESIAN_POINT('',(2.933172847637,62.130525304121));
#3788 = CARTESIAN_POINT('',(2.947465207688,62.270110267216));
#3789 = CARTESIAN_POINT('',(2.963171609745,62.401399155394));
#3790 = CARTESIAN_POINT('',(2.980298247954,62.522462933924));
#3791 = CARTESIAN_POINT('',(2.998835210778,62.631037976903));
#3792 = CARTESIAN_POINT('',(3.029460943169,62.7746636554));
#3793 = CARTESIAN_POINT('',(3.040570967689,62.820504563817));
#3794 = CARTESIAN_POINT('',(3.052043684557,62.861390216732));
#3795 = CARTESIAN_POINT('',(3.063839935425,62.896831050417));
#3796 = CARTESIAN_POINT('',(3.075917278336,62.926407031775));
#3797 = CARTESIAN_POINT('',(3.106263887819,62.983975189065));
#3798 = CARTESIAN_POINT('',(3.124789047653,63.004820751118));
#3799 = CARTESIAN_POINT('',(3.14355614661,63.011033509537));
#3800 = CARTESIAN_POINT('',(3.162305296234,63.002231261888));
#3801 = CARTESIAN_POINT('',(3.180777022188,62.97888601232));
#3802 = CARTESIAN_POINT('',(3.211020880811,62.917323871363));
#3803 = CARTESIAN_POINT('',(3.223068173124,62.886107892257));
#3804 = CARTESIAN_POINT('',(3.2348216052,62.849079292354));
#3805 = CARTESIAN_POINT('',(3.246240791071,62.806669910516));
#3806 = CARTESIAN_POINT('',(3.257288689239,62.759374943434));
#3807 = CARTESIAN_POINT('',(3.287071080323,62.614929362362));
#3808 = CARTESIAN_POINT('',(3.304903104745,62.508110652751));
#3809 = CARTESIAN_POINT('',(3.321401820796,62.389740725999));
#3810 = CARTESIAN_POINT('',(3.336561682955,62.261868595484));
#3811 = CARTESIAN_POINT('',(3.350391185884,62.126230939679));
#3812 = CARTESIAN_POINT('',(3.362907362612,61.984310459487));
#3813 = ( GEOMETRIC_REPRESENTATION_CONTEXT(2) 
PARAMETRIC_REPRESENTATION_CONTEXT() REPRESENTATION_CONTEXT('2D SPACE',''
  ) );
#3814 = PCURVE('',#3815,#3820);
#3815 = CYLINDRICAL_SURFACE('',#3816,3.);
#3816 = AXIS2_PLACEMENT_3D('',#3817,#3818,#3819);
#3817 = CARTESIAN_POINT('',(420.,0.,110.));
#3818 = DIRECTION('',(1.,0.,2.22044604925E-16));
#3819 = DIRECTION('',(2.22044604925E-16,0.,-1.));
#3820 = DEFINITIONAL_REPRESENTATION('',(#3821),#3896);
#3821 = B_SPLINE_CURVE_WITH_KNOTS('',10,(#3822,#3823,#3824,#3825,#3826,
    #3827,#3828,#3829,#3830,#3831,#3832,#3833,#3834,#3835,#3836,#3837,
    #3838,#3839,#3840,#3841,#3842,#3843,#3844,#3845,#3846,#3847,#3848,
    #3849,#3850,#3851,#3852,#3853,#3854,#3855,#3856,#3857,#3858,#3859,
    #3860,#3861,#3862,#3863,#3864,#3865,#3866,#3867,#3868,#3869,#3870,
    #3871,#3872,#3873,#3874,#3875,#3876,#3877,#3878,#3879,#3880,#3881,
    #3882,#3883,#3884,#3885,#3886,#3887,#3888,#3889,#3890,#3891,#3892,
    #3893,#3894,#3895),.UNSPECIFIED.,.F.,.F.,(11,9,9,9,9,9,9,9,11),(
    8.984556889071E-07,0.250000449191,0.343750280716,0.425781383301,
    0.569335812825,0.623168723896,0.717376318271,0.788032014052,
    0.999999101396),.UNSPECIFIED.);
#3822 = CARTESIAN_POINT('',(2.293530574608,19.999999999991));
#3823 = CARTESIAN_POINT('',(2.330925646292,19.983304202375));
#3824 = CARTESIAN_POINT('',(2.368787589461,19.966256095314));
#3825 = CARTESIAN_POINT('',(2.407137755379,19.948970799053));
#3826 = CARTESIAN_POINT('',(2.445999191785,19.931575072837));
#3827 = CARTESIAN_POINT('',(2.485396567351,19.914207672341));
#3828 = CARTESIAN_POINT('',(2.52535626856,19.897019333262));
#3829 = CARTESIAN_POINT('',(2.565906669,19.880172381097));
#3830 = CARTESIAN_POINT('',(2.607078571056,19.863839967079));
#3831 = CARTESIAN_POINT('',(2.648905820028,19.848204930295));
#3832 = CARTESIAN_POINT('',(2.707371192147,19.827928294358));
#3833 = CARTESIAN_POINT('',(2.723413570705,19.822523277691));
#3834 = CARTESIAN_POINT('',(2.739558021403,19.817252431253));
#3835 = CARTESIAN_POINT('',(2.755798626363,19.81212869001));
#3836 = CARTESIAN_POINT('',(2.772129712674,19.807164751282));
#3837 = CARTESIAN_POINT('',(2.788548692962,19.802372011639));
#3838 = CARTESIAN_POINT('',(2.805054304499,19.797761154535));
#3839 = CARTESIAN_POINT('',(2.821643762699,19.793343125182));
#3840 = CARTESIAN_POINT('',(2.838312344892,19.789129229192));
#3841 = CARTESIAN_POINT('',(2.869712173658,19.781628970982));
#3842 = CARTESIAN_POINT('',(2.884424803633,19.778292600444));
#3843 = CARTESIAN_POINT('',(2.899196452257,19.775126668275));
#3844 = CARTESIAN_POINT('',(2.914017160365,19.772138557862));
#3845 = CARTESIAN_POINT('',(2.928914620774,19.769331121352));
#3846 = CARTESIAN_POINT('',(2.94382182922,19.766718790401));
#3847 = CARTESIAN_POINT('',(2.958831964555,19.76429393969));
#3848 = CARTESIAN_POINT('',(2.973862080362,19.762074355007));
#3849 = CARTESIAN_POINT('',(2.988939419184,19.760059933891));
#3850 = CARTESIAN_POINT('',(3.030498010506,19.755100060278));
#3851 = CARTESIAN_POINT('',(3.057053329219,19.752588957524));
#3852 = CARTESIAN_POINT('',(3.08369026749,19.750747260807));
#3853 = CARTESIAN_POINT('',(3.110382328386,19.74959251859));
#3854 = CARTESIAN_POINT('',(3.137103576484,19.74913559276));
#3855 = CARTESIAN_POINT('',(3.16382837346,19.74938064919));
#3856 = CARTESIAN_POINT('',(3.190531113669,19.750325148284));
#3857 = CARTESIAN_POINT('',(3.21718595974,19.751959835532));
#3858 = CARTESIAN_POINT('',(3.243766578156,19.754268732064));
#3859 = CARTESIAN_POINT('',(3.280175611101,19.758339272626));
#3860 = CARTESIAN_POINT('',(3.290091089892,19.759541058697));
#3861 = CARTESIAN_POINT('',(3.299990833476,19.760833274135));
#3862 = CARTESIAN_POINT('',(3.309873557719,19.762214652558));
#3863 = CARTESIAN_POINT('',(3.319737840129,19.763683783724));
#3864 = CARTESIAN_POINT('',(3.329582013162,19.76523908211));
#3865 = CARTESIAN_POINT('',(3.339404282803,19.766878810852));
#3866 = CARTESIAN_POINT('',(3.349203072416,19.768601161019));
#3867 = CARTESIAN_POINT('',(3.35897759187,19.770404386243));
#3868 = CARTESIAN_POINT('',(3.385792952047,19.77558155396));
#3869 = CARTESIAN_POINT('',(3.402784288235,19.779119037373));
#3870 = CARTESIAN_POINT('',(3.419700640052,19.782890328951));
#3871 = CARTESIAN_POINT('',(3.436539918291,19.786885815857));
#3872 = CARTESIAN_POINT('',(3.453299929909,19.791095428636));
#3873 = CARTESIAN_POINT('',(3.469978362958,19.795508683466));
#3874 = CARTESIAN_POINT('',(3.486572771506,19.800114724396));
#3875 = CARTESIAN_POINT('',(3.503080560573,19.804902365599));
#3876 = CARTESIAN_POINT('',(3.51949897105,19.809860133615));
#3877 = CARTESIAN_POINT('',(3.548069634822,19.818813441585));
#3878 = CARTESIAN_POINT('',(3.560261883667,19.822739538009));
#3879 = CARTESIAN_POINT('',(3.572402464315,19.826750321665));
#3880 = CARTESIAN_POINT('',(3.584487460472,19.830839870577));
#3881 = CARTESIAN_POINT('',(3.596514758556,19.835002800338));
#3882 = CARTESIAN_POINT('',(3.608485272362,19.839234745379));
#3883 = CARTESIAN_POINT('',(3.620401275152,19.843531868241));
#3884 = CARTESIAN_POINT('',(3.632264094104,19.847890125941));
#3885 = CARTESIAN_POINT('',(3.644073422054,19.852305022501));
#3886 = CARTESIAN_POINT('',(3.691101739617,19.870175239495));
#3887 = CARTESIAN_POINT('',(3.725902312879,19.884051869575));
#3888 = CARTESIAN_POINT('',(3.760253451618,19.898291452615));
#3889 = CARTESIAN_POINT('',(3.794174990653,19.912788465734));
#3890 = CARTESIAN_POINT('',(3.827685516822,19.927443039356));
#3891 = CARTESIAN_POINT('',(3.860802516582,19.942161119027));
#3892 = CARTESIAN_POINT('',(3.893542523602,19.956854627229));
#3893 = CARTESIAN_POINT('',(3.925921266357,19.971441625196));
#3894 = CARTESIAN_POINT('',(3.957953815723,19.985846474725));
#3895 = CARTESIAN_POINT('',(3.989654732572,19.999999999991));
#3896 = ( GEOMETRIC_REPRESENTATION_CONTEXT(2) 
PARAMETRIC_REPRESENTATION_CONTEXT() REPRESENTATION_CONTEXT('2D SPACE',''
  ) );
#3897 = ADVANCED_FACE('',(#3898),#3815,.T.);
#3898 = FACE_BOUND('',#3899,.T.);
#3899 = EDGE_LOOP('',(#3900,#3901,#3925));
#3900 = ORIENTED_EDGE('',*,*,#3753,.T.);
#3901 = ORIENTED_EDGE('',*,*,#3902,.F.);
#3902 = EDGE_CURVE('',#3903,#3565,#3905,.T.);
#3903 = VERTEX_POINT('',#3904);
#3904 = CARTESIAN_POINT('',(440.,3.673940397442E-16,113.));
#3905 = SURFACE_CURVE('',#3906,(#3911,#3918),.PCURVE_S1.);
#3906 = CIRCLE('',#3907,3.);
#3907 = AXIS2_PLACEMENT_3D('',#3908,#3909,#3910);
#3908 = CARTESIAN_POINT('',(440.,0.,110.));
#3909 = DIRECTION('',(1.,-0.,2.22044604925E-16));
#3910 = DIRECTION('',(2.22044604925E-16,0.,-1.));
#3911 = PCURVE('',#3815,#3912);
#3912 = DEFINITIONAL_REPRESENTATION('',(#3913),#3917);
#3913 = LINE('',#3914,#3915);
#3914 = CARTESIAN_POINT('',(0.,20.));
#3915 = VECTOR('',#3916,1.);
#3916 = DIRECTION('',(1.,0.));
#3917 = ( GEOMETRIC_REPRESENTATION_CONTEXT(2) 
PARAMETRIC_REPRESENTATION_CONTEXT() REPRESENTATION_CONTEXT('2D SPACE',''
  ) );
#3918 = PCURVE('',#3579,#3919);
#3919 = DEFINITIONAL_REPRESENTATION('',(#3920),#3924);
#3920 = CIRCLE('',#3921,3.);
#3921 = AXIS2_PLACEMENT_2D('',#3922,#3923);
#3922 = CARTESIAN_POINT('',(0.,0.));
#3923 = DIRECTION('',(1.,0.));
#3924 = ( GEOMETRIC_REPRESENTATION_CONTEXT(2) 
PARAMETRIC_REPRESENTATION_CONTEXT() REPRESENTATION_CONTEXT('2D SPACE',''
  ) );
#3925 = ORIENTED_EDGE('',*,*,#3926,.F.);
#3926 = EDGE_CURVE('',#3727,#3903,#3927,.T.);
#3927 = SURFACE_CURVE('',#3928,(#3933,#3940),.PCURVE_S1.);
#3928 = CIRCLE('',#3929,3.);
#3929 = AXIS2_PLACEMENT_3D('',#3930,#3931,#3932);
#3930 = CARTESIAN_POINT('',(440.,0.,110.));
#3931 = DIRECTION('',(1.,-0.,2.22044604925E-16));
#3932 = DIRECTION('',(2.22044604925E-16,0.,-1.));
#3933 = PCURVE('',#3815,#3934);
#3934 = DEFINITIONAL_REPRESENTATION('',(#3935),#3939);
#3935 = LINE('',#3936,#3937);
#3936 = CARTESIAN_POINT('',(0.,20.));
#3937 = VECTOR('',#3938,1.);
#3938 = DIRECTION('',(1.,0.));
#3939 = ( GEOMETRIC_REPRESENTATION_CONTEXT(2) 
PARAMETRIC_REPRESENTATION_CONTEXT() REPRESENTATION_CONTEXT('2D SPACE',''
  ) );
#3940 = PCURVE('',#3741,#3941);
#3941 = DEFINITIONAL_REPRESENTATION('',(#3942),#3946);
#3942 = CIRCLE('',#3943,3.);
#3943 = AXIS2_PLACEMENT_2D('',#3944,#3945);
#3944 = CARTESIAN_POINT('',(0.,0.));
#3945 = DIRECTION('',(1.,0.));
#3946 = ( GEOMETRIC_REPRESENTATION_CONTEXT(2) 
PARAMETRIC_REPRESENTATION_CONTEXT() REPRESENTATION_CONTEXT('2D SPACE',''
  ) );
#3947 = ADVANCED_FACE('',(#3948),#3741,.T.);
#3948 = FACE_BOUND('',#3949,.T.);
#3949 = EDGE_LOOP('',(#3950,#3971,#3992,#3993));
#3950 = ORIENTED_EDGE('',*,*,#3951,.F.);
#3951 = EDGE_CURVE('',#3952,#3903,#3954,.T.);
#3952 = VERTEX_POINT('',#3953);
#3953 = CARTESIAN_POINT('',(440.,-7.347880794884E-16,107.));
#3954 = SURFACE_CURVE('',#3955,(#3959,#3965),.PCURVE_S1.);
#3955 = LINE('',#3956,#3957);
#3956 = CARTESIAN_POINT('',(440.,0.,-470.));
#3957 = VECTOR('',#3958,1.);
#3958 = DIRECTION('',(0.,0.,1.));
#3959 = PCURVE('',#3741,#3960);
#3960 = DEFINITIONAL_REPRESENTATION('',(#3961),#3964);
#3961 = B_SPLINE_CURVE_WITH_KNOTS('',1,(#3962,#3963),.UNSPECIFIED.,.F.,
  .F.,(2,2),(576.4,583.6),.PIECEWISE_BEZIER_KNOTS.);
#3962 = CARTESIAN_POINT('',(3.6,0.));
#3963 = CARTESIAN_POINT('',(-3.6,0.));
#3964 = ( GEOMETRIC_REPRESENTATION_CONTEXT(2) 
PARAMETRIC_REPRESENTATION_CONTEXT() REPRESENTATION_CONTEXT('2D SPACE',''
  ) );
#3965 = PCURVE('',#3579,#3966);
#3966 = DEFINITIONAL_REPRESENTATION('',(#3967),#3970);
#3967 = B_SPLINE_CURVE_WITH_KNOTS('',1,(#3968,#3969),.UNSPECIFIED.,.F.,
  .F.,(2,2),(576.4,583.6),.PIECEWISE_BEZIER_KNOTS.);
#3968 = CARTESIAN_POINT('',(3.6,0.));
#3969 = CARTESIAN_POINT('',(-3.6,0.));
#3970 = ( GEOMETRIC_REPRESENTATION_CONTEXT(2) 
PARAMETRIC_REPRESENTATION_CONTEXT() REPRESENTATION_CONTEXT('2D SPACE',''
  ) );
#3971 = ORIENTED_EDGE('',*,*,#3972,.T.);
#3972 = EDGE_CURVE('',#3952,#3592,#3973,.T.);
#3973 = SURFACE_CURVE('',#3974,(#3979,#3986),.PCURVE_S1.);
#3974 = CIRCLE('',#3975,3.);
#3975 = AXIS2_PLACEMENT_3D('',#3976,#3977,#3978);
#3976 = CARTESIAN_POINT('',(440.,0.,110.));
#3977 = DIRECTION('',(1.,-0.,2.22044604925E-16));
#3978 = DIRECTION('',(2.22044604925E-16,0.,-1.));
#3979 = PCURVE('',#3741,#3980);
#3980 = DEFINITIONAL_REPRESENTATION('',(#3981),#3985);
#3981 = CIRCLE('',#3982,3.);
#3982 = AXIS2_PLACEMENT_2D('',#3983,#3984);
#3983 = CARTESIAN_POINT('',(0.,0.));
#3984 = DIRECTION('',(1.,0.));
#3985 = ( GEOMETRIC_REPRESENTATION_CONTEXT(2) 
PARAMETRIC_REPRESENTATION_CONTEXT() REPRESENTATION_CONTEXT('2D SPACE',''
  ) );
#3986 = PCURVE('',#3670,#3987);
#3987 = DEFINITIONAL_REPRESENTATION('',(#3988),#3991);
#3988 = B_SPLINE_CURVE_WITH_KNOTS('',1,(#3989,#3990),.UNSPECIFIED.,.F.,
  .F.,(2,2),(0.,0.848062078981),.PIECEWISE_BEZIER_KNOTS.);
#3989 = CARTESIAN_POINT('',(6.28318530718,20.));
#3990 = CARTESIAN_POINT('',(7.131247386161,20.));
#3991 = ( GEOMETRIC_REPRESENTATION_CONTEXT(2) 
PARAMETRIC_REPRESENTATION_CONTEXT() REPRESENTATION_CONTEXT('2D SPACE',''
  ) );
#3992 = ORIENTED_EDGE('',*,*,#3726,.T.);
#3993 = ORIENTED_EDGE('',*,*,#3926,.T.);
#3994 = ADVANCED_FACE('',(#3995),#3670,.T.);
#3995 = FACE_BOUND('',#3996,.T.);
#3996 = EDGE_LOOP('',(#3997,#3998,#3999));
#3997 = ORIENTED_EDGE('',*,*,#3591,.F.);
#3998 = ORIENTED_EDGE('',*,*,#3972,.F.);
#3999 = ORIENTED_EDGE('',*,*,#4000,.F.);
#4000 = EDGE_CURVE('',#3563,#3952,#4001,.T.);
#4001 = SURFACE_CURVE('',#4002,(#4007,#4013),.PCURVE_S1.);
#4002 = CIRCLE('',#4003,3.);
#4003 = AXIS2_PLACEMENT_3D('',#4004,#4005,#4006);
#4004 = CARTESIAN_POINT('',(440.,0.,110.));
#4005 = DIRECTION('',(1.,-0.,2.22044604925E-16));
#4006 = DIRECTION('',(2.22044604925E-16,0.,-1.));
#4007 = PCURVE('',#3670,#4008);
#4008 = DEFINITIONAL_REPRESENTATION('',(#4009),#4012);
#4009 = B_SPLINE_CURVE_WITH_KNOTS('',1,(#4010,#4011),.UNSPECIFIED.,.F.,
  .F.,(2,2),(5.435123228198,6.28318530718),.PIECEWISE_BEZIER_KNOTS.);
#4010 = CARTESIAN_POINT('',(5.435123228198,20.));
#4011 = CARTESIAN_POINT('',(6.28318530718,20.));
#4012 = ( GEOMETRIC_REPRESENTATION_CONTEXT(2) 
PARAMETRIC_REPRESENTATION_CONTEXT() REPRESENTATION_CONTEXT('2D SPACE',''
  ) );
#4013 = PCURVE('',#3579,#4014);
#4014 = DEFINITIONAL_REPRESENTATION('',(#4015),#4019);
#4015 = CIRCLE('',#4016,3.);
#4016 = AXIS2_PLACEMENT_2D('',#4017,#4018);
#4017 = CARTESIAN_POINT('',(0.,0.));
#4018 = DIRECTION('',(1.,0.));
#4019 = ( GEOMETRIC_REPRESENTATION_CONTEXT(2) 
PARAMETRIC_REPRESENTATION_CONTEXT() REPRESENTATION_CONTEXT('2D SPACE',''
  ) );
#4020 = ADVANCED_FACE('',(#4021),#3579,.T.);
#4021 = FACE_BOUND('',#4022,.T.);
#4022 = EDGE_LOOP('',(#4023,#4024,#4025,#4026));
#4023 = ORIENTED_EDGE('',*,*,#4000,.T.);
#4024 = ORIENTED_EDGE('',*,*,#3951,.T.);
#4025 = ORIENTED_EDGE('',*,*,#3902,.T.);
#4026 = ORIENTED_EDGE('',*,*,#3562,.F.);
#4027 = ADVANCED_FACE('',(#4028,#4142),#3548,.T.);
#4028 = FACE_BOUND('',#4029,.T.);
#4029 = EDGE_LOOP('',(#4030,#4060,#4088,#4116));
#4030 = ORIENTED_EDGE('',*,*,#4031,.F.);
#4031 = EDGE_CURVE('',#4032,#4034,#4036,.T.);
#4032 = VERTEX_POINT('',#4033);
#4033 = CARTESIAN_POINT('',(430.,-20.,140.));
#4034 = VERTEX_POINT('',#4035);
#4035 = CARTESIAN_POINT('',(430.,20.,140.));
#4036 = SURFACE_CURVE('',#4037,(#4041,#4048),.PCURVE_S1.);
#4037 = LINE('',#4038,#4039);
#4038 = CARTESIAN_POINT('',(430.,-20.,140.));
#4039 = VECTOR('',#4040,1.);
#4040 = DIRECTION('',(-0.,1.,0.));
#4041 = PCURVE('',#3548,#4042);
#4042 = DEFINITIONAL_REPRESENTATION('',(#4043),#4047);
#4043 = LINE('',#4044,#4045);
#4044 = CARTESIAN_POINT('',(0.,0.));
#4045 = VECTOR('',#4046,1.);
#4046 = DIRECTION('',(0.,1.));
#4047 = ( GEOMETRIC_REPRESENTATION_CONTEXT(2) 
PARAMETRIC_REPRESENTATION_CONTEXT() REPRESENTATION_CONTEXT('2D SPACE',''
  ) );
#4048 = PCURVE('',#4049,#4054);
#4049 = PLANE('',#4050);
#4050 = AXIS2_PLACEMENT_3D('',#4051,#4052,#4053);
#4051 = CARTESIAN_POINT('',(430.,-20.,80.));
#4052 = DIRECTION('',(1.,0.,-0.));
#4053 = DIRECTION('',(0.,0.,1.));
#4054 = DEFINITIONAL_REPRESENTATION('',(#4055),#4059);
#4055 = LINE('',#4056,#4057);
#4056 = CARTESIAN_POINT('',(60.,0.));
#4057 = VECTOR('',#4058,1.);
#4058 = DIRECTION('',(0.,-1.));
#4059 = ( GEOMETRIC_REPRESENTATION_CONTEXT(2) 
PARAMETRIC_REPRESENTATION_CONTEXT() REPRESENTATION_CONTEXT('2D SPACE',''
  ) );
#4060 = ORIENTED_EDGE('',*,*,#4061,.T.);
#4061 = EDGE_CURVE('',#4032,#4062,#4064,.T.);
#4062 = VERTEX_POINT('',#4063);
#4063 = CARTESIAN_POINT('',(470.,-20.,140.));
#4064 = SURFACE_CURVE('',#4065,(#4069,#4076),.PCURVE_S1.);
#4065 = LINE('',#4066,#4067);
#4066 = CARTESIAN_POINT('',(430.,-20.,140.));
#4067 = VECTOR('',#4068,1.);
#4068 = DIRECTION('',(1.,0.,-0.));
#4069 = PCURVE('',#3548,#4070);
#4070 = DEFINITIONAL_REPRESENTATION('',(#4071),#4075);
#4071 = LINE('',#4072,#4073);
#4072 = CARTESIAN_POINT('',(0.,0.));
#4073 = VECTOR('',#4074,1.);
#4074 = DIRECTION('',(1.,0.));
#4075 = ( GEOMETRIC_REPRESENTATION_CONTEXT(2) 
PARAMETRIC_REPRESENTATION_CONTEXT() REPRESENTATION_CONTEXT('2D SPACE',''
  ) );
#4076 = PCURVE('',#4077,#4082);
#4077 = PLANE('',#4078);
#4078 = AXIS2_PLACEMENT_3D('',#4079,#4080,#4081);
#4079 = CARTESIAN_POINT('',(430.,-20.,80.));
#4080 = DIRECTION('',(-0.,1.,0.));
#4081 = DIRECTION('',(0.,0.,1.));
#4082 = DEFINITIONAL_REPRESENTATION('',(#4083),#4087);
#4083 = LINE('',#4084,#4085);
#4084 = CARTESIAN_POINT('',(60.,0.));
#4085 = VECTOR('',#4086,1.);
#4086 = DIRECTION('',(0.,1.));
#4087 = ( GEOMETRIC_REPRESENTATION_CONTEXT(2) 
PARAMETRIC_REPRESENTATION_CONTEXT() REPRESENTATION_CONTEXT('2D SPACE',''
  ) );
#4088 = ORIENTED_EDGE('',*,*,#4089,.T.);
#4089 = EDGE_CURVE('',#4062,#4090,#4092,.T.);
#4090 = VERTEX_POINT('',#4091);
#4091 = CARTESIAN_POINT('',(470.,20.,140.));
#4092 = SURFACE_CURVE('',#4093,(#4097,#4104),.PCURVE_S1.);
#4093 = LINE('',#4094,#4095);
#4094 = CARTESIAN_POINT('',(470.,-20.,140.));
#4095 = VECTOR('',#4096,1.);
#4096 = DIRECTION('',(-0.,1.,0.));
#4097 = PCURVE('',#3548,#4098);
#4098 = DEFINITIONAL_REPRESENTATION('',(#4099),#4103);
#4099 = LINE('',#4100,#4101);
#4100 = CARTESIAN_POINT('',(40.,0.));
#4101 = VECTOR('',#4102,1.);
#4102 = DIRECTION('',(0.,1.));
#4103 = ( GEOMETRIC_REPRESENTATION_CONTEXT(2) 
PARAMETRIC_REPRESENTATION_CONTEXT() REPRESENTATION_CONTEXT('2D SPACE',''
  ) );
#4104 = PCURVE('',#4105,#4110);
#4105 = PLANE('',#4106);
#4106 = AXIS2_PLACEMENT_3D('',#4107,#4108,#4109);
#4107 = CARTESIAN_POINT('',(470.,-20.,80.));
#4108 = DIRECTION('',(1.,0.,-0.));
#4109 = DIRECTION('',(0.,0.,1.));
#4110 = DEFINITIONAL_REPRESENTATION('',(#4111),#4115);
#4111 = LINE('',#4112,#4113);
#4112 = CARTESIAN_POINT('',(60.,0.));
#4113 = VECTOR('',#4114,1.);
#4114 = DIRECTION('',(0.,-1.));
#4115 = ( GEOMETRIC_REPRESENTATION_CONTEXT(2) 
PARAMETRIC_REPRESENTATION_CONTEXT() REPRESENTATION_CONTEXT('2D SPACE',''
  ) );
#4116 = ORIENTED_EDGE('',*,*,#4117,.F.);
#4117 = EDGE_CURVE('',#4034,#4090,#4118,.T.);
#4118 = SURFACE_CURVE('',#4119,(#4123,#4130),.PCURVE_S1.);
#4119 = LINE('',#4120,#4121);
#4120 = CARTESIAN_POINT('',(430.,20.,140.));
#4121 = VECTOR('',#4122,1.);
#4122 = DIRECTION('',(1.,0.,-0.));
#4123 = PCURVE('',#3548,#4124);
#4124 = DEFINITIONAL_REPRESENTATION('',(#4125),#4129);
#4125 = LINE('',#4126,#4127);
#4126 = CARTESIAN_POINT('',(0.,40.));
#4127 = VECTOR('',#4128,1.);
#4128 = DIRECTION('',(1.,0.));
#4129 = ( GEOMETRIC_REPRESENTATION_CONTEXT(2) 
PARAMETRIC_REPRESENTATION_CONTEXT() REPRESENTATION_CONTEXT('2D SPACE',''
  ) );
#4130 = PCURVE('',#4131,#4136);
#4131 = PLANE('',#4132);
#4132 = AXIS2_PLACEMENT_3D('',#4133,#4134,#4135);
#4133 = CARTESIAN_POINT('',(430.,20.,80.));
#4134 = DIRECTION('',(-0.,1.,0.));
#4135 = DIRECTION('',(0.,0.,1.));
#4136 = DEFINITIONAL_REPRESENTATION('',(#4137),#4141);
#4137 = LINE('',#4138,#4139);
#4138 = CARTESIAN_POINT('',(60.,0.));
#4139 = VECTOR('',#4140,1.);
#4140 = DIRECTION('',(0.,1.));
#4141 = ( GEOMETRIC_REPRESENTATION_CONTEXT(2) 
PARAMETRIC_REPRESENTATION_CONTEXT() REPRESENTATION_CONTEXT('2D SPACE',''
  ) );
#4142 = FACE_BOUND('',#4143,.T.);
#4143 = EDGE_LOOP('',(#4144));
#4144 = ORIENTED_EDGE('',*,*,#3533,.F.);
#4145 = ADVANCED_FACE('',(#4146,#4216),#4105,.T.);
#4146 = FACE_BOUND('',#4147,.T.);
#4147 = EDGE_LOOP('',(#4148,#4171,#4194,#4215));
#4148 = ORIENTED_EDGE('',*,*,#4149,.F.);
#4149 = EDGE_CURVE('',#4150,#4062,#4152,.T.);
#4150 = VERTEX_POINT('',#4151);
#4151 = CARTESIAN_POINT('',(470.,-20.,80.));
#4152 = SURFACE_CURVE('',#4153,(#4157,#4164),.PCURVE_S1.);
#4153 = LINE('',#4154,#4155);
#4154 = CARTESIAN_POINT('',(470.,-20.,80.));
#4155 = VECTOR('',#4156,1.);
#4156 = DIRECTION('',(0.,0.,1.));
#4157 = PCURVE('',#4105,#4158);
#4158 = DEFINITIONAL_REPRESENTATION('',(#4159),#4163);
#4159 = LINE('',#4160,#4161);
#4160 = CARTESIAN_POINT('',(0.,0.));
#4161 = VECTOR('',#4162,1.);
#4162 = DIRECTION('',(1.,0.));
#4163 = ( GEOMETRIC_REPRESENTATION_CONTEXT(2) 
PARAMETRIC_REPRESENTATION_CONTEXT() REPRESENTATION_CONTEXT('2D SPACE',''
  ) );
#4164 = PCURVE('',#4077,#4165);
#4165 = DEFINITIONAL_REPRESENTATION('',(#4166),#4170);
#4166 = LINE('',#4167,#4168);
#4167 = CARTESIAN_POINT('',(0.,40.));
#4168 = VECTOR('',#4169,1.);
#4169 = DIRECTION('',(1.,0.));
#4170 = ( GEOMETRIC_REPRESENTATION_CONTEXT(2) 
PARAMETRIC_REPRESENTATION_CONTEXT() REPRESENTATION_CONTEXT('2D SPACE',''
  ) );
#4171 = ORIENTED_EDGE('',*,*,#4172,.T.);
#4172 = EDGE_CURVE('',#4150,#4173,#4175,.T.);
#4173 = VERTEX_POINT('',#4174);
#4174 = CARTESIAN_POINT('',(470.,20.,80.));
#4175 = SURFACE_CURVE('',#4176,(#4180,#4187),.PCURVE_S1.);
#4176 = LINE('',#4177,#4178);
#4177 = CARTESIAN_POINT('',(470.,-20.,80.));
#4178 = VECTOR('',#4179,1.);
#4179 = DIRECTION('',(-0.,1.,0.));
#4180 = PCURVE('',#4105,#4181);
#4181 = DEFINITIONAL_REPRESENTATION('',(#4182),#4186);
#4182 = LINE('',#4183,#4184);
#4183 = CARTESIAN_POINT('',(0.,0.));
#4184 = VECTOR('',#4185,1.);
#4185 = DIRECTION('',(0.,-1.));
#4186 = ( GEOMETRIC_REPRESENTATION_CONTEXT(2) 
PARAMETRIC_REPRESENTATION_CONTEXT() REPRESENTATION_CONTEXT('2D SPACE',''
  ) );
#4187 = PCURVE('',#3203,#4188);
#4188 = DEFINITIONAL_REPRESENTATION('',(#4189),#4193);
#4189 = LINE('',#4190,#4191);
#4190 = CARTESIAN_POINT('',(40.,0.));
#4191 = VECTOR('',#4192,1.);
#4192 = DIRECTION('',(0.,1.));
#4193 = ( GEOMETRIC_REPRESENTATION_CONTEXT(2) 
PARAMETRIC_REPRESENTATION_CONTEXT() REPRESENTATION_CONTEXT('2D SPACE',''
  ) );
#4194 = ORIENTED_EDGE('',*,*,#4195,.T.);
#4195 = EDGE_CURVE('',#4173,#4090,#4196,.T.);
#4196 = SURFACE_CURVE('',#4197,(#4201,#4208),.PCURVE_S1.);
#4197 = LINE('',#4198,#4199);
#4198 = CARTESIAN_POINT('',(470.,20.,80.));
#4199 = VECTOR('',#4200,1.);
#4200 = DIRECTION('',(0.,0.,1.));
#4201 = PCURVE('',#4105,#4202);
#4202 = DEFINITIONAL_REPRESENTATION('',(#4203),#4207);
#4203 = LINE('',#4204,#4205);
#4204 = CARTESIAN_POINT('',(0.,-40.));
#4205 = VECTOR('',#4206,1.);
#4206 = DIRECTION('',(1.,0.));
#4207 = ( GEOMETRIC_REPRESENTATION_CONTEXT(2) 
PARAMETRIC_REPRESENTATION_CONTEXT() REPRESENTATION_CONTEXT('2D SPACE',''
  ) );
#4208 = PCURVE('',#4131,#4209);
#4209 = DEFINITIONAL_REPRESENTATION('',(#4210),#4214);
#4210 = LINE('',#4211,#4212);
#4211 = CARTESIAN_POINT('',(0.,40.));
#4212 = VECTOR('',#4213,1.);
#4213 = DIRECTION('',(1.,0.));
#4214 = ( GEOMETRIC_REPRESENTATION_CONTEXT(2) 
PARAMETRIC_REPRESENTATION_CONTEXT() REPRESENTATION_CONTEXT('2D SPACE',''
  ) );
#4215 = ORIENTED_EDGE('',*,*,#4089,.F.);
#4216 = FACE_BOUND('',#4217,.T.);
#4217 = EDGE_LOOP('',(#4218));
#4218 = ORIENTED_EDGE('',*,*,#4219,.F.);
#4219 = EDGE_CURVE('',#4220,#4220,#4222,.T.);
#4220 = VERTEX_POINT('',#4221);
#4221 = CARTESIAN_POINT('',(470.,-9.797174393179E-16,121.));
#4222 = SURFACE_CURVE('',#4223,(#4228,#4235),.PCURVE_S1.);
#4223 = CIRCLE('',#4224,4.);
#4224 = AXIS2_PLACEMENT_3D('',#4225,#4226,#4227);
#4225 = CARTESIAN_POINT('',(470.,0.,125.));
#4226 = DIRECTION('',(1.,0.,2.22044604925E-16));
#4227 = DIRECTION('',(2.22044604925E-16,0.,-1.));
#4228 = PCURVE('',#4105,#4229);
#4229 = DEFINITIONAL_REPRESENTATION('',(#4230),#4234);
#4230 = CIRCLE('',#4231,4.);
#4231 = AXIS2_PLACEMENT_2D('',#4232,#4233);
#4232 = CARTESIAN_POINT('',(45.,-20.));
#4233 = DIRECTION('',(-1.,0.));
#4234 = ( GEOMETRIC_REPRESENTATION_CONTEXT(2) 
PARAMETRIC_REPRESENTATION_CONTEXT() REPRESENTATION_CONTEXT('2D SPACE',''
  ) );
#4235 = PCURVE('',#4236,#4241);
#4236 = CYLINDRICAL_SURFACE('',#4237,4.);
#4237 = AXIS2_PLACEMENT_3D('',#4238,#4239,#4240);
#4238 = CARTESIAN_POINT('',(460.,0.,125.));
#4239 = DIRECTION('',(1.,0.,2.22044604925E-16));
#4240 = DIRECTION('',(2.22044604925E-16,0.,-1.));
#4241 = DEFINITIONAL_REPRESENTATION('',(#4242),#4246);
#4242 = LINE('',#4243,#4244);
#4243 = CARTESIAN_POINT('',(0.,10.));
#4244 = VECTOR('',#4245,1.);
#4245 = DIRECTION('',(1.,0.));
#4246 = ( GEOMETRIC_REPRESENTATION_CONTEXT(2) 
PARAMETRIC_REPRESENTATION_CONTEXT() REPRESENTATION_CONTEXT('2D SPACE',''
  ) );
#4247 = ADVANCED_FACE('',(#4248),#4236,.T.);
#4248 = FACE_BOUND('',#4249,.T.);
#4249 = EDGE_LOOP('',(#4250,#4273,#4300,#4301));
#4250 = ORIENTED_EDGE('',*,*,#4251,.T.);
#4251 = EDGE_CURVE('',#4220,#4252,#4254,.T.);
#4252 = VERTEX_POINT('',#4253);
#4253 = CARTESIAN_POINT('',(476.,-9.797174393179E-16,121.));
#4254 = SEAM_CURVE('',#4255,(#4259,#4266),.PCURVE_S1.);
#4255 = LINE('',#4256,#4257);
#4256 = CARTESIAN_POINT('',(460.,-9.797174393179E-16,121.));
#4257 = VECTOR('',#4258,1.);
#4258 = DIRECTION('',(1.,0.,2.22044604925E-16));
#4259 = PCURVE('',#4236,#4260);
#4260 = DEFINITIONAL_REPRESENTATION('',(#4261),#4265);
#4261 = LINE('',#4262,#4263);
#4262 = CARTESIAN_POINT('',(6.28318530718,-0.));
#4263 = VECTOR('',#4264,1.);
#4264 = DIRECTION('',(0.,1.));
#4265 = ( GEOMETRIC_REPRESENTATION_CONTEXT(2) 
PARAMETRIC_REPRESENTATION_CONTEXT() REPRESENTATION_CONTEXT('2D SPACE',''
  ) );
#4266 = PCURVE('',#4236,#4267);
#4267 = DEFINITIONAL_REPRESENTATION('',(#4268),#4272);
#4268 = LINE('',#4269,#4270);
#4269 = CARTESIAN_POINT('',(0.,-0.));
#4270 = VECTOR('',#4271,1.);
#4271 = DIRECTION('',(0.,1.));
#4272 = ( GEOMETRIC_REPRESENTATION_CONTEXT(2) 
PARAMETRIC_REPRESENTATION_CONTEXT() REPRESENTATION_CONTEXT('2D SPACE',''
  ) );
#4273 = ORIENTED_EDGE('',*,*,#4274,.F.);
#4274 = EDGE_CURVE('',#4252,#4252,#4275,.T.);
#4275 = SURFACE_CURVE('',#4276,(#4281,#4288),.PCURVE_S1.);
#4276 = CIRCLE('',#4277,4.);
#4277 = AXIS2_PLACEMENT_3D('',#4278,#4279,#4280);
#4278 = CARTESIAN_POINT('',(476.,0.,125.));
#4279 = DIRECTION('',(1.,-0.,2.22044604925E-16));
#4280 = DIRECTION('',(2.22044604925E-16,0.,-1.));
#4281 = PCURVE('',#4236,#4282);
#4282 = DEFINITIONAL_REPRESENTATION('',(#4283),#4287);
#4283 = LINE('',#4284,#4285);
#4284 = CARTESIAN_POINT('',(0.,16.));
#4285 = VECTOR('',#4286,1.);
#4286 = DIRECTION('',(1.,0.));
#4287 = ( GEOMETRIC_REPRESENTATION_CONTEXT(2) 
PARAMETRIC_REPRESENTATION_CONTEXT() REPRESENTATION_CONTEXT('2D SPACE',''
  ) );
#4288 = PCURVE('',#4289,#4294);
#4289 = PLANE('',#4290);
#4290 = AXIS2_PLACEMENT_3D('',#4291,#4292,#4293);
#4291 = CARTESIAN_POINT('',(476.,0.,125.));
#4292 = DIRECTION('',(1.,0.,2.22044604925E-16));
#4293 = DIRECTION('',(2.22044604925E-16,0.,-1.));
#4294 = DEFINITIONAL_REPRESENTATION('',(#4295),#4299);
#4295 = CIRCLE('',#4296,4.);
#4296 = AXIS2_PLACEMENT_2D('',#4297,#4298);
#4297 = CARTESIAN_POINT('',(0.,0.));
#4298 = DIRECTION('',(1.,0.));
#4299 = ( GEOMETRIC_REPRESENTATION_CONTEXT(2) 
PARAMETRIC_REPRESENTATION_CONTEXT() REPRESENTATION_CONTEXT('2D SPACE',''
  ) );
#4300 = ORIENTED_EDGE('',*,*,#4251,.F.);
#4301 = ORIENTED_EDGE('',*,*,#4219,.T.);
#4302 = ADVANCED_FACE('',(#4303),#4289,.T.);
#4303 = FACE_BOUND('',#4304,.T.);
#4304 = EDGE_LOOP('',(#4305));
#4305 = ORIENTED_EDGE('',*,*,#4274,.T.);
#4306 = ADVANCED_FACE('',(#4307),#4077,.F.);
#4307 = FACE_BOUND('',#4308,.F.);
#4308 = EDGE_LOOP('',(#4309,#4332,#4353,#4354));
#4309 = ORIENTED_EDGE('',*,*,#4310,.F.);
#4310 = EDGE_CURVE('',#4311,#4150,#4313,.T.);
#4311 = VERTEX_POINT('',#4312);
#4312 = CARTESIAN_POINT('',(430.,-20.,80.));
#4313 = SURFACE_CURVE('',#4314,(#4318,#4325),.PCURVE_S1.);
#4314 = LINE('',#4315,#4316);
#4315 = CARTESIAN_POINT('',(430.,-20.,80.));
#4316 = VECTOR('',#4317,1.);
#4317 = DIRECTION('',(1.,0.,-0.));
#4318 = PCURVE('',#4077,#4319);
#4319 = DEFINITIONAL_REPRESENTATION('',(#4320),#4324);
#4320 = LINE('',#4321,#4322);
#4321 = CARTESIAN_POINT('',(0.,0.));
#4322 = VECTOR('',#4323,1.);
#4323 = DIRECTION('',(0.,1.));
#4324 = ( GEOMETRIC_REPRESENTATION_CONTEXT(2) 
PARAMETRIC_REPRESENTATION_CONTEXT() REPRESENTATION_CONTEXT('2D SPACE',''
  ) );
#4325 = PCURVE('',#3203,#4326);
#4326 = DEFINITIONAL_REPRESENTATION('',(#4327),#4331);
#4327 = LINE('',#4328,#4329);
#4328 = CARTESIAN_POINT('',(0.,0.));
#4329 = VECTOR('',#4330,1.);
#4330 = DIRECTION('',(1.,0.));
#4331 = ( GEOMETRIC_REPRESENTATION_CONTEXT(2) 
PARAMETRIC_REPRESENTATION_CONTEXT() REPRESENTATION_CONTEXT('2D SPACE',''
  ) );
#4332 = ORIENTED_EDGE('',*,*,#4333,.T.);
#4333 = EDGE_CURVE('',#4311,#4032,#4334,.T.);
#4334 = SURFACE_CURVE('',#4335,(#4339,#4346),.PCURVE_S1.);
#4335 = LINE('',#4336,#4337);
#4336 = CARTESIAN_POINT('',(430.,-20.,80.));
#4337 = VECTOR('',#4338,1.);
#4338 = DIRECTION('',(0.,0.,1.));
#4339 = PCURVE('',#4077,#4340);
#4340 = DEFINITIONAL_REPRESENTATION('',(#4341),#4345);
#4341 = LINE('',#4342,#4343);
#4342 = CARTESIAN_POINT('',(0.,0.));
#4343 = VECTOR('',#4344,1.);
#4344 = DIRECTION('',(1.,0.));
#4345 = ( GEOMETRIC_REPRESENTATION_CONTEXT(2) 
PARAMETRIC_REPRESENTATION_CONTEXT() REPRESENTATION_CONTEXT('2D SPACE',''
  ) );
#4346 = PCURVE('',#4049,#4347);
#4347 = DEFINITIONAL_REPRESENTATION('',(#4348),#4352);
#4348 = LINE('',#4349,#4350);
#4349 = CARTESIAN_POINT('',(0.,0.));
#4350 = VECTOR('',#4351,1.);
#4351 = DIRECTION('',(1.,0.));
#4352 = ( GEOMETRIC_REPRESENTATION_CONTEXT(2) 
PARAMETRIC_REPRESENTATION_CONTEXT() REPRESENTATION_CONTEXT('2D SPACE',''
  ) );
#4353 = ORIENTED_EDGE('',*,*,#4061,.T.);
#4354 = ORIENTED_EDGE('',*,*,#4149,.F.);
#4355 = ADVANCED_FACE('',(#4356),#4131,.T.);
#4356 = FACE_BOUND('',#4357,.T.);
#4357 = EDGE_LOOP('',(#4358,#4381,#4402,#4403));
#4358 = ORIENTED_EDGE('',*,*,#4359,.F.);
#4359 = EDGE_CURVE('',#4360,#4173,#4362,.T.);
#4360 = VERTEX_POINT('',#4361);
#4361 = CARTESIAN_POINT('',(430.,20.,80.));
#4362 = SURFACE_CURVE('',#4363,(#4367,#4374),.PCURVE_S1.);
#4363 = LINE('',#4364,#4365);
#4364 = CARTESIAN_POINT('',(430.,20.,80.));
#4365 = VECTOR('',#4366,1.);
#4366 = DIRECTION('',(1.,0.,-0.));
#4367 = PCURVE('',#4131,#4368);
#4368 = DEFINITIONAL_REPRESENTATION('',(#4369),#4373);
#4369 = LINE('',#4370,#4371);
#4370 = CARTESIAN_POINT('',(0.,0.));
#4371 = VECTOR('',#4372,1.);
#4372 = DIRECTION('',(0.,1.));
#4373 = ( GEOMETRIC_REPRESENTATION_CONTEXT(2) 
PARAMETRIC_REPRESENTATION_CONTEXT() REPRESENTATION_CONTEXT('2D SPACE',''
  ) );
#4374 = PCURVE('',#3203,#4375);
#4375 = DEFINITIONAL_REPRESENTATION('',(#4376),#4380);
#4376 = LINE('',#4377,#4378);
#4377 = CARTESIAN_POINT('',(0.,40.));
#4378 = VECTOR('',#4379,1.);
#4379 = DIRECTION('',(1.,0.));
#4380 = ( GEOMETRIC_REPRESENTATION_CONTEXT(2) 
PARAMETRIC_REPRESENTATION_CONTEXT() REPRESENTATION_CONTEXT('2D SPACE',''
  ) );
#4381 = ORIENTED_EDGE('',*,*,#4382,.T.);
#4382 = EDGE_CURVE('',#4360,#4034,#4383,.T.);
#4383 = SURFACE_CURVE('',#4384,(#4388,#4395),.PCURVE_S1.);
#4384 = LINE('',#4385,#4386);
#4385 = CARTESIAN_POINT('',(430.,20.,80.));
#4386 = VECTOR('',#4387,1.);
#4387 = DIRECTION('',(0.,0.,1.));
#4388 = PCURVE('',#4131,#4389);
#4389 = DEFINITIONAL_REPRESENTATION('',(#4390),#4394);
#4390 = LINE('',#4391,#4392);
#4391 = CARTESIAN_POINT('',(0.,0.));
#4392 = VECTOR('',#4393,1.);
#4393 = DIRECTION('',(1.,0.));
#4394 = ( GEOMETRIC_REPRESENTATION_CONTEXT(2) 
PARAMETRIC_REPRESENTATION_CONTEXT() REPRESENTATION_CONTEXT('2D SPACE',''
  ) );
#4395 = PCURVE('',#4049,#4396);
#4396 = DEFINITIONAL_REPRESENTATION('',(#4397),#4401);
#4397 = LINE('',#4398,#4399);
#4398 = CARTESIAN_POINT('',(0.,-40.));
#4399 = VECTOR('',#4400,1.);
#4400 = DIRECTION('',(1.,0.));
#4401 = ( GEOMETRIC_REPRESENTATION_CONTEXT(2) 
PARAMETRIC_REPRESENTATION_CONTEXT() REPRESENTATION_CONTEXT('2D SPACE',''
  ) );
#4402 = ORIENTED_EDGE('',*,*,#4117,.T.);
#4403 = ORIENTED_EDGE('',*,*,#4195,.F.);
#4404 = ADVANCED_FACE('',(#4405,#4431),#4049,.F.);
#4405 = FACE_BOUND('',#4406,.F.);
#4406 = EDGE_LOOP('',(#4407,#4408,#4429,#4430));
#4407 = ORIENTED_EDGE('',*,*,#4333,.F.);
#4408 = ORIENTED_EDGE('',*,*,#4409,.T.);
#4409 = EDGE_CURVE('',#4311,#4360,#4410,.T.);
#4410 = SURFACE_CURVE('',#4411,(#4415,#4422),.PCURVE_S1.);
#4411 = LINE('',#4412,#4413);
#4412 = CARTESIAN_POINT('',(430.,-20.,80.));
#4413 = VECTOR('',#4414,1.);
#4414 = DIRECTION('',(-0.,1.,0.));
#4415 = PCURVE('',#4049,#4416);
#4416 = DEFINITIONAL_REPRESENTATION('',(#4417),#4421);
#4417 = LINE('',#4418,#4419);
#4418 = CARTESIAN_POINT('',(0.,0.));
#4419 = VECTOR('',#4420,1.);
#4420 = DIRECTION('',(0.,-1.));
#4421 = ( GEOMETRIC_REPRESENTATION_CONTEXT(2) 
PARAMETRIC_REPRESENTATION_CONTEXT() REPRESENTATION_CONTEXT('2D SPACE',''
  ) );
#4422 = PCURVE('',#3203,#4423);
#4423 = DEFINITIONAL_REPRESENTATION('',(#4424),#4428);
#4424 = LINE('',#4425,#4426);
#4425 = CARTESIAN_POINT('',(0.,0.));
#4426 = VECTOR('',#4427,1.);
#4427 = DIRECTION('',(0.,1.));
#4428 = ( GEOMETRIC_REPRESENTATION_CONTEXT(2) 
PARAMETRIC_REPRESENTATION_CONTEXT() REPRESENTATION_CONTEXT('2D SPACE',''
  ) );
#4429 = ORIENTED_EDGE('',*,*,#4382,.T.);
#4430 = ORIENTED_EDGE('',*,*,#4031,.F.);
#4431 = FACE_BOUND('',#4432,.F.);
#4432 = EDGE_LOOP('',(#4433));
#4433 = ORIENTED_EDGE('',*,*,#4434,.F.);
#4434 = EDGE_CURVE('',#4435,#4435,#4437,.T.);
#4435 = VERTEX_POINT('',#4436);
#4436 = CARTESIAN_POINT('',(430.,-7.347880794884E-16,107.));
#4437 = SURFACE_CURVE('',#4438,(#4443,#4450),.PCURVE_S1.);
#4438 = CIRCLE('',#4439,3.);
#4439 = AXIS2_PLACEMENT_3D('',#4440,#4441,#4442);
#4440 = CARTESIAN_POINT('',(430.,0.,110.));
#4441 = DIRECTION('',(1.,-0.,2.22044604925E-16));
#4442 = DIRECTION('',(2.22044604925E-16,0.,-1.));
#4443 = PCURVE('',#4049,#4444);
#4444 = DEFINITIONAL_REPRESENTATION('',(#4445),#4449);
#4445 = CIRCLE('',#4446,3.);
#4446 = AXIS2_PLACEMENT_2D('',#4447,#4448);
#4447 = CARTESIAN_POINT('',(30.,-20.));
#4448 = DIRECTION('',(-1.,0.));
#4449 = ( GEOMETRIC_REPRESENTATION_CONTEXT(2) 
PARAMETRIC_REPRESENTATION_CONTEXT() REPRESENTATION_CONTEXT('2D SPACE',''
  ) );
#4450 = PCURVE('',#4451,#4456);
#4451 = CYLINDRICAL_SURFACE('',#4452,3.);
#4452 = AXIS2_PLACEMENT_3D('',#4453,#4454,#4455);
#4453 = CARTESIAN_POINT('',(420.,0.,110.));
#4454 = DIRECTION('',(1.,0.,2.22044604925E-16));
#4455 = DIRECTION('',(2.22044604925E-16,0.,-1.));
#4456 = DEFINITIONAL_REPRESENTATION('',(#4457),#4461);
#4457 = LINE('',#4458,#4459);
#4458 = CARTESIAN_POINT('',(0.,10.));
#4459 = VECTOR('',#4460,1.);
#4460 = DIRECTION('',(1.,0.));
#4461 = ( GEOMETRIC_REPRESENTATION_CONTEXT(2) 
PARAMETRIC_REPRESENTATION_CONTEXT() REPRESENTATION_CONTEXT('2D SPACE',''
  ) );
#4462 = ADVANCED_FACE('',(#4463),#4451,.T.);
#4463 = FACE_BOUND('',#4464,.T.);
#4464 = EDGE_LOOP('',(#4465,#4488,#4515,#4516));
#4465 = ORIENTED_EDGE('',*,*,#4466,.F.);
#4466 = EDGE_CURVE('',#4467,#4435,#4469,.T.);
#4467 = VERTEX_POINT('',#4468);
#4468 = CARTESIAN_POINT('',(420.,-7.347880794884E-16,107.));
#4469 = SEAM_CURVE('',#4470,(#4474,#4481),.PCURVE_S1.);
#4470 = LINE('',#4471,#4472);
#4471 = CARTESIAN_POINT('',(420.,-7.347880794884E-16,107.));
#4472 = VECTOR('',#4473,1.);
#4473 = DIRECTION('',(1.,0.,0.));
#4474 = PCURVE('',#4451,#4475);
#4475 = DEFINITIONAL_REPRESENTATION('',(#4476),#4480);
#4476 = LINE('',#4477,#4478);
#4477 = CARTESIAN_POINT('',(0.,-0.));
#4478 = VECTOR('',#4479,1.);
#4479 = DIRECTION('',(0.,1.));
#4480 = ( GEOMETRIC_REPRESENTATION_CONTEXT(2) 
PARAMETRIC_REPRESENTATION_CONTEXT() REPRESENTATION_CONTEXT('2D SPACE',''
  ) );
#4481 = PCURVE('',#4451,#4482);
#4482 = DEFINITIONAL_REPRESENTATION('',(#4483),#4487);
#4483 = LINE('',#4484,#4485);
#4484 = CARTESIAN_POINT('',(6.28318530718,-0.));
#4485 = VECTOR('',#4486,1.);
#4486 = DIRECTION('',(0.,1.));
#4487 = ( GEOMETRIC_REPRESENTATION_CONTEXT(2) 
PARAMETRIC_REPRESENTATION_CONTEXT() REPRESENTATION_CONTEXT('2D SPACE',''
  ) );
#4488 = ORIENTED_EDGE('',*,*,#4489,.T.);
#4489 = EDGE_CURVE('',#4467,#4467,#4490,.T.);
#4490 = SURFACE_CURVE('',#4491,(#4496,#4503),.PCURVE_S1.);
#4491 = CIRCLE('',#4492,3.);
#4492 = AXIS2_PLACEMENT_3D('',#4493,#4494,#4495);
#4493 = CARTESIAN_POINT('',(420.,0.,110.));
#4494 = DIRECTION('',(1.,-0.,2.22044604925E-16));
#4495 = DIRECTION('',(2.22044604925E-16,0.,-1.));
#4496 = PCURVE('',#4451,#4497);
#4497 = DEFINITIONAL_REPRESENTATION('',(#4498),#4502);
#4498 = LINE('',#4499,#4500);
#4499 = CARTESIAN_POINT('',(0.,0.));
#4500 = VECTOR('',#4501,1.);
#4501 = DIRECTION('',(1.,0.));
#4502 = ( GEOMETRIC_REPRESENTATION_CONTEXT(2) 
PARAMETRIC_REPRESENTATION_CONTEXT() REPRESENTATION_CONTEXT('2D SPACE',''
  ) );
#4503 = PCURVE('',#4504,#4509);
#4504 = PLANE('',#4505);
#4505 = AXIS2_PLACEMENT_3D('',#4506,#4507,#4508);
#4506 = CARTESIAN_POINT('',(420.,0.,110.));
#4507 = DIRECTION('',(1.,0.,2.22044604925E-16));
#4508 = DIRECTION('',(2.22044604925E-16,0.,-1.));
#4509 = DEFINITIONAL_REPRESENTATION('',(#4510),#4514);
#4510 = CIRCLE('',#4511,3.);
#4511 = AXIS2_PLACEMENT_2D('',#4512,#4513);
#4512 = CARTESIAN_POINT('',(0.,0.));
#4513 = DIRECTION('',(1.,0.));
#4514 = ( GEOMETRIC_REPRESENTATION_CONTEXT(2) 
PARAMETRIC_REPRESENTATION_CONTEXT() REPRESENTATION_CONTEXT('2D SPACE',''
  ) );
#4515 = ORIENTED_EDGE('',*,*,#4466,.T.);
#4516 = ORIENTED_EDGE('',*,*,#4434,.F.);
#4517 = ADVANCED_FACE('',(#4518),#4504,.F.);
#4518 = FACE_BOUND('',#4519,.T.);
#4519 = EDGE_LOOP('',(#4520));
#4520 = ORIENTED_EDGE('',*,*,#4489,.F.);
#4521 = ADVANCED_FACE('',(#4522),#3327,.F.);
#4522 = FACE_BOUND('',#4523,.F.);
#4523 = EDGE_LOOP('',(#4524,#4525));
#4524 = ORIENTED_EDGE('',*,*,#3217,.T.);
#4525 = ORIENTED_EDGE('',*,*,#4526,.F.);
#4526 = EDGE_CURVE('',#3218,#2675,#4527,.T.);
#4527 = SURFACE_CURVE('',#4528,(#4533,#4540),.PCURVE_S1.);
#4528 = CIRCLE('',#4529,4.);
#4529 = AXIS2_PLACEMENT_3D('',#4530,#4531,#4532);
#4530 = CARTESIAN_POINT('',(460.,0.,125.));
#4531 = DIRECTION('',(1.,-0.,2.22044604925E-16));
#4532 = DIRECTION('',(2.22044604925E-16,0.,-1.));
#4533 = PCURVE('',#3327,#4534);
#4534 = DEFINITIONAL_REPRESENTATION('',(#4535),#4539);
#4535 = LINE('',#4536,#4537);
#4536 = CARTESIAN_POINT('',(0.,10.));
#4537 = VECTOR('',#4538,1.);
#4538 = DIRECTION('',(1.,0.));
#4539 = ( GEOMETRIC_REPRESENTATION_CONTEXT(2) 
PARAMETRIC_REPRESENTATION_CONTEXT() REPRESENTATION_CONTEXT('2D SPACE',''
  ) );
#4540 = PCURVE('',#2422,#4541);
#4541 = DEFINITIONAL_REPRESENTATION('',(#4542),#4546);
#4542 = CIRCLE('',#4543,4.);
#4543 = AXIS2_PLACEMENT_2D('',#4544,#4545);
#4544 = CARTESIAN_POINT('',(0.,0.));
#4545 = DIRECTION('',(1.,0.));
#4546 = ( GEOMETRIC_REPRESENTATION_CONTEXT(2) 
PARAMETRIC_REPRESENTATION_CONTEXT() REPRESENTATION_CONTEXT('2D SPACE',''
  ) );
#4547 = ADVANCED_FACE('',(#4548,#4554),#3203,.F.);
#4548 = FACE_BOUND('',#4549,.F.);
#4549 = EDGE_LOOP('',(#4550,#4551,#4552,#4553));
#4550 = ORIENTED_EDGE('',*,*,#4409,.F.);
#4551 = ORIENTED_EDGE('',*,*,#4310,.T.);
#4552 = ORIENTED_EDGE('',*,*,#4172,.T.);
#4553 = ORIENTED_EDGE('',*,*,#4359,.F.);
#4554 = FACE_BOUND('',#4555,.F.);
#4555 = EDGE_LOOP('',(#4556));
#4556 = ORIENTED_EDGE('',*,*,#3188,.F.);
#4557 = ADVANCED_FACE('',(#4558),#2479,.F.);
#4558 = FACE_BOUND('',#4559,.F.);
#4559 = EDGE_LOOP('',(#4560,#4561));
#4560 = ORIENTED_EDGE('',*,*,#2462,.F.);
#4561 = ORIENTED_EDGE('',*,*,#3002,.T.);
#4562 = ADVANCED_FACE('',(#4563),#2506,.T.);
#4563 = FACE_BOUND('',#4564,.T.);
#4564 = EDGE_LOOP('',(#4565,#4587,#4588,#4589));
#4565 = ORIENTED_EDGE('',*,*,#4566,.T.);
#4566 = EDGE_CURVE('',#2402,#3218,#4567,.T.);
#4567 = SURFACE_CURVE('',#4568,(#4573,#4580),.PCURVE_S1.);
#4568 = CIRCLE('',#4569,4.);
#4569 = AXIS2_PLACEMENT_3D('',#4570,#4571,#4572);
#4570 = CARTESIAN_POINT('',(460.,0.,125.));
#4571 = DIRECTION('',(1.,-0.,2.22044604925E-16));
#4572 = DIRECTION('',(2.22044604925E-16,0.,-1.));
#4573 = PCURVE('',#2506,#4574);
#4574 = DEFINITIONAL_REPRESENTATION('',(#4575),#4579);
#4575 = LINE('',#4576,#4577);
#4576 = CARTESIAN_POINT('',(0.,0.));
#4577 = VECTOR('',#4578,1.);
#4578 = DIRECTION('',(1.,0.));
#4579 = ( GEOMETRIC_REPRESENTATION_CONTEXT(2) 
PARAMETRIC_REPRESENTATION_CONTEXT() REPRESENTATION_CONTEXT('2D SPACE',''
  ) );
#4580 = PCURVE('',#2422,#4581);
#4581 = DEFINITIONAL_REPRESENTATION('',(#4582),#4586);
#4582 = CIRCLE('',#4583,4.);
#4583 = AXIS2_PLACEMENT_2D('',#4584,#4585);
#4584 = CARTESIAN_POINT('',(0.,0.));
#4585 = DIRECTION('',(1.,0.));
#4586 = ( GEOMETRIC_REPRESENTATION_CONTEXT(2) 
PARAMETRIC_REPRESENTATION_CONTEXT() REPRESENTATION_CONTEXT('2D SPACE',''
  ) );
#4587 = ORIENTED_EDGE('',*,*,#3386,.F.);
#4588 = ORIENTED_EDGE('',*,*,#2864,.F.);
#4589 = ORIENTED_EDGE('',*,*,#2491,.T.);
#4590 = ADVANCED_FACE('',(#4591),#2422,.F.);
#4591 = FACE_BOUND('',#4592,.F.);
#4592 = EDGE_LOOP('',(#4593,#4594,#4595,#4596));
#4593 = ORIENTED_EDGE('',*,*,#2814,.T.);
#4594 = ORIENTED_EDGE('',*,*,#2399,.T.);
#4595 = ORIENTED_EDGE('',*,*,#4566,.T.);
#4596 = ORIENTED_EDGE('',*,*,#4526,.T.);
#4597 = MANIFOLD_SOLID_BREP('',#4598);
#4598 = CLOSED_SHELL('',(#4599,#4943,#5081,#5131,#5181,#5436,#5463,#5552
    ,#5607,#5611,#5666,#5670,#5697,#5786,#5841,#5845,#5900,#5904,#5929,
    #5960,#5987,#6076,#6131,#6135,#6190,#6194,#6221,#6310,#6365,#6369,
    #6424,#6428));
#4599 = ADVANCED_FACE('',(#4600),#4614,.F.);
#4600 = FACE_BOUND('',#4601,.F.);
#4601 = EDGE_LOOP('',(#4602,#4637,#4665,#4693,#4721,#4749,#4777,#4805,
    #4833,#4861,#4889,#4917));
#4602 = ORIENTED_EDGE('',*,*,#4603,.F.);
#4603 = EDGE_CURVE('',#4604,#4606,#4608,.T.);
#4604 = VERTEX_POINT('',#4605);
#4605 = CARTESIAN_POINT('',(-575.,-100.,1.5));
#4606 = VERTEX_POINT('',#4607);
#4607 = CARTESIAN_POINT('',(-575.,-100.,250.));
#4608 = SURFACE_CURVE('',#4609,(#4613,#4625),.PCURVE_S1.);
#4609 = LINE('',#4610,#4611);
#4610 = CARTESIAN_POINT('',(-575.,-100.,0.));
#4611 = VECTOR('',#4612,1.);
#4612 = DIRECTION('',(0.,0.,1.));
#4613 = PCURVE('',#4614,#4619);
#4614 = PLANE('',#4615);
#4615 = AXIS2_PLACEMENT_3D('',#4616,#4617,#4618);
#4616 = CARTESIAN_POINT('',(-575.,-100.,248.5));
#4617 = DIRECTION('',(1.,0.,-0.));
#4618 = DIRECTION('',(0.,0.,1.));
#4619 = DEFINITIONAL_REPRESENTATION('',(#4620),#4624);
#4620 = LINE('',#4621,#4622);
#4621 = CARTESIAN_POINT('',(-248.5,0.));
#4622 = VECTOR('',#4623,1.);
#4623 = DIRECTION('',(1.,0.));
#4624 = ( GEOMETRIC_REPRESENTATION_CONTEXT(2) 
PARAMETRIC_REPRESENTATION_CONTEXT() REPRESENTATION_CONTEXT('2D SPACE',''
  ) );
#4625 = PCURVE('',#4626,#4631);
#4626 = PLANE('',#4627);
#4627 = AXIS2_PLACEMENT_3D('',#4628,#4629,#4630);
#4628 = CARTESIAN_POINT('',(-575.,-100.,248.5));
#4629 = DIRECTION('',(-0.,1.,0.));
#4630 = DIRECTION('',(0.,0.,1.));
#4631 = DEFINITIONAL_REPRESENTATION('',(#4632),#4636);
#4632 = LINE('',#4633,#4634);
#4633 = CARTESIAN_POINT('',(-248.5,0.));
#4634 = VECTOR('',#4635,1.);
#4635 = DIRECTION('',(1.,0.));
#4636 = ( GEOMETRIC_REPRESENTATION_CONTEXT(2) 
PARAMETRIC_REPRESENTATION_CONTEXT() REPRESENTATION_CONTEXT('2D SPACE',''
  ) );
#4637 = ORIENTED_EDGE('',*,*,#4638,.F.);
#4638 = EDGE_CURVE('',#4639,#4604,#4641,.T.);
#4639 = VERTEX_POINT('',#4640);
#4640 = CARTESIAN_POINT('',(-575.,-125.,1.5));
#4641 = SURFACE_CURVE('',#4642,(#4646,#4653),.PCURVE_S1.);
#4642 = LINE('',#4643,#4644);
#4643 = CARTESIAN_POINT('',(-575.,-125.,1.5));
#4644 = VECTOR('',#4645,1.);
#4645 = DIRECTION('',(-0.,1.,0.));
#4646 = PCURVE('',#4614,#4647);
#4647 = DEFINITIONAL_REPRESENTATION('',(#4648),#4652);
#4648 = LINE('',#4649,#4650);
#4649 = CARTESIAN_POINT('',(-247.,25.));
#4650 = VECTOR('',#4651,1.);
#4651 = DIRECTION('',(0.,-1.));
#4652 = ( GEOMETRIC_REPRESENTATION_CONTEXT(2) 
PARAMETRIC_REPRESENTATION_CONTEXT() REPRESENTATION_CONTEXT('2D SPACE',''
  ) );
#4653 = PCURVE('',#4654,#4659);
#4654 = PLANE('',#4655);
#4655 = AXIS2_PLACEMENT_3D('',#4656,#4657,#4658);
#4656 = CARTESIAN_POINT('',(-575.,-125.,1.5));
#4657 = DIRECTION('',(0.,0.,1.));
#4658 = DIRECTION('',(1.,0.,-0.));
#4659 = DEFINITIONAL_REPRESENTATION('',(#4660),#4664);
#4660 = LINE('',#4661,#4662);
#4661 = CARTESIAN_POINT('',(0.,0.));
#4662 = VECTOR('',#4663,1.);
#4663 = DIRECTION('',(0.,1.));
#4664 = ( GEOMETRIC_REPRESENTATION_CONTEXT(2) 
PARAMETRIC_REPRESENTATION_CONTEXT() REPRESENTATION_CONTEXT('2D SPACE',''
  ) );
#4665 = ORIENTED_EDGE('',*,*,#4666,.F.);
#4666 = EDGE_CURVE('',#4667,#4639,#4669,.T.);
#4667 = VERTEX_POINT('',#4668);
#4668 = CARTESIAN_POINT('',(-575.,-125.,0.));
#4669 = SURFACE_CURVE('',#4670,(#4674,#4681),.PCURVE_S1.);
#4670 = LINE('',#4671,#4672);
#4671 = CARTESIAN_POINT('',(-575.,-125.,0.));
#4672 = VECTOR('',#4673,1.);
#4673 = DIRECTION('',(0.,0.,1.));
#4674 = PCURVE('',#4614,#4675);
#4675 = DEFINITIONAL_REPRESENTATION('',(#4676),#4680);
#4676 = LINE('',#4677,#4678);
#4677 = CARTESIAN_POINT('',(-248.5,25.));
#4678 = VECTOR('',#4679,1.);
#4679 = DIRECTION('',(1.,0.));
#4680 = ( GEOMETRIC_REPRESENTATION_CONTEXT(2) 
PARAMETRIC_REPRESENTATION_CONTEXT() REPRESENTATION_CONTEXT('2D SPACE',''
  ) );
#4681 = PCURVE('',#4682,#4687);
#4682 = PLANE('',#4683);
#4683 = AXIS2_PLACEMENT_3D('',#4684,#4685,#4686);
#4684 = CARTESIAN_POINT('',(-575.,-125.,0.));
#4685 = DIRECTION('',(-0.,1.,0.));
#4686 = DIRECTION('',(0.,0.,1.));
#4687 = DEFINITIONAL_REPRESENTATION('',(#4688),#4692);
#4688 = LINE('',#4689,#4690);
#4689 = CARTESIAN_POINT('',(0.,0.));
#4690 = VECTOR('',#4691,1.);
#4691 = DIRECTION('',(1.,0.));
#4692 = ( GEOMETRIC_REPRESENTATION_CONTEXT(2) 
PARAMETRIC_REPRESENTATION_CONTEXT() REPRESENTATION_CONTEXT('2D SPACE',''
  ) );
#4693 = ORIENTED_EDGE('',*,*,#4694,.F.);
#4694 = EDGE_CURVE('',#4695,#4667,#4697,.T.);
#4695 = VERTEX_POINT('',#4696);
#4696 = CARTESIAN_POINT('',(-575.,-98.5,0.));
#4697 = SURFACE_CURVE('',#4698,(#4702,#4709),.PCURVE_S1.);
#4698 = LINE('',#4699,#4700);
#4699 = CARTESIAN_POINT('',(-575.,-98.5,0.));
#4700 = VECTOR('',#4701,1.);
#4701 = DIRECTION('',(0.,-1.,0.));
#4702 = PCURVE('',#4614,#4703);
#4703 = DEFINITIONAL_REPRESENTATION('',(#4704),#4708);
#4704 = LINE('',#4705,#4706);
#4705 = CARTESIAN_POINT('',(-248.5,-1.5));
#4706 = VECTOR('',#4707,1.);
#4707 = DIRECTION('',(0.,1.));
#4708 = ( GEOMETRIC_REPRESENTATION_CONTEXT(2) 
PARAMETRIC_REPRESENTATION_CONTEXT() REPRESENTATION_CONTEXT('2D SPACE',''
  ) );
#4709 = PCURVE('',#4710,#4715);
#4710 = PLANE('',#4711);
#4711 = AXIS2_PLACEMENT_3D('',#4712,#4713,#4714);
#4712 = CARTESIAN_POINT('',(-575.,-100.,0.));
#4713 = DIRECTION('',(0.,0.,1.));
#4714 = DIRECTION('',(1.,0.,-0.));
#4715 = DEFINITIONAL_REPRESENTATION('',(#4716),#4720);
#4716 = LINE('',#4717,#4718);
#4717 = CARTESIAN_POINT('',(0.,1.5));
#4718 = VECTOR('',#4719,1.);
#4719 = DIRECTION('',(0.,-1.));
#4720 = ( GEOMETRIC_REPRESENTATION_CONTEXT(2) 
PARAMETRIC_REPRESENTATION_CONTEXT() REPRESENTATION_CONTEXT('2D SPACE',''
  ) );
#4721 = ORIENTED_EDGE('',*,*,#4722,.T.);
#4722 = EDGE_CURVE('',#4695,#4723,#4725,.T.);
#4723 = VERTEX_POINT('',#4724);
#4724 = CARTESIAN_POINT('',(-575.,-98.5,248.5));
#4725 = SURFACE_CURVE('',#4726,(#4730,#4737),.PCURVE_S1.);
#4726 = LINE('',#4727,#4728);
#4727 = CARTESIAN_POINT('',(-575.,-98.5,0.));
#4728 = VECTOR('',#4729,1.);
#4729 = DIRECTION('',(0.,0.,1.));
#4730 = PCURVE('',#4614,#4731);
#4731 = DEFINITIONAL_REPRESENTATION('',(#4732),#4736);
#4732 = LINE('',#4733,#4734);
#4733 = CARTESIAN_POINT('',(-248.5,-1.5));
#4734 = VECTOR('',#4735,1.);
#4735 = DIRECTION('',(1.,0.));
#4736 = ( GEOMETRIC_REPRESENTATION_CONTEXT(2) 
PARAMETRIC_REPRESENTATION_CONTEXT() REPRESENTATION_CONTEXT('2D SPACE',''
  ) );
#4737 = PCURVE('',#4738,#4743);
#4738 = PLANE('',#4739);
#4739 = AXIS2_PLACEMENT_3D('',#4740,#4741,#4742);
#4740 = CARTESIAN_POINT('',(-575.,-98.5,0.));
#4741 = DIRECTION('',(-0.,1.,0.));
#4742 = DIRECTION('',(0.,0.,1.));
#4743 = DEFINITIONAL_REPRESENTATION('',(#4744),#4748);
#4744 = LINE('',#4745,#4746);
#4745 = CARTESIAN_POINT('',(0.,0.));
#4746 = VECTOR('',#4747,1.);
#4747 = DIRECTION('',(1.,0.));
#4748 = ( GEOMETRIC_REPRESENTATION_CONTEXT(2) 
PARAMETRIC_REPRESENTATION_CONTEXT() REPRESENTATION_CONTEXT('2D SPACE',''
  ) );
#4749 = ORIENTED_EDGE('',*,*,#4750,.T.);
#4750 = EDGE_CURVE('',#4723,#4751,#4753,.T.);
#4751 = VERTEX_POINT('',#4752);
#4752 = CARTESIAN_POINT('',(-575.,98.5,248.5));
#4753 = SURFACE_CURVE('',#4754,(#4758,#4765),.PCURVE_S1.);
#4754 = LINE('',#4755,#4756);
#4755 = CARTESIAN_POINT('',(-575.,-100.,248.5));
#4756 = VECTOR('',#4757,1.);
#4757 = DIRECTION('',(-0.,1.,0.));
#4758 = PCURVE('',#4614,#4759);
#4759 = DEFINITIONAL_REPRESENTATION('',(#4760),#4764);
#4760 = LINE('',#4761,#4762);
#4761 = CARTESIAN_POINT('',(0.,0.));
#4762 = VECTOR('',#4763,1.);
#4763 = DIRECTION('',(0.,-1.));
#4764 = ( GEOMETRIC_REPRESENTATION_CONTEXT(2) 
PARAMETRIC_REPRESENTATION_CONTEXT() REPRESENTATION_CONTEXT('2D SPACE',''
  ) );
#4765 = PCURVE('',#4766,#4771);
#4766 = PLANE('',#4767);
#4767 = AXIS2_PLACEMENT_3D('',#4768,#4769,#4770);
#4768 = CARTESIAN_POINT('',(-575.,-100.,248.5));
#4769 = DIRECTION('',(0.,0.,1.));
#4770 = DIRECTION('',(1.,0.,-0.));
#4771 = DEFINITIONAL_REPRESENTATION('',(#4772),#4776);
#4772 = LINE('',#4773,#4774);
#4773 = CARTESIAN_POINT('',(0.,0.));
#4774 = VECTOR('',#4775,1.);
#4775 = DIRECTION('',(0.,1.));
#4776 = ( GEOMETRIC_REPRESENTATION_CONTEXT(2) 
PARAMETRIC_REPRESENTATION_CONTEXT() REPRESENTATION_CONTEXT('2D SPACE',''
  ) );
#4777 = ORIENTED_EDGE('',*,*,#4778,.F.);
#4778 = EDGE_CURVE('',#4779,#4751,#4781,.T.);
#4779 = VERTEX_POINT('',#4780);
#4780 = CARTESIAN_POINT('',(-575.,98.5,0.));
#4781 = SURFACE_CURVE('',#4782,(#4786,#4793),.PCURVE_S1.);
#4782 = LINE('',#4783,#4784);
#4783 = CARTESIAN_POINT('',(-575.,98.5,0.));
#4784 = VECTOR('',#4785,1.);
#4785 = DIRECTION('',(0.,0.,1.));
#4786 = PCURVE('',#4614,#4787);
#4787 = DEFINITIONAL_REPRESENTATION('',(#4788),#4792);
#4788 = LINE('',#4789,#4790);
#4789 = CARTESIAN_POINT('',(-248.5,-198.5));
#4790 = VECTOR('',#4791,1.);
#4791 = DIRECTION('',(1.,0.));
#4792 = ( GEOMETRIC_REPRESENTATION_CONTEXT(2) 
PARAMETRIC_REPRESENTATION_CONTEXT() REPRESENTATION_CONTEXT('2D SPACE',''
  ) );
#4793 = PCURVE('',#4794,#4799);
#4794 = PLANE('',#4795);
#4795 = AXIS2_PLACEMENT_3D('',#4796,#4797,#4798);
#4796 = CARTESIAN_POINT('',(-575.,98.5,0.));
#4797 = DIRECTION('',(-0.,1.,0.));
#4798 = DIRECTION('',(0.,0.,1.));
#4799 = DEFINITIONAL_REPRESENTATION('',(#4800),#4804);
#4800 = LINE('',#4801,#4802);
#4801 = CARTESIAN_POINT('',(0.,0.));
#4802 = VECTOR('',#4803,1.);
#4803 = DIRECTION('',(1.,0.));
#4804 = ( GEOMETRIC_REPRESENTATION_CONTEXT(2) 
PARAMETRIC_REPRESENTATION_CONTEXT() REPRESENTATION_CONTEXT('2D SPACE',''
  ) );
#4805 = ORIENTED_EDGE('',*,*,#4806,.F.);
#4806 = EDGE_CURVE('',#4807,#4779,#4809,.T.);
#4807 = VERTEX_POINT('',#4808);
#4808 = CARTESIAN_POINT('',(-575.,125.,0.));
#4809 = SURFACE_CURVE('',#4810,(#4814,#4821),.PCURVE_S1.);
#4810 = LINE('',#4811,#4812);
#4811 = CARTESIAN_POINT('',(-575.,125.,0.));
#4812 = VECTOR('',#4813,1.);
#4813 = DIRECTION('',(0.,-1.,0.));
#4814 = PCURVE('',#4614,#4815);
#4815 = DEFINITIONAL_REPRESENTATION('',(#4816),#4820);
#4816 = LINE('',#4817,#4818);
#4817 = CARTESIAN_POINT('',(-248.5,-225.));
#4818 = VECTOR('',#4819,1.);
#4819 = DIRECTION('',(0.,1.));
#4820 = ( GEOMETRIC_REPRESENTATION_CONTEXT(2) 
PARAMETRIC_REPRESENTATION_CONTEXT() REPRESENTATION_CONTEXT('2D SPACE',''
  ) );
#4821 = PCURVE('',#4822,#4827);
#4822 = PLANE('',#4823);
#4823 = AXIS2_PLACEMENT_3D('',#4824,#4825,#4826);
#4824 = CARTESIAN_POINT('',(-575.,98.5,0.));
#4825 = DIRECTION('',(0.,0.,1.));
#4826 = DIRECTION('',(1.,0.,-0.));
#4827 = DEFINITIONAL_REPRESENTATION('',(#4828),#4832);
#4828 = LINE('',#4829,#4830);
#4829 = CARTESIAN_POINT('',(0.,26.5));
#4830 = VECTOR('',#4831,1.);
#4831 = DIRECTION('',(0.,-1.));
#4832 = ( GEOMETRIC_REPRESENTATION_CONTEXT(2) 
PARAMETRIC_REPRESENTATION_CONTEXT() REPRESENTATION_CONTEXT('2D SPACE',''
  ) );
#4833 = ORIENTED_EDGE('',*,*,#4834,.T.);
#4834 = EDGE_CURVE('',#4807,#4835,#4837,.T.);
#4835 = VERTEX_POINT('',#4836);
#4836 = CARTESIAN_POINT('',(-575.,125.,1.5));
#4837 = SURFACE_CURVE('',#4838,(#4842,#4849),.PCURVE_S1.);
#4838 = LINE('',#4839,#4840);
#4839 = CARTESIAN_POINT('',(-575.,125.,0.));
#4840 = VECTOR('',#4841,1.);
#4841 = DIRECTION('',(0.,0.,1.));
#4842 = PCURVE('',#4614,#4843);
#4843 = DEFINITIONAL_REPRESENTATION('',(#4844),#4848);
#4844 = LINE('',#4845,#4846);
#4845 = CARTESIAN_POINT('',(-248.5,-225.));
#4846 = VECTOR('',#4847,1.);
#4847 = DIRECTION('',(1.,0.));
#4848 = ( GEOMETRIC_REPRESENTATION_CONTEXT(2) 
PARAMETRIC_REPRESENTATION_CONTEXT() REPRESENTATION_CONTEXT('2D SPACE',''
  ) );
#4849 = PCURVE('',#4850,#4855);
#4850 = PLANE('',#4851);
#4851 = AXIS2_PLACEMENT_3D('',#4852,#4853,#4854);
#4852 = CARTESIAN_POINT('',(-575.,125.,0.));
#4853 = DIRECTION('',(-0.,1.,0.));
#4854 = DIRECTION('',(0.,0.,1.));
#4855 = DEFINITIONAL_REPRESENTATION('',(#4856),#4860);
#4856 = LINE('',#4857,#4858);
#4857 = CARTESIAN_POINT('',(0.,0.));
#4858 = VECTOR('',#4859,1.);
#4859 = DIRECTION('',(1.,0.));
#4860 = ( GEOMETRIC_REPRESENTATION_CONTEXT(2) 
PARAMETRIC_REPRESENTATION_CONTEXT() REPRESENTATION_CONTEXT('2D SPACE',''
  ) );
#4861 = ORIENTED_EDGE('',*,*,#4862,.F.);
#4862 = EDGE_CURVE('',#4863,#4835,#4865,.T.);
#4863 = VERTEX_POINT('',#4864);
#4864 = CARTESIAN_POINT('',(-575.,100.,1.5));
#4865 = SURFACE_CURVE('',#4866,(#4870,#4877),.PCURVE_S1.);
#4866 = LINE('',#4867,#4868);
#4867 = CARTESIAN_POINT('',(-575.,100.,1.5));
#4868 = VECTOR('',#4869,1.);
#4869 = DIRECTION('',(-0.,1.,0.));
#4870 = PCURVE('',#4614,#4871);
#4871 = DEFINITIONAL_REPRESENTATION('',(#4872),#4876);
#4872 = LINE('',#4873,#4874);
#4873 = CARTESIAN_POINT('',(-247.,-200.));
#4874 = VECTOR('',#4875,1.);
#4875 = DIRECTION('',(0.,-1.));
#4876 = ( GEOMETRIC_REPRESENTATION_CONTEXT(2) 
PARAMETRIC_REPRESENTATION_CONTEXT() REPRESENTATION_CONTEXT('2D SPACE',''
  ) );
#4877 = PCURVE('',#4878,#4883);
#4878 = PLANE('',#4879);
#4879 = AXIS2_PLACEMENT_3D('',#4880,#4881,#4882);
#4880 = CARTESIAN_POINT('',(-575.,100.,1.5));
#4881 = DIRECTION('',(0.,0.,1.));
#4882 = DIRECTION('',(1.,0.,-0.));
#4883 = DEFINITIONAL_REPRESENTATION('',(#4884),#4888);
#4884 = LINE('',#4885,#4886);
#4885 = CARTESIAN_POINT('',(0.,0.));
#4886 = VECTOR('',#4887,1.);
#4887 = DIRECTION('',(0.,1.));
#4888 = ( GEOMETRIC_REPRESENTATION_CONTEXT(2) 
PARAMETRIC_REPRESENTATION_CONTEXT() REPRESENTATION_CONTEXT('2D SPACE',''
  ) );
#4889 = ORIENTED_EDGE('',*,*,#4890,.F.);
#4890 = EDGE_CURVE('',#4891,#4863,#4893,.T.);
#4891 = VERTEX_POINT('',#4892);
#4892 = CARTESIAN_POINT('',(-575.,100.,250.));
#4893 = SURFACE_CURVE('',#4894,(#4898,#4905),.PCURVE_S1.);
#4894 = LINE('',#4895,#4896);
#4895 = CARTESIAN_POINT('',(-575.,100.,250.));
#4896 = VECTOR('',#4897,1.);
#4897 = DIRECTION('',(0.,0.,-1.));
#4898 = PCURVE('',#4614,#4899);
#4899 = DEFINITIONAL_REPRESENTATION('',(#4900),#4904);
#4900 = LINE('',#4901,#4902);
#4901 = CARTESIAN_POINT('',(1.5,-200.));
#4902 = VECTOR('',#4903,1.);
#4903 = DIRECTION('',(-1.,0.));
#4904 = ( GEOMETRIC_REPRESENTATION_CONTEXT(2) 
PARAMETRIC_REPRESENTATION_CONTEXT() REPRESENTATION_CONTEXT('2D SPACE',''
  ) );
#4905 = PCURVE('',#4906,#4911);
#4906 = PLANE('',#4907);
#4907 = AXIS2_PLACEMENT_3D('',#4908,#4909,#4910);
#4908 = CARTESIAN_POINT('',(-575.,100.,248.5));
#4909 = DIRECTION('',(-0.,1.,0.));
#4910 = DIRECTION('',(0.,0.,1.));
#4911 = DEFINITIONAL_REPRESENTATION('',(#4912),#4916);
#4912 = LINE('',#4913,#4914);
#4913 = CARTESIAN_POINT('',(1.5,0.));
#4914 = VECTOR('',#4915,1.);
#4915 = DIRECTION('',(-1.,0.));
#4916 = ( GEOMETRIC_REPRESENTATION_CONTEXT(2) 
PARAMETRIC_REPRESENTATION_CONTEXT() REPRESENTATION_CONTEXT('2D SPACE',''
  ) );
#4917 = ORIENTED_EDGE('',*,*,#4918,.F.);
#4918 = EDGE_CURVE('',#4606,#4891,#4919,.T.);
#4919 = SURFACE_CURVE('',#4920,(#4924,#4931),.PCURVE_S1.);
#4920 = LINE('',#4921,#4922);
#4921 = CARTESIAN_POINT('',(-575.,-100.,250.));
#4922 = VECTOR('',#4923,1.);
#4923 = DIRECTION('',(0.,1.,0.));
#4924 = PCURVE('',#4614,#4925);
#4925 = DEFINITIONAL_REPRESENTATION('',(#4926),#4930);
#4926 = LINE('',#4927,#4928);
#4927 = CARTESIAN_POINT('',(1.5,0.));
#4928 = VECTOR('',#4929,1.);
#4929 = DIRECTION('',(0.,-1.));
#4930 = ( GEOMETRIC_REPRESENTATION_CONTEXT(2) 
PARAMETRIC_REPRESENTATION_CONTEXT() REPRESENTATION_CONTEXT('2D SPACE',''
  ) );
#4931 = PCURVE('',#4932,#4937);
#4932 = PLANE('',#4933);
#4933 = AXIS2_PLACEMENT_3D('',#4934,#4935,#4936);
#4934 = CARTESIAN_POINT('',(-575.,-100.,250.));
#4935 = DIRECTION('',(0.,0.,1.));
#4936 = DIRECTION('',(1.,0.,-0.));
#4937 = DEFINITIONAL_REPRESENTATION('',(#4938),#4942);
#4938 = LINE('',#4939,#4940);
#4939 = CARTESIAN_POINT('',(0.,0.));
#4940 = VECTOR('',#4941,1.);
#4941 = DIRECTION('',(0.,1.));
#4942 = ( GEOMETRIC_REPRESENTATION_CONTEXT(2) 
PARAMETRIC_REPRESENTATION_CONTEXT() REPRESENTATION_CONTEXT('2D SPACE',''
  ) );
#4943 = ADVANCED_FACE('',(#4944,#5019,#5050),#4932,.T.);
#4944 = FACE_BOUND('',#4945,.T.);
#4945 = EDGE_LOOP('',(#4946,#4947,#4970,#4998));
#4946 = ORIENTED_EDGE('',*,*,#4918,.F.);
#4947 = ORIENTED_EDGE('',*,*,#4948,.T.);
#4948 = EDGE_CURVE('',#4606,#4949,#4951,.T.);
#4949 = VERTEX_POINT('',#4950);
#4950 = CARTESIAN_POINT('',(575.,-100.,250.));
#4951 = SURFACE_CURVE('',#4952,(#4956,#4963),.PCURVE_S1.);
#4952 = LINE('',#4953,#4954);
#4953 = CARTESIAN_POINT('',(-575.,-100.,250.));
#4954 = VECTOR('',#4955,1.);
#4955 = DIRECTION('',(1.,0.,-0.));
#4956 = PCURVE('',#4932,#4957);
#4957 = DEFINITIONAL_REPRESENTATION('',(#4958),#4962);
#4958 = LINE('',#4959,#4960);
#4959 = CARTESIAN_POINT('',(0.,0.));
#4960 = VECTOR('',#4961,1.);
#4961 = DIRECTION('',(1.,0.));
#4962 = ( GEOMETRIC_REPRESENTATION_CONTEXT(2) 
PARAMETRIC_REPRESENTATION_CONTEXT() REPRESENTATION_CONTEXT('2D SPACE',''
  ) );
#4963 = PCURVE('',#4626,#4964);
#4964 = DEFINITIONAL_REPRESENTATION('',(#4965),#4969);
#4965 = LINE('',#4966,#4967);
#4966 = CARTESIAN_POINT('',(1.5,0.));
#4967 = VECTOR('',#4968,1.);
#4968 = DIRECTION('',(0.,1.));
#4969 = ( GEOMETRIC_REPRESENTATION_CONTEXT(2) 
PARAMETRIC_REPRESENTATION_CONTEXT() REPRESENTATION_CONTEXT('2D SPACE',''
  ) );
#4970 = ORIENTED_EDGE('',*,*,#4971,.T.);
#4971 = EDGE_CURVE('',#4949,#4972,#4974,.T.);
#4972 = VERTEX_POINT('',#4973);
#4973 = CARTESIAN_POINT('',(575.,100.,250.));
#4974 = SURFACE_CURVE('',#4975,(#4979,#4986),.PCURVE_S1.);
#4975 = LINE('',#4976,#4977);
#4976 = CARTESIAN_POINT('',(575.,-100.,250.));
#4977 = VECTOR('',#4978,1.);
#4978 = DIRECTION('',(0.,1.,0.));
#4979 = PCURVE('',#4932,#4980);
#4980 = DEFINITIONAL_REPRESENTATION('',(#4981),#4985);
#4981 = LINE('',#4982,#4983);
#4982 = CARTESIAN_POINT('',(1.15E+03,0.));
#4983 = VECTOR('',#4984,1.);
#4984 = DIRECTION('',(0.,1.));
#4985 = ( GEOMETRIC_REPRESENTATION_CONTEXT(2) 
PARAMETRIC_REPRESENTATION_CONTEXT() REPRESENTATION_CONTEXT('2D SPACE',''
  ) );
#4986 = PCURVE('',#4987,#4992);
#4987 = PLANE('',#4988);
#4988 = AXIS2_PLACEMENT_3D('',#4989,#4990,#4991);
#4989 = CARTESIAN_POINT('',(575.,-100.,248.5));
#4990 = DIRECTION('',(1.,0.,-0.));
#4991 = DIRECTION('',(0.,0.,1.));
#4992 = DEFINITIONAL_REPRESENTATION('',(#4993),#4997);
#4993 = LINE('',#4994,#4995);
#4994 = CARTESIAN_POINT('',(1.5,0.));
#4995 = VECTOR('',#4996,1.);
#4996 = DIRECTION('',(0.,-1.));
#4997 = ( GEOMETRIC_REPRESENTATION_CONTEXT(2) 
PARAMETRIC_REPRESENTATION_CONTEXT() REPRESENTATION_CONTEXT('2D SPACE',''
  ) );
#4998 = ORIENTED_EDGE('',*,*,#4999,.F.);
#4999 = EDGE_CURVE('',#4891,#4972,#5000,.T.);
#5000 = SURFACE_CURVE('',#5001,(#5005,#5012),.PCURVE_S1.);
#5001 = LINE('',#5002,#5003);
#5002 = CARTESIAN_POINT('',(-575.,100.,250.));
#5003 = VECTOR('',#5004,1.);
#5004 = DIRECTION('',(1.,0.,-0.));
#5005 = PCURVE('',#4932,#5006);
#5006 = DEFINITIONAL_REPRESENTATION('',(#5007),#5011);
#5007 = LINE('',#5008,#5009);
#5008 = CARTESIAN_POINT('',(0.,200.));
#5009 = VECTOR('',#5010,1.);
#5010 = DIRECTION('',(1.,0.));
#5011 = ( GEOMETRIC_REPRESENTATION_CONTEXT(2) 
PARAMETRIC_REPRESENTATION_CONTEXT() REPRESENTATION_CONTEXT('2D SPACE',''
  ) );
#5012 = PCURVE('',#4906,#5013);
#5013 = DEFINITIONAL_REPRESENTATION('',(#5014),#5018);
#5014 = LINE('',#5015,#5016);
#5015 = CARTESIAN_POINT('',(1.5,0.));
#5016 = VECTOR('',#5017,1.);
#5017 = DIRECTION('',(0.,1.));
#5018 = ( GEOMETRIC_REPRESENTATION_CONTEXT(2) 
PARAMETRIC_REPRESENTATION_CONTEXT() REPRESENTATION_CONTEXT('2D SPACE',''
  ) );
#5019 = FACE_BOUND('',#5020,.T.);
#5020 = EDGE_LOOP('',(#5021));
#5021 = ORIENTED_EDGE('',*,*,#5022,.F.);
#5022 = EDGE_CURVE('',#5023,#5023,#5025,.T.);
#5023 = VERTEX_POINT('',#5024);
#5024 = CARTESIAN_POINT('',(-473.,52.,250.));
#5025 = SURFACE_CURVE('',#5026,(#5031,#5038),.PCURVE_S1.);
#5026 = CIRCLE('',#5027,2.);
#5027 = AXIS2_PLACEMENT_3D('',#5028,#5029,#5030);
#5028 = CARTESIAN_POINT('',(-475.,52.,250.));
#5029 = DIRECTION('',(0.,0.,1.));
#5030 = DIRECTION('',(1.,0.,-0.));
#5031 = PCURVE('',#4932,#5032);
#5032 = DEFINITIONAL_REPRESENTATION('',(#5033),#5037);
#5033 = CIRCLE('',#5034,2.);
#5034 = AXIS2_PLACEMENT_2D('',#5035,#5036);
#5035 = CARTESIAN_POINT('',(100.,152.));
#5036 = DIRECTION('',(1.,0.));
#5037 = ( GEOMETRIC_REPRESENTATION_CONTEXT(2) 
PARAMETRIC_REPRESENTATION_CONTEXT() REPRESENTATION_CONTEXT('2D SPACE',''
  ) );
#5038 = PCURVE('',#5039,#5044);
#5039 = CYLINDRICAL_SURFACE('',#5040,2.);
#5040 = AXIS2_PLACEMENT_3D('',#5041,#5042,#5043);
#5041 = CARTESIAN_POINT('',(-475.,52.,247.5));
#5042 = DIRECTION('',(0.,0.,1.));
#5043 = DIRECTION('',(1.,0.,-0.));
#5044 = DEFINITIONAL_REPRESENTATION('',(#5045),#5049);
#5045 = LINE('',#5046,#5047);
#5046 = CARTESIAN_POINT('',(0.,2.5));
#5047 = VECTOR('',#5048,1.);
#5048 = DIRECTION('',(1.,0.));
#5049 = ( GEOMETRIC_REPRESENTATION_CONTEXT(2) 
PARAMETRIC_REPRESENTATION_CONTEXT() REPRESENTATION_CONTEXT('2D SPACE',''
  ) );
#5050 = FACE_BOUND('',#5051,.T.);
#5051 = EDGE_LOOP('',(#5052));
#5052 = ORIENTED_EDGE('',*,*,#5053,.F.);
#5053 = EDGE_CURVE('',#5054,#5054,#5056,.T.);
#5054 = VERTEX_POINT('',#5055);
#5055 = CARTESIAN_POINT('',(-423.,52.,250.));
#5056 = SURFACE_CURVE('',#5057,(#5062,#5069),.PCURVE_S1.);
#5057 = CIRCLE('',#5058,2.);
#5058 = AXIS2_PLACEMENT_3D('',#5059,#5060,#5061);
#5059 = CARTESIAN_POINT('',(-425.,52.,250.));
#5060 = DIRECTION('',(0.,0.,1.));
#5061 = DIRECTION('',(1.,0.,-0.));
#5062 = PCURVE('',#4932,#5063);
#5063 = DEFINITIONAL_REPRESENTATION('',(#5064),#5068);
#5064 = CIRCLE('',#5065,2.);
#5065 = AXIS2_PLACEMENT_2D('',#5066,#5067);
#5066 = CARTESIAN_POINT('',(150.,152.));
#5067 = DIRECTION('',(1.,0.));
#5068 = ( GEOMETRIC_REPRESENTATION_CONTEXT(2) 
PARAMETRIC_REPRESENTATION_CONTEXT() REPRESENTATION_CONTEXT('2D SPACE',''
  ) );
#5069 = PCURVE('',#5070,#5075);
#5070 = CYLINDRICAL_SURFACE('',#5071,2.);
#5071 = AXIS2_PLACEMENT_3D('',#5072,#5073,#5074);
#5072 = CARTESIAN_POINT('',(-425.,52.,247.5));
#5073 = DIRECTION('',(0.,0.,1.));
#5074 = DIRECTION('',(1.,0.,-0.));
#5075 = DEFINITIONAL_REPRESENTATION('',(#5076),#5080);
#5076 = LINE('',#5077,#5078);
#5077 = CARTESIAN_POINT('',(0.,2.5));
#5078 = VECTOR('',#5079,1.);
#5079 = DIRECTION('',(1.,0.));
#5080 = ( GEOMETRIC_REPRESENTATION_CONTEXT(2) 
PARAMETRIC_REPRESENTATION_CONTEXT() REPRESENTATION_CONTEXT('2D SPACE',''
  ) );
#5081 = ADVANCED_FACE('',(#5082),#5070,.F.);
#5082 = FACE_BOUND('',#5083,.F.);
#5083 = EDGE_LOOP('',(#5084,#5085,#5108,#5130));
#5084 = ORIENTED_EDGE('',*,*,#5053,.F.);
#5085 = ORIENTED_EDGE('',*,*,#5086,.F.);
#5086 = EDGE_CURVE('',#5087,#5054,#5089,.T.);
#5087 = VERTEX_POINT('',#5088);
#5088 = CARTESIAN_POINT('',(-423.,52.,248.5));
#5089 = SEAM_CURVE('',#5090,(#5094,#5101),.PCURVE_S1.);
#5090 = LINE('',#5091,#5092);
#5091 = CARTESIAN_POINT('',(-423.,52.,247.5));
#5092 = VECTOR('',#5093,1.);
#5093 = DIRECTION('',(0.,0.,1.));
#5094 = PCURVE('',#5070,#5095);
#5095 = DEFINITIONAL_REPRESENTATION('',(#5096),#5100);
#5096 = LINE('',#5097,#5098);
#5097 = CARTESIAN_POINT('',(6.28318530718,-0.));
#5098 = VECTOR('',#5099,1.);
#5099 = DIRECTION('',(0.,1.));
#5100 = ( GEOMETRIC_REPRESENTATION_CONTEXT(2) 
PARAMETRIC_REPRESENTATION_CONTEXT() REPRESENTATION_CONTEXT('2D SPACE',''
  ) );
#5101 = PCURVE('',#5070,#5102);
#5102 = DEFINITIONAL_REPRESENTATION('',(#5103),#5107);
#5103 = LINE('',#5104,#5105);
#5104 = CARTESIAN_POINT('',(0.,-0.));
#5105 = VECTOR('',#5106,1.);
#5106 = DIRECTION('',(0.,1.));
#5107 = ( GEOMETRIC_REPRESENTATION_CONTEXT(2) 
PARAMETRIC_REPRESENTATION_CONTEXT() REPRESENTATION_CONTEXT('2D SPACE',''
  ) );
#5108 = ORIENTED_EDGE('',*,*,#5109,.T.);
#5109 = EDGE_CURVE('',#5087,#5087,#5110,.T.);
#5110 = SURFACE_CURVE('',#5111,(#5116,#5123),.PCURVE_S1.);
#5111 = CIRCLE('',#5112,2.);
#5112 = AXIS2_PLACEMENT_3D('',#5113,#5114,#5115);
#5113 = CARTESIAN_POINT('',(-425.,52.,248.5));
#5114 = DIRECTION('',(0.,0.,1.));
#5115 = DIRECTION('',(1.,0.,-0.));
#5116 = PCURVE('',#5070,#5117);
#5117 = DEFINITIONAL_REPRESENTATION('',(#5118),#5122);
#5118 = LINE('',#5119,#5120);
#5119 = CARTESIAN_POINT('',(0.,1.));
#5120 = VECTOR('',#5121,1.);
#5121 = DIRECTION('',(1.,0.));
#5122 = ( GEOMETRIC_REPRESENTATION_CONTEXT(2) 
PARAMETRIC_REPRESENTATION_CONTEXT() REPRESENTATION_CONTEXT('2D SPACE',''
  ) );
#5123 = PCURVE('',#4766,#5124);
#5124 = DEFINITIONAL_REPRESENTATION('',(#5125),#5129);
#5125 = CIRCLE('',#5126,2.);
#5126 = AXIS2_PLACEMENT_2D('',#5127,#5128);
#5127 = CARTESIAN_POINT('',(150.,152.));
#5128 = DIRECTION('',(1.,0.));
#5129 = ( GEOMETRIC_REPRESENTATION_CONTEXT(2) 
PARAMETRIC_REPRESENTATION_CONTEXT() REPRESENTATION_CONTEXT('2D SPACE',''
  ) );
#5130 = ORIENTED_EDGE('',*,*,#5086,.T.);
#5131 = ADVANCED_FACE('',(#5132),#5039,.F.);
#5132 = FACE_BOUND('',#5133,.F.);
#5133 = EDGE_LOOP('',(#5134,#5135,#5158,#5180));
#5134 = ORIENTED_EDGE('',*,*,#5022,.F.);
#5135 = ORIENTED_EDGE('',*,*,#5136,.F.);
#5136 = EDGE_CURVE('',#5137,#5023,#5139,.T.);
#5137 = VERTEX_POINT('',#5138);
#5138 = CARTESIAN_POINT('',(-473.,52.,248.5));
#5139 = SEAM_CURVE('',#5140,(#5144,#5151),.PCURVE_S1.);
#5140 = LINE('',#5141,#5142);
#5141 = CARTESIAN_POINT('',(-473.,52.,247.5));
#5142 = VECTOR('',#5143,1.);
#5143 = DIRECTION('',(0.,0.,1.));
#5144 = PCURVE('',#5039,#5145);
#5145 = DEFINITIONAL_REPRESENTATION('',(#5146),#5150);
#5146 = LINE('',#5147,#5148);
#5147 = CARTESIAN_POINT('',(6.28318530718,-0.));
#5148 = VECTOR('',#5149,1.);
#5149 = DIRECTION('',(0.,1.));
#5150 = ( GEOMETRIC_REPRESENTATION_CONTEXT(2) 
PARAMETRIC_REPRESENTATION_CONTEXT() REPRESENTATION_CONTEXT('2D SPACE',''
  ) );
#5151 = PCURVE('',#5039,#5152);
#5152 = DEFINITIONAL_REPRESENTATION('',(#5153),#5157);
#5153 = LINE('',#5154,#5155);
#5154 = CARTESIAN_POINT('',(0.,-0.));
#5155 = VECTOR('',#5156,1.);
#5156 = DIRECTION('',(0.,1.));
#5157 = ( GEOMETRIC_REPRESENTATION_CONTEXT(2) 
PARAMETRIC_REPRESENTATION_CONTEXT() REPRESENTATION_CONTEXT('2D SPACE',''
  ) );
#5158 = ORIENTED_EDGE('',*,*,#5159,.T.);
#5159 = EDGE_CURVE('',#5137,#5137,#5160,.T.);
#5160 = SURFACE_CURVE('',#5161,(#5166,#5173),.PCURVE_S1.);
#5161 = CIRCLE('',#5162,2.);
#5162 = AXIS2_PLACEMENT_3D('',#5163,#5164,#5165);
#5163 = CARTESIAN_POINT('',(-475.,52.,248.5));
#5164 = DIRECTION('',(0.,0.,1.));
#5165 = DIRECTION('',(1.,0.,-0.));
#5166 = PCURVE('',#5039,#5167);
#5167 = DEFINITIONAL_REPRESENTATION('',(#5168),#5172);
#5168 = LINE('',#5169,#5170);
#5169 = CARTESIAN_POINT('',(0.,1.));
#5170 = VECTOR('',#5171,1.);
#5171 = DIRECTION('',(1.,0.));
#5172 = ( GEOMETRIC_REPRESENTATION_CONTEXT(2) 
PARAMETRIC_REPRESENTATION_CONTEXT() REPRESENTATION_CONTEXT('2D SPACE',''
  ) );
#5173 = PCURVE('',#4766,#5174);
#5174 = DEFINITIONAL_REPRESENTATION('',(#5175),#5179);
#5175 = CIRCLE('',#5176,2.);
#5176 = AXIS2_PLACEMENT_2D('',#5177,#5178);
#5177 = CARTESIAN_POINT('',(100.,152.));
#5178 = DIRECTION('',(1.,0.));
#5179 = ( GEOMETRIC_REPRESENTATION_CONTEXT(2) 
PARAMETRIC_REPRESENTATION_CONTEXT() REPRESENTATION_CONTEXT('2D SPACE',''
  ) );
#5180 = ORIENTED_EDGE('',*,*,#5136,.T.);
#5181 = ADVANCED_FACE('',(#5182),#4987,.T.);
#5182 = FACE_BOUND('',#5183,.T.);
#5183 = EDGE_LOOP('',(#5184,#5207,#5230,#5253,#5276,#5299,#5322,#5345,
    #5368,#5391,#5414,#5435));
#5184 = ORIENTED_EDGE('',*,*,#5185,.F.);
#5185 = EDGE_CURVE('',#5186,#4949,#5188,.T.);
#5186 = VERTEX_POINT('',#5187);
#5187 = CARTESIAN_POINT('',(575.,-100.,1.5));
#5188 = SURFACE_CURVE('',#5189,(#5193,#5200),.PCURVE_S1.);
#5189 = LINE('',#5190,#5191);
#5190 = CARTESIAN_POINT('',(575.,-100.,0.));
#5191 = VECTOR('',#5192,1.);
#5192 = DIRECTION('',(0.,0.,1.));
#5193 = PCURVE('',#4987,#5194);
#5194 = DEFINITIONAL_REPRESENTATION('',(#5195),#5199);
#5195 = LINE('',#5196,#5197);
#5196 = CARTESIAN_POINT('',(-248.5,0.));
#5197 = VECTOR('',#5198,1.);
#5198 = DIRECTION('',(1.,0.));
#5199 = ( GEOMETRIC_REPRESENTATION_CONTEXT(2) 
PARAMETRIC_REPRESENTATION_CONTEXT() REPRESENTATION_CONTEXT('2D SPACE',''
  ) );
#5200 = PCURVE('',#4626,#5201);
#5201 = DEFINITIONAL_REPRESENTATION('',(#5202),#5206);
#5202 = LINE('',#5203,#5204);
#5203 = CARTESIAN_POINT('',(-248.5,1.15E+03));
#5204 = VECTOR('',#5205,1.);
#5205 = DIRECTION('',(1.,0.));
#5206 = ( GEOMETRIC_REPRESENTATION_CONTEXT(2) 
PARAMETRIC_REPRESENTATION_CONTEXT() REPRESENTATION_CONTEXT('2D SPACE',''
  ) );
#5207 = ORIENTED_EDGE('',*,*,#5208,.F.);
#5208 = EDGE_CURVE('',#5209,#5186,#5211,.T.);
#5209 = VERTEX_POINT('',#5210);
#5210 = CARTESIAN_POINT('',(575.,-125.,1.5));
#5211 = SURFACE_CURVE('',#5212,(#5216,#5223),.PCURVE_S1.);
#5212 = LINE('',#5213,#5214);
#5213 = CARTESIAN_POINT('',(575.,-125.,1.5));
#5214 = VECTOR('',#5215,1.);
#5215 = DIRECTION('',(-0.,1.,0.));
#5216 = PCURVE('',#4987,#5217);
#5217 = DEFINITIONAL_REPRESENTATION('',(#5218),#5222);
#5218 = LINE('',#5219,#5220);
#5219 = CARTESIAN_POINT('',(-247.,25.));
#5220 = VECTOR('',#5221,1.);
#5221 = DIRECTION('',(0.,-1.));
#5222 = ( GEOMETRIC_REPRESENTATION_CONTEXT(2) 
PARAMETRIC_REPRESENTATION_CONTEXT() REPRESENTATION_CONTEXT('2D SPACE',''
  ) );
#5223 = PCURVE('',#4654,#5224);
#5224 = DEFINITIONAL_REPRESENTATION('',(#5225),#5229);
#5225 = LINE('',#5226,#5227);
#5226 = CARTESIAN_POINT('',(1.15E+03,0.));
#5227 = VECTOR('',#5228,1.);
#5228 = DIRECTION('',(0.,1.));
#5229 = ( GEOMETRIC_REPRESENTATION_CONTEXT(2) 
PARAMETRIC_REPRESENTATION_CONTEXT() REPRESENTATION_CONTEXT('2D SPACE',''
  ) );
#5230 = ORIENTED_EDGE('',*,*,#5231,.F.);
#5231 = EDGE_CURVE('',#5232,#5209,#5234,.T.);
#5232 = VERTEX_POINT('',#5233);
#5233 = CARTESIAN_POINT('',(575.,-125.,0.));
#5234 = SURFACE_CURVE('',#5235,(#5239,#5246),.PCURVE_S1.);
#5235 = LINE('',#5236,#5237);
#5236 = CARTESIAN_POINT('',(575.,-125.,0.));
#5237 = VECTOR('',#5238,1.);
#5238 = DIRECTION('',(0.,0.,1.));
#5239 = PCURVE('',#4987,#5240);
#5240 = DEFINITIONAL_REPRESENTATION('',(#5241),#5245);
#5241 = LINE('',#5242,#5243);
#5242 = CARTESIAN_POINT('',(-248.5,25.));
#5243 = VECTOR('',#5244,1.);
#5244 = DIRECTION('',(1.,0.));
#5245 = ( GEOMETRIC_REPRESENTATION_CONTEXT(2) 
PARAMETRIC_REPRESENTATION_CONTEXT() REPRESENTATION_CONTEXT('2D SPACE',''
  ) );
#5246 = PCURVE('',#4682,#5247);
#5247 = DEFINITIONAL_REPRESENTATION('',(#5248),#5252);
#5248 = LINE('',#5249,#5250);
#5249 = CARTESIAN_POINT('',(0.,1.15E+03));
#5250 = VECTOR('',#5251,1.);
#5251 = DIRECTION('',(1.,0.));
#5252 = ( GEOMETRIC_REPRESENTATION_CONTEXT(2) 
PARAMETRIC_REPRESENTATION_CONTEXT() REPRESENTATION_CONTEXT('2D SPACE',''
  ) );
#5253 = ORIENTED_EDGE('',*,*,#5254,.F.);
#5254 = EDGE_CURVE('',#5255,#5232,#5257,.T.);
#5255 = VERTEX_POINT('',#5256);
#5256 = CARTESIAN_POINT('',(575.,-98.5,0.));
#5257 = SURFACE_CURVE('',#5258,(#5262,#5269),.PCURVE_S1.);
#5258 = LINE('',#5259,#5260);
#5259 = CARTESIAN_POINT('',(575.,-98.5,0.));
#5260 = VECTOR('',#5261,1.);
#5261 = DIRECTION('',(0.,-1.,0.));
#5262 = PCURVE('',#4987,#5263);
#5263 = DEFINITIONAL_REPRESENTATION('',(#5264),#5268);
#5264 = LINE('',#5265,#5266);
#5265 = CARTESIAN_POINT('',(-248.5,-1.5));
#5266 = VECTOR('',#5267,1.);
#5267 = DIRECTION('',(0.,1.));
#5268 = ( GEOMETRIC_REPRESENTATION_CONTEXT(2) 
PARAMETRIC_REPRESENTATION_CONTEXT() REPRESENTATION_CONTEXT('2D SPACE',''
  ) );
#5269 = PCURVE('',#4710,#5270);
#5270 = DEFINITIONAL_REPRESENTATION('',(#5271),#5275);
#5271 = LINE('',#5272,#5273);
#5272 = CARTESIAN_POINT('',(1.15E+03,1.5));
#5273 = VECTOR('',#5274,1.);
#5274 = DIRECTION('',(0.,-1.));
#5275 = ( GEOMETRIC_REPRESENTATION_CONTEXT(2) 
PARAMETRIC_REPRESENTATION_CONTEXT() REPRESENTATION_CONTEXT('2D SPACE',''
  ) );
#5276 = ORIENTED_EDGE('',*,*,#5277,.T.);
#5277 = EDGE_CURVE('',#5255,#5278,#5280,.T.);
#5278 = VERTEX_POINT('',#5279);
#5279 = CARTESIAN_POINT('',(575.,-98.5,248.5));
#5280 = SURFACE_CURVE('',#5281,(#5285,#5292),.PCURVE_S1.);
#5281 = LINE('',#5282,#5283);
#5282 = CARTESIAN_POINT('',(575.,-98.5,0.));
#5283 = VECTOR('',#5284,1.);
#5284 = DIRECTION('',(0.,0.,1.));
#5285 = PCURVE('',#4987,#5286);
#5286 = DEFINITIONAL_REPRESENTATION('',(#5287),#5291);
#5287 = LINE('',#5288,#5289);
#5288 = CARTESIAN_POINT('',(-248.5,-1.5));
#5289 = VECTOR('',#5290,1.);
#5290 = DIRECTION('',(1.,0.));
#5291 = ( GEOMETRIC_REPRESENTATION_CONTEXT(2) 
PARAMETRIC_REPRESENTATION_CONTEXT() REPRESENTATION_CONTEXT('2D SPACE',''
  ) );
#5292 = PCURVE('',#4738,#5293);
#5293 = DEFINITIONAL_REPRESENTATION('',(#5294),#5298);
#5294 = LINE('',#5295,#5296);
#5295 = CARTESIAN_POINT('',(0.,1.15E+03));
#5296 = VECTOR('',#5297,1.);
#5297 = DIRECTION('',(1.,0.));
#5298 = ( GEOMETRIC_REPRESENTATION_CONTEXT(2) 
PARAMETRIC_REPRESENTATION_CONTEXT() REPRESENTATION_CONTEXT('2D SPACE',''
  ) );
#5299 = ORIENTED_EDGE('',*,*,#5300,.T.);
#5300 = EDGE_CURVE('',#5278,#5301,#5303,.T.);
#5301 = VERTEX_POINT('',#5302);
#5302 = CARTESIAN_POINT('',(575.,98.5,248.5));
#5303 = SURFACE_CURVE('',#5304,(#5308,#5315),.PCURVE_S1.);
#5304 = LINE('',#5305,#5306);
#5305 = CARTESIAN_POINT('',(575.,-100.,248.5));
#5306 = VECTOR('',#5307,1.);
#5307 = DIRECTION('',(-0.,1.,0.));
#5308 = PCURVE('',#4987,#5309);
#5309 = DEFINITIONAL_REPRESENTATION('',(#5310),#5314);
#5310 = LINE('',#5311,#5312);
#5311 = CARTESIAN_POINT('',(0.,0.));
#5312 = VECTOR('',#5313,1.);
#5313 = DIRECTION('',(0.,-1.));
#5314 = ( GEOMETRIC_REPRESENTATION_CONTEXT(2) 
PARAMETRIC_REPRESENTATION_CONTEXT() REPRESENTATION_CONTEXT('2D SPACE',''
  ) );
#5315 = PCURVE('',#4766,#5316);
#5316 = DEFINITIONAL_REPRESENTATION('',(#5317),#5321);
#5317 = LINE('',#5318,#5319);
#5318 = CARTESIAN_POINT('',(1.15E+03,0.));
#5319 = VECTOR('',#5320,1.);
#5320 = DIRECTION('',(0.,1.));
#5321 = ( GEOMETRIC_REPRESENTATION_CONTEXT(2) 
PARAMETRIC_REPRESENTATION_CONTEXT() REPRESENTATION_CONTEXT('2D SPACE',''
  ) );
#5322 = ORIENTED_EDGE('',*,*,#5323,.F.);
#5323 = EDGE_CURVE('',#5324,#5301,#5326,.T.);
#5324 = VERTEX_POINT('',#5325);
#5325 = CARTESIAN_POINT('',(575.,98.5,0.));
#5326 = SURFACE_CURVE('',#5327,(#5331,#5338),.PCURVE_S1.);
#5327 = LINE('',#5328,#5329);
#5328 = CARTESIAN_POINT('',(575.,98.5,0.));
#5329 = VECTOR('',#5330,1.);
#5330 = DIRECTION('',(0.,0.,1.));
#5331 = PCURVE('',#4987,#5332);
#5332 = DEFINITIONAL_REPRESENTATION('',(#5333),#5337);
#5333 = LINE('',#5334,#5335);
#5334 = CARTESIAN_POINT('',(-248.5,-198.5));
#5335 = VECTOR('',#5336,1.);
#5336 = DIRECTION('',(1.,0.));
#5337 = ( GEOMETRIC_REPRESENTATION_CONTEXT(2) 
PARAMETRIC_REPRESENTATION_CONTEXT() REPRESENTATION_CONTEXT('2D SPACE',''
  ) );
#5338 = PCURVE('',#4794,#5339);
#5339 = DEFINITIONAL_REPRESENTATION('',(#5340),#5344);
#5340 = LINE('',#5341,#5342);
#5341 = CARTESIAN_POINT('',(0.,1.15E+03));
#5342 = VECTOR('',#5343,1.);
#5343 = DIRECTION('',(1.,0.));
#5344 = ( GEOMETRIC_REPRESENTATION_CONTEXT(2) 
PARAMETRIC_REPRESENTATION_CONTEXT() REPRESENTATION_CONTEXT('2D SPACE',''
  ) );
#5345 = ORIENTED_EDGE('',*,*,#5346,.F.);
#5346 = EDGE_CURVE('',#5347,#5324,#5349,.T.);
#5347 = VERTEX_POINT('',#5348);
#5348 = CARTESIAN_POINT('',(575.,125.,0.));
#5349 = SURFACE_CURVE('',#5350,(#5354,#5361),.PCURVE_S1.);
#5350 = LINE('',#5351,#5352);
#5351 = CARTESIAN_POINT('',(575.,125.,0.));
#5352 = VECTOR('',#5353,1.);
#5353 = DIRECTION('',(0.,-1.,0.));
#5354 = PCURVE('',#4987,#5355);
#5355 = DEFINITIONAL_REPRESENTATION('',(#5356),#5360);
#5356 = LINE('',#5357,#5358);
#5357 = CARTESIAN_POINT('',(-248.5,-225.));
#5358 = VECTOR('',#5359,1.);
#5359 = DIRECTION('',(0.,1.));
#5360 = ( GEOMETRIC_REPRESENTATION_CONTEXT(2) 
PARAMETRIC_REPRESENTATION_CONTEXT() REPRESENTATION_CONTEXT('2D SPACE',''
  ) );
#5361 = PCURVE('',#4822,#5362);
#5362 = DEFINITIONAL_REPRESENTATION('',(#5363),#5367);
#5363 = LINE('',#5364,#5365);
#5364 = CARTESIAN_POINT('',(1.15E+03,26.5));
#5365 = VECTOR('',#5366,1.);
#5366 = DIRECTION('',(0.,-1.));
#5367 = ( GEOMETRIC_REPRESENTATION_CONTEXT(2) 
PARAMETRIC_REPRESENTATION_CONTEXT() REPRESENTATION_CONTEXT('2D SPACE',''
  ) );
#5368 = ORIENTED_EDGE('',*,*,#5369,.T.);
#5369 = EDGE_CURVE('',#5347,#5370,#5372,.T.);
#5370 = VERTEX_POINT('',#5371);
#5371 = CARTESIAN_POINT('',(575.,125.,1.5));
#5372 = SURFACE_CURVE('',#5373,(#5377,#5384),.PCURVE_S1.);
#5373 = LINE('',#5374,#5375);
#5374 = CARTESIAN_POINT('',(575.,125.,0.));
#5375 = VECTOR('',#5376,1.);
#5376 = DIRECTION('',(0.,0.,1.));
#5377 = PCURVE('',#4987,#5378);
#5378 = DEFINITIONAL_REPRESENTATION('',(#5379),#5383);
#5379 = LINE('',#5380,#5381);
#5380 = CARTESIAN_POINT('',(-248.5,-225.));
#5381 = VECTOR('',#5382,1.);
#5382 = DIRECTION('',(1.,0.));
#5383 = ( GEOMETRIC_REPRESENTATION_CONTEXT(2) 
PARAMETRIC_REPRESENTATION_CONTEXT() REPRESENTATION_CONTEXT('2D SPACE',''
  ) );
#5384 = PCURVE('',#4850,#5385);
#5385 = DEFINITIONAL_REPRESENTATION('',(#5386),#5390);
#5386 = LINE('',#5387,#5388);
#5387 = CARTESIAN_POINT('',(0.,1.15E+03));
#5388 = VECTOR('',#5389,1.);
#5389 = DIRECTION('',(1.,0.));
#5390 = ( GEOMETRIC_REPRESENTATION_CONTEXT(2) 
PARAMETRIC_REPRESENTATION_CONTEXT() REPRESENTATION_CONTEXT('2D SPACE',''
  ) );
#5391 = ORIENTED_EDGE('',*,*,#5392,.F.);
#5392 = EDGE_CURVE('',#5393,#5370,#5395,.T.);
#5393 = VERTEX_POINT('',#5394);
#5394 = CARTESIAN_POINT('',(575.,100.,1.5));
#5395 = SURFACE_CURVE('',#5396,(#5400,#5407),.PCURVE_S1.);
#5396 = LINE('',#5397,#5398);
#5397 = CARTESIAN_POINT('',(575.,100.,1.5));
#5398 = VECTOR('',#5399,1.);
#5399 = DIRECTION('',(-0.,1.,0.));
#5400 = PCURVE('',#4987,#5401);
#5401 = DEFINITIONAL_REPRESENTATION('',(#5402),#5406);
#5402 = LINE('',#5403,#5404);
#5403 = CARTESIAN_POINT('',(-247.,-200.));
#5404 = VECTOR('',#5405,1.);
#5405 = DIRECTION('',(0.,-1.));
#5406 = ( GEOMETRIC_REPRESENTATION_CONTEXT(2) 
PARAMETRIC_REPRESENTATION_CONTEXT() REPRESENTATION_CONTEXT('2D SPACE',''
  ) );
#5407 = PCURVE('',#4878,#5408);
#5408 = DEFINITIONAL_REPRESENTATION('',(#5409),#5413);
#5409 = LINE('',#5410,#5411);
#5410 = CARTESIAN_POINT('',(1.15E+03,0.));
#5411 = VECTOR('',#5412,1.);
#5412 = DIRECTION('',(0.,1.));
#5413 = ( GEOMETRIC_REPRESENTATION_CONTEXT(2) 
PARAMETRIC_REPRESENTATION_CONTEXT() REPRESENTATION_CONTEXT('2D SPACE',''
  ) );
#5414 = ORIENTED_EDGE('',*,*,#5415,.T.);
#5415 = EDGE_CURVE('',#5393,#4972,#5416,.T.);
#5416 = SURFACE_CURVE('',#5417,(#5421,#5428),.PCURVE_S1.);
#5417 = LINE('',#5418,#5419);
#5418 = CARTESIAN_POINT('',(575.,100.,0.));
#5419 = VECTOR('',#5420,1.);
#5420 = DIRECTION('',(0.,0.,1.));
#5421 = PCURVE('',#4987,#5422);
#5422 = DEFINITIONAL_REPRESENTATION('',(#5423),#5427);
#5423 = LINE('',#5424,#5425);
#5424 = CARTESIAN_POINT('',(-248.5,-200.));
#5425 = VECTOR('',#5426,1.);
#5426 = DIRECTION('',(1.,0.));
#5427 = ( GEOMETRIC_REPRESENTATION_CONTEXT(2) 
PARAMETRIC_REPRESENTATION_CONTEXT() REPRESENTATION_CONTEXT('2D SPACE',''
  ) );
#5428 = PCURVE('',#4906,#5429);
#5429 = DEFINITIONAL_REPRESENTATION('',(#5430),#5434);
#5430 = LINE('',#5431,#5432);
#5431 = CARTESIAN_POINT('',(-248.5,1.15E+03));
#5432 = VECTOR('',#5433,1.);
#5433 = DIRECTION('',(1.,0.));
#5434 = ( GEOMETRIC_REPRESENTATION_CONTEXT(2) 
PARAMETRIC_REPRESENTATION_CONTEXT() REPRESENTATION_CONTEXT('2D SPACE',''
  ) );
#5435 = ORIENTED_EDGE('',*,*,#4971,.F.);
#5436 = ADVANCED_FACE('',(#5437),#4906,.T.);
#5437 = FACE_BOUND('',#5438,.T.);
#5438 = EDGE_LOOP('',(#5439,#5440,#5461,#5462));
#5439 = ORIENTED_EDGE('',*,*,#5415,.F.);
#5440 = ORIENTED_EDGE('',*,*,#5441,.F.);
#5441 = EDGE_CURVE('',#4863,#5393,#5442,.T.);
#5442 = SURFACE_CURVE('',#5443,(#5447,#5454),.PCURVE_S1.);
#5443 = LINE('',#5444,#5445);
#5444 = CARTESIAN_POINT('',(-575.,100.,1.5));
#5445 = VECTOR('',#5446,1.);
#5446 = DIRECTION('',(1.,0.,-0.));
#5447 = PCURVE('',#4906,#5448);
#5448 = DEFINITIONAL_REPRESENTATION('',(#5449),#5453);
#5449 = LINE('',#5450,#5451);
#5450 = CARTESIAN_POINT('',(-247.,0.));
#5451 = VECTOR('',#5452,1.);
#5452 = DIRECTION('',(0.,1.));
#5453 = ( GEOMETRIC_REPRESENTATION_CONTEXT(2) 
PARAMETRIC_REPRESENTATION_CONTEXT() REPRESENTATION_CONTEXT('2D SPACE',''
  ) );
#5454 = PCURVE('',#4878,#5455);
#5455 = DEFINITIONAL_REPRESENTATION('',(#5456),#5460);
#5456 = LINE('',#5457,#5458);
#5457 = CARTESIAN_POINT('',(0.,0.));
#5458 = VECTOR('',#5459,1.);
#5459 = DIRECTION('',(1.,0.));
#5460 = ( GEOMETRIC_REPRESENTATION_CONTEXT(2) 
PARAMETRIC_REPRESENTATION_CONTEXT() REPRESENTATION_CONTEXT('2D SPACE',''
  ) );
#5461 = ORIENTED_EDGE('',*,*,#4890,.F.);
#5462 = ORIENTED_EDGE('',*,*,#4999,.T.);
#5463 = ADVANCED_FACE('',(#5464,#5490,#5521),#4878,.T.);
#5464 = FACE_BOUND('',#5465,.T.);
#5465 = EDGE_LOOP('',(#5466,#5467,#5468,#5469));
#5466 = ORIENTED_EDGE('',*,*,#4862,.F.);
#5467 = ORIENTED_EDGE('',*,*,#5441,.T.);
#5468 = ORIENTED_EDGE('',*,*,#5392,.T.);
#5469 = ORIENTED_EDGE('',*,*,#5470,.F.);
#5470 = EDGE_CURVE('',#4835,#5370,#5471,.T.);
#5471 = SURFACE_CURVE('',#5472,(#5476,#5483),.PCURVE_S1.);
#5472 = LINE('',#5473,#5474);
#5473 = CARTESIAN_POINT('',(-575.,125.,1.5));
#5474 = VECTOR('',#5475,1.);
#5475 = DIRECTION('',(1.,0.,-0.));
#5476 = PCURVE('',#4878,#5477);
#5477 = DEFINITIONAL_REPRESENTATION('',(#5478),#5482);
#5478 = LINE('',#5479,#5480);
#5479 = CARTESIAN_POINT('',(0.,25.));
#5480 = VECTOR('',#5481,1.);
#5481 = DIRECTION('',(1.,0.));
#5482 = ( GEOMETRIC_REPRESENTATION_CONTEXT(2) 
PARAMETRIC_REPRESENTATION_CONTEXT() REPRESENTATION_CONTEXT('2D SPACE',''
  ) );
#5483 = PCURVE('',#4850,#5484);
#5484 = DEFINITIONAL_REPRESENTATION('',(#5485),#5489);
#5485 = LINE('',#5486,#5487);
#5486 = CARTESIAN_POINT('',(1.5,0.));
#5487 = VECTOR('',#5488,1.);
#5488 = DIRECTION('',(0.,1.));
#5489 = ( GEOMETRIC_REPRESENTATION_CONTEXT(2) 
PARAMETRIC_REPRESENTATION_CONTEXT() REPRESENTATION_CONTEXT('2D SPACE',''
  ) );
#5490 = FACE_BOUND('',#5491,.T.);
#5491 = EDGE_LOOP('',(#5492));
#5492 = ORIENTED_EDGE('',*,*,#5493,.F.);
#5493 = EDGE_CURVE('',#5494,#5494,#5496,.T.);
#5494 = VERTEX_POINT('',#5495);
#5495 = CARTESIAN_POINT('',(-527.,112.5,1.5));
#5496 = SURFACE_CURVE('',#5497,(#5502,#5509),.PCURVE_S1.);
#5497 = CIRCLE('',#5498,8.);
#5498 = AXIS2_PLACEMENT_3D('',#5499,#5500,#5501);
#5499 = CARTESIAN_POINT('',(-535.,112.5,1.5));
#5500 = DIRECTION('',(0.,0.,1.));
#5501 = DIRECTION('',(1.,0.,-0.));
#5502 = PCURVE('',#4878,#5503);
#5503 = DEFINITIONAL_REPRESENTATION('',(#5504),#5508);
#5504 = CIRCLE('',#5505,8.);
#5505 = AXIS2_PLACEMENT_2D('',#5506,#5507);
#5506 = CARTESIAN_POINT('',(40.,12.5));
#5507 = DIRECTION('',(1.,0.));
#5508 = ( GEOMETRIC_REPRESENTATION_CONTEXT(2) 
PARAMETRIC_REPRESENTATION_CONTEXT() REPRESENTATION_CONTEXT('2D SPACE',''
  ) );
#5509 = PCURVE('',#5510,#5515);
#5510 = CYLINDRICAL_SURFACE('',#5511,8.);
#5511 = AXIS2_PLACEMENT_3D('',#5512,#5513,#5514);
#5512 = CARTESIAN_POINT('',(-535.,112.5,1.5));
#5513 = DIRECTION('',(0.,0.,1.));
#5514 = DIRECTION('',(1.,0.,-0.));
#5515 = DEFINITIONAL_REPRESENTATION('',(#5516),#5520);
#5516 = LINE('',#5517,#5518);
#5517 = CARTESIAN_POINT('',(0.,0.));
#5518 = VECTOR('',#5519,1.);
#5519 = DIRECTION('',(1.,0.));
#5520 = ( GEOMETRIC_REPRESENTATION_CONTEXT(2) 
PARAMETRIC_REPRESENTATION_CONTEXT() REPRESENTATION_CONTEXT('2D SPACE',''
  ) );
#5521 = FACE_BOUND('',#5522,.T.);
#5522 = EDGE_LOOP('',(#5523));
#5523 = ORIENTED_EDGE('',*,*,#5524,.F.);
#5524 = EDGE_CURVE('',#5525,#5525,#5527,.T.);
#5525 = VERTEX_POINT('',#5526);
#5526 = CARTESIAN_POINT('',(-112.,112.5,1.5));
#5527 = SURFACE_CURVE('',#5528,(#5533,#5540),.PCURVE_S1.);
#5528 = CIRCLE('',#5529,8.);
#5529 = AXIS2_PLACEMENT_3D('',#5530,#5531,#5532);
#5530 = CARTESIAN_POINT('',(-120.,112.5,1.5));
#5531 = DIRECTION('',(0.,0.,1.));
#5532 = DIRECTION('',(1.,0.,-0.));
#5533 = PCURVE('',#4878,#5534);
#5534 = DEFINITIONAL_REPRESENTATION('',(#5535),#5539);
#5535 = CIRCLE('',#5536,8.);
#5536 = AXIS2_PLACEMENT_2D('',#5537,#5538);
#5537 = CARTESIAN_POINT('',(455.,12.5));
#5538 = DIRECTION('',(1.,0.));
#5539 = ( GEOMETRIC_REPRESENTATION_CONTEXT(2) 
PARAMETRIC_REPRESENTATION_CONTEXT() REPRESENTATION_CONTEXT('2D SPACE',''
  ) );
#5540 = PCURVE('',#5541,#5546);
#5541 = CYLINDRICAL_SURFACE('',#5542,8.);
#5542 = AXIS2_PLACEMENT_3D('',#5543,#5544,#5545);
#5543 = CARTESIAN_POINT('',(-120.,112.5,1.5));
#5544 = DIRECTION('',(0.,0.,1.));
#5545 = DIRECTION('',(1.,0.,-0.));
#5546 = DEFINITIONAL_REPRESENTATION('',(#5547),#5551);
#5547 = LINE('',#5548,#5549);
#5548 = CARTESIAN_POINT('',(0.,0.));
#5549 = VECTOR('',#5550,1.);
#5550 = DIRECTION('',(1.,0.));
#5551 = ( GEOMETRIC_REPRESENTATION_CONTEXT(2) 
PARAMETRIC_REPRESENTATION_CONTEXT() REPRESENTATION_CONTEXT('2D SPACE',''
  ) );
#5552 = ADVANCED_FACE('',(#5553),#5541,.T.);
#5553 = FACE_BOUND('',#5554,.T.);
#5554 = EDGE_LOOP('',(#5555,#5584,#5605,#5606));
#5555 = ORIENTED_EDGE('',*,*,#5556,.F.);
#5556 = EDGE_CURVE('',#5557,#5557,#5559,.T.);
#5557 = VERTEX_POINT('',#5558);
#5558 = CARTESIAN_POINT('',(-112.,112.5,5.5));
#5559 = SURFACE_CURVE('',#5560,(#5565,#5572),.PCURVE_S1.);
#5560 = CIRCLE('',#5561,8.);
#5561 = AXIS2_PLACEMENT_3D('',#5562,#5563,#5564);
#5562 = CARTESIAN_POINT('',(-120.,112.5,5.5));
#5563 = DIRECTION('',(0.,0.,1.));
#5564 = DIRECTION('',(1.,0.,-0.));
#5565 = PCURVE('',#5541,#5566);
#5566 = DEFINITIONAL_REPRESENTATION('',(#5567),#5571);
#5567 = LINE('',#5568,#5569);
#5568 = CARTESIAN_POINT('',(0.,4.));
#5569 = VECTOR('',#5570,1.);
#5570 = DIRECTION('',(1.,0.));
#5571 = ( GEOMETRIC_REPRESENTATION_CONTEXT(2) 
PARAMETRIC_REPRESENTATION_CONTEXT() REPRESENTATION_CONTEXT('2D SPACE',''
  ) );
#5572 = PCURVE('',#5573,#5578);
#5573 = PLANE('',#5574);
#5574 = AXIS2_PLACEMENT_3D('',#5575,#5576,#5577);
#5575 = CARTESIAN_POINT('',(-120.,112.5,5.5));
#5576 = DIRECTION('',(0.,0.,1.));
#5577 = DIRECTION('',(1.,0.,-0.));
#5578 = DEFINITIONAL_REPRESENTATION('',(#5579),#5583);
#5579 = CIRCLE('',#5580,8.);
#5580 = AXIS2_PLACEMENT_2D('',#5581,#5582);
#5581 = CARTESIAN_POINT('',(0.,0.));
#5582 = DIRECTION('',(1.,0.));
#5583 = ( GEOMETRIC_REPRESENTATION_CONTEXT(2) 
PARAMETRIC_REPRESENTATION_CONTEXT() REPRESENTATION_CONTEXT('2D SPACE',''
  ) );
#5584 = ORIENTED_EDGE('',*,*,#5585,.F.);
#5585 = EDGE_CURVE('',#5525,#5557,#5586,.T.);
#5586 = SEAM_CURVE('',#5587,(#5591,#5598),.PCURVE_S1.);
#5587 = LINE('',#5588,#5589);
#5588 = CARTESIAN_POINT('',(-112.,112.5,1.5));
#5589 = VECTOR('',#5590,1.);
#5590 = DIRECTION('',(0.,0.,1.));
#5591 = PCURVE('',#5541,#5592);
#5592 = DEFINITIONAL_REPRESENTATION('',(#5593),#5597);
#5593 = LINE('',#5594,#5595);
#5594 = CARTESIAN_POINT('',(6.28318530718,-0.));
#5595 = VECTOR('',#5596,1.);
#5596 = DIRECTION('',(0.,1.));
#5597 = ( GEOMETRIC_REPRESENTATION_CONTEXT(2) 
PARAMETRIC_REPRESENTATION_CONTEXT() REPRESENTATION_CONTEXT('2D SPACE',''
  ) );
#5598 = PCURVE('',#5541,#5599);
#5599 = DEFINITIONAL_REPRESENTATION('',(#5600),#5604);
#5600 = LINE('',#5601,#5602);
#5601 = CARTESIAN_POINT('',(0.,-0.));
#5602 = VECTOR('',#5603,1.);
#5603 = DIRECTION('',(0.,1.));
#5604 = ( GEOMETRIC_REPRESENTATION_CONTEXT(2) 
PARAMETRIC_REPRESENTATION_CONTEXT() REPRESENTATION_CONTEXT('2D SPACE',''
  ) );
#5605 = ORIENTED_EDGE('',*,*,#5524,.T.);
#5606 = ORIENTED_EDGE('',*,*,#5585,.T.);
#5607 = ADVANCED_FACE('',(#5608),#5573,.T.);
#5608 = FACE_BOUND('',#5609,.T.);
#5609 = EDGE_LOOP('',(#5610));
#5610 = ORIENTED_EDGE('',*,*,#5556,.T.);
#5611 = ADVANCED_FACE('',(#5612),#5510,.T.);
#5612 = FACE_BOUND('',#5613,.T.);
#5613 = EDGE_LOOP('',(#5614,#5643,#5664,#5665));
#5614 = ORIENTED_EDGE('',*,*,#5615,.F.);
#5615 = EDGE_CURVE('',#5616,#5616,#5618,.T.);
#5616 = VERTEX_POINT('',#5617);
#5617 = CARTESIAN_POINT('',(-527.,112.5,5.5));
#5618 = SURFACE_CURVE('',#5619,(#5624,#5631),.PCURVE_S1.);
#5619 = CIRCLE('',#5620,8.);
#5620 = AXIS2_PLACEMENT_3D('',#5621,#5622,#5623);
#5621 = CARTESIAN_POINT('',(-535.,112.5,5.5));
#5622 = DIRECTION('',(0.,0.,1.));
#5623 = DIRECTION('',(1.,0.,-0.));
#5624 = PCURVE('',#5510,#5625);
#5625 = DEFINITIONAL_REPRESENTATION('',(#5626),#5630);
#5626 = LINE('',#5627,#5628);
#5627 = CARTESIAN_POINT('',(0.,4.));
#5628 = VECTOR('',#5629,1.);
#5629 = DIRECTION('',(1.,0.));
#5630 = ( GEOMETRIC_REPRESENTATION_CONTEXT(2) 
PARAMETRIC_REPRESENTATION_CONTEXT() REPRESENTATION_CONTEXT('2D SPACE',''
  ) );
#5631 = PCURVE('',#5632,#5637);
#5632 = PLANE('',#5633);
#5633 = AXIS2_PLACEMENT_3D('',#5634,#5635,#5636);
#5634 = CARTESIAN_POINT('',(-535.,112.5,5.5));
#5635 = DIRECTION('',(0.,0.,1.));
#5636 = DIRECTION('',(1.,0.,-0.));
#5637 = DEFINITIONAL_REPRESENTATION('',(#5638),#5642);
#5638 = CIRCLE('',#5639,8.);
#5639 = AXIS2_PLACEMENT_2D('',#5640,#5641);
#5640 = CARTESIAN_POINT('',(0.,0.));
#5641 = DIRECTION('',(1.,0.));
#5642 = ( GEOMETRIC_REPRESENTATION_CONTEXT(2) 
PARAMETRIC_REPRESENTATION_CONTEXT() REPRESENTATION_CONTEXT('2D SPACE',''
  ) );
#5643 = ORIENTED_EDGE('',*,*,#5644,.F.);
#5644 = EDGE_CURVE('',#5494,#5616,#5645,.T.);
#5645 = SEAM_CURVE('',#5646,(#5650,#5657),.PCURVE_S1.);
#5646 = LINE('',#5647,#5648);
#5647 = CARTESIAN_POINT('',(-527.,112.5,1.5));
#5648 = VECTOR('',#5649,1.);
#5649 = DIRECTION('',(0.,0.,1.));
#5650 = PCURVE('',#5510,#5651);
#5651 = DEFINITIONAL_REPRESENTATION('',(#5652),#5656);
#5652 = LINE('',#5653,#5654);
#5653 = CARTESIAN_POINT('',(6.28318530718,-0.));
#5654 = VECTOR('',#5655,1.);
#5655 = DIRECTION('',(0.,1.));
#5656 = ( GEOMETRIC_REPRESENTATION_CONTEXT(2) 
PARAMETRIC_REPRESENTATION_CONTEXT() REPRESENTATION_CONTEXT('2D SPACE',''
  ) );
#5657 = PCURVE('',#5510,#5658);
#5658 = DEFINITIONAL_REPRESENTATION('',(#5659),#5663);
#5659 = LINE('',#5660,#5661);
#5660 = CARTESIAN_POINT('',(0.,-0.));
#5661 = VECTOR('',#5662,1.);
#5662 = DIRECTION('',(0.,1.));
#5663 = ( GEOMETRIC_REPRESENTATION_CONTEXT(2) 
PARAMETRIC_REPRESENTATION_CONTEXT() REPRESENTATION_CONTEXT('2D SPACE',''
  ) );
#5664 = ORIENTED_EDGE('',*,*,#5493,.T.);
#5665 = ORIENTED_EDGE('',*,*,#5644,.T.);
#5666 = ADVANCED_FACE('',(#5667),#5632,.T.);
#5667 = FACE_BOUND('',#5668,.T.);
#5668 = EDGE_LOOP('',(#5669));
#5669 = ORIENTED_EDGE('',*,*,#5615,.T.);
#5670 = ADVANCED_FACE('',(#5671),#4850,.T.);
#5671 = FACE_BOUND('',#5672,.T.);
#5672 = EDGE_LOOP('',(#5673,#5694,#5695,#5696));
#5673 = ORIENTED_EDGE('',*,*,#5674,.F.);
#5674 = EDGE_CURVE('',#4807,#5347,#5675,.T.);
#5675 = SURFACE_CURVE('',#5676,(#5680,#5687),.PCURVE_S1.);
#5676 = LINE('',#5677,#5678);
#5677 = CARTESIAN_POINT('',(-575.,125.,0.));
#5678 = VECTOR('',#5679,1.);
#5679 = DIRECTION('',(1.,0.,-0.));
#5680 = PCURVE('',#4850,#5681);
#5681 = DEFINITIONAL_REPRESENTATION('',(#5682),#5686);
#5682 = LINE('',#5683,#5684);
#5683 = CARTESIAN_POINT('',(0.,0.));
#5684 = VECTOR('',#5685,1.);
#5685 = DIRECTION('',(0.,1.));
#5686 = ( GEOMETRIC_REPRESENTATION_CONTEXT(2) 
PARAMETRIC_REPRESENTATION_CONTEXT() REPRESENTATION_CONTEXT('2D SPACE',''
  ) );
#5687 = PCURVE('',#4822,#5688);
#5688 = DEFINITIONAL_REPRESENTATION('',(#5689),#5693);
#5689 = LINE('',#5690,#5691);
#5690 = CARTESIAN_POINT('',(0.,26.5));
#5691 = VECTOR('',#5692,1.);
#5692 = DIRECTION('',(1.,0.));
#5693 = ( GEOMETRIC_REPRESENTATION_CONTEXT(2) 
PARAMETRIC_REPRESENTATION_CONTEXT() REPRESENTATION_CONTEXT('2D SPACE',''
  ) );
#5694 = ORIENTED_EDGE('',*,*,#4834,.T.);
#5695 = ORIENTED_EDGE('',*,*,#5470,.T.);
#5696 = ORIENTED_EDGE('',*,*,#5369,.F.);
#5697 = ADVANCED_FACE('',(#5698,#5724,#5755),#4822,.F.);
#5698 = FACE_BOUND('',#5699,.F.);
#5699 = EDGE_LOOP('',(#5700,#5721,#5722,#5723));
#5700 = ORIENTED_EDGE('',*,*,#5701,.T.);
#5701 = EDGE_CURVE('',#4779,#5324,#5702,.T.);
#5702 = SURFACE_CURVE('',#5703,(#5707,#5714),.PCURVE_S1.);
#5703 = LINE('',#5704,#5705);
#5704 = CARTESIAN_POINT('',(-575.,98.5,0.));
#5705 = VECTOR('',#5706,1.);
#5706 = DIRECTION('',(1.,0.,-0.));
#5707 = PCURVE('',#4822,#5708);
#5708 = DEFINITIONAL_REPRESENTATION('',(#5709),#5713);
#5709 = LINE('',#5710,#5711);
#5710 = CARTESIAN_POINT('',(0.,0.));
#5711 = VECTOR('',#5712,1.);
#5712 = DIRECTION('',(1.,0.));
#5713 = ( GEOMETRIC_REPRESENTATION_CONTEXT(2) 
PARAMETRIC_REPRESENTATION_CONTEXT() REPRESENTATION_CONTEXT('2D SPACE',''
  ) );
#5714 = PCURVE('',#4794,#5715);
#5715 = DEFINITIONAL_REPRESENTATION('',(#5716),#5720);
#5716 = LINE('',#5717,#5718);
#5717 = CARTESIAN_POINT('',(0.,0.));
#5718 = VECTOR('',#5719,1.);
#5719 = DIRECTION('',(0.,1.));
#5720 = ( GEOMETRIC_REPRESENTATION_CONTEXT(2) 
PARAMETRIC_REPRESENTATION_CONTEXT() REPRESENTATION_CONTEXT('2D SPACE',''
  ) );
#5721 = ORIENTED_EDGE('',*,*,#5346,.F.);
#5722 = ORIENTED_EDGE('',*,*,#5674,.F.);
#5723 = ORIENTED_EDGE('',*,*,#4806,.T.);
#5724 = FACE_BOUND('',#5725,.F.);
#5725 = EDGE_LOOP('',(#5726));
#5726 = ORIENTED_EDGE('',*,*,#5727,.F.);
#5727 = EDGE_CURVE('',#5728,#5728,#5730,.T.);
#5728 = VERTEX_POINT('',#5729);
#5729 = CARTESIAN_POINT('',(-531.,112.5,0.));
#5730 = SURFACE_CURVE('',#5731,(#5736,#5743),.PCURVE_S1.);
#5731 = CIRCLE('',#5732,4.);
#5732 = AXIS2_PLACEMENT_3D('',#5733,#5734,#5735);
#5733 = CARTESIAN_POINT('',(-535.,112.5,0.));
#5734 = DIRECTION('',(0.,0.,1.));
#5735 = DIRECTION('',(1.,0.,-0.));
#5736 = PCURVE('',#4822,#5737);
#5737 = DEFINITIONAL_REPRESENTATION('',(#5738),#5742);
#5738 = CIRCLE('',#5739,4.);
#5739 = AXIS2_PLACEMENT_2D('',#5740,#5741);
#5740 = CARTESIAN_POINT('',(40.,14.));
#5741 = DIRECTION('',(1.,0.));
#5742 = ( GEOMETRIC_REPRESENTATION_CONTEXT(2) 
PARAMETRIC_REPRESENTATION_CONTEXT() REPRESENTATION_CONTEXT('2D SPACE',''
  ) );
#5743 = PCURVE('',#5744,#5749);
#5744 = CYLINDRICAL_SURFACE('',#5745,4.);
#5745 = AXIS2_PLACEMENT_3D('',#5746,#5747,#5748);
#5746 = CARTESIAN_POINT('',(-535.,112.5,-278.5));
#5747 = DIRECTION('',(0.,0.,1.));
#5748 = DIRECTION('',(1.,0.,-0.));
#5749 = DEFINITIONAL_REPRESENTATION('',(#5750),#5754);
#5750 = LINE('',#5751,#5752);
#5751 = CARTESIAN_POINT('',(0.,278.5));
#5752 = VECTOR('',#5753,1.);
#5753 = DIRECTION('',(1.,0.));
#5754 = ( GEOMETRIC_REPRESENTATION_CONTEXT(2) 
PARAMETRIC_REPRESENTATION_CONTEXT() REPRESENTATION_CONTEXT('2D SPACE',''
  ) );
#5755 = FACE_BOUND('',#5756,.F.);
#5756 = EDGE_LOOP('',(#5757));
#5757 = ORIENTED_EDGE('',*,*,#5758,.F.);
#5758 = EDGE_CURVE('',#5759,#5759,#5761,.T.);
#5759 = VERTEX_POINT('',#5760);
#5760 = CARTESIAN_POINT('',(-116.,112.5,0.));
#5761 = SURFACE_CURVE('',#5762,(#5767,#5774),.PCURVE_S1.);
#5762 = CIRCLE('',#5763,4.);
#5763 = AXIS2_PLACEMENT_3D('',#5764,#5765,#5766);
#5764 = CARTESIAN_POINT('',(-120.,112.5,0.));
#5765 = DIRECTION('',(0.,0.,1.));
#5766 = DIRECTION('',(1.,0.,-0.));
#5767 = PCURVE('',#4822,#5768);
#5768 = DEFINITIONAL_REPRESENTATION('',(#5769),#5773);
#5769 = CIRCLE('',#5770,4.);
#5770 = AXIS2_PLACEMENT_2D('',#5771,#5772);
#5771 = CARTESIAN_POINT('',(455.,14.));
#5772 = DIRECTION('',(1.,0.));
#5773 = ( GEOMETRIC_REPRESENTATION_CONTEXT(2) 
PARAMETRIC_REPRESENTATION_CONTEXT() REPRESENTATION_CONTEXT('2D SPACE',''
  ) );
#5774 = PCURVE('',#5775,#5780);
#5775 = CYLINDRICAL_SURFACE('',#5776,4.);
#5776 = AXIS2_PLACEMENT_3D('',#5777,#5778,#5779);
#5777 = CARTESIAN_POINT('',(-120.,112.5,-278.5));
#5778 = DIRECTION('',(0.,0.,1.));
#5779 = DIRECTION('',(1.,0.,-0.));
#5780 = DEFINITIONAL_REPRESENTATION('',(#5781),#5785);
#5781 = LINE('',#5782,#5783);
#5782 = CARTESIAN_POINT('',(0.,278.5));
#5783 = VECTOR('',#5784,1.);
#5784 = DIRECTION('',(1.,0.));
#5785 = ( GEOMETRIC_REPRESENTATION_CONTEXT(2) 
PARAMETRIC_REPRESENTATION_CONTEXT() REPRESENTATION_CONTEXT('2D SPACE',''
  ) );
#5786 = ADVANCED_FACE('',(#5787),#5775,.T.);
#5787 = FACE_BOUND('',#5788,.T.);
#5788 = EDGE_LOOP('',(#5789,#5790,#5813,#5840));
#5789 = ORIENTED_EDGE('',*,*,#5758,.F.);
#5790 = ORIENTED_EDGE('',*,*,#5791,.F.);
#5791 = EDGE_CURVE('',#5792,#5759,#5794,.T.);
#5792 = VERTEX_POINT('',#5793);
#5793 = CARTESIAN_POINT('',(-116.,112.5,-278.5));
#5794 = SEAM_CURVE('',#5795,(#5799,#5806),.PCURVE_S1.);
#5795 = LINE('',#5796,#5797);
#5796 = CARTESIAN_POINT('',(-116.,112.5,-278.5));
#5797 = VECTOR('',#5798,1.);
#5798 = DIRECTION('',(0.,0.,1.));
#5799 = PCURVE('',#5775,#5800);
#5800 = DEFINITIONAL_REPRESENTATION('',(#5801),#5805);
#5801 = LINE('',#5802,#5803);
#5802 = CARTESIAN_POINT('',(6.28318530718,-0.));
#5803 = VECTOR('',#5804,1.);
#5804 = DIRECTION('',(0.,1.));
#5805 = ( GEOMETRIC_REPRESENTATION_CONTEXT(2) 
PARAMETRIC_REPRESENTATION_CONTEXT() REPRESENTATION_CONTEXT('2D SPACE',''
  ) );
#5806 = PCURVE('',#5775,#5807);
#5807 = DEFINITIONAL_REPRESENTATION('',(#5808),#5812);
#5808 = LINE('',#5809,#5810);
#5809 = CARTESIAN_POINT('',(0.,-0.));
#5810 = VECTOR('',#5811,1.);
#5811 = DIRECTION('',(0.,1.));
#5812 = ( GEOMETRIC_REPRESENTATION_CONTEXT(2) 
PARAMETRIC_REPRESENTATION_CONTEXT() REPRESENTATION_CONTEXT('2D SPACE',''
  ) );
#5813 = ORIENTED_EDGE('',*,*,#5814,.T.);
#5814 = EDGE_CURVE('',#5792,#5792,#5815,.T.);
#5815 = SURFACE_CURVE('',#5816,(#5821,#5828),.PCURVE_S1.);
#5816 = CIRCLE('',#5817,4.);
#5817 = AXIS2_PLACEMENT_3D('',#5818,#5819,#5820);
#5818 = CARTESIAN_POINT('',(-120.,112.5,-278.5));
#5819 = DIRECTION('',(0.,0.,1.));
#5820 = DIRECTION('',(1.,0.,-0.));
#5821 = PCURVE('',#5775,#5822);
#5822 = DEFINITIONAL_REPRESENTATION('',(#5823),#5827);
#5823 = LINE('',#5824,#5825);
#5824 = CARTESIAN_POINT('',(0.,0.));
#5825 = VECTOR('',#5826,1.);
#5826 = DIRECTION('',(1.,0.));
#5827 = ( GEOMETRIC_REPRESENTATION_CONTEXT(2) 
PARAMETRIC_REPRESENTATION_CONTEXT() REPRESENTATION_CONTEXT('2D SPACE',''
  ) );
#5828 = PCURVE('',#5829,#5834);
#5829 = PLANE('',#5830);
#5830 = AXIS2_PLACEMENT_3D('',#5831,#5832,#5833);
#5831 = CARTESIAN_POINT('',(-120.,112.5,-278.5));
#5832 = DIRECTION('',(0.,0.,1.));
#5833 = DIRECTION('',(1.,0.,-0.));
#5834 = DEFINITIONAL_REPRESENTATION('',(#5835),#5839);
#5835 = CIRCLE('',#5836,4.);
#5836 = AXIS2_PLACEMENT_2D('',#5837,#5838);
#5837 = CARTESIAN_POINT('',(0.,0.));
#5838 = DIRECTION('',(1.,0.));
#5839 = ( GEOMETRIC_REPRESENTATION_CONTEXT(2) 
PARAMETRIC_REPRESENTATION_CONTEXT() REPRESENTATION_CONTEXT('2D SPACE',''
  ) );
#5840 = ORIENTED_EDGE('',*,*,#5791,.T.);
#5841 = ADVANCED_FACE('',(#5842),#5829,.F.);
#5842 = FACE_BOUND('',#5843,.T.);
#5843 = EDGE_LOOP('',(#5844));
#5844 = ORIENTED_EDGE('',*,*,#5814,.F.);
#5845 = ADVANCED_FACE('',(#5846),#5744,.T.);
#5846 = FACE_BOUND('',#5847,.T.);
#5847 = EDGE_LOOP('',(#5848,#5849,#5872,#5899));
#5848 = ORIENTED_EDGE('',*,*,#5727,.F.);
#5849 = ORIENTED_EDGE('',*,*,#5850,.F.);
#5850 = EDGE_CURVE('',#5851,#5728,#5853,.T.);
#5851 = VERTEX_POINT('',#5852);
#5852 = CARTESIAN_POINT('',(-531.,112.5,-278.5));
#5853 = SEAM_CURVE('',#5854,(#5858,#5865),.PCURVE_S1.);
#5854 = LINE('',#5855,#5856);
#5855 = CARTESIAN_POINT('',(-531.,112.5,-278.5));
#5856 = VECTOR('',#5857,1.);
#5857 = DIRECTION('',(0.,0.,1.));
#5858 = PCURVE('',#5744,#5859);
#5859 = DEFINITIONAL_REPRESENTATION('',(#5860),#5864);
#5860 = LINE('',#5861,#5862);
#5861 = CARTESIAN_POINT('',(6.28318530718,-0.));
#5862 = VECTOR('',#5863,1.);
#5863 = DIRECTION('',(0.,1.));
#5864 = ( GEOMETRIC_REPRESENTATION_CONTEXT(2) 
PARAMETRIC_REPRESENTATION_CONTEXT() REPRESENTATION_CONTEXT('2D SPACE',''
  ) );
#5865 = PCURVE('',#5744,#5866);
#5866 = DEFINITIONAL_REPRESENTATION('',(#5867),#5871);
#5867 = LINE('',#5868,#5869);
#5868 = CARTESIAN_POINT('',(0.,-0.));
#5869 = VECTOR('',#5870,1.);
#5870 = DIRECTION('',(0.,1.));
#5871 = ( GEOMETRIC_REPRESENTATION_CONTEXT(2) 
PARAMETRIC_REPRESENTATION_CONTEXT() REPRESENTATION_CONTEXT('2D SPACE',''
  ) );
#5872 = ORIENTED_EDGE('',*,*,#5873,.T.);
#5873 = EDGE_CURVE('',#5851,#5851,#5874,.T.);
#5874 = SURFACE_CURVE('',#5875,(#5880,#5887),.PCURVE_S1.);
#5875 = CIRCLE('',#5876,4.);
#5876 = AXIS2_PLACEMENT_3D('',#5877,#5878,#5879);
#5877 = CARTESIAN_POINT('',(-535.,112.5,-278.5));
#5878 = DIRECTION('',(0.,0.,1.));
#5879 = DIRECTION('',(1.,0.,-0.));
#5880 = PCURVE('',#5744,#5881);
#5881 = DEFINITIONAL_REPRESENTATION('',(#5882),#5886);
#5882 = LINE('',#5883,#5884);
#5883 = CARTESIAN_POINT('',(0.,0.));
#5884 = VECTOR('',#5885,1.);
#5885 = DIRECTION('',(1.,0.));
#5886 = ( GEOMETRIC_REPRESENTATION_CONTEXT(2) 
PARAMETRIC_REPRESENTATION_CONTEXT() REPRESENTATION_CONTEXT('2D SPACE',''
  ) );
#5887 = PCURVE('',#5888,#5893);
#5888 = PLANE('',#5889);
#5889 = AXIS2_PLACEMENT_3D('',#5890,#5891,#5892);
#5890 = CARTESIAN_POINT('',(-535.,112.5,-278.5));
#5891 = DIRECTION('',(0.,0.,1.));
#5892 = DIRECTION('',(1.,0.,-0.));
#5893 = DEFINITIONAL_REPRESENTATION('',(#5894),#5898);
#5894 = CIRCLE('',#5895,4.);
#5895 = AXIS2_PLACEMENT_2D('',#5896,#5897);
#5896 = CARTESIAN_POINT('',(0.,0.));
#5897 = DIRECTION('',(1.,0.));
#5898 = ( GEOMETRIC_REPRESENTATION_CONTEXT(2) 
PARAMETRIC_REPRESENTATION_CONTEXT() REPRESENTATION_CONTEXT('2D SPACE',''
  ) );
#5899 = ORIENTED_EDGE('',*,*,#5850,.T.);
#5900 = ADVANCED_FACE('',(#5901),#5888,.F.);
#5901 = FACE_BOUND('',#5902,.T.);
#5902 = EDGE_LOOP('',(#5903));
#5903 = ORIENTED_EDGE('',*,*,#5873,.F.);
#5904 = ADVANCED_FACE('',(#5905),#4794,.F.);
#5905 = FACE_BOUND('',#5906,.F.);
#5906 = EDGE_LOOP('',(#5907,#5908,#5909,#5910));
#5907 = ORIENTED_EDGE('',*,*,#5323,.F.);
#5908 = ORIENTED_EDGE('',*,*,#5701,.F.);
#5909 = ORIENTED_EDGE('',*,*,#4778,.T.);
#5910 = ORIENTED_EDGE('',*,*,#5911,.F.);
#5911 = EDGE_CURVE('',#5301,#4751,#5912,.T.);
#5912 = SURFACE_CURVE('',#5913,(#5917,#5923),.PCURVE_S1.);
#5913 = LINE('',#5914,#5915);
#5914 = CARTESIAN_POINT('',(-575.,98.5,248.5));
#5915 = VECTOR('',#5916,1.);
#5916 = DIRECTION('',(-1.,-0.,0.));
#5917 = PCURVE('',#4794,#5918);
#5918 = DEFINITIONAL_REPRESENTATION('',(#5919),#5922);
#5919 = B_SPLINE_CURVE_WITH_KNOTS('',1,(#5920,#5921),.UNSPECIFIED.,.F.,
  .F.,(2,2),(-1.15E+03,0.),.PIECEWISE_BEZIER_KNOTS.);
#5920 = CARTESIAN_POINT('',(248.5,1.15E+03));
#5921 = CARTESIAN_POINT('',(248.5,0.));
#5922 = ( GEOMETRIC_REPRESENTATION_CONTEXT(2) 
PARAMETRIC_REPRESENTATION_CONTEXT() REPRESENTATION_CONTEXT('2D SPACE',''
  ) );
#5923 = PCURVE('',#4766,#5924);
#5924 = DEFINITIONAL_REPRESENTATION('',(#5925),#5928);
#5925 = B_SPLINE_CURVE_WITH_KNOTS('',1,(#5926,#5927),.UNSPECIFIED.,.F.,
  .F.,(2,2),(-1.15E+03,0.),.PIECEWISE_BEZIER_KNOTS.);
#5926 = CARTESIAN_POINT('',(1.15E+03,198.5));
#5927 = CARTESIAN_POINT('',(0.,198.5));
#5928 = ( GEOMETRIC_REPRESENTATION_CONTEXT(2) 
PARAMETRIC_REPRESENTATION_CONTEXT() REPRESENTATION_CONTEXT('2D SPACE',''
  ) );
#5929 = ADVANCED_FACE('',(#5930,#5954,#5957),#4766,.F.);
#5930 = FACE_BOUND('',#5931,.F.);
#5931 = EDGE_LOOP('',(#5932,#5933,#5952,#5953));
#5932 = ORIENTED_EDGE('',*,*,#4750,.F.);
#5933 = ORIENTED_EDGE('',*,*,#5934,.F.);
#5934 = EDGE_CURVE('',#5278,#4723,#5935,.T.);
#5935 = SURFACE_CURVE('',#5936,(#5940,#5946),.PCURVE_S1.);
#5936 = LINE('',#5937,#5938);
#5937 = CARTESIAN_POINT('',(-575.,-98.5,248.5));
#5938 = VECTOR('',#5939,1.);
#5939 = DIRECTION('',(-1.,-0.,0.));
#5940 = PCURVE('',#4766,#5941);
#5941 = DEFINITIONAL_REPRESENTATION('',(#5942),#5945);
#5942 = B_SPLINE_CURVE_WITH_KNOTS('',1,(#5943,#5944),.UNSPECIFIED.,.F.,
  .F.,(2,2),(-1.15E+03,0.),.PIECEWISE_BEZIER_KNOTS.);
#5943 = CARTESIAN_POINT('',(1.15E+03,1.5));
#5944 = CARTESIAN_POINT('',(0.,1.5));
#5945 = ( GEOMETRIC_REPRESENTATION_CONTEXT(2) 
PARAMETRIC_REPRESENTATION_CONTEXT() REPRESENTATION_CONTEXT('2D SPACE',''
  ) );
#5946 = PCURVE('',#4738,#5947);
#5947 = DEFINITIONAL_REPRESENTATION('',(#5948),#5951);
#5948 = B_SPLINE_CURVE_WITH_KNOTS('',1,(#5949,#5950),.UNSPECIFIED.,.F.,
  .F.,(2,2),(-1.15E+03,0.),.PIECEWISE_BEZIER_KNOTS.);
#5949 = CARTESIAN_POINT('',(248.5,1.15E+03));
#5950 = CARTESIAN_POINT('',(248.5,0.));
#5951 = ( GEOMETRIC_REPRESENTATION_CONTEXT(2) 
PARAMETRIC_REPRESENTATION_CONTEXT() REPRESENTATION_CONTEXT('2D SPACE',''
  ) );
#5952 = ORIENTED_EDGE('',*,*,#5300,.T.);
#5953 = ORIENTED_EDGE('',*,*,#5911,.T.);
#5954 = FACE_BOUND('',#5955,.F.);
#5955 = EDGE_LOOP('',(#5956));
#5956 = ORIENTED_EDGE('',*,*,#5159,.F.);
#5957 = FACE_BOUND('',#5958,.F.);
#5958 = EDGE_LOOP('',(#5959));
#5959 = ORIENTED_EDGE('',*,*,#5109,.F.);
#5960 = ADVANCED_FACE('',(#5961),#4738,.T.);
#5961 = FACE_BOUND('',#5962,.T.);
#5962 = EDGE_LOOP('',(#5963,#5964,#5985,#5986));
#5963 = ORIENTED_EDGE('',*,*,#5277,.F.);
#5964 = ORIENTED_EDGE('',*,*,#5965,.F.);
#5965 = EDGE_CURVE('',#4695,#5255,#5966,.T.);
#5966 = SURFACE_CURVE('',#5967,(#5971,#5978),.PCURVE_S1.);
#5967 = LINE('',#5968,#5969);
#5968 = CARTESIAN_POINT('',(-575.,-98.5,0.));
#5969 = VECTOR('',#5970,1.);
#5970 = DIRECTION('',(1.,0.,-0.));
#5971 = PCURVE('',#4738,#5972);
#5972 = DEFINITIONAL_REPRESENTATION('',(#5973),#5977);
#5973 = LINE('',#5974,#5975);
#5974 = CARTESIAN_POINT('',(0.,0.));
#5975 = VECTOR('',#5976,1.);
#5976 = DIRECTION('',(0.,1.));
#5977 = ( GEOMETRIC_REPRESENTATION_CONTEXT(2) 
PARAMETRIC_REPRESENTATION_CONTEXT() REPRESENTATION_CONTEXT('2D SPACE',''
  ) );
#5978 = PCURVE('',#4710,#5979);
#5979 = DEFINITIONAL_REPRESENTATION('',(#5980),#5984);
#5980 = LINE('',#5981,#5982);
#5981 = CARTESIAN_POINT('',(0.,1.5));
#5982 = VECTOR('',#5983,1.);
#5983 = DIRECTION('',(1.,0.));
#5984 = ( GEOMETRIC_REPRESENTATION_CONTEXT(2) 
PARAMETRIC_REPRESENTATION_CONTEXT() REPRESENTATION_CONTEXT('2D SPACE',''
  ) );
#5985 = ORIENTED_EDGE('',*,*,#4722,.T.);
#5986 = ORIENTED_EDGE('',*,*,#5934,.F.);
#5987 = ADVANCED_FACE('',(#5988,#6014,#6045),#4710,.F.);
#5988 = FACE_BOUND('',#5989,.F.);
#5989 = EDGE_LOOP('',(#5990,#5991,#6012,#6013));
#5990 = ORIENTED_EDGE('',*,*,#4694,.T.);
#5991 = ORIENTED_EDGE('',*,*,#5992,.T.);
#5992 = EDGE_CURVE('',#4667,#5232,#5993,.T.);
#5993 = SURFACE_CURVE('',#5994,(#5998,#6005),.PCURVE_S1.);
#5994 = LINE('',#5995,#5996);
#5995 = CARTESIAN_POINT('',(-575.,-125.,0.));
#5996 = VECTOR('',#5997,1.);
#5997 = DIRECTION('',(1.,0.,-0.));
#5998 = PCURVE('',#4710,#5999);
#5999 = DEFINITIONAL_REPRESENTATION('',(#6000),#6004);
#6000 = LINE('',#6001,#6002);
#6001 = CARTESIAN_POINT('',(0.,-25.));
#6002 = VECTOR('',#6003,1.);
#6003 = DIRECTION('',(1.,0.));
#6004 = ( GEOMETRIC_REPRESENTATION_CONTEXT(2) 
PARAMETRIC_REPRESENTATION_CONTEXT() REPRESENTATION_CONTEXT('2D SPACE',''
  ) );
#6005 = PCURVE('',#4682,#6006);
#6006 = DEFINITIONAL_REPRESENTATION('',(#6007),#6011);
#6007 = LINE('',#6008,#6009);
#6008 = CARTESIAN_POINT('',(0.,0.));
#6009 = VECTOR('',#6010,1.);
#6010 = DIRECTION('',(0.,1.));
#6011 = ( GEOMETRIC_REPRESENTATION_CONTEXT(2) 
PARAMETRIC_REPRESENTATION_CONTEXT() REPRESENTATION_CONTEXT('2D SPACE',''
  ) );
#6012 = ORIENTED_EDGE('',*,*,#5254,.F.);
#6013 = ORIENTED_EDGE('',*,*,#5965,.F.);
#6014 = FACE_BOUND('',#6015,.F.);
#6015 = EDGE_LOOP('',(#6016));
#6016 = ORIENTED_EDGE('',*,*,#6017,.F.);
#6017 = EDGE_CURVE('',#6018,#6018,#6020,.T.);
#6018 = VERTEX_POINT('',#6019);
#6019 = CARTESIAN_POINT('',(-531.,-112.5,0.));
#6020 = SURFACE_CURVE('',#6021,(#6026,#6033),.PCURVE_S1.);
#6021 = CIRCLE('',#6022,4.);
#6022 = AXIS2_PLACEMENT_3D('',#6023,#6024,#6025);
#6023 = CARTESIAN_POINT('',(-535.,-112.5,0.));
#6024 = DIRECTION('',(0.,0.,1.));
#6025 = DIRECTION('',(1.,0.,-0.));
#6026 = PCURVE('',#4710,#6027);
#6027 = DEFINITIONAL_REPRESENTATION('',(#6028),#6032);
#6028 = CIRCLE('',#6029,4.);
#6029 = AXIS2_PLACEMENT_2D('',#6030,#6031);
#6030 = CARTESIAN_POINT('',(40.,-12.5));
#6031 = DIRECTION('',(1.,0.));
#6032 = ( GEOMETRIC_REPRESENTATION_CONTEXT(2) 
PARAMETRIC_REPRESENTATION_CONTEXT() REPRESENTATION_CONTEXT('2D SPACE',''
  ) );
#6033 = PCURVE('',#6034,#6039);
#6034 = CYLINDRICAL_SURFACE('',#6035,4.);
#6035 = AXIS2_PLACEMENT_3D('',#6036,#6037,#6038);
#6036 = CARTESIAN_POINT('',(-535.,-112.5,-278.5));
#6037 = DIRECTION('',(0.,0.,1.));
#6038 = DIRECTION('',(1.,0.,-0.));
#6039 = DEFINITIONAL_REPRESENTATION('',(#6040),#6044);
#6040 = LINE('',#6041,#6042);
#6041 = CARTESIAN_POINT('',(0.,278.5));
#6042 = VECTOR('',#6043,1.);
#6043 = DIRECTION('',(1.,0.));
#6044 = ( GEOMETRIC_REPRESENTATION_CONTEXT(2) 
PARAMETRIC_REPRESENTATION_CONTEXT() REPRESENTATION_CONTEXT('2D SPACE',''
  ) );
#6045 = FACE_BOUND('',#6046,.F.);
#6046 = EDGE_LOOP('',(#6047));
#6047 = ORIENTED_EDGE('',*,*,#6048,.F.);
#6048 = EDGE_CURVE('',#6049,#6049,#6051,.T.);
#6049 = VERTEX_POINT('',#6050);
#6050 = CARTESIAN_POINT('',(-116.,-112.5,0.));
#6051 = SURFACE_CURVE('',#6052,(#6057,#6064),.PCURVE_S1.);
#6052 = CIRCLE('',#6053,4.);
#6053 = AXIS2_PLACEMENT_3D('',#6054,#6055,#6056);
#6054 = CARTESIAN_POINT('',(-120.,-112.5,0.));
#6055 = DIRECTION('',(0.,0.,1.));
#6056 = DIRECTION('',(1.,0.,-0.));
#6057 = PCURVE('',#4710,#6058);
#6058 = DEFINITIONAL_REPRESENTATION('',(#6059),#6063);
#6059 = CIRCLE('',#6060,4.);
#6060 = AXIS2_PLACEMENT_2D('',#6061,#6062);
#6061 = CARTESIAN_POINT('',(455.,-12.5));
#6062 = DIRECTION('',(1.,0.));
#6063 = ( GEOMETRIC_REPRESENTATION_CONTEXT(2) 
PARAMETRIC_REPRESENTATION_CONTEXT() REPRESENTATION_CONTEXT('2D SPACE',''
  ) );
#6064 = PCURVE('',#6065,#6070);
#6065 = CYLINDRICAL_SURFACE('',#6066,4.);
#6066 = AXIS2_PLACEMENT_3D('',#6067,#6068,#6069);
#6067 = CARTESIAN_POINT('',(-120.,-112.5,-278.5));
#6068 = DIRECTION('',(0.,0.,1.));
#6069 = DIRECTION('',(1.,0.,-0.));
#6070 = DEFINITIONAL_REPRESENTATION('',(#6071),#6075);
#6071 = LINE('',#6072,#6073);
#6072 = CARTESIAN_POINT('',(0.,278.5));
#6073 = VECTOR('',#6074,1.);
#6074 = DIRECTION('',(1.,0.));
#6075 = ( GEOMETRIC_REPRESENTATION_CONTEXT(2) 
PARAMETRIC_REPRESENTATION_CONTEXT() REPRESENTATION_CONTEXT('2D SPACE',''
  ) );
#6076 = ADVANCED_FACE('',(#6077),#6065,.T.);
#6077 = FACE_BOUND('',#6078,.T.);
#6078 = EDGE_LOOP('',(#6079,#6080,#6103,#6130));
#6079 = ORIENTED_EDGE('',*,*,#6048,.F.);
#6080 = ORIENTED_EDGE('',*,*,#6081,.F.);
#6081 = EDGE_CURVE('',#6082,#6049,#6084,.T.);
#6082 = VERTEX_POINT('',#6083);
#6083 = CARTESIAN_POINT('',(-116.,-112.5,-278.5));
#6084 = SEAM_CURVE('',#6085,(#6089,#6096),.PCURVE_S1.);
#6085 = LINE('',#6086,#6087);
#6086 = CARTESIAN_POINT('',(-116.,-112.5,-278.5));
#6087 = VECTOR('',#6088,1.);
#6088 = DIRECTION('',(0.,0.,1.));
#6089 = PCURVE('',#6065,#6090);
#6090 = DEFINITIONAL_REPRESENTATION('',(#6091),#6095);
#6091 = LINE('',#6092,#6093);
#6092 = CARTESIAN_POINT('',(6.28318530718,-0.));
#6093 = VECTOR('',#6094,1.);
#6094 = DIRECTION('',(0.,1.));
#6095 = ( GEOMETRIC_REPRESENTATION_CONTEXT(2) 
PARAMETRIC_REPRESENTATION_CONTEXT() REPRESENTATION_CONTEXT('2D SPACE',''
  ) );
#6096 = PCURVE('',#6065,#6097);
#6097 = DEFINITIONAL_REPRESENTATION('',(#6098),#6102);
#6098 = LINE('',#6099,#6100);
#6099 = CARTESIAN_POINT('',(0.,-0.));
#6100 = VECTOR('',#6101,1.);
#6101 = DIRECTION('',(0.,1.));
#6102 = ( GEOMETRIC_REPRESENTATION_CONTEXT(2) 
PARAMETRIC_REPRESENTATION_CONTEXT() REPRESENTATION_CONTEXT('2D SPACE',''
  ) );
#6103 = ORIENTED_EDGE('',*,*,#6104,.T.);
#6104 = EDGE_CURVE('',#6082,#6082,#6105,.T.);
#6105 = SURFACE_CURVE('',#6106,(#6111,#6118),.PCURVE_S1.);
#6106 = CIRCLE('',#6107,4.);
#6107 = AXIS2_PLACEMENT_3D('',#6108,#6109,#6110);
#6108 = CARTESIAN_POINT('',(-120.,-112.5,-278.5));
#6109 = DIRECTION('',(0.,0.,1.));
#6110 = DIRECTION('',(1.,0.,-0.));
#6111 = PCURVE('',#6065,#6112);
#6112 = DEFINITIONAL_REPRESENTATION('',(#6113),#6117);
#6113 = LINE('',#6114,#6115);
#6114 = CARTESIAN_POINT('',(0.,0.));
#6115 = VECTOR('',#6116,1.);
#6116 = DIRECTION('',(1.,0.));
#6117 = ( GEOMETRIC_REPRESENTATION_CONTEXT(2) 
PARAMETRIC_REPRESENTATION_CONTEXT() REPRESENTATION_CONTEXT('2D SPACE',''
  ) );
#6118 = PCURVE('',#6119,#6124);
#6119 = PLANE('',#6120);
#6120 = AXIS2_PLACEMENT_3D('',#6121,#6122,#6123);
#6121 = CARTESIAN_POINT('',(-120.,-112.5,-278.5));
#6122 = DIRECTION('',(0.,0.,1.));
#6123 = DIRECTION('',(1.,0.,-0.));
#6124 = DEFINITIONAL_REPRESENTATION('',(#6125),#6129);
#6125 = CIRCLE('',#6126,4.);
#6126 = AXIS2_PLACEMENT_2D('',#6127,#6128);
#6127 = CARTESIAN_POINT('',(0.,0.));
#6128 = DIRECTION('',(1.,0.));
#6129 = ( GEOMETRIC_REPRESENTATION_CONTEXT(2) 
PARAMETRIC_REPRESENTATION_CONTEXT() REPRESENTATION_CONTEXT('2D SPACE',''
  ) );
#6130 = ORIENTED_EDGE('',*,*,#6081,.T.);
#6131 = ADVANCED_FACE('',(#6132),#6119,.F.);
#6132 = FACE_BOUND('',#6133,.T.);
#6133 = EDGE_LOOP('',(#6134));
#6134 = ORIENTED_EDGE('',*,*,#6104,.F.);
#6135 = ADVANCED_FACE('',(#6136),#6034,.T.);
#6136 = FACE_BOUND('',#6137,.T.);
#6137 = EDGE_LOOP('',(#6138,#6139,#6162,#6189));
#6138 = ORIENTED_EDGE('',*,*,#6017,.F.);
#6139 = ORIENTED_EDGE('',*,*,#6140,.F.);
#6140 = EDGE_CURVE('',#6141,#6018,#6143,.T.);
#6141 = VERTEX_POINT('',#6142);
#6142 = CARTESIAN_POINT('',(-531.,-112.5,-278.5));
#6143 = SEAM_CURVE('',#6144,(#6148,#6155),.PCURVE_S1.);
#6144 = LINE('',#6145,#6146);
#6145 = CARTESIAN_POINT('',(-531.,-112.5,-278.5));
#6146 = VECTOR('',#6147,1.);
#6147 = DIRECTION('',(0.,0.,1.));
#6148 = PCURVE('',#6034,#6149);
#6149 = DEFINITIONAL_REPRESENTATION('',(#6150),#6154);
#6150 = LINE('',#6151,#6152);
#6151 = CARTESIAN_POINT('',(6.28318530718,-0.));
#6152 = VECTOR('',#6153,1.);
#6153 = DIRECTION('',(0.,1.));
#6154 = ( GEOMETRIC_REPRESENTATION_CONTEXT(2) 
PARAMETRIC_REPRESENTATION_CONTEXT() REPRESENTATION_CONTEXT('2D SPACE',''
  ) );
#6155 = PCURVE('',#6034,#6156);
#6156 = DEFINITIONAL_REPRESENTATION('',(#6157),#6161);
#6157 = LINE('',#6158,#6159);
#6158 = CARTESIAN_POINT('',(0.,-0.));
#6159 = VECTOR('',#6160,1.);
#6160 = DIRECTION('',(0.,1.));
#6161 = ( GEOMETRIC_REPRESENTATION_CONTEXT(2) 
PARAMETRIC_REPRESENTATION_CONTEXT() REPRESENTATION_CONTEXT('2D SPACE',''
  ) );
#6162 = ORIENTED_EDGE('',*,*,#6163,.T.);
#6163 = EDGE_CURVE('',#6141,#6141,#6164,.T.);
#6164 = SURFACE_CURVE('',#6165,(#6170,#6177),.PCURVE_S1.);
#6165 = CIRCLE('',#6166,4.);
#6166 = AXIS2_PLACEMENT_3D('',#6167,#6168,#6169);
#6167 = CARTESIAN_POINT('',(-535.,-112.5,-278.5));
#6168 = DIRECTION('',(0.,0.,1.));
#6169 = DIRECTION('',(1.,0.,-0.));
#6170 = PCURVE('',#6034,#6171);
#6171 = DEFINITIONAL_REPRESENTATION('',(#6172),#6176);
#6172 = LINE('',#6173,#6174);
#6173 = CARTESIAN_POINT('',(0.,0.));
#6174 = VECTOR('',#6175,1.);
#6175 = DIRECTION('',(1.,0.));
#6176 = ( GEOMETRIC_REPRESENTATION_CONTEXT(2) 
PARAMETRIC_REPRESENTATION_CONTEXT() REPRESENTATION_CONTEXT('2D SPACE',''
  ) );
#6177 = PCURVE('',#6178,#6183);
#6178 = PLANE('',#6179);
#6179 = AXIS2_PLACEMENT_3D('',#6180,#6181,#6182);
#6180 = CARTESIAN_POINT('',(-535.,-112.5,-278.5));
#6181 = DIRECTION('',(0.,0.,1.));
#6182 = DIRECTION('',(1.,0.,-0.));
#6183 = DEFINITIONAL_REPRESENTATION('',(#6184),#6188);
#6184 = CIRCLE('',#6185,4.);
#6185 = AXIS2_PLACEMENT_2D('',#6186,#6187);
#6186 = CARTESIAN_POINT('',(0.,0.));
#6187 = DIRECTION('',(1.,0.));
#6188 = ( GEOMETRIC_REPRESENTATION_CONTEXT(2) 
PARAMETRIC_REPRESENTATION_CONTEXT() REPRESENTATION_CONTEXT('2D SPACE',''
  ) );
#6189 = ORIENTED_EDGE('',*,*,#6140,.T.);
#6190 = ADVANCED_FACE('',(#6191),#6178,.F.);
#6191 = FACE_BOUND('',#6192,.T.);
#6192 = EDGE_LOOP('',(#6193));
#6193 = ORIENTED_EDGE('',*,*,#6163,.F.);
#6194 = ADVANCED_FACE('',(#6195),#4682,.F.);
#6195 = FACE_BOUND('',#6196,.F.);
#6196 = EDGE_LOOP('',(#6197,#6198,#6199,#6220));
#6197 = ORIENTED_EDGE('',*,*,#5992,.F.);
#6198 = ORIENTED_EDGE('',*,*,#4666,.T.);
#6199 = ORIENTED_EDGE('',*,*,#6200,.T.);
#6200 = EDGE_CURVE('',#4639,#5209,#6201,.T.);
#6201 = SURFACE_CURVE('',#6202,(#6206,#6213),.PCURVE_S1.);
#6202 = LINE('',#6203,#6204);
#6203 = CARTESIAN_POINT('',(-575.,-125.,1.5));
#6204 = VECTOR('',#6205,1.);
#6205 = DIRECTION('',(1.,0.,-0.));
#6206 = PCURVE('',#4682,#6207);
#6207 = DEFINITIONAL_REPRESENTATION('',(#6208),#6212);
#6208 = LINE('',#6209,#6210);
#6209 = CARTESIAN_POINT('',(1.5,0.));
#6210 = VECTOR('',#6211,1.);
#6211 = DIRECTION('',(0.,1.));
#6212 = ( GEOMETRIC_REPRESENTATION_CONTEXT(2) 
PARAMETRIC_REPRESENTATION_CONTEXT() REPRESENTATION_CONTEXT('2D SPACE',''
  ) );
#6213 = PCURVE('',#4654,#6214);
#6214 = DEFINITIONAL_REPRESENTATION('',(#6215),#6219);
#6215 = LINE('',#6216,#6217);
#6216 = CARTESIAN_POINT('',(0.,0.));
#6217 = VECTOR('',#6218,1.);
#6218 = DIRECTION('',(1.,0.));
#6219 = ( GEOMETRIC_REPRESENTATION_CONTEXT(2) 
PARAMETRIC_REPRESENTATION_CONTEXT() REPRESENTATION_CONTEXT('2D SPACE',''
  ) );
#6220 = ORIENTED_EDGE('',*,*,#5231,.F.);
#6221 = ADVANCED_FACE('',(#6222,#6248,#6279),#4654,.T.);
#6222 = FACE_BOUND('',#6223,.T.);
#6223 = EDGE_LOOP('',(#6224,#6225,#6226,#6227));
#6224 = ORIENTED_EDGE('',*,*,#4638,.F.);
#6225 = ORIENTED_EDGE('',*,*,#6200,.T.);
#6226 = ORIENTED_EDGE('',*,*,#5208,.T.);
#6227 = ORIENTED_EDGE('',*,*,#6228,.F.);
#6228 = EDGE_CURVE('',#4604,#5186,#6229,.T.);
#6229 = SURFACE_CURVE('',#6230,(#6234,#6241),.PCURVE_S1.);
#6230 = LINE('',#6231,#6232);
#6231 = CARTESIAN_POINT('',(-575.,-100.,1.5));
#6232 = VECTOR('',#6233,1.);
#6233 = DIRECTION('',(1.,0.,-0.));
#6234 = PCURVE('',#4654,#6235);
#6235 = DEFINITIONAL_REPRESENTATION('',(#6236),#6240);
#6236 = LINE('',#6237,#6238);
#6237 = CARTESIAN_POINT('',(0.,25.));
#6238 = VECTOR('',#6239,1.);
#6239 = DIRECTION('',(1.,0.));
#6240 = ( GEOMETRIC_REPRESENTATION_CONTEXT(2) 
PARAMETRIC_REPRESENTATION_CONTEXT() REPRESENTATION_CONTEXT('2D SPACE',''
  ) );
#6241 = PCURVE('',#4626,#6242);
#6242 = DEFINITIONAL_REPRESENTATION('',(#6243),#6247);
#6243 = LINE('',#6244,#6245);
#6244 = CARTESIAN_POINT('',(-247.,0.));
#6245 = VECTOR('',#6246,1.);
#6246 = DIRECTION('',(0.,1.));
#6247 = ( GEOMETRIC_REPRESENTATION_CONTEXT(2) 
PARAMETRIC_REPRESENTATION_CONTEXT() REPRESENTATION_CONTEXT('2D SPACE',''
  ) );
#6248 = FACE_BOUND('',#6249,.T.);
#6249 = EDGE_LOOP('',(#6250));
#6250 = ORIENTED_EDGE('',*,*,#6251,.F.);
#6251 = EDGE_CURVE('',#6252,#6252,#6254,.T.);
#6252 = VERTEX_POINT('',#6253);
#6253 = CARTESIAN_POINT('',(-527.,-112.5,1.5));
#6254 = SURFACE_CURVE('',#6255,(#6260,#6267),.PCURVE_S1.);
#6255 = CIRCLE('',#6256,8.);
#6256 = AXIS2_PLACEMENT_3D('',#6257,#6258,#6259);
#6257 = CARTESIAN_POINT('',(-535.,-112.5,1.5));
#6258 = DIRECTION('',(0.,0.,1.));
#6259 = DIRECTION('',(1.,0.,-0.));
#6260 = PCURVE('',#4654,#6261);
#6261 = DEFINITIONAL_REPRESENTATION('',(#6262),#6266);
#6262 = CIRCLE('',#6263,8.);
#6263 = AXIS2_PLACEMENT_2D('',#6264,#6265);
#6264 = CARTESIAN_POINT('',(40.,12.5));
#6265 = DIRECTION('',(1.,0.));
#6266 = ( GEOMETRIC_REPRESENTATION_CONTEXT(2) 
PARAMETRIC_REPRESENTATION_CONTEXT() REPRESENTATION_CONTEXT('2D SPACE',''
  ) );
#6267 = PCURVE('',#6268,#6273);
#6268 = CYLINDRICAL_SURFACE('',#6269,8.);
#6269 = AXIS2_PLACEMENT_3D('',#6270,#6271,#6272);
#6270 = CARTESIAN_POINT('',(-535.,-112.5,1.5));
#6271 = DIRECTION('',(0.,0.,1.));
#6272 = DIRECTION('',(1.,0.,-0.));
#6273 = DEFINITIONAL_REPRESENTATION('',(#6274),#6278);
#6274 = LINE('',#6275,#6276);
#6275 = CARTESIAN_POINT('',(0.,0.));
#6276 = VECTOR('',#6277,1.);
#6277 = DIRECTION('',(1.,0.));
#6278 = ( GEOMETRIC_REPRESENTATION_CONTEXT(2) 
PARAMETRIC_REPRESENTATION_CONTEXT() REPRESENTATION_CONTEXT('2D SPACE',''
  ) );
#6279 = FACE_BOUND('',#6280,.T.);
#6280 = EDGE_LOOP('',(#6281));
#6281 = ORIENTED_EDGE('',*,*,#6282,.F.);
#6282 = EDGE_CURVE('',#6283,#6283,#6285,.T.);
#6283 = VERTEX_POINT('',#6284);
#6284 = CARTESIAN_POINT('',(-112.,-112.5,1.5));
#6285 = SURFACE_CURVE('',#6286,(#6291,#6298),.PCURVE_S1.);
#6286 = CIRCLE('',#6287,8.);
#6287 = AXIS2_PLACEMENT_3D('',#6288,#6289,#6290);
#6288 = CARTESIAN_POINT('',(-120.,-112.5,1.5));
#6289 = DIRECTION('',(0.,0.,1.));
#6290 = DIRECTION('',(1.,0.,-0.));
#6291 = PCURVE('',#4654,#6292);
#6292 = DEFINITIONAL_REPRESENTATION('',(#6293),#6297);
#6293 = CIRCLE('',#6294,8.);
#6294 = AXIS2_PLACEMENT_2D('',#6295,#6296);
#6295 = CARTESIAN_POINT('',(455.,12.5));
#6296 = DIRECTION('',(1.,0.));
#6297 = ( GEOMETRIC_REPRESENTATION_CONTEXT(2) 
PARAMETRIC_REPRESENTATION_CONTEXT() REPRESENTATION_CONTEXT('2D SPACE',''
  ) );
#6298 = PCURVE('',#6299,#6304);
#6299 = CYLINDRICAL_SURFACE('',#6300,8.);
#6300 = AXIS2_PLACEMENT_3D('',#6301,#6302,#6303);
#6301 = CARTESIAN_POINT('',(-120.,-112.5,1.5));
#6302 = DIRECTION('',(0.,0.,1.));
#6303 = DIRECTION('',(1.,0.,-0.));
#6304 = DEFINITIONAL_REPRESENTATION('',(#6305),#6309);
#6305 = LINE('',#6306,#6307);
#6306 = CARTESIAN_POINT('',(0.,0.));
#6307 = VECTOR('',#6308,1.);
#6308 = DIRECTION('',(1.,0.));
#6309 = ( GEOMETRIC_REPRESENTATION_CONTEXT(2) 
PARAMETRIC_REPRESENTATION_CONTEXT() REPRESENTATION_CONTEXT('2D SPACE',''
  ) );
#6310 = ADVANCED_FACE('',(#6311),#6299,.T.);
#6311 = FACE_BOUND('',#6312,.T.);
#6312 = EDGE_LOOP('',(#6313,#6342,#6363,#6364));
#6313 = ORIENTED_EDGE('',*,*,#6314,.F.);
#6314 = EDGE_CURVE('',#6315,#6315,#6317,.T.);
#6315 = VERTEX_POINT('',#6316);
#6316 = CARTESIAN_POINT('',(-112.,-112.5,5.5));
#6317 = SURFACE_CURVE('',#6318,(#6323,#6330),.PCURVE_S1.);
#6318 = CIRCLE('',#6319,8.);
#6319 = AXIS2_PLACEMENT_3D('',#6320,#6321,#6322);
#6320 = CARTESIAN_POINT('',(-120.,-112.5,5.5));
#6321 = DIRECTION('',(0.,0.,1.));
#6322 = DIRECTION('',(1.,0.,-0.));
#6323 = PCURVE('',#6299,#6324);
#6324 = DEFINITIONAL_REPRESENTATION('',(#6325),#6329);
#6325 = LINE('',#6326,#6327);
#6326 = CARTESIAN_POINT('',(0.,4.));
#6327 = VECTOR('',#6328,1.);
#6328 = DIRECTION('',(1.,0.));
#6329 = ( GEOMETRIC_REPRESENTATION_CONTEXT(2) 
PARAMETRIC_REPRESENTATION_CONTEXT() REPRESENTATION_CONTEXT('2D SPACE',''
  ) );
#6330 = PCURVE('',#6331,#6336);
#6331 = PLANE('',#6332);
#6332 = AXIS2_PLACEMENT_3D('',#6333,#6334,#6335);
#6333 = CARTESIAN_POINT('',(-120.,-112.5,5.5));
#6334 = DIRECTION('',(0.,0.,1.));
#6335 = DIRECTION('',(1.,0.,-0.));
#6336 = DEFINITIONAL_REPRESENTATION('',(#6337),#6341);
#6337 = CIRCLE('',#6338,8.);
#6338 = AXIS2_PLACEMENT_2D('',#6339,#6340);
#6339 = CARTESIAN_POINT('',(0.,0.));
#6340 = DIRECTION('',(1.,0.));
#6341 = ( GEOMETRIC_REPRESENTATION_CONTEXT(2) 
PARAMETRIC_REPRESENTATION_CONTEXT() REPRESENTATION_CONTEXT('2D SPACE',''
  ) );
#6342 = ORIENTED_EDGE('',*,*,#6343,.F.);
#6343 = EDGE_CURVE('',#6283,#6315,#6344,.T.);
#6344 = SEAM_CURVE('',#6345,(#6349,#6356),.PCURVE_S1.);
#6345 = LINE('',#6346,#6347);
#6346 = CARTESIAN_POINT('',(-112.,-112.5,1.5));
#6347 = VECTOR('',#6348,1.);
#6348 = DIRECTION('',(0.,0.,1.));
#6349 = PCURVE('',#6299,#6350);
#6350 = DEFINITIONAL_REPRESENTATION('',(#6351),#6355);
#6351 = LINE('',#6352,#6353);
#6352 = CARTESIAN_POINT('',(6.28318530718,-0.));
#6353 = VECTOR('',#6354,1.);
#6354 = DIRECTION('',(0.,1.));
#6355 = ( GEOMETRIC_REPRESENTATION_CONTEXT(2) 
PARAMETRIC_REPRESENTATION_CONTEXT() REPRESENTATION_CONTEXT('2D SPACE',''
  ) );
#6356 = PCURVE('',#6299,#6357);
#6357 = DEFINITIONAL_REPRESENTATION('',(#6358),#6362);
#6358 = LINE('',#6359,#6360);
#6359 = CARTESIAN_POINT('',(0.,-0.));
#6360 = VECTOR('',#6361,1.);
#6361 = DIRECTION('',(0.,1.));
#6362 = ( GEOMETRIC_REPRESENTATION_CONTEXT(2) 
PARAMETRIC_REPRESENTATION_CONTEXT() REPRESENTATION_CONTEXT('2D SPACE',''
  ) );
#6363 = ORIENTED_EDGE('',*,*,#6282,.T.);
#6364 = ORIENTED_EDGE('',*,*,#6343,.T.);
#6365 = ADVANCED_FACE('',(#6366),#6331,.T.);
#6366 = FACE_BOUND('',#6367,.T.);
#6367 = EDGE_LOOP('',(#6368));
#6368 = ORIENTED_EDGE('',*,*,#6314,.T.);
#6369 = ADVANCED_FACE('',(#6370),#6268,.T.);
#6370 = FACE_BOUND('',#6371,.T.);
#6371 = EDGE_LOOP('',(#6372,#6401,#6422,#6423));
#6372 = ORIENTED_EDGE('',*,*,#6373,.F.);
#6373 = EDGE_CURVE('',#6374,#6374,#6376,.T.);
#6374 = VERTEX_POINT('',#6375);
#6375 = CARTESIAN_POINT('',(-527.,-112.5,5.5));
#6376 = SURFACE_CURVE('',#6377,(#6382,#6389),.PCURVE_S1.);
#6377 = CIRCLE('',#6378,8.);
#6378 = AXIS2_PLACEMENT_3D('',#6379,#6380,#6381);
#6379 = CARTESIAN_POINT('',(-535.,-112.5,5.5));
#6380 = DIRECTION('',(0.,0.,1.));
#6381 = DIRECTION('',(1.,0.,-0.));
#6382 = PCURVE('',#6268,#6383);
#6383 = DEFINITIONAL_REPRESENTATION('',(#6384),#6388);
#6384 = LINE('',#6385,#6386);
#6385 = CARTESIAN_POINT('',(0.,4.));
#6386 = VECTOR('',#6387,1.);
#6387 = DIRECTION('',(1.,0.));
#6388 = ( GEOMETRIC_REPRESENTATION_CONTEXT(2) 
PARAMETRIC_REPRESENTATION_CONTEXT() REPRESENTATION_CONTEXT('2D SPACE',''
  ) );
#6389 = PCURVE('',#6390,#6395);
#6390 = PLANE('',#6391);
#6391 = AXIS2_PLACEMENT_3D('',#6392,#6393,#6394);
#6392 = CARTESIAN_POINT('',(-535.,-112.5,5.5));
#6393 = DIRECTION('',(0.,0.,1.));
#6394 = DIRECTION('',(1.,0.,-0.));
#6395 = DEFINITIONAL_REPRESENTATION('',(#6396),#6400);
#6396 = CIRCLE('',#6397,8.);
#6397 = AXIS2_PLACEMENT_2D('',#6398,#6399);
#6398 = CARTESIAN_POINT('',(0.,0.));
#6399 = DIRECTION('',(1.,0.));
#6400 = ( GEOMETRIC_REPRESENTATION_CONTEXT(2) 
PARAMETRIC_REPRESENTATION_CONTEXT() REPRESENTATION_CONTEXT('2D SPACE',''
  ) );
#6401 = ORIENTED_EDGE('',*,*,#6402,.F.);
#6402 = EDGE_CURVE('',#6252,#6374,#6403,.T.);
#6403 = SEAM_CURVE('',#6404,(#6408,#6415),.PCURVE_S1.);
#6404 = LINE('',#6405,#6406);
#6405 = CARTESIAN_POINT('',(-527.,-112.5,1.5));
#6406 = VECTOR('',#6407,1.);
#6407 = DIRECTION('',(0.,0.,1.));
#6408 = PCURVE('',#6268,#6409);
#6409 = DEFINITIONAL_REPRESENTATION('',(#6410),#6414);
#6410 = LINE('',#6411,#6412);
#6411 = CARTESIAN_POINT('',(6.28318530718,-0.));
#6412 = VECTOR('',#6413,1.);
#6413 = DIRECTION('',(0.,1.));
#6414 = ( GEOMETRIC_REPRESENTATION_CONTEXT(2) 
PARAMETRIC_REPRESENTATION_CONTEXT() REPRESENTATION_CONTEXT('2D SPACE',''
  ) );
#6415 = PCURVE('',#6268,#6416);
#6416 = DEFINITIONAL_REPRESENTATION('',(#6417),#6421);
#6417 = LINE('',#6418,#6419);
#6418 = CARTESIAN_POINT('',(0.,-0.));
#6419 = VECTOR('',#6420,1.);
#6420 = DIRECTION('',(0.,1.));
#6421 = ( GEOMETRIC_REPRESENTATION_CONTEXT(2) 
PARAMETRIC_REPRESENTATION_CONTEXT() REPRESENTATION_CONTEXT('2D SPACE',''
  ) );
#6422 = ORIENTED_EDGE('',*,*,#6251,.T.);
#6423 = ORIENTED_EDGE('',*,*,#6402,.T.);
#6424 = ADVANCED_FACE('',(#6425),#6390,.T.);
#6425 = FACE_BOUND('',#6426,.T.);
#6426 = EDGE_LOOP('',(#6427));
#6427 = ORIENTED_EDGE('',*,*,#6373,.T.);
#6428 = ADVANCED_FACE('',(#6429),#4626,.F.);
#6429 = FACE_BOUND('',#6430,.F.);
#6430 = EDGE_LOOP('',(#6431,#6432,#6433,#6434));
#6431 = ORIENTED_EDGE('',*,*,#5185,.F.);
#6432 = ORIENTED_EDGE('',*,*,#6228,.F.);
#6433 = ORIENTED_EDGE('',*,*,#4603,.T.);
#6434 = ORIENTED_EDGE('',*,*,#4948,.T.);
#6435 = MANIFOLD_SOLID_BREP('',#6436);
#6436 = CLOSED_SHELL('',(#6437,#6616,#6672,#6707,#6762,#6797,#6852,#7026
    ,#7102,#7250,#7381,#7389,#7416,#7443,#7470,#7497));
#6437 = ADVANCED_FACE('',(#6438),#6453,.T.);
#6438 = FACE_BOUND('',#6439,.T.);
#6439 = EDGE_LOOP('',(#6440,#6471,#6534,#6558,#6559,#6615));
#6440 = ORIENTED_EDGE('',*,*,#6441,.F.);
#6441 = EDGE_CURVE('',#6442,#6444,#6446,.T.);
#6442 = VERTEX_POINT('',#6443);
#6443 = CARTESIAN_POINT('',(-407.2554373534,-1.407012051517E-15,114.));
#6444 = VERTEX_POINT('',#6445);
#6445 = CARTESIAN_POINT('',(-413.,-1.049831847863E-31,117.));
#6446 = SEAM_CURVE('',#6447,(#6452,#6464),.PCURVE_S1.);
#6447 = CIRCLE('',#6448,7.);
#6448 = AXIS2_PLACEMENT_3D('',#6449,#6450,#6451);
#6449 = CARTESIAN_POINT('',(-413.,0.,110.));
#6450 = DIRECTION('',(-2.449293598295E-16,-1.,0.));
#6451 = DIRECTION('',(1.,-2.449293598295E-16,0.));
#6452 = PCURVE('',#6453,#6458);
#6453 = SPHERICAL_SURFACE('',#6454,7.);
#6454 = AXIS2_PLACEMENT_3D('',#6455,#6456,#6457);
#6455 = CARTESIAN_POINT('',(-413.,0.,110.));
#6456 = DIRECTION('',(0.,0.,1.));
#6457 = DIRECTION('',(1.,0.,-0.));
#6458 = DEFINITIONAL_REPRESENTATION('',(#6459),#6463);
#6459 = LINE('',#6460,#6461);
#6460 = CARTESIAN_POINT('',(0.,-6.28318530718));
#6461 = VECTOR('',#6462,1.);
#6462 = DIRECTION('',(0.,1.));
#6463 = ( GEOMETRIC_REPRESENTATION_CONTEXT(2) 
PARAMETRIC_REPRESENTATION_CONTEXT() REPRESENTATION_CONTEXT('2D SPACE',''
  ) );
#6464 = PCURVE('',#6453,#6465);
#6465 = DEFINITIONAL_REPRESENTATION('',(#6466),#6470);
#6466 = LINE('',#6467,#6468);
#6467 = CARTESIAN_POINT('',(6.28318530718,-6.28318530718));
#6468 = VECTOR('',#6469,1.);
#6469 = DIRECTION('',(0.,1.));
#6470 = ( GEOMETRIC_REPRESENTATION_CONTEXT(2) 
PARAMETRIC_REPRESENTATION_CONTEXT() REPRESENTATION_CONTEXT('2D SPACE',''
  ) );
#6471 = ORIENTED_EDGE('',*,*,#6472,.F.);
#6472 = EDGE_CURVE('',#6473,#6442,#6475,.T.);
#6473 = VERTEX_POINT('',#6474);
#6474 = CARTESIAN_POINT('',(-407.2554373534,-1.193364745417E-15,106.));
#6475 = SURFACE_CURVE('',#6476,(#6481,#6522),.PCURVE_S1.);
#6476 = CIRCLE('',#6477,4.);
#6477 = AXIS2_PLACEMENT_3D('',#6478,#6479,#6480);
#6478 = CARTESIAN_POINT('',(-407.2554373534,0.,110.));
#6479 = DIRECTION('',(1.,0.,2.22044604925E-16));
#6480 = DIRECTION('',(-2.22044604925E-16,0.,1.));
#6481 = PCURVE('',#6453,#6482);
#6482 = DEFINITIONAL_REPRESENTATION('',(#6483),#6521);
#6483 = B_SPLINE_CURVE_WITH_KNOTS('',8,(#6484,#6485,#6486,#6487,#6488,
    #6489,#6490,#6491,#6492,#6493,#6494,#6495,#6496,#6497,#6498,#6499,
    #6500,#6501,#6502,#6503,#6504,#6505,#6506,#6507,#6508,#6509,#6510,
    #6511,#6512,#6513,#6514,#6515,#6516,#6517,#6518,#6519,#6520),
  .UNSPECIFIED.,.F.,.F.,(9,7,7,7,7,9),(3.14159265359,3.534291735289,
    4.221515128261,5.25235021772,5.76776776245,6.28318530718),
  .UNSPECIFIED.);
#6484 = CARTESIAN_POINT('',(0.,-0.60824557891));
#6485 = CARTESIAN_POINT('',(3.418006781903E-02,-0.60824557891));
#6486 = CARTESIAN_POINT('',(6.836003726225E-02,-0.606328136642));
#6487 = CARTESIAN_POINT('',(0.102293228291,-0.602492990432));
#6488 = CARTESIAN_POINT('',(0.135731382196,-0.596764766023));
#6489 = CARTESIAN_POINT('',(0.168444073352,-0.589191713018));
#6490 = CARTESIAN_POINT('',(0.200231523987,-0.579842614309));
#6491 = CARTESIAN_POINT('',(0.230930821989,-0.568801868481));
#6492 = CARTESIAN_POINT('',(0.312013801304,-0.534044279472));
#6493 = CARTESIAN_POINT('',(0.359892243728,-0.507030991333));
#6494 = CARTESIAN_POINT('',(0.403371926743,-0.475624062472));
#6495 = CARTESIAN_POINT('',(0.44211114658,-0.440416785665));
#6496 = CARTESIAN_POINT('',(0.476091571845,-0.40200481934));
#6497 = CARTESIAN_POINT('',(0.505416509743,-0.360930970627));
#6498 = CARTESIAN_POINT('',(0.53024099265,-0.317691142691));
#6499 = CARTESIAN_POINT('',(0.581429158511,-0.205309131178));
#6500 = CARTESIAN_POINT('',(0.602356382218,-0.134025670323));
#6501 = CARTESIAN_POINT('',(0.614009137144,-6.041853666758E-02));
#6502 = CARTESIAN_POINT('',(0.616887219871,1.419874551439E-02));
#6503 = CARTESIAN_POINT('',(0.611100044785,8.864553263393E-02));
#6504 = CARTESIAN_POINT('',(0.596458633402,0.161731327976));
#6505 = CARTESIAN_POINT('',(0.572390817861,0.232100777371));
#6506 = CARTESIAN_POINT('',(0.521392145874,0.331207043096));
#6507 = CARTESIAN_POINT('',(0.501909803092,0.363167845926));
#6508 = CARTESIAN_POINT('',(0.479881226583,0.393856342423));
#6509 = CARTESIAN_POINT('',(0.455248207533,0.423061094916));
#6510 = CARTESIAN_POINT('',(0.427968278706,0.450555436876));
#6511 = CARTESIAN_POINT('',(0.39804004302,0.476098997566));
#6512 = CARTESIAN_POINT('',(0.365533217775,0.499445493797));
#6513 = CARTESIAN_POINT('',(0.29569334956,0.541274611786));
#6514 = CARTESIAN_POINT('',(0.258360103271,0.559757231879));
#6515 = CARTESIAN_POINT('',(0.218779688178,0.575572923467));
#6516 = CARTESIAN_POINT('',(0.177208789971,0.588498129603));
#6517 = CARTESIAN_POINT('',(0.134025745391,0.598336048713));
#6518 = CARTESIAN_POINT('',(8.972251125893E-02,0.604942384682));
#6519 = CARTESIAN_POINT('',(4.486133901248E-02,0.60824557891));
#6520 = CARTESIAN_POINT('',(1.705469153354E-16,0.60824557891));
#6521 = ( GEOMETRIC_REPRESENTATION_CONTEXT(2) 
PARAMETRIC_REPRESENTATION_CONTEXT() REPRESENTATION_CONTEXT('2D SPACE',''
  ) );
#6522 = PCURVE('',#6523,#6528);
#6523 = CYLINDRICAL_SURFACE('',#6524,4.);
#6524 = AXIS2_PLACEMENT_3D('',#6525,#6526,#6527);
#6525 = CARTESIAN_POINT('',(-413.,0.,110.));
#6526 = DIRECTION('',(1.,0.,2.22044604925E-16));
#6527 = DIRECTION('',(2.22044604925E-16,0.,-1.));
#6528 = DEFINITIONAL_REPRESENTATION('',(#6529),#6533);
#6529 = LINE('',#6530,#6531);
#6530 = CARTESIAN_POINT('',(-3.14159265359,5.744562646538));
#6531 = VECTOR('',#6532,1.);
#6532 = DIRECTION('',(1.,0.));
#6533 = ( GEOMETRIC_REPRESENTATION_CONTEXT(2) 
PARAMETRIC_REPRESENTATION_CONTEXT() REPRESENTATION_CONTEXT('2D SPACE',''
  ) );
#6534 = ORIENTED_EDGE('',*,*,#6535,.F.);
#6535 = EDGE_CURVE('',#6536,#6473,#6538,.T.);
#6536 = VERTEX_POINT('',#6537);
#6537 = CARTESIAN_POINT('',(-413.,-1.049831847863E-31,103.));
#6538 = SEAM_CURVE('',#6539,(#6544,#6551),.PCURVE_S1.);
#6539 = CIRCLE('',#6540,7.);
#6540 = AXIS2_PLACEMENT_3D('',#6541,#6542,#6543);
#6541 = CARTESIAN_POINT('',(-413.,0.,110.));
#6542 = DIRECTION('',(-2.449293598295E-16,-1.,0.));
#6543 = DIRECTION('',(1.,-2.449293598295E-16,0.));
#6544 = PCURVE('',#6453,#6545);
#6545 = DEFINITIONAL_REPRESENTATION('',(#6546),#6550);
#6546 = LINE('',#6547,#6548);
#6547 = CARTESIAN_POINT('',(6.28318530718,-6.28318530718));
#6548 = VECTOR('',#6549,1.);
#6549 = DIRECTION('',(0.,1.));
#6550 = ( GEOMETRIC_REPRESENTATION_CONTEXT(2) 
PARAMETRIC_REPRESENTATION_CONTEXT() REPRESENTATION_CONTEXT('2D SPACE',''
  ) );
#6551 = PCURVE('',#6453,#6552);
#6552 = DEFINITIONAL_REPRESENTATION('',(#6553),#6557);
#6553 = LINE('',#6554,#6555);
#6554 = CARTESIAN_POINT('',(0.,-6.28318530718));
#6555 = VECTOR('',#6556,1.);
#6556 = DIRECTION('',(0.,1.));
#6557 = ( GEOMETRIC_REPRESENTATION_CONTEXT(2) 
PARAMETRIC_REPRESENTATION_CONTEXT() REPRESENTATION_CONTEXT('2D SPACE',''
  ) );
#6558 = ORIENTED_EDGE('',*,*,#6535,.T.);
#6559 = ORIENTED_EDGE('',*,*,#6560,.F.);
#6560 = EDGE_CURVE('',#6442,#6473,#6561,.T.);
#6561 = SURFACE_CURVE('',#6562,(#6567,#6608),.PCURVE_S1.);
#6562 = CIRCLE('',#6563,4.);
#6563 = AXIS2_PLACEMENT_3D('',#6564,#6565,#6566);
#6564 = CARTESIAN_POINT('',(-407.2554373534,0.,110.));
#6565 = DIRECTION('',(1.,0.,2.22044604925E-16));
#6566 = DIRECTION('',(-2.22044604925E-16,0.,1.));
#6567 = PCURVE('',#6453,#6568);
#6568 = DEFINITIONAL_REPRESENTATION('',(#6569),#6607);
#6569 = B_SPLINE_CURVE_WITH_KNOTS('',8,(#6570,#6571,#6572,#6573,#6574,
    #6575,#6576,#6577,#6578,#6579,#6580,#6581,#6582,#6583,#6584,#6585,
    #6586,#6587,#6588,#6589,#6590,#6591,#6592,#6593,#6594,#6595,#6596,
    #6597,#6598,#6599,#6600,#6601,#6602,#6603,#6604,#6605,#6606),
  .UNSPECIFIED.,.F.,.F.,(9,7,7,7,7,9),(0.,0.392699081699,1.079922474671,
    2.110757564131,2.62617510886,3.14159265359),.UNSPECIFIED.);
#6570 = CARTESIAN_POINT('',(6.28318530718,0.60824557891));
#6571 = CARTESIAN_POINT('',(6.249005239361,0.60824557891));
#6572 = CARTESIAN_POINT('',(6.214825269917,0.606328136642));
#6573 = CARTESIAN_POINT('',(6.180892078889,0.602492990432));
#6574 = CARTESIAN_POINT('',(6.147453924983,0.596764766023));
#6575 = CARTESIAN_POINT('',(6.114741233828,0.589191713018));
#6576 = CARTESIAN_POINT('',(6.082953783193,0.579842614309));
#6577 = CARTESIAN_POINT('',(6.052254485191,0.568801868481));
#6578 = CARTESIAN_POINT('',(5.971171505876,0.534044279472));
#6579 = CARTESIAN_POINT('',(5.923293063452,0.507030991334));
#6580 = CARTESIAN_POINT('',(5.879813380434,0.475624062472));
#6581 = CARTESIAN_POINT('',(5.841074160599,0.44041678567));
#6582 = CARTESIAN_POINT('',(5.807093735332,0.402004819342));
#6583 = CARTESIAN_POINT('',(5.777768797437,0.360930970627));
#6584 = CARTESIAN_POINT('',(5.75294431453,0.317691142691));
#6585 = CARTESIAN_POINT('',(5.701756148668,0.205309131178));
#6586 = CARTESIAN_POINT('',(5.680828924962,0.134025670323));
#6587 = CARTESIAN_POINT('',(5.669176170031,6.041853666753E-02));
#6588 = CARTESIAN_POINT('',(5.666298087313,-1.419874551439E-02));
#6589 = CARTESIAN_POINT('',(5.672085262391,-8.86455326339E-02));
#6590 = CARTESIAN_POINT('',(5.686726673778,-0.161731327976));
#6591 = CARTESIAN_POINT('',(5.710794489318,-0.232100777371));
#6592 = CARTESIAN_POINT('',(5.761793161306,-0.331207043096));
#6593 = CARTESIAN_POINT('',(5.781275504087,-0.363167845926));
#6594 = CARTESIAN_POINT('',(5.803304080597,-0.393856342423));
#6595 = CARTESIAN_POINT('',(5.827937099646,-0.423061094916));
#6596 = CARTESIAN_POINT('',(5.855217028474,-0.450555436876));
#6597 = CARTESIAN_POINT('',(5.88514526416,-0.476098997566));
#6598 = CARTESIAN_POINT('',(5.917652089404,-0.499445493797));
#6599 = CARTESIAN_POINT('',(5.987491957619,-0.541274611786));
#6600 = CARTESIAN_POINT('',(6.024825203908,-0.559757231879));
#6601 = CARTESIAN_POINT('',(6.064405619001,-0.575572923467));
#6602 = CARTESIAN_POINT('',(6.105976517209,-0.588498129603));
#6603 = CARTESIAN_POINT('',(6.149159561789,-0.598336048713));
#6604 = CARTESIAN_POINT('',(6.193462795921,-0.604942384682));
#6605 = CARTESIAN_POINT('',(6.238323968167,-0.60824557891));
#6606 = CARTESIAN_POINT('',(6.28318530718,-0.60824557891));
#6607 = ( GEOMETRIC_REPRESENTATION_CONTEXT(2) 
PARAMETRIC_REPRESENTATION_CONTEXT() REPRESENTATION_CONTEXT('2D SPACE',''
  ) );
#6608 = PCURVE('',#6523,#6609);
#6609 = DEFINITIONAL_REPRESENTATION('',(#6610),#6614);
#6610 = LINE('',#6611,#6612);
#6611 = CARTESIAN_POINT('',(3.14159265359,5.744562646538));
#6612 = VECTOR('',#6613,1.);
#6613 = DIRECTION('',(1.,0.));
#6614 = ( GEOMETRIC_REPRESENTATION_CONTEXT(2) 
PARAMETRIC_REPRESENTATION_CONTEXT() REPRESENTATION_CONTEXT('2D SPACE',''
  ) );
#6615 = ORIENTED_EDGE('',*,*,#6441,.T.);
#6616 = ADVANCED_FACE('',(#6617),#6523,.T.);
#6617 = FACE_BOUND('',#6618,.T.);
#6618 = EDGE_LOOP('',(#6619,#6642,#6669,#6670,#6671));
#6619 = ORIENTED_EDGE('',*,*,#6620,.T.);
#6620 = EDGE_CURVE('',#6473,#6621,#6623,.T.);
#6621 = VERTEX_POINT('',#6622);
#6622 = CARTESIAN_POINT('',(-398.,-9.797174393179E-16,106.));
#6623 = SEAM_CURVE('',#6624,(#6628,#6635),.PCURVE_S1.);
#6624 = LINE('',#6625,#6626);
#6625 = CARTESIAN_POINT('',(-413.,-9.797174393179E-16,106.));
#6626 = VECTOR('',#6627,1.);
#6627 = DIRECTION('',(1.,0.,2.22044604925E-16));
#6628 = PCURVE('',#6523,#6629);
#6629 = DEFINITIONAL_REPRESENTATION('',(#6630),#6634);
#6630 = LINE('',#6631,#6632);
#6631 = CARTESIAN_POINT('',(6.28318530718,-0.));
#6632 = VECTOR('',#6633,1.);
#6633 = DIRECTION('',(0.,1.));
#6634 = ( GEOMETRIC_REPRESENTATION_CONTEXT(2) 
PARAMETRIC_REPRESENTATION_CONTEXT() REPRESENTATION_CONTEXT('2D SPACE',''
  ) );
#6635 = PCURVE('',#6523,#6636);
#6636 = DEFINITIONAL_REPRESENTATION('',(#6637),#6641);
#6637 = LINE('',#6638,#6639);
#6638 = CARTESIAN_POINT('',(0.,-0.));
#6639 = VECTOR('',#6640,1.);
#6640 = DIRECTION('',(0.,1.));
#6641 = ( GEOMETRIC_REPRESENTATION_CONTEXT(2) 
PARAMETRIC_REPRESENTATION_CONTEXT() REPRESENTATION_CONTEXT('2D SPACE',''
  ) );
#6642 = ORIENTED_EDGE('',*,*,#6643,.F.);
#6643 = EDGE_CURVE('',#6621,#6621,#6644,.T.);
#6644 = SURFACE_CURVE('',#6645,(#6650,#6657),.PCURVE_S1.);
#6645 = CIRCLE('',#6646,4.);
#6646 = AXIS2_PLACEMENT_3D('',#6647,#6648,#6649);
#6647 = CARTESIAN_POINT('',(-398.,0.,110.));
#6648 = DIRECTION('',(1.,-0.,2.22044604925E-16));
#6649 = DIRECTION('',(2.22044604925E-16,0.,-1.));
#6650 = PCURVE('',#6523,#6651);
#6651 = DEFINITIONAL_REPRESENTATION('',(#6652),#6656);
#6652 = LINE('',#6653,#6654);
#6653 = CARTESIAN_POINT('',(0.,15.));
#6654 = VECTOR('',#6655,1.);
#6655 = DIRECTION('',(1.,0.));
#6656 = ( GEOMETRIC_REPRESENTATION_CONTEXT(2) 
PARAMETRIC_REPRESENTATION_CONTEXT() REPRESENTATION_CONTEXT('2D SPACE',''
  ) );
#6657 = PCURVE('',#6658,#6663);
#6658 = PLANE('',#6659);
#6659 = AXIS2_PLACEMENT_3D('',#6660,#6661,#6662);
#6660 = CARTESIAN_POINT('',(-398.,0.,110.));
#6661 = DIRECTION('',(1.,0.,2.22044604925E-16));
#6662 = DIRECTION('',(2.22044604925E-16,0.,-1.));
#6663 = DEFINITIONAL_REPRESENTATION('',(#6664),#6668);
#6664 = CIRCLE('',#6665,4.);
#6665 = AXIS2_PLACEMENT_2D('',#6666,#6667);
#6666 = CARTESIAN_POINT('',(-2.84217094304E-14,0.));
#6667 = DIRECTION('',(1.,0.));
#6668 = ( GEOMETRIC_REPRESENTATION_CONTEXT(2) 
PARAMETRIC_REPRESENTATION_CONTEXT() REPRESENTATION_CONTEXT('2D SPACE',''
  ) );
#6669 = ORIENTED_EDGE('',*,*,#6620,.F.);
#6670 = ORIENTED_EDGE('',*,*,#6472,.T.);
#6671 = ORIENTED_EDGE('',*,*,#6560,.T.);
#6672 = ADVANCED_FACE('',(#6673,#6704),#6658,.F.);
#6673 = FACE_BOUND('',#6674,.F.);
#6674 = EDGE_LOOP('',(#6675));
#6675 = ORIENTED_EDGE('',*,*,#6676,.T.);
#6676 = EDGE_CURVE('',#6677,#6677,#6679,.T.);
#6677 = VERTEX_POINT('',#6678);
#6678 = CARTESIAN_POINT('',(-398.,-3.061616997868E-15,97.5));
#6679 = SURFACE_CURVE('',#6680,(#6685,#6692),.PCURVE_S1.);
#6680 = CIRCLE('',#6681,12.5);
#6681 = AXIS2_PLACEMENT_3D('',#6682,#6683,#6684);
#6682 = CARTESIAN_POINT('',(-398.,0.,110.));
#6683 = DIRECTION('',(1.,-0.,2.22044604925E-16));
#6684 = DIRECTION('',(2.22044604925E-16,0.,-1.));
#6685 = PCURVE('',#6658,#6686);
#6686 = DEFINITIONAL_REPRESENTATION('',(#6687),#6691);
#6687 = CIRCLE('',#6688,12.5);
#6688 = AXIS2_PLACEMENT_2D('',#6689,#6690);
#6689 = CARTESIAN_POINT('',(0.,0.));
#6690 = DIRECTION('',(1.,0.));
#6691 = ( GEOMETRIC_REPRESENTATION_CONTEXT(2) 
PARAMETRIC_REPRESENTATION_CONTEXT() REPRESENTATION_CONTEXT('2D SPACE',''
  ) );
#6692 = PCURVE('',#6693,#6698);
#6693 = CYLINDRICAL_SURFACE('',#6694,12.5);
#6694 = AXIS2_PLACEMENT_3D('',#6695,#6696,#6697);
#6695 = CARTESIAN_POINT('',(-398.,0.,110.));
#6696 = DIRECTION('',(1.,0.,2.22044604925E-16));
#6697 = DIRECTION('',(2.22044604925E-16,0.,-1.));
#6698 = DEFINITIONAL_REPRESENTATION('',(#6699),#6703);
#6699 = LINE('',#6700,#6701);
#6700 = CARTESIAN_POINT('',(0.,0.));
#6701 = VECTOR('',#6702,1.);
#6702 = DIRECTION('',(1.,0.));
#6703 = ( GEOMETRIC_REPRESENTATION_CONTEXT(2) 
PARAMETRIC_REPRESENTATION_CONTEXT() REPRESENTATION_CONTEXT('2D SPACE',''
  ) );
#6704 = FACE_BOUND('',#6705,.F.);
#6705 = EDGE_LOOP('',(#6706));
#6706 = ORIENTED_EDGE('',*,*,#6643,.F.);
#6707 = ADVANCED_FACE('',(#6708),#6693,.T.);
#6708 = FACE_BOUND('',#6709,.T.);
#6709 = EDGE_LOOP('',(#6710,#6739,#6760,#6761));
#6710 = ORIENTED_EDGE('',*,*,#6711,.F.);
#6711 = EDGE_CURVE('',#6712,#6712,#6714,.T.);
#6712 = VERTEX_POINT('',#6713);
#6713 = CARTESIAN_POINT('',(-138.,-3.061616997868E-15,97.5));
#6714 = SURFACE_CURVE('',#6715,(#6720,#6727),.PCURVE_S1.);
#6715 = CIRCLE('',#6716,12.5);
#6716 = AXIS2_PLACEMENT_3D('',#6717,#6718,#6719);
#6717 = CARTESIAN_POINT('',(-138.,0.,110.));
#6718 = DIRECTION('',(1.,-0.,2.22044604925E-16));
#6719 = DIRECTION('',(2.22044604925E-16,0.,-1.));
#6720 = PCURVE('',#6693,#6721);
#6721 = DEFINITIONAL_REPRESENTATION('',(#6722),#6726);
#6722 = LINE('',#6723,#6724);
#6723 = CARTESIAN_POINT('',(0.,260.));
#6724 = VECTOR('',#6725,1.);
#6725 = DIRECTION('',(1.,0.));
#6726 = ( GEOMETRIC_REPRESENTATION_CONTEXT(2) 
PARAMETRIC_REPRESENTATION_CONTEXT() REPRESENTATION_CONTEXT('2D SPACE',''
  ) );
#6727 = PCURVE('',#6728,#6733);
#6728 = PLANE('',#6729);
#6729 = AXIS2_PLACEMENT_3D('',#6730,#6731,#6732);
#6730 = CARTESIAN_POINT('',(-138.,0.,110.));
#6731 = DIRECTION('',(1.,0.,2.22044604925E-16));
#6732 = DIRECTION('',(2.22044604925E-16,0.,-1.));
#6733 = DEFINITIONAL_REPRESENTATION('',(#6734),#6738);
#6734 = CIRCLE('',#6735,12.5);
#6735 = AXIS2_PLACEMENT_2D('',#6736,#6737);
#6736 = CARTESIAN_POINT('',(0.,0.));
#6737 = DIRECTION('',(1.,0.));
#6738 = ( GEOMETRIC_REPRESENTATION_CONTEXT(2) 
PARAMETRIC_REPRESENTATION_CONTEXT() REPRESENTATION_CONTEXT('2D SPACE',''
  ) );
#6739 = ORIENTED_EDGE('',*,*,#6740,.F.);
#6740 = EDGE_CURVE('',#6677,#6712,#6741,.T.);
#6741 = SEAM_CURVE('',#6742,(#6746,#6753),.PCURVE_S1.);
#6742 = LINE('',#6743,#6744);
#6743 = CARTESIAN_POINT('',(-398.,-3.061616997868E-15,97.5));
#6744 = VECTOR('',#6745,1.);
#6745 = DIRECTION('',(1.,0.,2.22044604925E-16));
#6746 = PCURVE('',#6693,#6747);
#6747 = DEFINITIONAL_REPRESENTATION('',(#6748),#6752);
#6748 = LINE('',#6749,#6750);
#6749 = CARTESIAN_POINT('',(6.28318530718,-0.));
#6750 = VECTOR('',#6751,1.);
#6751 = DIRECTION('',(0.,1.));
#6752 = ( GEOMETRIC_REPRESENTATION_CONTEXT(2) 
PARAMETRIC_REPRESENTATION_CONTEXT() REPRESENTATION_CONTEXT('2D SPACE',''
  ) );
#6753 = PCURVE('',#6693,#6754);
#6754 = DEFINITIONAL_REPRESENTATION('',(#6755),#6759);
#6755 = LINE('',#6756,#6757);
#6756 = CARTESIAN_POINT('',(0.,-0.));
#6757 = VECTOR('',#6758,1.);
#6758 = DIRECTION('',(0.,1.));
#6759 = ( GEOMETRIC_REPRESENTATION_CONTEXT(2) 
PARAMETRIC_REPRESENTATION_CONTEXT() REPRESENTATION_CONTEXT('2D SPACE',''
  ) );
#6760 = ORIENTED_EDGE('',*,*,#6676,.T.);
#6761 = ORIENTED_EDGE('',*,*,#6740,.T.);
#6762 = ADVANCED_FACE('',(#6763,#6766),#6728,.T.);
#6763 = FACE_BOUND('',#6764,.T.);
#6764 = EDGE_LOOP('',(#6765));
#6765 = ORIENTED_EDGE('',*,*,#6711,.T.);
#6766 = FACE_BOUND('',#6767,.T.);
#6767 = EDGE_LOOP('',(#6768));
#6768 = ORIENTED_EDGE('',*,*,#6769,.F.);
#6769 = EDGE_CURVE('',#6770,#6770,#6772,.T.);
#6770 = VERTEX_POINT('',#6771);
#6771 = CARTESIAN_POINT('',(-138.,-7.347880794884E-16,107.));
#6772 = SURFACE_CURVE('',#6773,(#6778,#6785),.PCURVE_S1.);
#6773 = CIRCLE('',#6774,3.);
#6774 = AXIS2_PLACEMENT_3D('',#6775,#6776,#6777);
#6775 = CARTESIAN_POINT('',(-138.,0.,110.));
#6776 = DIRECTION('',(1.,-0.,2.22044604925E-16));
#6777 = DIRECTION('',(2.22044604925E-16,0.,-1.));
#6778 = PCURVE('',#6728,#6779);
#6779 = DEFINITIONAL_REPRESENTATION('',(#6780),#6784);
#6780 = CIRCLE('',#6781,3.);
#6781 = AXIS2_PLACEMENT_2D('',#6782,#6783);
#6782 = CARTESIAN_POINT('',(2.84217094304E-14,0.));
#6783 = DIRECTION('',(1.,0.));
#6784 = ( GEOMETRIC_REPRESENTATION_CONTEXT(2) 
PARAMETRIC_REPRESENTATION_CONTEXT() REPRESENTATION_CONTEXT('2D SPACE',''
  ) );
#6785 = PCURVE('',#6786,#6791);
#6786 = CYLINDRICAL_SURFACE('',#6787,3.);
#6787 = AXIS2_PLACEMENT_3D('',#6788,#6789,#6790);
#6788 = CARTESIAN_POINT('',(-138.,0.,110.));
#6789 = DIRECTION('',(1.,0.,2.22044604925E-16));
#6790 = DIRECTION('',(2.22044604925E-16,0.,-1.));
#6791 = DEFINITIONAL_REPRESENTATION('',(#6792),#6796);
#6792 = LINE('',#6793,#6794);
#6793 = CARTESIAN_POINT('',(0.,0.));
#6794 = VECTOR('',#6795,1.);
#6795 = DIRECTION('',(1.,0.));
#6796 = ( GEOMETRIC_REPRESENTATION_CONTEXT(2) 
PARAMETRIC_REPRESENTATION_CONTEXT() REPRESENTATION_CONTEXT('2D SPACE',''
  ) );
#6797 = ADVANCED_FACE('',(#6798),#6786,.T.);
#6798 = FACE_BOUND('',#6799,.T.);
#6799 = EDGE_LOOP('',(#6800,#6829,#6850,#6851));
#6800 = ORIENTED_EDGE('',*,*,#6801,.F.);
#6801 = EDGE_CURVE('',#6802,#6802,#6804,.T.);
#6802 = VERTEX_POINT('',#6803);
#6803 = CARTESIAN_POINT('',(-123.,-7.347880794884E-16,107.));
#6804 = SURFACE_CURVE('',#6805,(#6810,#6817),.PCURVE_S1.);
#6805 = CIRCLE('',#6806,3.);
#6806 = AXIS2_PLACEMENT_3D('',#6807,#6808,#6809);
#6807 = CARTESIAN_POINT('',(-123.,0.,110.));
#6808 = DIRECTION('',(1.,-0.,2.22044604925E-16));
#6809 = DIRECTION('',(2.22044604925E-16,0.,-1.));
#6810 = PCURVE('',#6786,#6811);
#6811 = DEFINITIONAL_REPRESENTATION('',(#6812),#6816);
#6812 = LINE('',#6813,#6814);
#6813 = CARTESIAN_POINT('',(0.,15.));
#6814 = VECTOR('',#6815,1.);
#6815 = DIRECTION('',(1.,0.));
#6816 = ( GEOMETRIC_REPRESENTATION_CONTEXT(2) 
PARAMETRIC_REPRESENTATION_CONTEXT() REPRESENTATION_CONTEXT('2D SPACE',''
  ) );
#6817 = PCURVE('',#6818,#6823);
#6818 = PLANE('',#6819);
#6819 = AXIS2_PLACEMENT_3D('',#6820,#6821,#6822);
#6820 = CARTESIAN_POINT('',(-123.,9.868649107779E-17,110.));
#6821 = DIRECTION('',(1.,0.,2.22044604925E-16));
#6822 = DIRECTION('',(2.22044604925E-16,0.,-1.));
#6823 = DEFINITIONAL_REPRESENTATION('',(#6824),#6828);
#6824 = CIRCLE('',#6825,3.);
#6825 = AXIS2_PLACEMENT_2D('',#6826,#6827);
#6826 = CARTESIAN_POINT('',(9.868649107779E-17,-9.868649107779E-17));
#6827 = DIRECTION('',(1.,0.));
#6828 = ( GEOMETRIC_REPRESENTATION_CONTEXT(2) 
PARAMETRIC_REPRESENTATION_CONTEXT() REPRESENTATION_CONTEXT('2D SPACE',''
  ) );
#6829 = ORIENTED_EDGE('',*,*,#6830,.F.);
#6830 = EDGE_CURVE('',#6770,#6802,#6831,.T.);
#6831 = SEAM_CURVE('',#6832,(#6836,#6843),.PCURVE_S1.);
#6832 = LINE('',#6833,#6834);
#6833 = CARTESIAN_POINT('',(-138.,-7.347880794884E-16,107.));
#6834 = VECTOR('',#6835,1.);
#6835 = DIRECTION('',(1.,0.,2.22044604925E-16));
#6836 = PCURVE('',#6786,#6837);
#6837 = DEFINITIONAL_REPRESENTATION('',(#6838),#6842);
#6838 = LINE('',#6839,#6840);
#6839 = CARTESIAN_POINT('',(6.28318530718,-0.));
#6840 = VECTOR('',#6841,1.);
#6841 = DIRECTION('',(0.,1.));
#6842 = ( GEOMETRIC_REPRESENTATION_CONTEXT(2) 
PARAMETRIC_REPRESENTATION_CONTEXT() REPRESENTATION_CONTEXT('2D SPACE',''
  ) );
#6843 = PCURVE('',#6786,#6844);
#6844 = DEFINITIONAL_REPRESENTATION('',(#6845),#6849);
#6845 = LINE('',#6846,#6847);
#6846 = CARTESIAN_POINT('',(0.,-0.));
#6847 = VECTOR('',#6848,1.);
#6848 = DIRECTION('',(0.,1.));
#6849 = ( GEOMETRIC_REPRESENTATION_CONTEXT(2) 
PARAMETRIC_REPRESENTATION_CONTEXT() REPRESENTATION_CONTEXT('2D SPACE',''
  ) );
#6850 = ORIENTED_EDGE('',*,*,#6769,.T.);
#6851 = ORIENTED_EDGE('',*,*,#6830,.T.);
#6852 = ADVANCED_FACE('',(#6853,#7023),#6818,.F.);
#6853 = FACE_BOUND('',#6854,.F.);
#6854 = EDGE_LOOP('',(#6855,#6885,#6913,#6941,#6969,#6997));
#6855 = ORIENTED_EDGE('',*,*,#6856,.T.);
#6856 = EDGE_CURVE('',#6857,#6859,#6861,.T.);
#6857 = VERTEX_POINT('',#6858);
#6858 = CARTESIAN_POINT('',(-123.,0.,104.));
#6859 = VERTEX_POINT('',#6860);
#6860 = CARTESIAN_POINT('',(-123.,5.196152422707,107.));
#6861 = SURFACE_CURVE('',#6862,(#6866,#6873),.PCURVE_S1.);
#6862 = LINE('',#6863,#6864);
#6863 = CARTESIAN_POINT('',(-123.,0.,104.));
#6864 = VECTOR('',#6865,1.);
#6865 = DIRECTION('',(-1.110223024625E-16,0.866025403784,0.5));
#6866 = PCURVE('',#6818,#6867);
#6867 = DEFINITIONAL_REPRESENTATION('',(#6868),#6872);
#6868 = LINE('',#6869,#6870);
#6869 = CARTESIAN_POINT('',(6.,-9.868649107779E-17));
#6870 = VECTOR('',#6871,1.);
#6871 = DIRECTION('',(-0.5,0.866025403784));
#6872 = ( GEOMETRIC_REPRESENTATION_CONTEXT(2) 
PARAMETRIC_REPRESENTATION_CONTEXT() REPRESENTATION_CONTEXT('2D SPACE',''
  ) );
#6873 = PCURVE('',#6874,#6879);
#6874 = PLANE('',#6875);
#6875 = AXIS2_PLACEMENT_3D('',#6876,#6877,#6878);
#6876 = CARTESIAN_POINT('',(-113.,0.,104.));
#6877 = DIRECTION('',(1.922962686384E-16,0.5,-0.866025403784));
#6878 = DIRECTION('',(-1.110223024625E-16,0.866025403784,0.5));
#6879 = DEFINITIONAL_REPRESENTATION('',(#6880),#6884);
#6880 = LINE('',#6881,#6882);
#6881 = CARTESIAN_POINT('',(0.,-10.));
#6882 = VECTOR('',#6883,1.);
#6883 = DIRECTION('',(1.,0.));
#6884 = ( GEOMETRIC_REPRESENTATION_CONTEXT(2) 
PARAMETRIC_REPRESENTATION_CONTEXT() REPRESENTATION_CONTEXT('2D SPACE',''
  ) );
#6885 = ORIENTED_EDGE('',*,*,#6886,.T.);
#6886 = EDGE_CURVE('',#6859,#6887,#6889,.T.);
#6887 = VERTEX_POINT('',#6888);
#6888 = CARTESIAN_POINT('',(-123.,5.196152422707,113.));
#6889 = SURFACE_CURVE('',#6890,(#6894,#6901),.PCURVE_S1.);
#6890 = LINE('',#6891,#6892);
#6891 = CARTESIAN_POINT('',(-123.,5.196152422707,107.));
#6892 = VECTOR('',#6893,1.);
#6893 = DIRECTION('',(-2.22044604925E-16,0.,1.));
#6894 = PCURVE('',#6818,#6895);
#6895 = DEFINITIONAL_REPRESENTATION('',(#6896),#6900);
#6896 = LINE('',#6897,#6898);
#6897 = CARTESIAN_POINT('',(3.,5.196152422707));
#6898 = VECTOR('',#6899,1.);
#6899 = DIRECTION('',(-1.,0.));
#6900 = ( GEOMETRIC_REPRESENTATION_CONTEXT(2) 
PARAMETRIC_REPRESENTATION_CONTEXT() REPRESENTATION_CONTEXT('2D SPACE',''
  ) );
#6901 = PCURVE('',#6902,#6907);
#6902 = PLANE('',#6903);
#6903 = AXIS2_PLACEMENT_3D('',#6904,#6905,#6906);
#6904 = CARTESIAN_POINT('',(-113.,5.196152422707,107.));
#6905 = DIRECTION('',(0.,1.,0.));
#6906 = DIRECTION('',(-2.22044604925E-16,0.,1.));
#6907 = DEFINITIONAL_REPRESENTATION('',(#6908),#6912);
#6908 = LINE('',#6909,#6910);
#6909 = CARTESIAN_POINT('',(0.,-10.));
#6910 = VECTOR('',#6911,1.);
#6911 = DIRECTION('',(1.,0.));
#6912 = ( GEOMETRIC_REPRESENTATION_CONTEXT(2) 
PARAMETRIC_REPRESENTATION_CONTEXT() REPRESENTATION_CONTEXT('2D SPACE',''
  ) );
#6913 = ORIENTED_EDGE('',*,*,#6914,.T.);
#6914 = EDGE_CURVE('',#6887,#6915,#6917,.T.);
#6915 = VERTEX_POINT('',#6916);
#6916 = CARTESIAN_POINT('',(-123.,7.347880794884E-16,116.));
#6917 = SURFACE_CURVE('',#6918,(#6922,#6929),.PCURVE_S1.);
#6918 = LINE('',#6919,#6920);
#6919 = CARTESIAN_POINT('',(-123.,5.196152422707,113.));
#6920 = VECTOR('',#6921,1.);
#6921 = DIRECTION('',(-1.110223024625E-16,-0.866025403784,0.5));
#6922 = PCURVE('',#6818,#6923);
#6923 = DEFINITIONAL_REPRESENTATION('',(#6924),#6928);
#6924 = LINE('',#6925,#6926);
#6925 = CARTESIAN_POINT('',(-3.,5.196152422707));
#6926 = VECTOR('',#6927,1.);
#6927 = DIRECTION('',(-0.5,-0.866025403784));
#6928 = ( GEOMETRIC_REPRESENTATION_CONTEXT(2) 
PARAMETRIC_REPRESENTATION_CONTEXT() REPRESENTATION_CONTEXT('2D SPACE',''
  ) );
#6929 = PCURVE('',#6930,#6935);
#6930 = PLANE('',#6931);
#6931 = AXIS2_PLACEMENT_3D('',#6932,#6933,#6934);
#6932 = CARTESIAN_POINT('',(-113.,5.196152422707,113.));
#6933 = DIRECTION('',(-1.922962686384E-16,0.5,0.866025403784));
#6934 = DIRECTION('',(-1.110223024625E-16,-0.866025403784,0.5));
#6935 = DEFINITIONAL_REPRESENTATION('',(#6936),#6940);
#6936 = LINE('',#6937,#6938);
#6937 = CARTESIAN_POINT('',(-0.,-10.));
#6938 = VECTOR('',#6939,1.);
#6939 = DIRECTION('',(1.,0.));
#6940 = ( GEOMETRIC_REPRESENTATION_CONTEXT(2) 
PARAMETRIC_REPRESENTATION_CONTEXT() REPRESENTATION_CONTEXT('2D SPACE',''
  ) );
#6941 = ORIENTED_EDGE('',*,*,#6942,.T.);
#6942 = EDGE_CURVE('',#6915,#6943,#6945,.T.);
#6943 = VERTEX_POINT('',#6944);
#6944 = CARTESIAN_POINT('',(-123.,-5.196152422707,113.));
#6945 = SURFACE_CURVE('',#6946,(#6950,#6957),.PCURVE_S1.);
#6946 = LINE('',#6947,#6948);
#6947 = CARTESIAN_POINT('',(-123.,7.347880794884E-16,116.));
#6948 = VECTOR('',#6949,1.);
#6949 = DIRECTION('',(1.110223024625E-16,-0.866025403784,-0.5));
#6950 = PCURVE('',#6818,#6951);
#6951 = DEFINITIONAL_REPRESENTATION('',(#6952),#6956);
#6952 = LINE('',#6953,#6954);
#6953 = CARTESIAN_POINT('',(-6.,6.361015884106E-16));
#6954 = VECTOR('',#6955,1.);
#6955 = DIRECTION('',(0.5,-0.866025403784));
#6956 = ( GEOMETRIC_REPRESENTATION_CONTEXT(2) 
PARAMETRIC_REPRESENTATION_CONTEXT() REPRESENTATION_CONTEXT('2D SPACE',''
  ) );
#6957 = PCURVE('',#6958,#6963);
#6958 = PLANE('',#6959);
#6959 = AXIS2_PLACEMENT_3D('',#6960,#6961,#6962);
#6960 = CARTESIAN_POINT('',(-113.,7.347880794884E-16,116.));
#6961 = DIRECTION('',(-1.922962686384E-16,-0.5,0.866025403784));
#6962 = DIRECTION('',(1.110223024625E-16,-0.866025403784,-0.5));
#6963 = DEFINITIONAL_REPRESENTATION('',(#6964),#6968);
#6964 = LINE('',#6965,#6966);
#6965 = CARTESIAN_POINT('',(0.,-10.));
#6966 = VECTOR('',#6967,1.);
#6967 = DIRECTION('',(1.,0.));
#6968 = ( GEOMETRIC_REPRESENTATION_CONTEXT(2) 
PARAMETRIC_REPRESENTATION_CONTEXT() REPRESENTATION_CONTEXT('2D SPACE',''
  ) );
#6969 = ORIENTED_EDGE('',*,*,#6970,.T.);
#6970 = EDGE_CURVE('',#6943,#6971,#6973,.T.);
#6971 = VERTEX_POINT('',#6972);
#6972 = CARTESIAN_POINT('',(-123.,-5.196152422707,107.));
#6973 = SURFACE_CURVE('',#6974,(#6978,#6985),.PCURVE_S1.);
#6974 = LINE('',#6975,#6976);
#6975 = CARTESIAN_POINT('',(-123.,-5.196152422707,113.));
#6976 = VECTOR('',#6977,1.);
#6977 = DIRECTION('',(2.22044604925E-16,-2.960594732334E-16,-1.));
#6978 = PCURVE('',#6818,#6979);
#6979 = DEFINITIONAL_REPRESENTATION('',(#6980),#6984);
#6980 = LINE('',#6981,#6982);
#6981 = CARTESIAN_POINT('',(-3.,-5.196152422707));
#6982 = VECTOR('',#6983,1.);
#6983 = DIRECTION('',(1.,-2.960594732334E-16));
#6984 = ( GEOMETRIC_REPRESENTATION_CONTEXT(2) 
PARAMETRIC_REPRESENTATION_CONTEXT() REPRESENTATION_CONTEXT('2D SPACE',''
  ) );
#6985 = PCURVE('',#6986,#6991);
#6986 = PLANE('',#6987);
#6987 = AXIS2_PLACEMENT_3D('',#6988,#6989,#6990);
#6988 = CARTESIAN_POINT('',(-113.,-5.196152422707,113.));
#6989 = DIRECTION('',(-6.573840876842E-32,-1.,2.960594732334E-16));
#6990 = DIRECTION('',(2.22044604925E-16,-2.960594732334E-16,-1.));
#6991 = DEFINITIONAL_REPRESENTATION('',(#6992),#6996);
#6992 = LINE('',#6993,#6994);
#6993 = CARTESIAN_POINT('',(0.,-10.));
#6994 = VECTOR('',#6995,1.);
#6995 = DIRECTION('',(1.,0.));
#6996 = ( GEOMETRIC_REPRESENTATION_CONTEXT(2) 
PARAMETRIC_REPRESENTATION_CONTEXT() REPRESENTATION_CONTEXT('2D SPACE',''
  ) );
#6997 = ORIENTED_EDGE('',*,*,#6998,.T.);
#6998 = EDGE_CURVE('',#6971,#6857,#6999,.T.);
#6999 = SURFACE_CURVE('',#7000,(#7004,#7011),.PCURVE_S1.);
#7000 = LINE('',#7001,#7002);
#7001 = CARTESIAN_POINT('',(-123.,-5.196152422707,107.));
#7002 = VECTOR('',#7003,1.);
#7003 = DIRECTION('',(1.110223024625E-16,0.866025403784,-0.5));
#7004 = PCURVE('',#6818,#7005);
#7005 = DEFINITIONAL_REPRESENTATION('',(#7006),#7010);
#7006 = LINE('',#7007,#7008);
#7007 = CARTESIAN_POINT('',(3.,-5.196152422707));
#7008 = VECTOR('',#7009,1.);
#7009 = DIRECTION('',(0.5,0.866025403784));
#7010 = ( GEOMETRIC_REPRESENTATION_CONTEXT(2) 
PARAMETRIC_REPRESENTATION_CONTEXT() REPRESENTATION_CONTEXT('2D SPACE',''
  ) );
#7011 = PCURVE('',#7012,#7017);
#7012 = PLANE('',#7013);
#7013 = AXIS2_PLACEMENT_3D('',#7014,#7015,#7016);
#7014 = CARTESIAN_POINT('',(-113.,-5.196152422707,107.));
#7015 = DIRECTION('',(1.922962686384E-16,-0.5,-0.866025403784));
#7016 = DIRECTION('',(1.110223024625E-16,0.866025403784,-0.5));
#7017 = DEFINITIONAL_REPRESENTATION('',(#7018),#7022);
#7018 = LINE('',#7019,#7020);
#7019 = CARTESIAN_POINT('',(0.,-10.));
#7020 = VECTOR('',#7021,1.);
#7021 = DIRECTION('',(1.,0.));
#7022 = ( GEOMETRIC_REPRESENTATION_CONTEXT(2) 
PARAMETRIC_REPRESENTATION_CONTEXT() REPRESENTATION_CONTEXT('2D SPACE',''
  ) );
#7023 = FACE_BOUND('',#7024,.F.);
#7024 = EDGE_LOOP('',(#7025));
#7025 = ORIENTED_EDGE('',*,*,#6801,.F.);
#7026 = ADVANCED_FACE('',(#7027),#6958,.T.);
#7027 = FACE_BOUND('',#7028,.T.);
#7028 = EDGE_LOOP('',(#7029,#7052,#7053,#7076));
#7029 = ORIENTED_EDGE('',*,*,#7030,.F.);
#7030 = EDGE_CURVE('',#6915,#7031,#7033,.T.);
#7031 = VERTEX_POINT('',#7032);
#7032 = CARTESIAN_POINT('',(-103.,7.347880794884E-16,116.));
#7033 = SURFACE_CURVE('',#7034,(#7038,#7045),.PCURVE_S1.);
#7034 = LINE('',#7035,#7036);
#7035 = CARTESIAN_POINT('',(-123.,7.347880794884E-16,116.));
#7036 = VECTOR('',#7037,1.);
#7037 = DIRECTION('',(1.,0.,2.22044604925E-16));
#7038 = PCURVE('',#6958,#7039);
#7039 = DEFINITIONAL_REPRESENTATION('',(#7040),#7044);
#7040 = LINE('',#7041,#7042);
#7041 = CARTESIAN_POINT('',(0.,-10.));
#7042 = VECTOR('',#7043,1.);
#7043 = DIRECTION('',(0.,1.));
#7044 = ( GEOMETRIC_REPRESENTATION_CONTEXT(2) 
PARAMETRIC_REPRESENTATION_CONTEXT() REPRESENTATION_CONTEXT('2D SPACE',''
  ) );
#7045 = PCURVE('',#6930,#7046);
#7046 = DEFINITIONAL_REPRESENTATION('',(#7047),#7051);
#7047 = LINE('',#7048,#7049);
#7048 = CARTESIAN_POINT('',(6.,-10.));
#7049 = VECTOR('',#7050,1.);
#7050 = DIRECTION('',(0.,1.));
#7051 = ( GEOMETRIC_REPRESENTATION_CONTEXT(2) 
PARAMETRIC_REPRESENTATION_CONTEXT() REPRESENTATION_CONTEXT('2D SPACE',''
  ) );
#7052 = ORIENTED_EDGE('',*,*,#6942,.T.);
#7053 = ORIENTED_EDGE('',*,*,#7054,.F.);
#7054 = EDGE_CURVE('',#7055,#6943,#7057,.T.);
#7055 = VERTEX_POINT('',#7056);
#7056 = CARTESIAN_POINT('',(-103.,-5.196152422707,113.));
#7057 = SURFACE_CURVE('',#7058,(#7062,#7069),.PCURVE_S1.);
#7058 = LINE('',#7059,#7060);
#7059 = CARTESIAN_POINT('',(-103.,-5.196152422707,113.));
#7060 = VECTOR('',#7061,1.);
#7061 = DIRECTION('',(-1.,0.,-2.22044604925E-16));
#7062 = PCURVE('',#6958,#7063);
#7063 = DEFINITIONAL_REPRESENTATION('',(#7064),#7068);
#7064 = LINE('',#7065,#7066);
#7065 = CARTESIAN_POINT('',(6.,10.));
#7066 = VECTOR('',#7067,1.);
#7067 = DIRECTION('',(0.,-1.));
#7068 = ( GEOMETRIC_REPRESENTATION_CONTEXT(2) 
PARAMETRIC_REPRESENTATION_CONTEXT() REPRESENTATION_CONTEXT('2D SPACE',''
  ) );
#7069 = PCURVE('',#6986,#7070);
#7070 = DEFINITIONAL_REPRESENTATION('',(#7071),#7075);
#7071 = LINE('',#7072,#7073);
#7072 = CARTESIAN_POINT('',(0.,10.));
#7073 = VECTOR('',#7074,1.);
#7074 = DIRECTION('',(0.,-1.));
#7075 = ( GEOMETRIC_REPRESENTATION_CONTEXT(2) 
PARAMETRIC_REPRESENTATION_CONTEXT() REPRESENTATION_CONTEXT('2D SPACE',''
  ) );
#7076 = ORIENTED_EDGE('',*,*,#7077,.F.);
#7077 = EDGE_CURVE('',#7031,#7055,#7078,.T.);
#7078 = SURFACE_CURVE('',#7079,(#7083,#7090),.PCURVE_S1.);
#7079 = LINE('',#7080,#7081);
#7080 = CARTESIAN_POINT('',(-103.,7.347880794884E-16,116.));
#7081 = VECTOR('',#7082,1.);
#7082 = DIRECTION('',(1.110223024625E-16,-0.866025403784,-0.5));
#7083 = PCURVE('',#6958,#7084);
#7084 = DEFINITIONAL_REPRESENTATION('',(#7085),#7089);
#7085 = LINE('',#7086,#7087);
#7086 = CARTESIAN_POINT('',(0.,10.));
#7087 = VECTOR('',#7088,1.);
#7088 = DIRECTION('',(1.,0.));
#7089 = ( GEOMETRIC_REPRESENTATION_CONTEXT(2) 
PARAMETRIC_REPRESENTATION_CONTEXT() REPRESENTATION_CONTEXT('2D SPACE',''
  ) );
#7090 = PCURVE('',#7091,#7096);
#7091 = PLANE('',#7092);
#7092 = AXIS2_PLACEMENT_3D('',#7093,#7094,#7095);
#7093 = CARTESIAN_POINT('',(-103.,9.868649107779E-17,110.));
#7094 = DIRECTION('',(1.,0.,2.22044604925E-16));
#7095 = DIRECTION('',(2.22044604925E-16,0.,-1.));
#7096 = DEFINITIONAL_REPRESENTATION('',(#7097),#7101);
#7097 = LINE('',#7098,#7099);
#7098 = CARTESIAN_POINT('',(-6.,6.361015884106E-16));
#7099 = VECTOR('',#7100,1.);
#7100 = DIRECTION('',(0.5,-0.866025403784));
#7101 = ( GEOMETRIC_REPRESENTATION_CONTEXT(2) 
PARAMETRIC_REPRESENTATION_CONTEXT() REPRESENTATION_CONTEXT('2D SPACE',''
  ) );
#7102 = ADVANCED_FACE('',(#7103,#7219),#7091,.T.);
#7103 = FACE_BOUND('',#7104,.T.);
#7104 = EDGE_LOOP('',(#7105,#7130,#7153,#7174,#7175,#7198));
#7105 = ORIENTED_EDGE('',*,*,#7106,.T.);
#7106 = EDGE_CURVE('',#7107,#7109,#7111,.T.);
#7107 = VERTEX_POINT('',#7108);
#7108 = CARTESIAN_POINT('',(-103.,0.,104.));
#7109 = VERTEX_POINT('',#7110);
#7110 = CARTESIAN_POINT('',(-103.,5.196152422707,107.));
#7111 = SURFACE_CURVE('',#7112,(#7116,#7123),.PCURVE_S1.);
#7112 = LINE('',#7113,#7114);
#7113 = CARTESIAN_POINT('',(-103.,0.,104.));
#7114 = VECTOR('',#7115,1.);
#7115 = DIRECTION('',(-1.110223024625E-16,0.866025403784,0.5));
#7116 = PCURVE('',#7091,#7117);
#7117 = DEFINITIONAL_REPRESENTATION('',(#7118),#7122);
#7118 = LINE('',#7119,#7120);
#7119 = CARTESIAN_POINT('',(6.,-9.868649107779E-17));
#7120 = VECTOR('',#7121,1.);
#7121 = DIRECTION('',(-0.5,0.866025403784));
#7122 = ( GEOMETRIC_REPRESENTATION_CONTEXT(2) 
PARAMETRIC_REPRESENTATION_CONTEXT() REPRESENTATION_CONTEXT('2D SPACE',''
  ) );
#7123 = PCURVE('',#6874,#7124);
#7124 = DEFINITIONAL_REPRESENTATION('',(#7125),#7129);
#7125 = LINE('',#7126,#7127);
#7126 = CARTESIAN_POINT('',(0.,10.));
#7127 = VECTOR('',#7128,1.);
#7128 = DIRECTION('',(1.,0.));
#7129 = ( GEOMETRIC_REPRESENTATION_CONTEXT(2) 
PARAMETRIC_REPRESENTATION_CONTEXT() REPRESENTATION_CONTEXT('2D SPACE',''
  ) );
#7130 = ORIENTED_EDGE('',*,*,#7131,.T.);
#7131 = EDGE_CURVE('',#7109,#7132,#7134,.T.);
#7132 = VERTEX_POINT('',#7133);
#7133 = CARTESIAN_POINT('',(-103.,5.196152422707,113.));
#7134 = SURFACE_CURVE('',#7135,(#7139,#7146),.PCURVE_S1.);
#7135 = LINE('',#7136,#7137);
#7136 = CARTESIAN_POINT('',(-103.,5.196152422707,107.));
#7137 = VECTOR('',#7138,1.);
#7138 = DIRECTION('',(-2.22044604925E-16,0.,1.));
#7139 = PCURVE('',#7091,#7140);
#7140 = DEFINITIONAL_REPRESENTATION('',(#7141),#7145);
#7141 = LINE('',#7142,#7143);
#7142 = CARTESIAN_POINT('',(3.,5.196152422707));
#7143 = VECTOR('',#7144,1.);
#7144 = DIRECTION('',(-1.,0.));
#7145 = ( GEOMETRIC_REPRESENTATION_CONTEXT(2) 
PARAMETRIC_REPRESENTATION_CONTEXT() REPRESENTATION_CONTEXT('2D SPACE',''
  ) );
#7146 = PCURVE('',#6902,#7147);
#7147 = DEFINITIONAL_REPRESENTATION('',(#7148),#7152);
#7148 = LINE('',#7149,#7150);
#7149 = CARTESIAN_POINT('',(0.,10.));
#7150 = VECTOR('',#7151,1.);
#7151 = DIRECTION('',(1.,0.));
#7152 = ( GEOMETRIC_REPRESENTATION_CONTEXT(2) 
PARAMETRIC_REPRESENTATION_CONTEXT() REPRESENTATION_CONTEXT('2D SPACE',''
  ) );
#7153 = ORIENTED_EDGE('',*,*,#7154,.T.);
#7154 = EDGE_CURVE('',#7132,#7031,#7155,.T.);
#7155 = SURFACE_CURVE('',#7156,(#7160,#7167),.PCURVE_S1.);
#7156 = LINE('',#7157,#7158);
#7157 = CARTESIAN_POINT('',(-103.,5.196152422707,113.));
#7158 = VECTOR('',#7159,1.);
#7159 = DIRECTION('',(-1.110223024625E-16,-0.866025403784,0.5));
#7160 = PCURVE('',#7091,#7161);
#7161 = DEFINITIONAL_REPRESENTATION('',(#7162),#7166);
#7162 = LINE('',#7163,#7164);
#7163 = CARTESIAN_POINT('',(-3.,5.196152422707));
#7164 = VECTOR('',#7165,1.);
#7165 = DIRECTION('',(-0.5,-0.866025403784));
#7166 = ( GEOMETRIC_REPRESENTATION_CONTEXT(2) 
PARAMETRIC_REPRESENTATION_CONTEXT() REPRESENTATION_CONTEXT('2D SPACE',''
  ) );
#7167 = PCURVE('',#6930,#7168);
#7168 = DEFINITIONAL_REPRESENTATION('',(#7169),#7173);
#7169 = LINE('',#7170,#7171);
#7170 = CARTESIAN_POINT('',(0.,10.));
#7171 = VECTOR('',#7172,1.);
#7172 = DIRECTION('',(1.,0.));
#7173 = ( GEOMETRIC_REPRESENTATION_CONTEXT(2) 
PARAMETRIC_REPRESENTATION_CONTEXT() REPRESENTATION_CONTEXT('2D SPACE',''
  ) );
#7174 = ORIENTED_EDGE('',*,*,#7077,.T.);
#7175 = ORIENTED_EDGE('',*,*,#7176,.T.);
#7176 = EDGE_CURVE('',#7055,#7177,#7179,.T.);
#7177 = VERTEX_POINT('',#7178);
#7178 = CARTESIAN_POINT('',(-103.,-5.196152422707,107.));
#7179 = SURFACE_CURVE('',#7180,(#7184,#7191),.PCURVE_S1.);
#7180 = LINE('',#7181,#7182);
#7181 = CARTESIAN_POINT('',(-103.,-5.196152422707,113.));
#7182 = VECTOR('',#7183,1.);
#7183 = DIRECTION('',(2.22044604925E-16,-2.960594732334E-16,-1.));
#7184 = PCURVE('',#7091,#7185);
#7185 = DEFINITIONAL_REPRESENTATION('',(#7186),#7190);
#7186 = LINE('',#7187,#7188);
#7187 = CARTESIAN_POINT('',(-3.,-5.196152422707));
#7188 = VECTOR('',#7189,1.);
#7189 = DIRECTION('',(1.,-2.960594732334E-16));
#7190 = ( GEOMETRIC_REPRESENTATION_CONTEXT(2) 
PARAMETRIC_REPRESENTATION_CONTEXT() REPRESENTATION_CONTEXT('2D SPACE',''
  ) );
#7191 = PCURVE('',#6986,#7192);
#7192 = DEFINITIONAL_REPRESENTATION('',(#7193),#7197);
#7193 = LINE('',#7194,#7195);
#7194 = CARTESIAN_POINT('',(0.,10.));
#7195 = VECTOR('',#7196,1.);
#7196 = DIRECTION('',(1.,0.));
#7197 = ( GEOMETRIC_REPRESENTATION_CONTEXT(2) 
PARAMETRIC_REPRESENTATION_CONTEXT() REPRESENTATION_CONTEXT('2D SPACE',''
  ) );
#7198 = ORIENTED_EDGE('',*,*,#7199,.T.);
#7199 = EDGE_CURVE('',#7177,#7107,#7200,.T.);
#7200 = SURFACE_CURVE('',#7201,(#7205,#7212),.PCURVE_S1.);
#7201 = LINE('',#7202,#7203);
#7202 = CARTESIAN_POINT('',(-103.,-5.196152422707,107.));
#7203 = VECTOR('',#7204,1.);
#7204 = DIRECTION('',(1.110223024625E-16,0.866025403784,-0.5));
#7205 = PCURVE('',#7091,#7206);
#7206 = DEFINITIONAL_REPRESENTATION('',(#7207),#7211);
#7207 = LINE('',#7208,#7209);
#7208 = CARTESIAN_POINT('',(3.,-5.196152422707));
#7209 = VECTOR('',#7210,1.);
#7210 = DIRECTION('',(0.5,0.866025403784));
#7211 = ( GEOMETRIC_REPRESENTATION_CONTEXT(2) 
PARAMETRIC_REPRESENTATION_CONTEXT() REPRESENTATION_CONTEXT('2D SPACE',''
  ) );
#7212 = PCURVE('',#7012,#7213);
#7213 = DEFINITIONAL_REPRESENTATION('',(#7214),#7218);
#7214 = LINE('',#7215,#7216);
#7215 = CARTESIAN_POINT('',(0.,10.));
#7216 = VECTOR('',#7217,1.);
#7217 = DIRECTION('',(1.,0.));
#7218 = ( GEOMETRIC_REPRESENTATION_CONTEXT(2) 
PARAMETRIC_REPRESENTATION_CONTEXT() REPRESENTATION_CONTEXT('2D SPACE',''
  ) );
#7219 = FACE_BOUND('',#7220,.T.);
#7220 = EDGE_LOOP('',(#7221));
#7221 = ORIENTED_EDGE('',*,*,#7222,.F.);
#7222 = EDGE_CURVE('',#7223,#7223,#7225,.T.);
#7223 = VERTEX_POINT('',#7224);
#7224 = CARTESIAN_POINT('',(-103.,-9.797174393179E-16,106.));
#7225 = SURFACE_CURVE('',#7226,(#7231,#7238),.PCURVE_S1.);
#7226 = CIRCLE('',#7227,4.);
#7227 = AXIS2_PLACEMENT_3D('',#7228,#7229,#7230);
#7228 = CARTESIAN_POINT('',(-103.,0.,110.));
#7229 = DIRECTION('',(1.,-0.,2.22044604925E-16));
#7230 = DIRECTION('',(2.22044604925E-16,0.,-1.));
#7231 = PCURVE('',#7091,#7232);
#7232 = DEFINITIONAL_REPRESENTATION('',(#7233),#7237);
#7233 = CIRCLE('',#7234,4.);
#7234 = AXIS2_PLACEMENT_2D('',#7235,#7236);
#7235 = CARTESIAN_POINT('',(5.694210535189E-14,-9.868649107779E-17));
#7236 = DIRECTION('',(1.,0.));
#7237 = ( GEOMETRIC_REPRESENTATION_CONTEXT(2) 
PARAMETRIC_REPRESENTATION_CONTEXT() REPRESENTATION_CONTEXT('2D SPACE',''
  ) );
#7238 = PCURVE('',#7239,#7244);
#7239 = CYLINDRICAL_SURFACE('',#7240,4.);
#7240 = AXIS2_PLACEMENT_3D('',#7241,#7242,#7243);
#7241 = CARTESIAN_POINT('',(-103.,0.,110.));
#7242 = DIRECTION('',(1.,0.,2.22044604925E-16));
#7243 = DIRECTION('',(2.22044604925E-16,0.,-1.));
#7244 = DEFINITIONAL_REPRESENTATION('',(#7245),#7249);
#7245 = LINE('',#7246,#7247);
#7246 = CARTESIAN_POINT('',(0.,0.));
#7247 = VECTOR('',#7248,1.);
#7248 = DIRECTION('',(1.,0.));
#7249 = ( GEOMETRIC_REPRESENTATION_CONTEXT(2) 
PARAMETRIC_REPRESENTATION_CONTEXT() REPRESENTATION_CONTEXT('2D SPACE',''
  ) );
#7250 = ADVANCED_FACE('',(#7251),#7239,.T.);
#7251 = FACE_BOUND('',#7252,.T.);
#7252 = EDGE_LOOP('',(#7253,#7254,#7277,#7380));
#7253 = ORIENTED_EDGE('',*,*,#7222,.T.);
#7254 = ORIENTED_EDGE('',*,*,#7255,.T.);
#7255 = EDGE_CURVE('',#7223,#7256,#7258,.T.);
#7256 = VERTEX_POINT('',#7257);
#7257 = CARTESIAN_POINT('',(407.25543735346,-9.797174393179E-16,106.));
#7258 = SEAM_CURVE('',#7259,(#7263,#7270),.PCURVE_S1.);
#7259 = LINE('',#7260,#7261);
#7260 = CARTESIAN_POINT('',(-103.,-9.797174393179E-16,106.));
#7261 = VECTOR('',#7262,1.);
#7262 = DIRECTION('',(1.,0.,1.114018875637E-16));
#7263 = PCURVE('',#7239,#7264);
#7264 = DEFINITIONAL_REPRESENTATION('',(#7265),#7269);
#7265 = LINE('',#7266,#7267);
#7266 = CARTESIAN_POINT('',(6.28318530718,-0.));
#7267 = VECTOR('',#7268,1.);
#7268 = DIRECTION('',(0.,1.));
#7269 = ( GEOMETRIC_REPRESENTATION_CONTEXT(2) 
PARAMETRIC_REPRESENTATION_CONTEXT() REPRESENTATION_CONTEXT('2D SPACE',''
  ) );
#7270 = PCURVE('',#7239,#7271);
#7271 = DEFINITIONAL_REPRESENTATION('',(#7272),#7276);
#7272 = LINE('',#7273,#7274);
#7273 = CARTESIAN_POINT('',(0.,-0.));
#7274 = VECTOR('',#7275,1.);
#7275 = DIRECTION('',(0.,1.));
#7276 = ( GEOMETRIC_REPRESENTATION_CONTEXT(2) 
PARAMETRIC_REPRESENTATION_CONTEXT() REPRESENTATION_CONTEXT('2D SPACE',''
  ) );
#7277 = ORIENTED_EDGE('',*,*,#7278,.F.);
#7278 = EDGE_CURVE('',#7256,#7256,#7279,.T.);
#7279 = SURFACE_CURVE('',#7280,(#7285,#7292),.PCURVE_S1.);
#7280 = CIRCLE('',#7281,4.);
#7281 = AXIS2_PLACEMENT_3D('',#7282,#7283,#7284);
#7282 = CARTESIAN_POINT('',(407.25543735346,0.,110.));
#7283 = DIRECTION('',(1.,0.,2.22044604925E-16));
#7284 = DIRECTION('',(-2.22044604925E-16,0.,1.));
#7285 = PCURVE('',#7239,#7286);
#7286 = DEFINITIONAL_REPRESENTATION('',(#7287),#7291);
#7287 = LINE('',#7288,#7289);
#7288 = CARTESIAN_POINT('',(-3.14159265359,510.25543735346));
#7289 = VECTOR('',#7290,1.);
#7290 = DIRECTION('',(1.,0.));
#7291 = ( GEOMETRIC_REPRESENTATION_CONTEXT(2) 
PARAMETRIC_REPRESENTATION_CONTEXT() REPRESENTATION_CONTEXT('2D SPACE',''
  ) );
#7292 = PCURVE('',#7293,#7298);
#7293 = SPHERICAL_SURFACE('',#7294,7.);
#7294 = AXIS2_PLACEMENT_3D('',#7295,#7296,#7297);
#7295 = CARTESIAN_POINT('',(413.,0.,110.));
#7296 = DIRECTION('',(0.,0.,1.));
#7297 = DIRECTION('',(1.,0.,-0.));
#7298 = DEFINITIONAL_REPRESENTATION('',(#7299),#7379);
#7299 = B_SPLINE_CURVE_WITH_KNOTS('',8,(#7300,#7301,#7302,#7303,#7304,
    #7305,#7306,#7307,#7308,#7309,#7310,#7311,#7312,#7313,#7314,#7315,
    #7316,#7317,#7318,#7319,#7320,#7321,#7322,#7323,#7324,#7325,#7326,
    #7327,#7328,#7329,#7330,#7331,#7332,#7333,#7334,#7335,#7336,#7337,
    #7338,#7339,#7340,#7341,#7342,#7343,#7344,#7345,#7346,#7347,#7348,
    #7349,#7350,#7351,#7352,#7353,#7354,#7355,#7356,#7357,#7358,#7359,
    #7360,#7361,#7362,#7363,#7364,#7365,#7366,#7367,#7368,#7369,#7370,
    #7371,#7372,#7373,#7374,#7375,#7376,#7377,#7378),.UNSPECIFIED.,.T.,
  .F.,(9,7,7,7,7,7,7,7,7,7,7,9),(3.14159265359,3.534291735289,
    4.270602513474,4.914874444386,5.478612383934,5.971883081038,
    6.403494941004,6.781155318475,7.442060979049,8.433419469909,
    8.929098715339,9.424777960769),.UNSPECIFIED.);
#7300 = CARTESIAN_POINT('',(3.14159265359,-0.60824557891));
#7301 = CARTESIAN_POINT('',(3.107412585771,-0.60824557891));
#7302 = CARTESIAN_POINT('',(3.073232616328,-0.606328136642));
#7303 = CARTESIAN_POINT('',(3.039299425299,-0.602492990432));
#7304 = CARTESIAN_POINT('',(3.005861271393,-0.596764766023));
#7305 = CARTESIAN_POINT('',(2.973148580238,-0.589191713018));
#7306 = CARTESIAN_POINT('',(2.941361129603,-0.579842614309));
#7307 = CARTESIAN_POINT('',(2.910661831601,-0.568801868481));
#7308 = CARTESIAN_POINT('',(2.825893262317,-0.532464389062));
#7309 = CARTESIAN_POINT('',(2.774879590266,-0.503146992469));
#7310 = CARTESIAN_POINT('',(2.728971330984,-0.468826859439));
#7311 = CARTESIAN_POINT('',(2.688558546026,-0.430242262947));
#7312 = CARTESIAN_POINT('',(2.653608281506,-0.388124734199));
#7313 = CARTESIAN_POINT('',(2.623963645231,-0.343128236528));
#7314 = CARTESIAN_POINT('',(2.599419646075,-0.295845396503));
#7315 = CARTESIAN_POINT('',(2.562622446692,-0.203914317064));
#7316 = CARTESIAN_POINT('',(2.549216387804,-0.159675568066));
#7317 = CARTESIAN_POINT('',(2.539453895051,-0.114460810678));
#7318 = CARTESIAN_POINT('',(2.533225326974,-6.860109715055E-02));
#7319 = CARTESIAN_POINT('',(2.530461103172,-2.24055166181E-02));
#7320 = CARTESIAN_POINT('',(2.531141542167,2.382642863005E-02));
#7321 = CARTESIAN_POINT('',(2.535295209772,6.979150654139E-02));
#7322 = CARTESIAN_POINT('',(2.54972622595,0.154878768313));
#7323 = CARTESIAN_POINT('',(2.559173178288,0.194138095692));
#7324 = CARTESIAN_POINT('',(2.571379140461,0.232736137978));
#7325 = CARTESIAN_POINT('',(2.586414019642,0.270450498357));
#7326 = CARTESIAN_POINT('',(2.604366154119,0.307044334122));
#7327 = CARTESIAN_POINT('',(2.625331509915,0.34226009664));
#7328 = CARTESIAN_POINT('',(2.649391422617,0.375817057662));
#7329 = CARTESIAN_POINT('',(2.700357421487,0.435067691341));
#7330 = CARTESIAN_POINT('',(2.726531783109,0.46121997375));
#7331 = CARTESIAN_POINT('',(2.755114996258,0.485674641212));
#7332 = CARTESIAN_POINT('',(2.786093539075,0.50822269494));
#7333 = CARTESIAN_POINT('',(2.819405028445,0.528647872124));
#7334 = CARTESIAN_POINT('',(2.854909618493,0.54673634114));
#7335 = CARTESIAN_POINT('',(2.892370203067,0.56229169257));
#7336 = CARTESIAN_POINT('',(2.965667530462,0.586406568527));
#7337 = CARTESIAN_POINT('',(3.001121977608,0.595597491457));
#7338 = CARTESIAN_POINT('',(3.037607792844,0.60261786712));
#7339 = CARTESIAN_POINT('',(3.074857098894,0.607379990197));
#7340 = CARTESIAN_POINT('',(3.112554164225,0.609825370545));
#7341 = CARTESIAN_POINT('',(3.150358219201,0.609931581731));
#7342 = CARTESIAN_POINT('',(3.187933067769,0.607714193248));
#7343 = CARTESIAN_POINT('',(3.257377011023,0.599289607091));
#7344 = CARTESIAN_POINT('',(3.289372216437,0.593615837676));
#7345 = CARTESIAN_POINT('',(3.320748372782,0.586231683033));
#7346 = CARTESIAN_POINT('',(3.351314147377,0.577188823924));
#7347 = CARTESIAN_POINT('',(3.38090521394,0.566555128676));
#7348 = CARTESIAN_POINT('',(3.409389931711,0.554410716978));
#7349 = CARTESIAN_POINT('',(3.436669445583,0.540843670016));
#7350 = CARTESIAN_POINT('',(3.508177040156,0.499873391627));
#7351 = CARTESIAN_POINT('',(3.549771968064,0.469724630367));
#7352 = CARTESIAN_POINT('',(3.587074446576,0.435989913578));
#7353 = CARTESIAN_POINT('',(3.619965404054,0.399197031967));
#7354 = CARTESIAN_POINT('',(3.648519986713,0.359848436619));
#7355 = CARTESIAN_POINT('',(3.672870650474,0.31839928121));
#7356 = CARTESIAN_POINT('',(3.693165703529,0.275264627555));
#7357 = CARTESIAN_POINT('',(3.734084246553,0.16417113983));
#7358 = CARTESIAN_POINT('',(3.749798242185,9.458382626592E-02));
#7359 = CARTESIAN_POINT('',(3.757108032478,2.335811379868E-02));
#7360 = CARTESIAN_POINT('',(3.756350269367,-4.837801632829E-02));
#7361 = CARTESIAN_POINT('',(3.747535059878,-0.119573050231));
#7362 = CARTESIAN_POINT('',(3.730412516874,-0.18914535728));
#7363 = CARTESIAN_POINT('',(3.704431027305,-0.255846774726));
#7364 = CARTESIAN_POINT('',(3.651522671943,-0.349424552283));
#7365 = CARTESIAN_POINT('',(3.631563893295,-0.379538111531));
#7366 = CARTESIAN_POINT('',(3.60922818637,-0.408392024224));
#7367 = CARTESIAN_POINT('',(3.584469544358,-0.435793706592));
#7368 = CARTESIAN_POINT('',(3.557260329613,-0.461537833705));
#7369 = CARTESIAN_POINT('',(3.527613702104,-0.485408603216));
#7370 = CARTESIAN_POINT('',(3.49560879926,-0.50718724146));
#7371 = CARTESIAN_POINT('',(3.427209396859,-0.546146678188));
#7372 = CARTESIAN_POINT('',(3.390814742111,-0.563327471319));
#7373 = CARTESIAN_POINT('',(3.352389114328,-0.578002465512));
#7374 = CARTESIAN_POINT('',(3.312176833976,-0.589976678639));
#7375 = CARTESIAN_POINT('',(3.270526022733,-0.599080502138));
#7376 = CARTESIAN_POINT('',(3.227879210518,-0.605190535886));
#7377 = CARTESIAN_POINT('',(3.184735994165,-0.60824557891));
#7378 = CARTESIAN_POINT('',(3.14159265359,-0.60824557891));
#7379 = ( GEOMETRIC_REPRESENTATION_CONTEXT(2) 
PARAMETRIC_REPRESENTATION_CONTEXT() REPRESENTATION_CONTEXT('2D SPACE',''
  ) );
#7380 = ORIENTED_EDGE('',*,*,#7255,.F.);
#7381 = ADVANCED_FACE('',(#7382,#7386),#7293,.T.);
#7382 = FACE_BOUND('',#7383,.T.);
#7383 = VERTEX_LOOP('',#7384);
#7384 = VERTEX_POINT('',#7385);
#7385 = CARTESIAN_POINT('',(413.,-1.049831847863E-31,117.));
#7386 = FACE_BOUND('',#7387,.T.);
#7387 = EDGE_LOOP('',(#7388));
#7388 = ORIENTED_EDGE('',*,*,#7278,.T.);
#7389 = ADVANCED_FACE('',(#7390),#6930,.T.);
#7390 = FACE_BOUND('',#7391,.T.);
#7391 = EDGE_LOOP('',(#7392,#7413,#7414,#7415));
#7392 = ORIENTED_EDGE('',*,*,#7393,.F.);
#7393 = EDGE_CURVE('',#6887,#7132,#7394,.T.);
#7394 = SURFACE_CURVE('',#7395,(#7399,#7406),.PCURVE_S1.);
#7395 = LINE('',#7396,#7397);
#7396 = CARTESIAN_POINT('',(-123.,5.196152422707,113.));
#7397 = VECTOR('',#7398,1.);
#7398 = DIRECTION('',(1.,0.,2.22044604925E-16));
#7399 = PCURVE('',#6930,#7400);
#7400 = DEFINITIONAL_REPRESENTATION('',(#7401),#7405);
#7401 = LINE('',#7402,#7403);
#7402 = CARTESIAN_POINT('',(-0.,-10.));
#7403 = VECTOR('',#7404,1.);
#7404 = DIRECTION('',(0.,1.));
#7405 = ( GEOMETRIC_REPRESENTATION_CONTEXT(2) 
PARAMETRIC_REPRESENTATION_CONTEXT() REPRESENTATION_CONTEXT('2D SPACE',''
  ) );
#7406 = PCURVE('',#6902,#7407);
#7407 = DEFINITIONAL_REPRESENTATION('',(#7408),#7412);
#7408 = LINE('',#7409,#7410);
#7409 = CARTESIAN_POINT('',(6.,-10.));
#7410 = VECTOR('',#7411,1.);
#7411 = DIRECTION('',(0.,1.));
#7412 = ( GEOMETRIC_REPRESENTATION_CONTEXT(2) 
PARAMETRIC_REPRESENTATION_CONTEXT() REPRESENTATION_CONTEXT('2D SPACE',''
  ) );
#7413 = ORIENTED_EDGE('',*,*,#6914,.T.);
#7414 = ORIENTED_EDGE('',*,*,#7030,.T.);
#7415 = ORIENTED_EDGE('',*,*,#7154,.F.);
#7416 = ADVANCED_FACE('',(#7417),#6986,.T.);
#7417 = FACE_BOUND('',#7418,.T.);
#7418 = EDGE_LOOP('',(#7419,#7420,#7441,#7442));
#7419 = ORIENTED_EDGE('',*,*,#6970,.T.);
#7420 = ORIENTED_EDGE('',*,*,#7421,.F.);
#7421 = EDGE_CURVE('',#7177,#6971,#7422,.T.);
#7422 = SURFACE_CURVE('',#7423,(#7427,#7434),.PCURVE_S1.);
#7423 = LINE('',#7424,#7425);
#7424 = CARTESIAN_POINT('',(-103.,-5.196152422707,107.));
#7425 = VECTOR('',#7426,1.);
#7426 = DIRECTION('',(-1.,0.,-2.22044604925E-16));
#7427 = PCURVE('',#6986,#7428);
#7428 = DEFINITIONAL_REPRESENTATION('',(#7429),#7433);
#7429 = LINE('',#7430,#7431);
#7430 = CARTESIAN_POINT('',(6.,10.));
#7431 = VECTOR('',#7432,1.);
#7432 = DIRECTION('',(0.,-1.));
#7433 = ( GEOMETRIC_REPRESENTATION_CONTEXT(2) 
PARAMETRIC_REPRESENTATION_CONTEXT() REPRESENTATION_CONTEXT('2D SPACE',''
  ) );
#7434 = PCURVE('',#7012,#7435);
#7435 = DEFINITIONAL_REPRESENTATION('',(#7436),#7440);
#7436 = LINE('',#7437,#7438);
#7437 = CARTESIAN_POINT('',(0.,10.));
#7438 = VECTOR('',#7439,1.);
#7439 = DIRECTION('',(0.,-1.));
#7440 = ( GEOMETRIC_REPRESENTATION_CONTEXT(2) 
PARAMETRIC_REPRESENTATION_CONTEXT() REPRESENTATION_CONTEXT('2D SPACE',''
  ) );
#7441 = ORIENTED_EDGE('',*,*,#7176,.F.);
#7442 = ORIENTED_EDGE('',*,*,#7054,.T.);
#7443 = ADVANCED_FACE('',(#7444),#6902,.T.);
#7444 = FACE_BOUND('',#7445,.T.);
#7445 = EDGE_LOOP('',(#7446,#7467,#7468,#7469));
#7446 = ORIENTED_EDGE('',*,*,#7447,.F.);
#7447 = EDGE_CURVE('',#6859,#7109,#7448,.T.);
#7448 = SURFACE_CURVE('',#7449,(#7453,#7460),.PCURVE_S1.);
#7449 = LINE('',#7450,#7451);
#7450 = CARTESIAN_POINT('',(-123.,5.196152422707,107.));
#7451 = VECTOR('',#7452,1.);
#7452 = DIRECTION('',(1.,0.,2.22044604925E-16));
#7453 = PCURVE('',#6902,#7454);
#7454 = DEFINITIONAL_REPRESENTATION('',(#7455),#7459);
#7455 = LINE('',#7456,#7457);
#7456 = CARTESIAN_POINT('',(0.,-10.));
#7457 = VECTOR('',#7458,1.);
#7458 = DIRECTION('',(0.,1.));
#7459 = ( GEOMETRIC_REPRESENTATION_CONTEXT(2) 
PARAMETRIC_REPRESENTATION_CONTEXT() REPRESENTATION_CONTEXT('2D SPACE',''
  ) );
#7460 = PCURVE('',#6874,#7461);
#7461 = DEFINITIONAL_REPRESENTATION('',(#7462),#7466);
#7462 = LINE('',#7463,#7464);
#7463 = CARTESIAN_POINT('',(6.,-10.));
#7464 = VECTOR('',#7465,1.);
#7465 = DIRECTION('',(0.,1.));
#7466 = ( GEOMETRIC_REPRESENTATION_CONTEXT(2) 
PARAMETRIC_REPRESENTATION_CONTEXT() REPRESENTATION_CONTEXT('2D SPACE',''
  ) );
#7467 = ORIENTED_EDGE('',*,*,#6886,.T.);
#7468 = ORIENTED_EDGE('',*,*,#7393,.T.);
#7469 = ORIENTED_EDGE('',*,*,#7131,.F.);
#7470 = ADVANCED_FACE('',(#7471),#7012,.T.);
#7471 = FACE_BOUND('',#7472,.T.);
#7472 = EDGE_LOOP('',(#7473,#7474,#7495,#7496));
#7473 = ORIENTED_EDGE('',*,*,#6998,.T.);
#7474 = ORIENTED_EDGE('',*,*,#7475,.F.);
#7475 = EDGE_CURVE('',#7107,#6857,#7476,.T.);
#7476 = SURFACE_CURVE('',#7477,(#7481,#7488),.PCURVE_S1.);
#7477 = LINE('',#7478,#7479);
#7478 = CARTESIAN_POINT('',(-103.,0.,104.));
#7479 = VECTOR('',#7480,1.);
#7480 = DIRECTION('',(-1.,0.,-2.22044604925E-16));
#7481 = PCURVE('',#7012,#7482);
#7482 = DEFINITIONAL_REPRESENTATION('',(#7483),#7487);
#7483 = LINE('',#7484,#7485);
#7484 = CARTESIAN_POINT('',(6.,10.));
#7485 = VECTOR('',#7486,1.);
#7486 = DIRECTION('',(0.,-1.));
#7487 = ( GEOMETRIC_REPRESENTATION_CONTEXT(2) 
PARAMETRIC_REPRESENTATION_CONTEXT() REPRESENTATION_CONTEXT('2D SPACE',''
  ) );
#7488 = PCURVE('',#6874,#7489);
#7489 = DEFINITIONAL_REPRESENTATION('',(#7490),#7494);
#7490 = LINE('',#7491,#7492);
#7491 = CARTESIAN_POINT('',(0.,10.));
#7492 = VECTOR('',#7493,1.);
#7493 = DIRECTION('',(0.,-1.));
#7494 = ( GEOMETRIC_REPRESENTATION_CONTEXT(2) 
PARAMETRIC_REPRESENTATION_CONTEXT() REPRESENTATION_CONTEXT('2D SPACE',''
  ) );
#7495 = ORIENTED_EDGE('',*,*,#7199,.F.);
#7496 = ORIENTED_EDGE('',*,*,#7421,.T.);
#7497 = ADVANCED_FACE('',(#7498),#6874,.T.);
#7498 = FACE_BOUND('',#7499,.T.);
#7499 = EDGE_LOOP('',(#7500,#7501,#7502,#7503));
#7500 = ORIENTED_EDGE('',*,*,#6856,.T.);
#7501 = ORIENTED_EDGE('',*,*,#7447,.T.);
#7502 = ORIENTED_EDGE('',*,*,#7106,.F.);
#7503 = ORIENTED_EDGE('',*,*,#7475,.T.);
#7504 = MANIFOLD_SOLID_BREP('',#7505);
#7505 = CLOSED_SHELL('',(#7506,#7641,#7645,#7700));
#7506 = ADVANCED_FACE('',(#7507),#7520,.T.);
#7507 = FACE_BOUND('',#7508,.T.);
#7508 = EDGE_LOOP('',(#7509,#7542,#7565,#7588,#7611,#7638,#7639,#7640));
#7509 = ORIENTED_EDGE('',*,*,#7510,.T.);
#7510 = EDGE_CURVE('',#7511,#7511,#7513,.T.);
#7511 = VERTEX_POINT('',#7512);
#7512 = CARTESIAN_POINT('',(-440.,-2.449293598295E-15,-470.));
#7513 = SURFACE_CURVE('',#7514,(#7519,#7531),.PCURVE_S1.);
#7514 = CIRCLE('',#7515,10.);
#7515 = AXIS2_PLACEMENT_3D('',#7516,#7517,#7518);
#7516 = CARTESIAN_POINT('',(-450.,0.,-470.));
#7517 = DIRECTION('',(0.,0.,1.));
#7518 = DIRECTION('',(1.,0.,-0.));
#7519 = PCURVE('',#7520,#7525);
#7520 = CYLINDRICAL_SURFACE('',#7521,10.);
#7521 = AXIS2_PLACEMENT_3D('',#7522,#7523,#7524);
#7522 = CARTESIAN_POINT('',(-450.,0.,-470.));
#7523 = DIRECTION('',(0.,0.,1.));
#7524 = DIRECTION('',(1.,0.,-0.));
#7525 = DEFINITIONAL_REPRESENTATION('',(#7526),#7530);
#7526 = LINE('',#7527,#7528);
#7527 = CARTESIAN_POINT('',(0.,0.));
#7528 = VECTOR('',#7529,1.);
#7529 = DIRECTION('',(1.,0.));
#7530 = ( GEOMETRIC_REPRESENTATION_CONTEXT(2) 
PARAMETRIC_REPRESENTATION_CONTEXT() REPRESENTATION_CONTEXT('2D SPACE',''
  ) );
#7531 = PCURVE('',#7532,#7537);
#7532 = CONICAL_SURFACE('',#7533,2.,0.260602391747);
#7533 = AXIS2_PLACEMENT_3D('',#7534,#7535,#7536);
#7534 = CARTESIAN_POINT('',(-450.,0.,-500.));
#7535 = DIRECTION('',(0.,0.,1.));
#7536 = DIRECTION('',(1.,0.,-0.));
#7537 = DEFINITIONAL_REPRESENTATION('',(#7538),#7541);
#7538 = B_SPLINE_CURVE_WITH_KNOTS('',1,(#7539,#7540),.UNSPECIFIED.,.F.,
  .F.,(2,2),(0.,6.28318530718),.PIECEWISE_BEZIER_KNOTS.);
#7539 = CARTESIAN_POINT('',(0.,30.));
#7540 = CARTESIAN_POINT('',(6.28318530718,30.));
#7541 = ( GEOMETRIC_REPRESENTATION_CONTEXT(2) 
PARAMETRIC_REPRESENTATION_CONTEXT() REPRESENTATION_CONTEXT('2D SPACE',''
  ) );
#7542 = ORIENTED_EDGE('',*,*,#7543,.T.);
#7543 = EDGE_CURVE('',#7511,#7544,#7546,.T.);
#7544 = VERTEX_POINT('',#7545);
#7545 = CARTESIAN_POINT('',(-440.,-7.347880794884E-16,107.));
#7546 = SEAM_CURVE('',#7547,(#7551,#7558),.PCURVE_S1.);
#7547 = LINE('',#7548,#7549);
#7548 = CARTESIAN_POINT('',(-440.,-2.449293598295E-15,-470.));
#7549 = VECTOR('',#7550,1.);
#7550 = DIRECTION('',(0.,0.,1.));
#7551 = PCURVE('',#7520,#7552);
#7552 = DEFINITIONAL_REPRESENTATION('',(#7553),#7557);
#7553 = LINE('',#7554,#7555);
#7554 = CARTESIAN_POINT('',(0.,-0.));
#7555 = VECTOR('',#7556,1.);
#7556 = DIRECTION('',(0.,1.));
#7557 = ( GEOMETRIC_REPRESENTATION_CONTEXT(2) 
PARAMETRIC_REPRESENTATION_CONTEXT() REPRESENTATION_CONTEXT('2D SPACE',''
  ) );
#7558 = PCURVE('',#7520,#7559);
#7559 = DEFINITIONAL_REPRESENTATION('',(#7560),#7564);
#7560 = LINE('',#7561,#7562);
#7561 = CARTESIAN_POINT('',(6.28318530718,-0.));
#7562 = VECTOR('',#7563,1.);
#7563 = DIRECTION('',(0.,1.));
#7564 = ( GEOMETRIC_REPRESENTATION_CONTEXT(2) 
PARAMETRIC_REPRESENTATION_CONTEXT() REPRESENTATION_CONTEXT('2D SPACE',''
  ) );
#7565 = ORIENTED_EDGE('',*,*,#7566,.T.);
#7566 = EDGE_CURVE('',#7544,#7567,#7569,.T.);
#7567 = VERTEX_POINT('',#7568);
#7568 = CARTESIAN_POINT('',(-440.,-7.831247229319E-14,113.));
#7569 = SEAM_CURVE('',#7570,(#7574,#7581),.PCURVE_S1.);
#7570 = LINE('',#7571,#7572);
#7571 = CARTESIAN_POINT('',(-440.,-2.449293598295E-15,-470.));
#7572 = VECTOR('',#7573,1.);
#7573 = DIRECTION('',(0.,0.,1.));
#7574 = PCURVE('',#7520,#7575);
#7575 = DEFINITIONAL_REPRESENTATION('',(#7576),#7580);
#7576 = LINE('',#7577,#7578);
#7577 = CARTESIAN_POINT('',(0.,-0.));
#7578 = VECTOR('',#7579,1.);
#7579 = DIRECTION('',(0.,1.));
#7580 = ( GEOMETRIC_REPRESENTATION_CONTEXT(2) 
PARAMETRIC_REPRESENTATION_CONTEXT() REPRESENTATION_CONTEXT('2D SPACE',''
  ) );
#7581 = PCURVE('',#7520,#7582);
#7582 = DEFINITIONAL_REPRESENTATION('',(#7583),#7587);
#7583 = LINE('',#7584,#7585);
#7584 = CARTESIAN_POINT('',(6.28318530718,-0.));
#7585 = VECTOR('',#7586,1.);
#7586 = DIRECTION('',(0.,1.));
#7587 = ( GEOMETRIC_REPRESENTATION_CONTEXT(2) 
PARAMETRIC_REPRESENTATION_CONTEXT() REPRESENTATION_CONTEXT('2D SPACE',''
  ) );
#7588 = ORIENTED_EDGE('',*,*,#7589,.T.);
#7589 = EDGE_CURVE('',#7567,#7590,#7592,.T.);
#7590 = VERTEX_POINT('',#7591);
#7591 = CARTESIAN_POINT('',(-440.,-2.449293598295E-15,200.));
#7592 = SEAM_CURVE('',#7593,(#7597,#7604),.PCURVE_S1.);
#7593 = LINE('',#7594,#7595);
#7594 = CARTESIAN_POINT('',(-440.,-2.449293598295E-15,-470.));
#7595 = VECTOR('',#7596,1.);
#7596 = DIRECTION('',(0.,0.,1.));
#7597 = PCURVE('',#7520,#7598);
#7598 = DEFINITIONAL_REPRESENTATION('',(#7599),#7603);
#7599 = LINE('',#7600,#7601);
#7600 = CARTESIAN_POINT('',(0.,-0.));
#7601 = VECTOR('',#7602,1.);
#7602 = DIRECTION('',(0.,1.));
#7603 = ( GEOMETRIC_REPRESENTATION_CONTEXT(2) 
PARAMETRIC_REPRESENTATION_CONTEXT() REPRESENTATION_CONTEXT('2D SPACE',''
  ) );
#7604 = PCURVE('',#7520,#7605);
#7605 = DEFINITIONAL_REPRESENTATION('',(#7606),#7610);
#7606 = LINE('',#7607,#7608);
#7607 = CARTESIAN_POINT('',(6.28318530718,-0.));
#7608 = VECTOR('',#7609,1.);
#7609 = DIRECTION('',(0.,1.));
#7610 = ( GEOMETRIC_REPRESENTATION_CONTEXT(2) 
PARAMETRIC_REPRESENTATION_CONTEXT() REPRESENTATION_CONTEXT('2D SPACE',''
  ) );
#7611 = ORIENTED_EDGE('',*,*,#7612,.F.);
#7612 = EDGE_CURVE('',#7590,#7590,#7613,.T.);
#7613 = SURFACE_CURVE('',#7614,(#7619,#7626),.PCURVE_S1.);
#7614 = CIRCLE('',#7615,10.);
#7615 = AXIS2_PLACEMENT_3D('',#7616,#7617,#7618);
#7616 = CARTESIAN_POINT('',(-450.,0.,200.));
#7617 = DIRECTION('',(0.,0.,1.));
#7618 = DIRECTION('',(1.,0.,-0.));
#7619 = PCURVE('',#7520,#7620);
#7620 = DEFINITIONAL_REPRESENTATION('',(#7621),#7625);
#7621 = LINE('',#7622,#7623);
#7622 = CARTESIAN_POINT('',(0.,670.));
#7623 = VECTOR('',#7624,1.);
#7624 = DIRECTION('',(1.,0.));
#7625 = ( GEOMETRIC_REPRESENTATION_CONTEXT(2) 
PARAMETRIC_REPRESENTATION_CONTEXT() REPRESENTATION_CONTEXT('2D SPACE',''
  ) );
#7626 = PCURVE('',#7627,#7632);
#7627 = PLANE('',#7628);
#7628 = AXIS2_PLACEMENT_3D('',#7629,#7630,#7631);
#7629 = CARTESIAN_POINT('',(-450.,0.,200.));
#7630 = DIRECTION('',(0.,0.,1.));
#7631 = DIRECTION('',(1.,0.,-0.));
#7632 = DEFINITIONAL_REPRESENTATION('',(#7633),#7637);
#7633 = CIRCLE('',#7634,10.);
#7634 = AXIS2_PLACEMENT_2D('',#7635,#7636);
#7635 = CARTESIAN_POINT('',(0.,0.));
#7636 = DIRECTION('',(1.,0.));
#7637 = ( GEOMETRIC_REPRESENTATION_CONTEXT(2) 
PARAMETRIC_REPRESENTATION_CONTEXT() REPRESENTATION_CONTEXT('2D SPACE',''
  ) );
#7638 = ORIENTED_EDGE('',*,*,#7589,.F.);
#7639 = ORIENTED_EDGE('',*,*,#7566,.F.);
#7640 = ORIENTED_EDGE('',*,*,#7543,.F.);
#7641 = ADVANCED_FACE('',(#7642),#7627,.T.);
#7642 = FACE_BOUND('',#7643,.T.);
#7643 = EDGE_LOOP('',(#7644));
#7644 = ORIENTED_EDGE('',*,*,#7612,.T.);
#7645 = ADVANCED_FACE('',(#7646),#7532,.T.);
#7646 = FACE_BOUND('',#7647,.T.);
#7647 = EDGE_LOOP('',(#7648,#7649,#7672,#7699));
#7648 = ORIENTED_EDGE('',*,*,#7510,.F.);
#7649 = ORIENTED_EDGE('',*,*,#7650,.F.);
#7650 = EDGE_CURVE('',#7651,#7511,#7653,.T.);
#7651 = VERTEX_POINT('',#7652);
#7652 = CARTESIAN_POINT('',(-448.,-4.898587196589E-16,-500.));
#7653 = SEAM_CURVE('',#7654,(#7658,#7665),.PCURVE_S1.);
#7654 = LINE('',#7655,#7656);
#7655 = CARTESIAN_POINT('',(-448.,-4.898587196589E-16,-500.));
#7656 = VECTOR('',#7657,1.);
#7657 = DIRECTION('',(0.25766265056,-6.310914805371E-17,0.966234939601)
  );
#7658 = PCURVE('',#7532,#7659);
#7659 = DEFINITIONAL_REPRESENTATION('',(#7660),#7664);
#7660 = LINE('',#7661,#7662);
#7661 = CARTESIAN_POINT('',(6.28318530718,-0.));
#7662 = VECTOR('',#7663,1.);
#7663 = DIRECTION('',(0.,1.));
#7664 = ( GEOMETRIC_REPRESENTATION_CONTEXT(2) 
PARAMETRIC_REPRESENTATION_CONTEXT() REPRESENTATION_CONTEXT('2D SPACE',''
  ) );
#7665 = PCURVE('',#7532,#7666);
#7666 = DEFINITIONAL_REPRESENTATION('',(#7667),#7671);
#7667 = LINE('',#7668,#7669);
#7668 = CARTESIAN_POINT('',(0.,-0.));
#7669 = VECTOR('',#7670,1.);
#7670 = DIRECTION('',(0.,1.));
#7671 = ( GEOMETRIC_REPRESENTATION_CONTEXT(2) 
PARAMETRIC_REPRESENTATION_CONTEXT() REPRESENTATION_CONTEXT('2D SPACE',''
  ) );
#7672 = ORIENTED_EDGE('',*,*,#7673,.T.);
#7673 = EDGE_CURVE('',#7651,#7651,#7674,.T.);
#7674 = SURFACE_CURVE('',#7675,(#7680,#7687),.PCURVE_S1.);
#7675 = CIRCLE('',#7676,2.);
#7676 = AXIS2_PLACEMENT_3D('',#7677,#7678,#7679);
#7677 = CARTESIAN_POINT('',(-450.,0.,-500.));
#7678 = DIRECTION('',(0.,0.,1.));
#7679 = DIRECTION('',(1.,0.,-0.));
#7680 = PCURVE('',#7532,#7681);
#7681 = DEFINITIONAL_REPRESENTATION('',(#7682),#7686);
#7682 = LINE('',#7683,#7684);
#7683 = CARTESIAN_POINT('',(0.,0.));
#7684 = VECTOR('',#7685,1.);
#7685 = DIRECTION('',(1.,0.));
#7686 = ( GEOMETRIC_REPRESENTATION_CONTEXT(2) 
PARAMETRIC_REPRESENTATION_CONTEXT() REPRESENTATION_CONTEXT('2D SPACE',''
  ) );
#7687 = PCURVE('',#7688,#7693);
#7688 = PLANE('',#7689);
#7689 = AXIS2_PLACEMENT_3D('',#7690,#7691,#7692);
#7690 = CARTESIAN_POINT('',(-450.,0.,-500.));
#7691 = DIRECTION('',(0.,0.,1.));
#7692 = DIRECTION('',(1.,0.,-0.));
#7693 = DEFINITIONAL_REPRESENTATION('',(#7694),#7698);
#7694 = CIRCLE('',#7695,2.);
#7695 = AXIS2_PLACEMENT_2D('',#7696,#7697);
#7696 = CARTESIAN_POINT('',(0.,0.));
#7697 = DIRECTION('',(1.,0.));
#7698 = ( GEOMETRIC_REPRESENTATION_CONTEXT(2) 
PARAMETRIC_REPRESENTATION_CONTEXT() REPRESENTATION_CONTEXT('2D SPACE',''
  ) );
#7699 = ORIENTED_EDGE('',*,*,#7650,.T.);
#7700 = ADVANCED_FACE('',(#7701),#7688,.F.);
#7701 = FACE_BOUND('',#7702,.T.);
#7702 = EDGE_LOOP('',(#7703));
#7703 = ORIENTED_EDGE('',*,*,#7673,.F.);
#7704 = MANIFOLD_SOLID_BREP('',#7705);
#7705 = CLOSED_SHELL('',(#7706,#7841,#7845,#7900));
#7706 = ADVANCED_FACE('',(#7707),#7721,.T.);
#7707 = FACE_BOUND('',#7708,.T.);
#7708 = EDGE_LOOP('',(#7709,#7739,#7766,#7767,#7790,#7813,#7839,#7840));
#7709 = ORIENTED_EDGE('',*,*,#7710,.T.);
#7710 = EDGE_CURVE('',#7711,#7713,#7715,.T.);
#7711 = VERTEX_POINT('',#7712);
#7712 = CARTESIAN_POINT('',(460.,-7.825123995323E-14,129.));
#7713 = VERTEX_POINT('',#7714);
#7714 = CARTESIAN_POINT('',(460.,-2.449293598295E-15,200.));
#7715 = SEAM_CURVE('',#7716,(#7720,#7732),.PCURVE_S1.);
#7716 = LINE('',#7717,#7718);
#7717 = CARTESIAN_POINT('',(460.,-2.449293598295E-15,-470.));
#7718 = VECTOR('',#7719,1.);
#7719 = DIRECTION('',(0.,0.,1.));
#7720 = PCURVE('',#7721,#7726);
#7721 = CYLINDRICAL_SURFACE('',#7722,10.);
#7722 = AXIS2_PLACEMENT_3D('',#7723,#7724,#7725);
#7723 = CARTESIAN_POINT('',(450.,0.,-470.));
#7724 = DIRECTION('',(0.,0.,1.));
#7725 = DIRECTION('',(1.,0.,-0.));
#7726 = DEFINITIONAL_REPRESENTATION('',(#7727),#7731);
#7727 = LINE('',#7728,#7729);
#7728 = CARTESIAN_POINT('',(6.28318530718,-0.));
#7729 = VECTOR('',#7730,1.);
#7730 = DIRECTION('',(0.,1.));
#7731 = ( GEOMETRIC_REPRESENTATION_CONTEXT(2) 
PARAMETRIC_REPRESENTATION_CONTEXT() REPRESENTATION_CONTEXT('2D SPACE',''
  ) );
#7732 = PCURVE('',#7721,#7733);
#7733 = DEFINITIONAL_REPRESENTATION('',(#7734),#7738);
#7734 = LINE('',#7735,#7736);
#7735 = CARTESIAN_POINT('',(0.,-0.));
#7736 = VECTOR('',#7737,1.);
#7737 = DIRECTION('',(0.,1.));
#7738 = ( GEOMETRIC_REPRESENTATION_CONTEXT(2) 
PARAMETRIC_REPRESENTATION_CONTEXT() REPRESENTATION_CONTEXT('2D SPACE',''
  ) );
#7739 = ORIENTED_EDGE('',*,*,#7740,.F.);
#7740 = EDGE_CURVE('',#7713,#7713,#7741,.T.);
#7741 = SURFACE_CURVE('',#7742,(#7747,#7754),.PCURVE_S1.);
#7742 = CIRCLE('',#7743,10.);
#7743 = AXIS2_PLACEMENT_3D('',#7744,#7745,#7746);
#7744 = CARTESIAN_POINT('',(450.,0.,200.));
#7745 = DIRECTION('',(0.,0.,1.));
#7746 = DIRECTION('',(1.,0.,-0.));
#7747 = PCURVE('',#7721,#7748);
#7748 = DEFINITIONAL_REPRESENTATION('',(#7749),#7753);
#7749 = LINE('',#7750,#7751);
#7750 = CARTESIAN_POINT('',(0.,670.));
#7751 = VECTOR('',#7752,1.);
#7752 = DIRECTION('',(1.,0.));
#7753 = ( GEOMETRIC_REPRESENTATION_CONTEXT(2) 
PARAMETRIC_REPRESENTATION_CONTEXT() REPRESENTATION_CONTEXT('2D SPACE',''
  ) );
#7754 = PCURVE('',#7755,#7760);
#7755 = PLANE('',#7756);
#7756 = AXIS2_PLACEMENT_3D('',#7757,#7758,#7759);
#7757 = CARTESIAN_POINT('',(450.,0.,200.));
#7758 = DIRECTION('',(0.,0.,1.));
#7759 = DIRECTION('',(1.,0.,-0.));
#7760 = DEFINITIONAL_REPRESENTATION('',(#7761),#7765);
#7761 = CIRCLE('',#7762,10.);
#7762 = AXIS2_PLACEMENT_2D('',#7763,#7764);
#7763 = CARTESIAN_POINT('',(0.,0.));
#7764 = DIRECTION('',(1.,0.));
#7765 = ( GEOMETRIC_REPRESENTATION_CONTEXT(2) 
PARAMETRIC_REPRESENTATION_CONTEXT() REPRESENTATION_CONTEXT('2D SPACE',''
  ) );
#7766 = ORIENTED_EDGE('',*,*,#7710,.F.);
#7767 = ORIENTED_EDGE('',*,*,#7768,.F.);
#7768 = EDGE_CURVE('',#7769,#7711,#7771,.T.);
#7769 = VERTEX_POINT('',#7770);
#7770 = CARTESIAN_POINT('',(460.,-9.797174393179E-16,121.));
#7771 = SEAM_CURVE('',#7772,(#7776,#7783),.PCURVE_S1.);
#7772 = LINE('',#7773,#7774);
#7773 = CARTESIAN_POINT('',(460.,-2.449293598295E-15,-470.));
#7774 = VECTOR('',#7775,1.);
#7775 = DIRECTION('',(0.,0.,1.));
#7776 = PCURVE('',#7721,#7777);
#7777 = DEFINITIONAL_REPRESENTATION('',(#7778),#7782);
#7778 = LINE('',#7779,#7780);
#7779 = CARTESIAN_POINT('',(6.28318530718,-0.));
#7780 = VECTOR('',#7781,1.);
#7781 = DIRECTION('',(0.,1.));
#7782 = ( GEOMETRIC_REPRESENTATION_CONTEXT(2) 
PARAMETRIC_REPRESENTATION_CONTEXT() REPRESENTATION_CONTEXT('2D SPACE',''
  ) );
#7783 = PCURVE('',#7721,#7784);
#7784 = DEFINITIONAL_REPRESENTATION('',(#7785),#7789);
#7785 = LINE('',#7786,#7787);
#7786 = CARTESIAN_POINT('',(0.,-0.));
#7787 = VECTOR('',#7788,1.);
#7788 = DIRECTION('',(0.,1.));
#7789 = ( GEOMETRIC_REPRESENTATION_CONTEXT(2) 
PARAMETRIC_REPRESENTATION_CONTEXT() REPRESENTATION_CONTEXT('2D SPACE',''
  ) );
#7790 = ORIENTED_EDGE('',*,*,#7791,.F.);
#7791 = EDGE_CURVE('',#7792,#7769,#7794,.T.);
#7792 = VERTEX_POINT('',#7793);
#7793 = CARTESIAN_POINT('',(460.,-2.449293598295E-15,-470.));
#7794 = SEAM_CURVE('',#7795,(#7799,#7806),.PCURVE_S1.);
#7795 = LINE('',#7796,#7797);
#7796 = CARTESIAN_POINT('',(460.,-2.449293598295E-15,-470.));
#7797 = VECTOR('',#7798,1.);
#7798 = DIRECTION('',(0.,0.,1.));
#7799 = PCURVE('',#7721,#7800);
#7800 = DEFINITIONAL_REPRESENTATION('',(#7801),#7805);
#7801 = LINE('',#7802,#7803);
#7802 = CARTESIAN_POINT('',(6.28318530718,-0.));
#7803 = VECTOR('',#7804,1.);
#7804 = DIRECTION('',(0.,1.));
#7805 = ( GEOMETRIC_REPRESENTATION_CONTEXT(2) 
PARAMETRIC_REPRESENTATION_CONTEXT() REPRESENTATION_CONTEXT('2D SPACE',''
  ) );
#7806 = PCURVE('',#7721,#7807);
#7807 = DEFINITIONAL_REPRESENTATION('',(#7808),#7812);
#7808 = LINE('',#7809,#7810);
#7809 = CARTESIAN_POINT('',(0.,-0.));
#7810 = VECTOR('',#7811,1.);
#7811 = DIRECTION('',(0.,1.));
#7812 = ( GEOMETRIC_REPRESENTATION_CONTEXT(2) 
PARAMETRIC_REPRESENTATION_CONTEXT() REPRESENTATION_CONTEXT('2D SPACE',''
  ) );
#7813 = ORIENTED_EDGE('',*,*,#7814,.T.);
#7814 = EDGE_CURVE('',#7792,#7792,#7815,.T.);
#7815 = SURFACE_CURVE('',#7816,(#7821,#7828),.PCURVE_S1.);
#7816 = CIRCLE('',#7817,10.);
#7817 = AXIS2_PLACEMENT_3D('',#7818,#7819,#7820);
#7818 = CARTESIAN_POINT('',(450.,0.,-470.));
#7819 = DIRECTION('',(0.,0.,1.));
#7820 = DIRECTION('',(1.,0.,-0.));
#7821 = PCURVE('',#7721,#7822);
#7822 = DEFINITIONAL_REPRESENTATION('',(#7823),#7827);
#7823 = LINE('',#7824,#7825);
#7824 = CARTESIAN_POINT('',(0.,0.));
#7825 = VECTOR('',#7826,1.);
#7826 = DIRECTION('',(1.,0.));
#7827 = ( GEOMETRIC_REPRESENTATION_CONTEXT(2) 
PARAMETRIC_REPRESENTATION_CONTEXT() REPRESENTATION_CONTEXT('2D SPACE',''
  ) );
#7828 = PCURVE('',#7829,#7834);
#7829 = CONICAL_SURFACE('',#7830,2.,0.260602391747);
#7830 = AXIS2_PLACEMENT_3D('',#7831,#7832,#7833);
#7831 = CARTESIAN_POINT('',(450.,0.,-500.));
#7832 = DIRECTION('',(0.,0.,1.));
#7833 = DIRECTION('',(1.,0.,-0.));
#7834 = DEFINITIONAL_REPRESENTATION('',(#7835),#7838);
#7835 = B_SPLINE_CURVE_WITH_KNOTS('',1,(#7836,#7837),.UNSPECIFIED.,.F.,
  .F.,(2,2),(0.,6.28318530718),.PIECEWISE_BEZIER_KNOTS.);
#7836 = CARTESIAN_POINT('',(0.,30.));
#7837 = CARTESIAN_POINT('',(6.28318530718,30.));
#7838 = ( GEOMETRIC_REPRESENTATION_CONTEXT(2) 
PARAMETRIC_REPRESENTATION_CONTEXT() REPRESENTATION_CONTEXT('2D SPACE',''
  ) );
#7839 = ORIENTED_EDGE('',*,*,#7791,.T.);
#7840 = ORIENTED_EDGE('',*,*,#7768,.T.);
#7841 = ADVANCED_FACE('',(#7842),#7755,.T.);
#7842 = FACE_BOUND('',#7843,.T.);
#7843 = EDGE_LOOP('',(#7844));
#7844 = ORIENTED_EDGE('',*,*,#7740,.T.);
#7845 = ADVANCED_FACE('',(#7846),#7829,.T.);
#7846 = FACE_BOUND('',#7847,.T.);
#7847 = EDGE_LOOP('',(#7848,#7849,#7872,#7899));
#7848 = ORIENTED_EDGE('',*,*,#7814,.F.);
#7849 = ORIENTED_EDGE('',*,*,#7850,.F.);
#7850 = EDGE_CURVE('',#7851,#7792,#7853,.T.);
#7851 = VERTEX_POINT('',#7852);
#7852 = CARTESIAN_POINT('',(452.,-4.898587196589E-16,-500.));
#7853 = SEAM_CURVE('',#7854,(#7858,#7865),.PCURVE_S1.);
#7854 = LINE('',#7855,#7856);
#7855 = CARTESIAN_POINT('',(452.,-4.898587196589E-16,-500.));
#7856 = VECTOR('',#7857,1.);
#7857 = DIRECTION('',(0.25766265056,-6.310914805371E-17,0.966234939601)
  );
#7858 = PCURVE('',#7829,#7859);
#7859 = DEFINITIONAL_REPRESENTATION('',(#7860),#7864);
#7860 = LINE('',#7861,#7862);
#7861 = CARTESIAN_POINT('',(6.28318530718,-0.));
#7862 = VECTOR('',#7863,1.);
#7863 = DIRECTION('',(0.,1.));
#7864 = ( GEOMETRIC_REPRESENTATION_CONTEXT(2) 
PARAMETRIC_REPRESENTATION_CONTEXT() REPRESENTATION_CONTEXT('2D SPACE',''
  ) );
#7865 = PCURVE('',#7829,#7866);
#7866 = DEFINITIONAL_REPRESENTATION('',(#7867),#7871);
#7867 = LINE('',#7868,#7869);
#7868 = CARTESIAN_POINT('',(0.,-0.));
#7869 = VECTOR('',#7870,1.);
#7870 = DIRECTION('',(0.,1.));
#7871 = ( GEOMETRIC_REPRESENTATION_CONTEXT(2) 
PARAMETRIC_REPRESENTATION_CONTEXT() REPRESENTATION_CONTEXT('2D SPACE',''
  ) );
#7872 = ORIENTED_EDGE('',*,*,#7873,.T.);
#7873 = EDGE_CURVE('',#7851,#7851,#7874,.T.);
#7874 = SURFACE_CURVE('',#7875,(#7880,#7887),.PCURVE_S1.);
#7875 = CIRCLE('',#7876,2.);
#7876 = AXIS2_PLACEMENT_3D('',#7877,#7878,#7879);
#7877 = CARTESIAN_POINT('',(450.,0.,-500.));
#7878 = DIRECTION('',(0.,0.,1.));
#7879 = DIRECTION('',(1.,0.,-0.));
#7880 = PCURVE('',#7829,#7881);
#7881 = DEFINITIONAL_REPRESENTATION('',(#7882),#7886);
#7882 = LINE('',#7883,#7884);
#7883 = CARTESIAN_POINT('',(0.,0.));
#7884 = VECTOR('',#7885,1.);
#7885 = DIRECTION('',(1.,0.));
#7886 = ( GEOMETRIC_REPRESENTATION_CONTEXT(2) 
PARAMETRIC_REPRESENTATION_CONTEXT() REPRESENTATION_CONTEXT('2D SPACE',''
  ) );
#7887 = PCURVE('',#7888,#7893);
#7888 = PLANE('',#7889);
#7889 = AXIS2_PLACEMENT_3D('',#7890,#7891,#7892);
#7890 = CARTESIAN_POINT('',(450.,0.,-500.));
#7891 = DIRECTION('',(0.,0.,1.));
#7892 = DIRECTION('',(1.,0.,-0.));
#7893 = DEFINITIONAL_REPRESENTATION('',(#7894),#7898);
#7894 = CIRCLE('',#7895,2.);
#7895 = AXIS2_PLACEMENT_2D('',#7896,#7897);
#7896 = CARTESIAN_POINT('',(0.,0.));
#7897 = DIRECTION('',(1.,0.));
#7898 = ( GEOMETRIC_REPRESENTATION_CONTEXT(2) 
PARAMETRIC_REPRESENTATION_CONTEXT() REPRESENTATION_CONTEXT('2D SPACE',''
  ) );
#7899 = ORIENTED_EDGE('',*,*,#7850,.T.);
#7900 = ADVANCED_FACE('',(#7901),#7888,.F.);
#7901 = FACE_BOUND('',#7902,.T.);
#7902 = EDGE_LOOP('',(#7903));
#7903 = ORIENTED_EDGE('',*,*,#7873,.F.);
#7904 = ( GEOMETRIC_REPRESENTATION_CONTEXT(3) 
GLOBAL_UNCERTAINTY_ASSIGNED_CONTEXT((#7908)) 
GLOBAL_UNIT_ASSIGNED_CONTEXT((#7905,#7906,#7907)) REPRESENTATION_CONTEXT
('Context #1','3D Context with UNIT and UNCERTAINTY') );
#7905 = ( LENGTH_UNIT() NAMED_UNIT(*) SI_UNIT(.MILLI.,.METRE.) );
#7906 = ( NAMED_UNIT(*) PLANE_ANGLE_UNIT() SI_UNIT($,.RADIAN.) );
#7907 = ( NAMED_UNIT(*) SI_UNIT($,.STERADIAN.) SOLID_ANGLE_UNIT() );
#7908 = UNCERTAINTY_MEASURE_WITH_UNIT(LENGTH_MEASURE(2.E-07),#7905,
  'distance_accuracy_value','confusion accuracy');
#7909 = CONTEXT_DEPENDENT_SHAPE_REPRESENTATION(#7910,#7912);
#7910 = ( REPRESENTATION_RELATIONSHIP('','',#36,#10) 
REPRESENTATION_RELATIONSHIP_WITH_TRANSFORMATION(#7911) 
SHAPE_REPRESENTATION_RELATIONSHIP() );
#7911 = ITEM_DEFINED_TRANSFORMATION('','',#11,#15);
#7912 = PRODUCT_DEFINITION_SHAPE('Placement','Placement of an item',
  #7913);
#7913 = NEXT_ASSEMBLY_USAGE_OCCURRENCE('6','=>[0:1:1:2]','',#5,#31,$);
#7914 = PRODUCT_RELATED_PRODUCT_CATEGORY('part',$,(#33));
#7915 = SHAPE_DEFINITION_REPRESENTATION(#7916,#7922);
#7916 = PRODUCT_DEFINITION_SHAPE('','',#7917);
#7917 = PRODUCT_DEFINITION('design','',#7918,#7921);
#7918 = PRODUCT_DEFINITION_FORMATION('','',#7919);
#7919 = PRODUCT('COMPOUND','COMPOUND','',(#7920));
#7920 = PRODUCT_CONTEXT('',#2,'mechanical');
#7921 = PRODUCT_DEFINITION_CONTEXT('part definition',#2,'design');
#7922 = ADVANCED_BREP_SHAPE_REPRESENTATION('',(#11,#7923),#8899);
#7923 = BREP_WITH_VOIDS('',#7924,(#8703,#8801));
#7924 = CLOSED_SHELL('',(#7925,#8045,#8121,#8232,#8281,#8308,#8346,#8401
    ,#8456,#8511,#8546,#8581,#8585,#8640,#8695,#8699));
#7925 = ADVANCED_FACE('',(#7926),#7940,.F.);
#7926 = FACE_BOUND('',#7927,.F.);
#7927 = EDGE_LOOP('',(#7928,#7963,#7991,#8019));
#7928 = ORIENTED_EDGE('',*,*,#7929,.F.);
#7929 = EDGE_CURVE('',#7930,#7932,#7934,.T.);
#7930 = VERTEX_POINT('',#7931);
#7931 = CARTESIAN_POINT('',(-490.,22.,203.5));
#7932 = VERTEX_POINT('',#7933);
#7933 = CARTESIAN_POINT('',(-490.,22.,248.5));
#7934 = SURFACE_CURVE('',#7935,(#7939,#7951),.PCURVE_S1.);
#7935 = LINE('',#7936,#7937);
#7936 = CARTESIAN_POINT('',(-490.,22.,203.5));
#7937 = VECTOR('',#7938,1.);
#7938 = DIRECTION('',(0.,0.,1.));
#7939 = PCURVE('',#7940,#7945);
#7940 = PLANE('',#7941);
#7941 = AXIS2_PLACEMENT_3D('',#7942,#7943,#7944);
#7942 = CARTESIAN_POINT('',(-490.,22.,203.5));
#7943 = DIRECTION('',(1.,0.,-0.));
#7944 = DIRECTION('',(0.,0.,1.));
#7945 = DEFINITIONAL_REPRESENTATION('',(#7946),#7950);
#7946 = LINE('',#7947,#7948);
#7947 = CARTESIAN_POINT('',(0.,0.));
#7948 = VECTOR('',#7949,1.);
#7949 = DIRECTION('',(1.,0.));
#7950 = ( GEOMETRIC_REPRESENTATION_CONTEXT(2) 
PARAMETRIC_REPRESENTATION_CONTEXT() REPRESENTATION_CONTEXT('2D SPACE',''
  ) );
#7951 = PCURVE('',#7952,#7957);
#7952 = PLANE('',#7953);
#7953 = AXIS2_PLACEMENT_3D('',#7954,#7955,#7956);
#7954 = CARTESIAN_POINT('',(-490.,22.,203.5));
#7955 = DIRECTION('',(-0.,1.,0.));
#7956 = DIRECTION('',(0.,0.,1.));
#7957 = DEFINITIONAL_REPRESENTATION('',(#7958),#7962);
#7958 = LINE('',#7959,#7960);
#7959 = CARTESIAN_POINT('',(0.,0.));
#7960 = VECTOR('',#7961,1.);
#7961 = DIRECTION('',(1.,0.));
#7962 = ( GEOMETRIC_REPRESENTATION_CONTEXT(2) 
PARAMETRIC_REPRESENTATION_CONTEXT() REPRESENTATION_CONTEXT('2D SPACE',''
  ) );
#7963 = ORIENTED_EDGE('',*,*,#7964,.T.);
#7964 = EDGE_CURVE('',#7930,#7965,#7967,.T.);
#7965 = VERTEX_POINT('',#7966);
#7966 = CARTESIAN_POINT('',(-490.,82.,203.5));
#7967 = SURFACE_CURVE('',#7968,(#7972,#7979),.PCURVE_S1.);
#7968 = LINE('',#7969,#7970);
#7969 = CARTESIAN_POINT('',(-490.,22.,203.5));
#7970 = VECTOR('',#7971,1.);
#7971 = DIRECTION('',(-0.,1.,0.));
#7972 = PCURVE('',#7940,#7973);
#7973 = DEFINITIONAL_REPRESENTATION('',(#7974),#7978);
#7974 = LINE('',#7975,#7976);
#7975 = CARTESIAN_POINT('',(0.,0.));
#7976 = VECTOR('',#7977,1.);
#7977 = DIRECTION('',(0.,-1.));
#7978 = ( GEOMETRIC_REPRESENTATION_CONTEXT(2) 
PARAMETRIC_REPRESENTATION_CONTEXT() REPRESENTATION_CONTEXT('2D SPACE',''
  ) );
#7979 = PCURVE('',#7980,#7985);
#7980 = PLANE('',#7981);
#7981 = AXIS2_PLACEMENT_3D('',#7982,#7983,#7984);
#7982 = CARTESIAN_POINT('',(-490.,22.,203.5));
#7983 = DIRECTION('',(0.,0.,1.));
#7984 = DIRECTION('',(1.,0.,-0.));
#7985 = DEFINITIONAL_REPRESENTATION('',(#7986),#7990);
#7986 = LINE('',#7987,#7988);
#7987 = CARTESIAN_POINT('',(0.,0.));
#7988 = VECTOR('',#7989,1.);
#7989 = DIRECTION('',(0.,1.));
#7990 = ( GEOMETRIC_REPRESENTATION_CONTEXT(2) 
PARAMETRIC_REPRESENTATION_CONTEXT() REPRESENTATION_CONTEXT('2D SPACE',''
  ) );
#7991 = ORIENTED_EDGE('',*,*,#7992,.T.);
#7992 = EDGE_CURVE('',#7965,#7993,#7995,.T.);
#7993 = VERTEX_POINT('',#7994);
#7994 = CARTESIAN_POINT('',(-490.,82.,248.5));
#7995 = SURFACE_CURVE('',#7996,(#8000,#8007),.PCURVE_S1.);
#7996 = LINE('',#7997,#7998);
#7997 = CARTESIAN_POINT('',(-490.,82.,203.5));
#7998 = VECTOR('',#7999,1.);
#7999 = DIRECTION('',(0.,0.,1.));
#8000 = PCURVE('',#7940,#8001);
#8001 = DEFINITIONAL_REPRESENTATION('',(#8002),#8006);
#8002 = LINE('',#8003,#8004);
#8003 = CARTESIAN_POINT('',(0.,-60.));
#8004 = VECTOR('',#8005,1.);
#8005 = DIRECTION('',(1.,0.));
#8006 = ( GEOMETRIC_REPRESENTATION_CONTEXT(2) 
PARAMETRIC_REPRESENTATION_CONTEXT() REPRESENTATION_CONTEXT('2D SPACE',''
  ) );
#8007 = PCURVE('',#8008,#8013);
#8008 = PLANE('',#8009);
#8009 = AXIS2_PLACEMENT_3D('',#8010,#8011,#8012);
#8010 = CARTESIAN_POINT('',(-490.,82.,203.5));
#8011 = DIRECTION('',(-0.,1.,0.));
#8012 = DIRECTION('',(0.,0.,1.));
#8013 = DEFINITIONAL_REPRESENTATION('',(#8014),#8018);
#8014 = LINE('',#8015,#8016);
#8015 = CARTESIAN_POINT('',(0.,0.));
#8016 = VECTOR('',#8017,1.);
#8017 = DIRECTION('',(1.,0.));
#8018 = ( GEOMETRIC_REPRESENTATION_CONTEXT(2) 
PARAMETRIC_REPRESENTATION_CONTEXT() REPRESENTATION_CONTEXT('2D SPACE',''
  ) );
#8019 = ORIENTED_EDGE('',*,*,#8020,.F.);
#8020 = EDGE_CURVE('',#7932,#7993,#8021,.T.);
#8021 = SURFACE_CURVE('',#8022,(#8026,#8033),.PCURVE_S1.);
#8022 = LINE('',#8023,#8024);
#8023 = CARTESIAN_POINT('',(-490.,22.,248.5));
#8024 = VECTOR('',#8025,1.);
#8025 = DIRECTION('',(-0.,1.,0.));
#8026 = PCURVE('',#7940,#8027);
#8027 = DEFINITIONAL_REPRESENTATION('',(#8028),#8032);
#8028 = LINE('',#8029,#8030);
#8029 = CARTESIAN_POINT('',(45.,0.));
#8030 = VECTOR('',#8031,1.);
#8031 = DIRECTION('',(0.,-1.));
#8032 = ( GEOMETRIC_REPRESENTATION_CONTEXT(2) 
PARAMETRIC_REPRESENTATION_CONTEXT() REPRESENTATION_CONTEXT('2D SPACE',''
  ) );
#8033 = PCURVE('',#8034,#8039);
#8034 = PLANE('',#8035);
#8035 = AXIS2_PLACEMENT_3D('',#8036,#8037,#8038);
#8036 = CARTESIAN_POINT('',(-490.,22.,248.5));
#8037 = DIRECTION('',(0.,0.,1.));
#8038 = DIRECTION('',(1.,0.,-0.));
#8039 = DEFINITIONAL_REPRESENTATION('',(#8040),#8044);
#8040 = LINE('',#8041,#8042);
#8041 = CARTESIAN_POINT('',(0.,0.));
#8042 = VECTOR('',#8043,1.);
#8043 = DIRECTION('',(0.,1.));
#8044 = ( GEOMETRIC_REPRESENTATION_CONTEXT(2) 
PARAMETRIC_REPRESENTATION_CONTEXT() REPRESENTATION_CONTEXT('2D SPACE',''
  ) );
#8045 = ADVANCED_FACE('',(#8046),#7952,.F.);
#8046 = FACE_BOUND('',#8047,.F.);
#8047 = EDGE_LOOP('',(#8048,#8071,#8072,#8095));
#8048 = ORIENTED_EDGE('',*,*,#8049,.F.);
#8049 = EDGE_CURVE('',#7930,#8050,#8052,.T.);
#8050 = VERTEX_POINT('',#8051);
#8051 = CARTESIAN_POINT('',(-410.,22.,203.5));
#8052 = SURFACE_CURVE('',#8053,(#8057,#8064),.PCURVE_S1.);
#8053 = LINE('',#8054,#8055);
#8054 = CARTESIAN_POINT('',(-490.,22.,203.5));
#8055 = VECTOR('',#8056,1.);
#8056 = DIRECTION('',(1.,0.,-0.));
#8057 = PCURVE('',#7952,#8058);
#8058 = DEFINITIONAL_REPRESENTATION('',(#8059),#8063);
#8059 = LINE('',#8060,#8061);
#8060 = CARTESIAN_POINT('',(0.,0.));
#8061 = VECTOR('',#8062,1.);
#8062 = DIRECTION('',(0.,1.));
#8063 = ( GEOMETRIC_REPRESENTATION_CONTEXT(2) 
PARAMETRIC_REPRESENTATION_CONTEXT() REPRESENTATION_CONTEXT('2D SPACE',''
  ) );
#8064 = PCURVE('',#7980,#8065);
#8065 = DEFINITIONAL_REPRESENTATION('',(#8066),#8070);
#8066 = LINE('',#8067,#8068);
#8067 = CARTESIAN_POINT('',(0.,0.));
#8068 = VECTOR('',#8069,1.);
#8069 = DIRECTION('',(1.,0.));
#8070 = ( GEOMETRIC_REPRESENTATION_CONTEXT(2) 
PARAMETRIC_REPRESENTATION_CONTEXT() REPRESENTATION_CONTEXT('2D SPACE',''
  ) );
#8071 = ORIENTED_EDGE('',*,*,#7929,.T.);
#8072 = ORIENTED_EDGE('',*,*,#8073,.T.);
#8073 = EDGE_CURVE('',#7932,#8074,#8076,.T.);
#8074 = VERTEX_POINT('',#8075);
#8075 = CARTESIAN_POINT('',(-410.,22.,248.5));
#8076 = SURFACE_CURVE('',#8077,(#8081,#8088),.PCURVE_S1.);
#8077 = LINE('',#8078,#8079);
#8078 = CARTESIAN_POINT('',(-490.,22.,248.5));
#8079 = VECTOR('',#8080,1.);
#8080 = DIRECTION('',(1.,0.,-0.));
#8081 = PCURVE('',#7952,#8082);
#8082 = DEFINITIONAL_REPRESENTATION('',(#8083),#8087);
#8083 = LINE('',#8084,#8085);
#8084 = CARTESIAN_POINT('',(45.,0.));
#8085 = VECTOR('',#8086,1.);
#8086 = DIRECTION('',(0.,1.));
#8087 = ( GEOMETRIC_REPRESENTATION_CONTEXT(2) 
PARAMETRIC_REPRESENTATION_CONTEXT() REPRESENTATION_CONTEXT('2D SPACE',''
  ) );
#8088 = PCURVE('',#8034,#8089);
#8089 = DEFINITIONAL_REPRESENTATION('',(#8090),#8094);
#8090 = LINE('',#8091,#8092);
#8091 = CARTESIAN_POINT('',(0.,0.));
#8092 = VECTOR('',#8093,1.);
#8093 = DIRECTION('',(1.,0.));
#8094 = ( GEOMETRIC_REPRESENTATION_CONTEXT(2) 
PARAMETRIC_REPRESENTATION_CONTEXT() REPRESENTATION_CONTEXT('2D SPACE',''
  ) );
#8095 = ORIENTED_EDGE('',*,*,#8096,.F.);
#8096 = EDGE_CURVE('',#8050,#8074,#8097,.T.);
#8097 = SURFACE_CURVE('',#8098,(#8102,#8109),.PCURVE_S1.);
#8098 = LINE('',#8099,#8100);
#8099 = CARTESIAN_POINT('',(-410.,22.,203.5));
#8100 = VECTOR('',#8101,1.);
#8101 = DIRECTION('',(0.,0.,1.));
#8102 = PCURVE('',#7952,#8103);
#8103 = DEFINITIONAL_REPRESENTATION('',(#8104),#8108);
#8104 = LINE('',#8105,#8106);
#8105 = CARTESIAN_POINT('',(0.,80.));
#8106 = VECTOR('',#8107,1.);
#8107 = DIRECTION('',(1.,0.));
#8108 = ( GEOMETRIC_REPRESENTATION_CONTEXT(2) 
PARAMETRIC_REPRESENTATION_CONTEXT() REPRESENTATION_CONTEXT('2D SPACE',''
  ) );
#8109 = PCURVE('',#8110,#8115);
#8110 = PLANE('',#8111);
#8111 = AXIS2_PLACEMENT_3D('',#8112,#8113,#8114);
#8112 = CARTESIAN_POINT('',(-410.,22.,203.5));
#8113 = DIRECTION('',(1.,0.,-0.));
#8114 = DIRECTION('',(0.,0.,1.));
#8115 = DEFINITIONAL_REPRESENTATION('',(#8116),#8120);
#8116 = LINE('',#8117,#8118);
#8117 = CARTESIAN_POINT('',(0.,0.));
#8118 = VECTOR('',#8119,1.);
#8119 = DIRECTION('',(1.,0.));
#8120 = ( GEOMETRIC_REPRESENTATION_CONTEXT(2) 
PARAMETRIC_REPRESENTATION_CONTEXT() REPRESENTATION_CONTEXT('2D SPACE',''
  ) );
#8121 = ADVANCED_FACE('',(#8122,#8170,#8201),#8034,.T.);
#8122 = FACE_BOUND('',#8123,.T.);
#8123 = EDGE_LOOP('',(#8124,#8125,#8126,#8149));
#8124 = ORIENTED_EDGE('',*,*,#8020,.F.);
#8125 = ORIENTED_EDGE('',*,*,#8073,.T.);
#8126 = ORIENTED_EDGE('',*,*,#8127,.T.);
#8127 = EDGE_CURVE('',#8074,#8128,#8130,.T.);
#8128 = VERTEX_POINT('',#8129);
#8129 = CARTESIAN_POINT('',(-410.,82.,248.5));
#8130 = SURFACE_CURVE('',#8131,(#8135,#8142),.PCURVE_S1.);
#8131 = LINE('',#8132,#8133);
#8132 = CARTESIAN_POINT('',(-410.,22.,248.5));
#8133 = VECTOR('',#8134,1.);
#8134 = DIRECTION('',(-0.,1.,0.));
#8135 = PCURVE('',#8034,#8136);
#8136 = DEFINITIONAL_REPRESENTATION('',(#8137),#8141);
#8137 = LINE('',#8138,#8139);
#8138 = CARTESIAN_POINT('',(80.,0.));
#8139 = VECTOR('',#8140,1.);
#8140 = DIRECTION('',(0.,1.));
#8141 = ( GEOMETRIC_REPRESENTATION_CONTEXT(2) 
PARAMETRIC_REPRESENTATION_CONTEXT() REPRESENTATION_CONTEXT('2D SPACE',''
  ) );
#8142 = PCURVE('',#8110,#8143);
#8143 = DEFINITIONAL_REPRESENTATION('',(#8144),#8148);
#8144 = LINE('',#8145,#8146);
#8145 = CARTESIAN_POINT('',(45.,0.));
#8146 = VECTOR('',#8147,1.);
#8147 = DIRECTION('',(0.,-1.));
#8148 = ( GEOMETRIC_REPRESENTATION_CONTEXT(2) 
PARAMETRIC_REPRESENTATION_CONTEXT() REPRESENTATION_CONTEXT('2D SPACE',''
  ) );
#8149 = ORIENTED_EDGE('',*,*,#8150,.F.);
#8150 = EDGE_CURVE('',#7993,#8128,#8151,.T.);
#8151 = SURFACE_CURVE('',#8152,(#8156,#8163),.PCURVE_S1.);
#8152 = LINE('',#8153,#8154);
#8153 = CARTESIAN_POINT('',(-490.,82.,248.5));
#8154 = VECTOR('',#8155,1.);
#8155 = DIRECTION('',(1.,0.,-0.));
#8156 = PCURVE('',#8034,#8157);
#8157 = DEFINITIONAL_REPRESENTATION('',(#8158),#8162);
#8158 = LINE('',#8159,#8160);
#8159 = CARTESIAN_POINT('',(0.,60.));
#8160 = VECTOR('',#8161,1.);
#8161 = DIRECTION('',(1.,0.));
#8162 = ( GEOMETRIC_REPRESENTATION_CONTEXT(2) 
PARAMETRIC_REPRESENTATION_CONTEXT() REPRESENTATION_CONTEXT('2D SPACE',''
  ) );
#8163 = PCURVE('',#8008,#8164);
#8164 = DEFINITIONAL_REPRESENTATION('',(#8165),#8169);
#8165 = LINE('',#8166,#8167);
#8166 = CARTESIAN_POINT('',(45.,0.));
#8167 = VECTOR('',#8168,1.);
#8168 = DIRECTION('',(0.,1.));
#8169 = ( GEOMETRIC_REPRESENTATION_CONTEXT(2) 
PARAMETRIC_REPRESENTATION_CONTEXT() REPRESENTATION_CONTEXT('2D SPACE',''
  ) );
#8170 = FACE_BOUND('',#8171,.T.);
#8171 = EDGE_LOOP('',(#8172));
#8172 = ORIENTED_EDGE('',*,*,#8173,.F.);
#8173 = EDGE_CURVE('',#8174,#8174,#8176,.T.);
#8174 = VERTEX_POINT('',#8175);
#8175 = CARTESIAN_POINT('',(-473.,52.,248.5));
#8176 = SURFACE_CURVE('',#8177,(#8182,#8189),.PCURVE_S1.);
#8177 = CIRCLE('',#8178,2.);
#8178 = AXIS2_PLACEMENT_3D('',#8179,#8180,#8181);
#8179 = CARTESIAN_POINT('',(-475.,52.,248.5));
#8180 = DIRECTION('',(0.,0.,1.));
#8181 = DIRECTION('',(1.,0.,-0.));
#8182 = PCURVE('',#8034,#8183);
#8183 = DEFINITIONAL_REPRESENTATION('',(#8184),#8188);
#8184 = CIRCLE('',#8185,2.);
#8185 = AXIS2_PLACEMENT_2D('',#8186,#8187);
#8186 = CARTESIAN_POINT('',(15.,30.));
#8187 = DIRECTION('',(1.,0.));
#8188 = ( GEOMETRIC_REPRESENTATION_CONTEXT(2) 
PARAMETRIC_REPRESENTATION_CONTEXT() REPRESENTATION_CONTEXT('2D SPACE',''
  ) );
#8189 = PCURVE('',#8190,#8195);
#8190 = CYLINDRICAL_SURFACE('',#8191,2.);
#8191 = AXIS2_PLACEMENT_3D('',#8192,#8193,#8194);
#8192 = CARTESIAN_POINT('',(-475.,52.,240.5));
#8193 = DIRECTION('',(0.,0.,1.));
#8194 = DIRECTION('',(1.,0.,-0.));
#8195 = DEFINITIONAL_REPRESENTATION('',(#8196),#8200);
#8196 = LINE('',#8197,#8198);
#8197 = CARTESIAN_POINT('',(0.,8.));
#8198 = VECTOR('',#8199,1.);
#8199 = DIRECTION('',(1.,0.));
#8200 = ( GEOMETRIC_REPRESENTATION_CONTEXT(2) 
PARAMETRIC_REPRESENTATION_CONTEXT() REPRESENTATION_CONTEXT('2D SPACE',''
  ) );
#8201 = FACE_BOUND('',#8202,.T.);
#8202 = EDGE_LOOP('',(#8203));
#8203 = ORIENTED_EDGE('',*,*,#8204,.F.);
#8204 = EDGE_CURVE('',#8205,#8205,#8207,.T.);
#8205 = VERTEX_POINT('',#8206);
#8206 = CARTESIAN_POINT('',(-423.,52.,248.5));
#8207 = SURFACE_CURVE('',#8208,(#8213,#8220),.PCURVE_S1.);
#8208 = CIRCLE('',#8209,2.);
#8209 = AXIS2_PLACEMENT_3D('',#8210,#8211,#8212);
#8210 = CARTESIAN_POINT('',(-425.,52.,248.5));
#8211 = DIRECTION('',(0.,0.,1.));
#8212 = DIRECTION('',(1.,0.,-0.));
#8213 = PCURVE('',#8034,#8214);
#8214 = DEFINITIONAL_REPRESENTATION('',(#8215),#8219);
#8215 = CIRCLE('',#8216,2.);
#8216 = AXIS2_PLACEMENT_2D('',#8217,#8218);
#8217 = CARTESIAN_POINT('',(65.,30.));
#8218 = DIRECTION('',(1.,0.));
#8219 = ( GEOMETRIC_REPRESENTATION_CONTEXT(2) 
PARAMETRIC_REPRESENTATION_CONTEXT() REPRESENTATION_CONTEXT('2D SPACE',''
  ) );
#8220 = PCURVE('',#8221,#8226);
#8221 = CYLINDRICAL_SURFACE('',#8222,2.);
#8222 = AXIS2_PLACEMENT_3D('',#8223,#8224,#8225);
#8223 = CARTESIAN_POINT('',(-425.,52.,240.5));
#8224 = DIRECTION('',(0.,0.,1.));
#8225 = DIRECTION('',(1.,0.,-0.));
#8226 = DEFINITIONAL_REPRESENTATION('',(#8227),#8231);
#8227 = LINE('',#8228,#8229);
#8228 = CARTESIAN_POINT('',(0.,8.));
#8229 = VECTOR('',#8230,1.);
#8230 = DIRECTION('',(1.,0.));
#8231 = ( GEOMETRIC_REPRESENTATION_CONTEXT(2) 
PARAMETRIC_REPRESENTATION_CONTEXT() REPRESENTATION_CONTEXT('2D SPACE',''
  ) );
#8232 = ADVANCED_FACE('',(#8233),#8008,.T.);
#8233 = FACE_BOUND('',#8234,.T.);
#8234 = EDGE_LOOP('',(#8235,#8258,#8259,#8260));
#8235 = ORIENTED_EDGE('',*,*,#8236,.F.);
#8236 = EDGE_CURVE('',#7965,#8237,#8239,.T.);
#8237 = VERTEX_POINT('',#8238);
#8238 = CARTESIAN_POINT('',(-410.,82.,203.5));
#8239 = SURFACE_CURVE('',#8240,(#8244,#8251),.PCURVE_S1.);
#8240 = LINE('',#8241,#8242);
#8241 = CARTESIAN_POINT('',(-490.,82.,203.5));
#8242 = VECTOR('',#8243,1.);
#8243 = DIRECTION('',(1.,0.,-0.));
#8244 = PCURVE('',#8008,#8245);
#8245 = DEFINITIONAL_REPRESENTATION('',(#8246),#8250);
#8246 = LINE('',#8247,#8248);
#8247 = CARTESIAN_POINT('',(0.,0.));
#8248 = VECTOR('',#8249,1.);
#8249 = DIRECTION('',(0.,1.));
#8250 = ( GEOMETRIC_REPRESENTATION_CONTEXT(2) 
PARAMETRIC_REPRESENTATION_CONTEXT() REPRESENTATION_CONTEXT('2D SPACE',''
  ) );
#8251 = PCURVE('',#7980,#8252);
#8252 = DEFINITIONAL_REPRESENTATION('',(#8253),#8257);
#8253 = LINE('',#8254,#8255);
#8254 = CARTESIAN_POINT('',(0.,60.));
#8255 = VECTOR('',#8256,1.);
#8256 = DIRECTION('',(1.,0.));
#8257 = ( GEOMETRIC_REPRESENTATION_CONTEXT(2) 
PARAMETRIC_REPRESENTATION_CONTEXT() REPRESENTATION_CONTEXT('2D SPACE',''
  ) );
#8258 = ORIENTED_EDGE('',*,*,#7992,.T.);
#8259 = ORIENTED_EDGE('',*,*,#8150,.T.);
#8260 = ORIENTED_EDGE('',*,*,#8261,.F.);
#8261 = EDGE_CURVE('',#8237,#8128,#8262,.T.);
#8262 = SURFACE_CURVE('',#8263,(#8267,#8274),.PCURVE_S1.);
#8263 = LINE('',#8264,#8265);
#8264 = CARTESIAN_POINT('',(-410.,82.,203.5));
#8265 = VECTOR('',#8266,1.);
#8266 = DIRECTION('',(0.,0.,1.));
#8267 = PCURVE('',#8008,#8268);
#8268 = DEFINITIONAL_REPRESENTATION('',(#8269),#8273);
#8269 = LINE('',#8270,#8271);
#8270 = CARTESIAN_POINT('',(0.,80.));
#8271 = VECTOR('',#8272,1.);
#8272 = DIRECTION('',(1.,0.));
#8273 = ( GEOMETRIC_REPRESENTATION_CONTEXT(2) 
PARAMETRIC_REPRESENTATION_CONTEXT() REPRESENTATION_CONTEXT('2D SPACE',''
  ) );
#8274 = PCURVE('',#8110,#8275);
#8275 = DEFINITIONAL_REPRESENTATION('',(#8276),#8280);
#8276 = LINE('',#8277,#8278);
#8277 = CARTESIAN_POINT('',(0.,-60.));
#8278 = VECTOR('',#8279,1.);
#8279 = DIRECTION('',(1.,0.));
#8280 = ( GEOMETRIC_REPRESENTATION_CONTEXT(2) 
PARAMETRIC_REPRESENTATION_CONTEXT() REPRESENTATION_CONTEXT('2D SPACE',''
  ) );
#8281 = ADVANCED_FACE('',(#8282),#7980,.F.);
#8282 = FACE_BOUND('',#8283,.F.);
#8283 = EDGE_LOOP('',(#8284,#8285,#8286,#8307));
#8284 = ORIENTED_EDGE('',*,*,#7964,.F.);
#8285 = ORIENTED_EDGE('',*,*,#8049,.T.);
#8286 = ORIENTED_EDGE('',*,*,#8287,.T.);
#8287 = EDGE_CURVE('',#8050,#8237,#8288,.T.);
#8288 = SURFACE_CURVE('',#8289,(#8293,#8300),.PCURVE_S1.);
#8289 = LINE('',#8290,#8291);
#8290 = CARTESIAN_POINT('',(-410.,22.,203.5));
#8291 = VECTOR('',#8292,1.);
#8292 = DIRECTION('',(-0.,1.,0.));
#8293 = PCURVE('',#7980,#8294);
#8294 = DEFINITIONAL_REPRESENTATION('',(#8295),#8299);
#8295 = LINE('',#8296,#8297);
#8296 = CARTESIAN_POINT('',(80.,0.));
#8297 = VECTOR('',#8298,1.);
#8298 = DIRECTION('',(0.,1.));
#8299 = ( GEOMETRIC_REPRESENTATION_CONTEXT(2) 
PARAMETRIC_REPRESENTATION_CONTEXT() REPRESENTATION_CONTEXT('2D SPACE',''
  ) );
#8300 = PCURVE('',#8110,#8301);
#8301 = DEFINITIONAL_REPRESENTATION('',(#8302),#8306);
#8302 = LINE('',#8303,#8304);
#8303 = CARTESIAN_POINT('',(0.,0.));
#8304 = VECTOR('',#8305,1.);
#8305 = DIRECTION('',(0.,-1.));
#8306 = ( GEOMETRIC_REPRESENTATION_CONTEXT(2) 
PARAMETRIC_REPRESENTATION_CONTEXT() REPRESENTATION_CONTEXT('2D SPACE',''
  ) );
#8307 = ORIENTED_EDGE('',*,*,#8236,.F.);
#8308 = ADVANCED_FACE('',(#8309,#8315),#8110,.T.);
#8309 = FACE_BOUND('',#8310,.T.);
#8310 = EDGE_LOOP('',(#8311,#8312,#8313,#8314));
#8311 = ORIENTED_EDGE('',*,*,#8096,.F.);
#8312 = ORIENTED_EDGE('',*,*,#8287,.T.);
#8313 = ORIENTED_EDGE('',*,*,#8261,.T.);
#8314 = ORIENTED_EDGE('',*,*,#8127,.F.);
#8315 = FACE_BOUND('',#8316,.T.);
#8316 = EDGE_LOOP('',(#8317));
#8317 = ORIENTED_EDGE('',*,*,#8318,.F.);
#8318 = EDGE_CURVE('',#8319,#8319,#8321,.T.);
#8319 = VERTEX_POINT('',#8320);
#8320 = CARTESIAN_POINT('',(-410.,52.,213.5));
#8321 = SURFACE_CURVE('',#8322,(#8327,#8334),.PCURVE_S1.);
#8322 = CIRCLE('',#8323,12.5);
#8323 = AXIS2_PLACEMENT_3D('',#8324,#8325,#8326);
#8324 = CARTESIAN_POINT('',(-410.,52.,226.));
#8325 = DIRECTION('',(1.,-0.,2.22044604925E-16));
#8326 = DIRECTION('',(2.22044604925E-16,0.,-1.));
#8327 = PCURVE('',#8110,#8328);
#8328 = DEFINITIONAL_REPRESENTATION('',(#8329),#8333);
#8329 = CIRCLE('',#8330,12.5);
#8330 = AXIS2_PLACEMENT_2D('',#8331,#8332);
#8331 = CARTESIAN_POINT('',(22.5,-30.));
#8332 = DIRECTION('',(-1.,0.));
#8333 = ( GEOMETRIC_REPRESENTATION_CONTEXT(2) 
PARAMETRIC_REPRESENTATION_CONTEXT() REPRESENTATION_CONTEXT('2D SPACE',''
  ) );
#8334 = PCURVE('',#8335,#8340);
#8335 = CYLINDRICAL_SURFACE('',#8336,12.5);
#8336 = AXIS2_PLACEMENT_3D('',#8337,#8338,#8339);
#8337 = CARTESIAN_POINT('',(-410.,52.,226.));
#8338 = DIRECTION('',(1.,0.,2.22044604925E-16));
#8339 = DIRECTION('',(2.22044604925E-16,0.,-1.));
#8340 = DEFINITIONAL_REPRESENTATION('',(#8341),#8345);
#8341 = LINE('',#8342,#8343);
#8342 = CARTESIAN_POINT('',(0.,0.));
#8343 = VECTOR('',#8344,1.);
#8344 = DIRECTION('',(1.,0.));
#8345 = ( GEOMETRIC_REPRESENTATION_CONTEXT(2) 
PARAMETRIC_REPRESENTATION_CONTEXT() REPRESENTATION_CONTEXT('2D SPACE',''
  ) );
#8346 = ADVANCED_FACE('',(#8347),#8190,.T.);
#8347 = FACE_BOUND('',#8348,.T.);
#8348 = EDGE_LOOP('',(#8349,#8372,#8399,#8400));
#8349 = ORIENTED_EDGE('',*,*,#8350,.T.);
#8350 = EDGE_CURVE('',#8174,#8351,#8353,.T.);
#8351 = VERTEX_POINT('',#8352);
#8352 = CARTESIAN_POINT('',(-473.,52.,250.));
#8353 = SEAM_CURVE('',#8354,(#8358,#8365),.PCURVE_S1.);
#8354 = LINE('',#8355,#8356);
#8355 = CARTESIAN_POINT('',(-473.,52.,240.5));
#8356 = VECTOR('',#8357,1.);
#8357 = DIRECTION('',(0.,0.,1.));
#8358 = PCURVE('',#8190,#8359);
#8359 = DEFINITIONAL_REPRESENTATION('',(#8360),#8364);
#8360 = LINE('',#8361,#8362);
#8361 = CARTESIAN_POINT('',(6.28318530718,-0.));
#8362 = VECTOR('',#8363,1.);
#8363 = DIRECTION('',(0.,1.));
#8364 = ( GEOMETRIC_REPRESENTATION_CONTEXT(2) 
PARAMETRIC_REPRESENTATION_CONTEXT() REPRESENTATION_CONTEXT('2D SPACE',''
  ) );
#8365 = PCURVE('',#8190,#8366);
#8366 = DEFINITIONAL_REPRESENTATION('',(#8367),#8371);
#8367 = LINE('',#8368,#8369);
#8368 = CARTESIAN_POINT('',(0.,-0.));
#8369 = VECTOR('',#8370,1.);
#8370 = DIRECTION('',(0.,1.));
#8371 = ( GEOMETRIC_REPRESENTATION_CONTEXT(2) 
PARAMETRIC_REPRESENTATION_CONTEXT() REPRESENTATION_CONTEXT('2D SPACE',''
  ) );
#8372 = ORIENTED_EDGE('',*,*,#8373,.F.);
#8373 = EDGE_CURVE('',#8351,#8351,#8374,.T.);
#8374 = SURFACE_CURVE('',#8375,(#8380,#8387),.PCURVE_S1.);
#8375 = CIRCLE('',#8376,2.);
#8376 = AXIS2_PLACEMENT_3D('',#8377,#8378,#8379);
#8377 = CARTESIAN_POINT('',(-475.,52.,250.));
#8378 = DIRECTION('',(0.,0.,1.));
#8379 = DIRECTION('',(1.,0.,-0.));
#8380 = PCURVE('',#8190,#8381);
#8381 = DEFINITIONAL_REPRESENTATION('',(#8382),#8386);
#8382 = LINE('',#8383,#8384);
#8383 = CARTESIAN_POINT('',(0.,9.5));
#8384 = VECTOR('',#8385,1.);
#8385 = DIRECTION('',(1.,0.));
#8386 = ( GEOMETRIC_REPRESENTATION_CONTEXT(2) 
PARAMETRIC_REPRESENTATION_CONTEXT() REPRESENTATION_CONTEXT('2D SPACE',''
  ) );
#8387 = PCURVE('',#8388,#8393);
#8388 = PLANE('',#8389);
#8389 = AXIS2_PLACEMENT_3D('',#8390,#8391,#8392);
#8390 = CARTESIAN_POINT('',(-475.,52.,250.));
#8391 = DIRECTION('',(0.,0.,1.));
#8392 = DIRECTION('',(1.,0.,-0.));
#8393 = DEFINITIONAL_REPRESENTATION('',(#8394),#8398);
#8394 = CIRCLE('',#8395,2.);
#8395 = AXIS2_PLACEMENT_2D('',#8396,#8397);
#8396 = CARTESIAN_POINT('',(0.,0.));
#8397 = DIRECTION('',(1.,0.));
#8398 = ( GEOMETRIC_REPRESENTATION_CONTEXT(2) 
PARAMETRIC_REPRESENTATION_CONTEXT() REPRESENTATION_CONTEXT('2D SPACE',''
  ) );
#8399 = ORIENTED_EDGE('',*,*,#8350,.F.);
#8400 = ORIENTED_EDGE('',*,*,#8173,.T.);
#8401 = ADVANCED_FACE('',(#8402),#8221,.T.);
#8402 = FACE_BOUND('',#8403,.T.);
#8403 = EDGE_LOOP('',(#8404,#8427,#8454,#8455));
#8404 = ORIENTED_EDGE('',*,*,#8405,.T.);
#8405 = EDGE_CURVE('',#8205,#8406,#8408,.T.);
#8406 = VERTEX_POINT('',#8407);
#8407 = CARTESIAN_POINT('',(-423.,52.,250.));
#8408 = SEAM_CURVE('',#8409,(#8413,#8420),.PCURVE_S1.);
#8409 = LINE('',#8410,#8411);
#8410 = CARTESIAN_POINT('',(-423.,52.,240.5));
#8411 = VECTOR('',#8412,1.);
#8412 = DIRECTION('',(0.,0.,1.));
#8413 = PCURVE('',#8221,#8414);
#8414 = DEFINITIONAL_REPRESENTATION('',(#8415),#8419);
#8415 = LINE('',#8416,#8417);
#8416 = CARTESIAN_POINT('',(6.28318530718,-0.));
#8417 = VECTOR('',#8418,1.);
#8418 = DIRECTION('',(0.,1.));
#8419 = ( GEOMETRIC_REPRESENTATION_CONTEXT(2) 
PARAMETRIC_REPRESENTATION_CONTEXT() REPRESENTATION_CONTEXT('2D SPACE',''
  ) );
#8420 = PCURVE('',#8221,#8421);
#8421 = DEFINITIONAL_REPRESENTATION('',(#8422),#8426);
#8422 = LINE('',#8423,#8424);
#8423 = CARTESIAN_POINT('',(0.,-0.));
#8424 = VECTOR('',#8425,1.);
#8425 = DIRECTION('',(0.,1.));
#8426 = ( GEOMETRIC_REPRESENTATION_CONTEXT(2) 
PARAMETRIC_REPRESENTATION_CONTEXT() REPRESENTATION_CONTEXT('2D SPACE',''
  ) );
#8427 = ORIENTED_EDGE('',*,*,#8428,.F.);
#8428 = EDGE_CURVE('',#8406,#8406,#8429,.T.);
#8429 = SURFACE_CURVE('',#8430,(#8435,#8442),.PCURVE_S1.);
#8430 = CIRCLE('',#8431,2.);
#8431 = AXIS2_PLACEMENT_3D('',#8432,#8433,#8434);
#8432 = CARTESIAN_POINT('',(-425.,52.,250.));
#8433 = DIRECTION('',(0.,0.,1.));
#8434 = DIRECTION('',(1.,0.,-0.));
#8435 = PCURVE('',#8221,#8436);
#8436 = DEFINITIONAL_REPRESENTATION('',(#8437),#8441);
#8437 = LINE('',#8438,#8439);
#8438 = CARTESIAN_POINT('',(0.,9.5));
#8439 = VECTOR('',#8440,1.);
#8440 = DIRECTION('',(1.,0.));
#8441 = ( GEOMETRIC_REPRESENTATION_CONTEXT(2) 
PARAMETRIC_REPRESENTATION_CONTEXT() REPRESENTATION_CONTEXT('2D SPACE',''
  ) );
#8442 = PCURVE('',#8443,#8448);
#8443 = PLANE('',#8444);
#8444 = AXIS2_PLACEMENT_3D('',#8445,#8446,#8447);
#8445 = CARTESIAN_POINT('',(-425.,52.,250.));
#8446 = DIRECTION('',(0.,0.,1.));
#8447 = DIRECTION('',(1.,0.,-0.));
#8448 = DEFINITIONAL_REPRESENTATION('',(#8449),#8453);
#8449 = CIRCLE('',#8450,2.);
#8450 = AXIS2_PLACEMENT_2D('',#8451,#8452);
#8451 = CARTESIAN_POINT('',(0.,0.));
#8452 = DIRECTION('',(1.,0.));
#8453 = ( GEOMETRIC_REPRESENTATION_CONTEXT(2) 
PARAMETRIC_REPRESENTATION_CONTEXT() REPRESENTATION_CONTEXT('2D SPACE',''
  ) );
#8454 = ORIENTED_EDGE('',*,*,#8405,.F.);
#8455 = ORIENTED_EDGE('',*,*,#8204,.T.);
#8456 = ADVANCED_FACE('',(#8457),#8335,.T.);
#8457 = FACE_BOUND('',#8458,.T.);
#8458 = EDGE_LOOP('',(#8459,#8488,#8509,#8510));
#8459 = ORIENTED_EDGE('',*,*,#8460,.F.);
#8460 = EDGE_CURVE('',#8461,#8461,#8463,.T.);
#8461 = VERTEX_POINT('',#8462);
#8462 = CARTESIAN_POINT('',(-385.,52.,213.5));
#8463 = SURFACE_CURVE('',#8464,(#8469,#8476),.PCURVE_S1.);
#8464 = CIRCLE('',#8465,12.5);
#8465 = AXIS2_PLACEMENT_3D('',#8466,#8467,#8468);
#8466 = CARTESIAN_POINT('',(-385.,52.,226.));
#8467 = DIRECTION('',(1.,-0.,2.22044604925E-16));
#8468 = DIRECTION('',(2.22044604925E-16,0.,-1.));
#8469 = PCURVE('',#8335,#8470);
#8470 = DEFINITIONAL_REPRESENTATION('',(#8471),#8475);
#8471 = LINE('',#8472,#8473);
#8472 = CARTESIAN_POINT('',(0.,25.));
#8473 = VECTOR('',#8474,1.);
#8474 = DIRECTION('',(1.,0.));
#8475 = ( GEOMETRIC_REPRESENTATION_CONTEXT(2) 
PARAMETRIC_REPRESENTATION_CONTEXT() REPRESENTATION_CONTEXT('2D SPACE',''
  ) );
#8476 = PCURVE('',#8477,#8482);
#8477 = PLANE('',#8478);
#8478 = AXIS2_PLACEMENT_3D('',#8479,#8480,#8481);
#8479 = CARTESIAN_POINT('',(-385.,52.,226.));
#8480 = DIRECTION('',(1.,0.,2.22044604925E-16));
#8481 = DIRECTION('',(2.22044604925E-16,0.,-1.));
#8482 = DEFINITIONAL_REPRESENTATION('',(#8483),#8487);
#8483 = CIRCLE('',#8484,12.5);
#8484 = AXIS2_PLACEMENT_2D('',#8485,#8486);
#8485 = CARTESIAN_POINT('',(0.,0.));
#8486 = DIRECTION('',(1.,0.));
#8487 = ( GEOMETRIC_REPRESENTATION_CONTEXT(2) 
PARAMETRIC_REPRESENTATION_CONTEXT() REPRESENTATION_CONTEXT('2D SPACE',''
  ) );
#8488 = ORIENTED_EDGE('',*,*,#8489,.F.);
#8489 = EDGE_CURVE('',#8319,#8461,#8490,.T.);
#8490 = SEAM_CURVE('',#8491,(#8495,#8502),.PCURVE_S1.);
#8491 = LINE('',#8492,#8493);
#8492 = CARTESIAN_POINT('',(-410.,52.,213.5));
#8493 = VECTOR('',#8494,1.);
#8494 = DIRECTION('',(1.,0.,2.22044604925E-16));
#8495 = PCURVE('',#8335,#8496);
#8496 = DEFINITIONAL_REPRESENTATION('',(#8497),#8501);
#8497 = LINE('',#8498,#8499);
#8498 = CARTESIAN_POINT('',(6.28318530718,-0.));
#8499 = VECTOR('',#8500,1.);
#8500 = DIRECTION('',(0.,1.));
#8501 = ( GEOMETRIC_REPRESENTATION_CONTEXT(2) 
PARAMETRIC_REPRESENTATION_CONTEXT() REPRESENTATION_CONTEXT('2D SPACE',''
  ) );
#8502 = PCURVE('',#8335,#8503);
#8503 = DEFINITIONAL_REPRESENTATION('',(#8504),#8508);
#8504 = LINE('',#8505,#8506);
#8505 = CARTESIAN_POINT('',(0.,-0.));
#8506 = VECTOR('',#8507,1.);
#8507 = DIRECTION('',(0.,1.));
#8508 = ( GEOMETRIC_REPRESENTATION_CONTEXT(2) 
PARAMETRIC_REPRESENTATION_CONTEXT() REPRESENTATION_CONTEXT('2D SPACE',''
  ) );
#8509 = ORIENTED_EDGE('',*,*,#8318,.T.);
#8510 = ORIENTED_EDGE('',*,*,#8489,.T.);
#8511 = ADVANCED_FACE('',(#8512,#8543),#8388,.F.);
#8512 = FACE_BOUND('',#8513,.F.);
#8513 = EDGE_LOOP('',(#8514));
#8514 = ORIENTED_EDGE('',*,*,#8515,.T.);
#8515 = EDGE_CURVE('',#8516,#8516,#8518,.T.);
#8516 = VERTEX_POINT('',#8517);
#8517 = CARTESIAN_POINT('',(-471.,52.,250.));
#8518 = SURFACE_CURVE('',#8519,(#8524,#8531),.PCURVE_S1.);
#8519 = CIRCLE('',#8520,4.);
#8520 = AXIS2_PLACEMENT_3D('',#8521,#8522,#8523);
#8521 = CARTESIAN_POINT('',(-475.,52.,250.));
#8522 = DIRECTION('',(0.,0.,1.));
#8523 = DIRECTION('',(1.,0.,-0.));
#8524 = PCURVE('',#8388,#8525);
#8525 = DEFINITIONAL_REPRESENTATION('',(#8526),#8530);
#8526 = CIRCLE('',#8527,4.);
#8527 = AXIS2_PLACEMENT_2D('',#8528,#8529);
#8528 = CARTESIAN_POINT('',(0.,0.));
#8529 = DIRECTION('',(1.,0.));
#8530 = ( GEOMETRIC_REPRESENTATION_CONTEXT(2) 
PARAMETRIC_REPRESENTATION_CONTEXT() REPRESENTATION_CONTEXT('2D SPACE',''
  ) );
#8531 = PCURVE('',#8532,#8537);
#8532 = CYLINDRICAL_SURFACE('',#8533,4.);
#8533 = AXIS2_PLACEMENT_3D('',#8534,#8535,#8536);
#8534 = CARTESIAN_POINT('',(-475.,52.,250.));
#8535 = DIRECTION('',(0.,0.,1.));
#8536 = DIRECTION('',(1.,0.,-0.));
#8537 = DEFINITIONAL_REPRESENTATION('',(#8538),#8542);
#8538 = LINE('',#8539,#8540);
#8539 = CARTESIAN_POINT('',(0.,0.));
#8540 = VECTOR('',#8541,1.);
#8541 = DIRECTION('',(1.,0.));
#8542 = ( GEOMETRIC_REPRESENTATION_CONTEXT(2) 
PARAMETRIC_REPRESENTATION_CONTEXT() REPRESENTATION_CONTEXT('2D SPACE',''
  ) );
#8543 = FACE_BOUND('',#8544,.F.);
#8544 = EDGE_LOOP('',(#8545));
#8545 = ORIENTED_EDGE('',*,*,#8373,.F.);
#8546 = ADVANCED_FACE('',(#8547,#8578),#8443,.F.);
#8547 = FACE_BOUND('',#8548,.F.);
#8548 = EDGE_LOOP('',(#8549));
#8549 = ORIENTED_EDGE('',*,*,#8550,.T.);
#8550 = EDGE_CURVE('',#8551,#8551,#8553,.T.);
#8551 = VERTEX_POINT('',#8552);
#8552 = CARTESIAN_POINT('',(-421.,52.,250.));
#8553 = SURFACE_CURVE('',#8554,(#8559,#8566),.PCURVE_S1.);
#8554 = CIRCLE('',#8555,4.);
#8555 = AXIS2_PLACEMENT_3D('',#8556,#8557,#8558);
#8556 = CARTESIAN_POINT('',(-425.,52.,250.));
#8557 = DIRECTION('',(0.,0.,1.));
#8558 = DIRECTION('',(1.,0.,-0.));
#8559 = PCURVE('',#8443,#8560);
#8560 = DEFINITIONAL_REPRESENTATION('',(#8561),#8565);
#8561 = CIRCLE('',#8562,4.);
#8562 = AXIS2_PLACEMENT_2D('',#8563,#8564);
#8563 = CARTESIAN_POINT('',(0.,0.));
#8564 = DIRECTION('',(1.,0.));
#8565 = ( GEOMETRIC_REPRESENTATION_CONTEXT(2) 
PARAMETRIC_REPRESENTATION_CONTEXT() REPRESENTATION_CONTEXT('2D SPACE',''
  ) );
#8566 = PCURVE('',#8567,#8572);
#8567 = CYLINDRICAL_SURFACE('',#8568,4.);
#8568 = AXIS2_PLACEMENT_3D('',#8569,#8570,#8571);
#8569 = CARTESIAN_POINT('',(-425.,52.,250.));
#8570 = DIRECTION('',(0.,0.,1.));
#8571 = DIRECTION('',(1.,0.,-0.));
#8572 = DEFINITIONAL_REPRESENTATION('',(#8573),#8577);
#8573 = LINE('',#8574,#8575);
#8574 = CARTESIAN_POINT('',(0.,0.));
#8575 = VECTOR('',#8576,1.);
#8576 = DIRECTION('',(1.,0.));
#8577 = ( GEOMETRIC_REPRESENTATION_CONTEXT(2) 
PARAMETRIC_REPRESENTATION_CONTEXT() REPRESENTATION_CONTEXT('2D SPACE',''
  ) );
#8578 = FACE_BOUND('',#8579,.F.);
#8579 = EDGE_LOOP('',(#8580));
#8580 = ORIENTED_EDGE('',*,*,#8428,.F.);
#8581 = ADVANCED_FACE('',(#8582),#8477,.T.);
#8582 = FACE_BOUND('',#8583,.T.);
#8583 = EDGE_LOOP('',(#8584));
#8584 = ORIENTED_EDGE('',*,*,#8460,.T.);
#8585 = ADVANCED_FACE('',(#8586),#8532,.T.);
#8586 = FACE_BOUND('',#8587,.T.);
#8587 = EDGE_LOOP('',(#8588,#8617,#8638,#8639));
#8588 = ORIENTED_EDGE('',*,*,#8589,.F.);
#8589 = EDGE_CURVE('',#8590,#8590,#8592,.T.);
#8590 = VERTEX_POINT('',#8591);
#8591 = CARTESIAN_POINT('',(-471.,52.,253.));
#8592 = SURFACE_CURVE('',#8593,(#8598,#8605),.PCURVE_S1.);
#8593 = CIRCLE('',#8594,4.);
#8594 = AXIS2_PLACEMENT_3D('',#8595,#8596,#8597);
#8595 = CARTESIAN_POINT('',(-475.,52.,253.));
#8596 = DIRECTION('',(0.,0.,1.));
#8597 = DIRECTION('',(1.,0.,-0.));
#8598 = PCURVE('',#8532,#8599);
#8599 = DEFINITIONAL_REPRESENTATION('',(#8600),#8604);
#8600 = LINE('',#8601,#8602);
#8601 = CARTESIAN_POINT('',(0.,3.));
#8602 = VECTOR('',#8603,1.);
#8603 = DIRECTION('',(1.,0.));
#8604 = ( GEOMETRIC_REPRESENTATION_CONTEXT(2) 
PARAMETRIC_REPRESENTATION_CONTEXT() REPRESENTATION_CONTEXT('2D SPACE',''
  ) );
#8605 = PCURVE('',#8606,#8611);
#8606 = PLANE('',#8607);
#8607 = AXIS2_PLACEMENT_3D('',#8608,#8609,#8610);
#8608 = CARTESIAN_POINT('',(-475.,52.,253.));
#8609 = DIRECTION('',(0.,0.,1.));
#8610 = DIRECTION('',(1.,0.,-0.));
#8611 = DEFINITIONAL_REPRESENTATION('',(#8612),#8616);
#8612 = CIRCLE('',#8613,4.);
#8613 = AXIS2_PLACEMENT_2D('',#8614,#8615);
#8614 = CARTESIAN_POINT('',(0.,0.));
#8615 = DIRECTION('',(1.,0.));
#8616 = ( GEOMETRIC_REPRESENTATION_CONTEXT(2) 
PARAMETRIC_REPRESENTATION_CONTEXT() REPRESENTATION_CONTEXT('2D SPACE',''
  ) );
#8617 = ORIENTED_EDGE('',*,*,#8618,.F.);
#8618 = EDGE_CURVE('',#8516,#8590,#8619,.T.);
#8619 = SEAM_CURVE('',#8620,(#8624,#8631),.PCURVE_S1.);
#8620 = LINE('',#8621,#8622);
#8621 = CARTESIAN_POINT('',(-471.,52.,250.));
#8622 = VECTOR('',#8623,1.);
#8623 = DIRECTION('',(0.,0.,1.));
#8624 = PCURVE('',#8532,#8625);
#8625 = DEFINITIONAL_REPRESENTATION('',(#8626),#8630);
#8626 = LINE('',#8627,#8628);
#8627 = CARTESIAN_POINT('',(6.28318530718,-0.));
#8628 = VECTOR('',#8629,1.);
#8629 = DIRECTION('',(0.,1.));
#8630 = ( GEOMETRIC_REPRESENTATION_CONTEXT(2) 
PARAMETRIC_REPRESENTATION_CONTEXT() REPRESENTATION_CONTEXT('2D SPACE',''
  ) );
#8631 = PCURVE('',#8532,#8632);
#8632 = DEFINITIONAL_REPRESENTATION('',(#8633),#8637);
#8633 = LINE('',#8634,#8635);
#8634 = CARTESIAN_POINT('',(0.,-0.));
#8635 = VECTOR('',#8636,1.);
#8636 = DIRECTION('',(0.,1.));
#8637 = ( GEOMETRIC_REPRESENTATION_CONTEXT(2) 
PARAMETRIC_REPRESENTATION_CONTEXT() REPRESENTATION_CONTEXT('2D SPACE',''
  ) );
#8638 = ORIENTED_EDGE('',*,*,#8515,.T.);
#8639 = ORIENTED_EDGE('',*,*,#8618,.T.);
#8640 = ADVANCED_FACE('',(#8641),#8567,.T.);
#8641 = FACE_BOUND('',#8642,.T.);
#8642 = EDGE_LOOP('',(#8643,#8672,#8693,#8694));
#8643 = ORIENTED_EDGE('',*,*,#8644,.F.);
#8644 = EDGE_CURVE('',#8645,#8645,#8647,.T.);
#8645 = VERTEX_POINT('',#8646);
#8646 = CARTESIAN_POINT('',(-421.,52.,253.));
#8647 = SURFACE_CURVE('',#8648,(#8653,#8660),.PCURVE_S1.);
#8648 = CIRCLE('',#8649,4.);
#8649 = AXIS2_PLACEMENT_3D('',#8650,#8651,#8652);
#8650 = CARTESIAN_POINT('',(-425.,52.,253.));
#8651 = DIRECTION('',(0.,0.,1.));
#8652 = DIRECTION('',(1.,0.,-0.));
#8653 = PCURVE('',#8567,#8654);
#8654 = DEFINITIONAL_REPRESENTATION('',(#8655),#8659);
#8655 = LINE('',#8656,#8657);
#8656 = CARTESIAN_POINT('',(0.,3.));
#8657 = VECTOR('',#8658,1.);
#8658 = DIRECTION('',(1.,0.));
#8659 = ( GEOMETRIC_REPRESENTATION_CONTEXT(2) 
PARAMETRIC_REPRESENTATION_CONTEXT() REPRESENTATION_CONTEXT('2D SPACE',''
  ) );
#8660 = PCURVE('',#8661,#8666);
#8661 = PLANE('',#8662);
#8662 = AXIS2_PLACEMENT_3D('',#8663,#8664,#8665);
#8663 = CARTESIAN_POINT('',(-425.,52.,253.));
#8664 = DIRECTION('',(0.,0.,1.));
#8665 = DIRECTION('',(1.,0.,-0.));
#8666 = DEFINITIONAL_REPRESENTATION('',(#8667),#8671);
#8667 = CIRCLE('',#8668,4.);
#8668 = AXIS2_PLACEMENT_2D('',#8669,#8670);
#8669 = CARTESIAN_POINT('',(0.,0.));
#8670 = DIRECTION('',(1.,0.));
#8671 = ( GEOMETRIC_REPRESENTATION_CONTEXT(2) 
PARAMETRIC_REPRESENTATION_CONTEXT() REPRESENTATION_CONTEXT('2D SPACE',''
  ) );
#8672 = ORIENTED_EDGE('',*,*,#8673,.F.);
#8673 = EDGE_CURVE('',#8551,#8645,#8674,.T.);
#8674 = SEAM_CURVE('',#8675,(#8679,#8686),.PCURVE_S1.);
#8675 = LINE('',#8676,#8677);
#8676 = CARTESIAN_POINT('',(-421.,52.,250.));
#8677 = VECTOR('',#8678,1.);
#8678 = DIRECTION('',(0.,0.,1.));
#8679 = PCURVE('',#8567,#8680);
#8680 = DEFINITIONAL_REPRESENTATION('',(#8681),#8685);
#8681 = LINE('',#8682,#8683);
#8682 = CARTESIAN_POINT('',(6.28318530718,-0.));
#8683 = VECTOR('',#8684,1.);
#8684 = DIRECTION('',(0.,1.));
#8685 = ( GEOMETRIC_REPRESENTATION_CONTEXT(2) 
PARAMETRIC_REPRESENTATION_CONTEXT() REPRESENTATION_CONTEXT('2D SPACE',''
  ) );
#8686 = PCURVE('',#8567,#8687);
#8687 = DEFINITIONAL_REPRESENTATION('',(#8688),#8692);
#8688 = LINE('',#8689,#8690);
#8689 = CARTESIAN_POINT('',(0.,-0.));
#8690 = VECTOR('',#8691,1.);
#8691 = DIRECTION('',(0.,1.));
#8692 = ( GEOMETRIC_REPRESENTATION_CONTEXT(2) 
PARAMETRIC_REPRESENTATION_CONTEXT() REPRESENTATION_CONTEXT('2D SPACE',''
  ) );
#8693 = ORIENTED_EDGE('',*,*,#8550,.T.);
#8694 = ORIENTED_EDGE('',*,*,#8673,.T.);
#8695 = ADVANCED_FACE('',(#8696),#8606,.T.);
#8696 = FACE_BOUND('',#8697,.T.);
#8697 = EDGE_LOOP('',(#8698));
#8698 = ORIENTED_EDGE('',*,*,#8589,.T.);
#8699 = ADVANCED_FACE('',(#8700),#8661,.T.);
#8700 = FACE_BOUND('',#8701,.T.);
#8701 = EDGE_LOOP('',(#8702));
#8702 = ORIENTED_EDGE('',*,*,#8644,.T.);
#8703 = ORIENTED_CLOSED_SHELL('',*,#8704,.F.);
#8704 = CLOSED_SHELL('',(#8705,#8793,#8797));
#8705 = ADVANCED_FACE('',(#8706),#8719,.T.);
#8706 = FACE_BOUND('',#8707,.T.);
#8707 = EDGE_LOOP('',(#8708,#8742,#8765,#8792));
#8708 = ORIENTED_EDGE('',*,*,#8709,.F.);
#8709 = EDGE_CURVE('',#8710,#8710,#8712,.T.);
#8710 = VERTEX_POINT('',#8711);
#8711 = CARTESIAN_POINT('',(-473.,52.,240.5));
#8712 = SURFACE_CURVE('',#8713,(#8718,#8730),.PCURVE_S1.);
#8713 = CIRCLE('',#8714,2.);
#8714 = AXIS2_PLACEMENT_3D('',#8715,#8716,#8717);
#8715 = CARTESIAN_POINT('',(-475.,52.,240.5));
#8716 = DIRECTION('',(0.,0.,1.));
#8717 = DIRECTION('',(1.,0.,-0.));
#8718 = PCURVE('',#8719,#8724);
#8719 = CYLINDRICAL_SURFACE('',#8720,2.);
#8720 = AXIS2_PLACEMENT_3D('',#8721,#8722,#8723);
#8721 = CARTESIAN_POINT('',(-475.,52.,239.5));
#8722 = DIRECTION('',(0.,0.,1.));
#8723 = DIRECTION('',(1.,0.,-0.));
#8724 = DEFINITIONAL_REPRESENTATION('',(#8725),#8729);
#8725 = LINE('',#8726,#8727);
#8726 = CARTESIAN_POINT('',(0.,1.));
#8727 = VECTOR('',#8728,1.);
#8728 = DIRECTION('',(1.,0.));
#8729 = ( GEOMETRIC_REPRESENTATION_CONTEXT(2) 
PARAMETRIC_REPRESENTATION_CONTEXT() REPRESENTATION_CONTEXT('2D SPACE',''
  ) );
#8730 = PCURVE('',#8731,#8736);
#8731 = PLANE('',#8732);
#8732 = AXIS2_PLACEMENT_3D('',#8733,#8734,#8735);
#8733 = CARTESIAN_POINT('',(-475.,52.,240.5));
#8734 = DIRECTION('',(0.,0.,1.));
#8735 = DIRECTION('',(1.,0.,-0.));
#8736 = DEFINITIONAL_REPRESENTATION('',(#8737),#8741);
#8737 = CIRCLE('',#8738,2.);
#8738 = AXIS2_PLACEMENT_2D('',#8739,#8740);
#8739 = CARTESIAN_POINT('',(0.,0.));
#8740 = DIRECTION('',(1.,0.));
#8741 = ( GEOMETRIC_REPRESENTATION_CONTEXT(2) 
PARAMETRIC_REPRESENTATION_CONTEXT() REPRESENTATION_CONTEXT('2D SPACE',''
  ) );
#8742 = ORIENTED_EDGE('',*,*,#8743,.F.);
#8743 = EDGE_CURVE('',#8744,#8710,#8746,.T.);
#8744 = VERTEX_POINT('',#8745);
#8745 = CARTESIAN_POINT('',(-473.,52.,239.5));
#8746 = SEAM_CURVE('',#8747,(#8751,#8758),.PCURVE_S1.);
#8747 = LINE('',#8748,#8749);
#8748 = CARTESIAN_POINT('',(-473.,52.,239.5));
#8749 = VECTOR('',#8750,1.);
#8750 = DIRECTION('',(0.,0.,1.));
#8751 = PCURVE('',#8719,#8752);
#8752 = DEFINITIONAL_REPRESENTATION('',(#8753),#8757);
#8753 = LINE('',#8754,#8755);
#8754 = CARTESIAN_POINT('',(6.28318530718,-0.));
#8755 = VECTOR('',#8756,1.);
#8756 = DIRECTION('',(0.,1.));
#8757 = ( GEOMETRIC_REPRESENTATION_CONTEXT(2) 
PARAMETRIC_REPRESENTATION_CONTEXT() REPRESENTATION_CONTEXT('2D SPACE',''
  ) );
#8758 = PCURVE('',#8719,#8759);
#8759 = DEFINITIONAL_REPRESENTATION('',(#8760),#8764);
#8760 = LINE('',#8761,#8762);
#8761 = CARTESIAN_POINT('',(0.,-0.));
#8762 = VECTOR('',#8763,1.);
#8763 = DIRECTION('',(0.,1.));
#8764 = ( GEOMETRIC_REPRESENTATION_CONTEXT(2) 
PARAMETRIC_REPRESENTATION_CONTEXT() REPRESENTATION_CONTEXT('2D SPACE',''
  ) );
#8765 = ORIENTED_EDGE('',*,*,#8766,.T.);
#8766 = EDGE_CURVE('',#8744,#8744,#8767,.T.);
#8767 = SURFACE_CURVE('',#8768,(#8773,#8780),.PCURVE_S1.);
#8768 = CIRCLE('',#8769,2.);
#8769 = AXIS2_PLACEMENT_3D('',#8770,#8771,#8772);
#8770 = CARTESIAN_POINT('',(-475.,52.,239.5));
#8771 = DIRECTION('',(0.,0.,1.));
#8772 = DIRECTION('',(1.,0.,-0.));
#8773 = PCURVE('',#8719,#8774);
#8774 = DEFINITIONAL_REPRESENTATION('',(#8775),#8779);
#8775 = LINE('',#8776,#8777);
#8776 = CARTESIAN_POINT('',(0.,0.));
#8777 = VECTOR('',#8778,1.);
#8778 = DIRECTION('',(1.,0.));
#8779 = ( GEOMETRIC_REPRESENTATION_CONTEXT(2) 
PARAMETRIC_REPRESENTATION_CONTEXT() REPRESENTATION_CONTEXT('2D SPACE',''
  ) );
#8780 = PCURVE('',#8781,#8786);
#8781 = PLANE('',#8782);
#8782 = AXIS2_PLACEMENT_3D('',#8783,#8784,#8785);
#8783 = CARTESIAN_POINT('',(-475.,52.,239.5));
#8784 = DIRECTION('',(0.,0.,1.));
#8785 = DIRECTION('',(1.,0.,-0.));
#8786 = DEFINITIONAL_REPRESENTATION('',(#8787),#8791);
#8787 = CIRCLE('',#8788,2.);
#8788 = AXIS2_PLACEMENT_2D('',#8789,#8790);
#8789 = CARTESIAN_POINT('',(0.,0.));
#8790 = DIRECTION('',(1.,0.));
#8791 = ( GEOMETRIC_REPRESENTATION_CONTEXT(2) 
PARAMETRIC_REPRESENTATION_CONTEXT() REPRESENTATION_CONTEXT('2D SPACE',''
  ) );
#8792 = ORIENTED_EDGE('',*,*,#8743,.T.);
#8793 = ADVANCED_FACE('',(#8794),#8731,.T.);
#8794 = FACE_BOUND('',#8795,.F.);
#8795 = EDGE_LOOP('',(#8796));
#8796 = ORIENTED_EDGE('',*,*,#8709,.F.);
#8797 = ADVANCED_FACE('',(#8798),#8781,.F.);
#8798 = FACE_BOUND('',#8799,.T.);
#8799 = EDGE_LOOP('',(#8800));
#8800 = ORIENTED_EDGE('',*,*,#8766,.F.);
#8801 = ORIENTED_CLOSED_SHELL('',*,#8802,.F.);
#8802 = CLOSED_SHELL('',(#8803,#8891,#8895));
#8803 = ADVANCED_FACE('',(#8804),#8817,.T.);
#8804 = FACE_BOUND('',#8805,.T.);
#8805 = EDGE_LOOP('',(#8806,#8840,#8863,#8890));
#8806 = ORIENTED_EDGE('',*,*,#8807,.F.);
#8807 = EDGE_CURVE('',#8808,#8808,#8810,.T.);
#8808 = VERTEX_POINT('',#8809);
#8809 = CARTESIAN_POINT('',(-423.,52.,240.5));
#8810 = SURFACE_CURVE('',#8811,(#8816,#8828),.PCURVE_S1.);
#8811 = CIRCLE('',#8812,2.);
#8812 = AXIS2_PLACEMENT_3D('',#8813,#8814,#8815);
#8813 = CARTESIAN_POINT('',(-425.,52.,240.5));
#8814 = DIRECTION('',(0.,0.,1.));
#8815 = DIRECTION('',(1.,0.,-0.));
#8816 = PCURVE('',#8817,#8822);
#8817 = CYLINDRICAL_SURFACE('',#8818,2.);
#8818 = AXIS2_PLACEMENT_3D('',#8819,#8820,#8821);
#8819 = CARTESIAN_POINT('',(-425.,52.,239.5));
#8820 = DIRECTION('',(0.,0.,1.));
#8821 = DIRECTION('',(1.,0.,-0.));
#8822 = DEFINITIONAL_REPRESENTATION('',(#8823),#8827);
#8823 = LINE('',#8824,#8825);
#8824 = CARTESIAN_POINT('',(0.,1.));
#8825 = VECTOR('',#8826,1.);
#8826 = DIRECTION('',(1.,0.));
#8827 = ( GEOMETRIC_REPRESENTATION_CONTEXT(2) 
PARAMETRIC_REPRESENTATION_CONTEXT() REPRESENTATION_CONTEXT('2D SPACE',''
  ) );
#8828 = PCURVE('',#8829,#8834);
#8829 = PLANE('',#8830);
#8830 = AXIS2_PLACEMENT_3D('',#8831,#8832,#8833);
#8831 = CARTESIAN_POINT('',(-425.,52.,240.5));
#8832 = DIRECTION('',(0.,0.,1.));
#8833 = DIRECTION('',(1.,0.,-0.));
#8834 = DEFINITIONAL_REPRESENTATION('',(#8835),#8839);
#8835 = CIRCLE('',#8836,2.);
#8836 = AXIS2_PLACEMENT_2D('',#8837,#8838);
#8837 = CARTESIAN_POINT('',(0.,0.));
#8838 = DIRECTION('',(1.,0.));
#8839 = ( GEOMETRIC_REPRESENTATION_CONTEXT(2) 
PARAMETRIC_REPRESENTATION_CONTEXT() REPRESENTATION_CONTEXT('2D SPACE',''
  ) );
#8840 = ORIENTED_EDGE('',*,*,#8841,.F.);
#8841 = EDGE_CURVE('',#8842,#8808,#8844,.T.);
#8842 = VERTEX_POINT('',#8843);
#8843 = CARTESIAN_POINT('',(-423.,52.,239.5));
#8844 = SEAM_CURVE('',#8845,(#8849,#8856),.PCURVE_S1.);
#8845 = LINE('',#8846,#8847);
#8846 = CARTESIAN_POINT('',(-423.,52.,239.5));
#8847 = VECTOR('',#8848,1.);
#8848 = DIRECTION('',(0.,0.,1.));
#8849 = PCURVE('',#8817,#8850);
#8850 = DEFINITIONAL_REPRESENTATION('',(#8851),#8855);
#8851 = LINE('',#8852,#8853);
#8852 = CARTESIAN_POINT('',(6.28318530718,-0.));
#8853 = VECTOR('',#8854,1.);
#8854 = DIRECTION('',(0.,1.));
#8855 = ( GEOMETRIC_REPRESENTATION_CONTEXT(2) 
PARAMETRIC_REPRESENTATION_CONTEXT() REPRESENTATION_CONTEXT('2D SPACE',''
  ) );
#8856 = PCURVE('',#8817,#8857);
#8857 = DEFINITIONAL_REPRESENTATION('',(#8858),#8862);
#8858 = LINE('',#8859,#8860);
#8859 = CARTESIAN_POINT('',(0.,-0.));
#8860 = VECTOR('',#8861,1.);
#8861 = DIRECTION('',(0.,1.));
#8862 = ( GEOMETRIC_REPRESENTATION_CONTEXT(2) 
PARAMETRIC_REPRESENTATION_CONTEXT() REPRESENTATION_CONTEXT('2D SPACE',''
  ) );
#8863 = ORIENTED_EDGE('',*,*,#8864,.T.);
#8864 = EDGE_CURVE('',#8842,#8842,#8865,.T.);
#8865 = SURFACE_CURVE('',#8866,(#8871,#8878),.PCURVE_S1.);
#8866 = CIRCLE('',#8867,2.);
#8867 = AXIS2_PLACEMENT_3D('',#8868,#8869,#8870);
#8868 = CARTESIAN_POINT('',(-425.,52.,239.5));
#8869 = DIRECTION('',(0.,0.,1.));
#8870 = DIRECTION('',(1.,0.,-0.));
#8871 = PCURVE('',#8817,#8872);
#8872 = DEFINITIONAL_REPRESENTATION('',(#8873),#8877);
#8873 = LINE('',#8874,#8875);
#8874 = CARTESIAN_POINT('',(0.,0.));
#8875 = VECTOR('',#8876,1.);
#8876 = DIRECTION('',(1.,0.));
#8877 = ( GEOMETRIC_REPRESENTATION_CONTEXT(2) 
PARAMETRIC_REPRESENTATION_CONTEXT() REPRESENTATION_CONTEXT('2D SPACE',''
  ) );
#8878 = PCURVE('',#8879,#8884);
#8879 = PLANE('',#8880);
#8880 = AXIS2_PLACEMENT_3D('',#8881,#8882,#8883);
#8881 = CARTESIAN_POINT('',(-425.,52.,239.5));
#8882 = DIRECTION('',(0.,0.,1.));
#8883 = DIRECTION('',(1.,0.,-0.));
#8884 = DEFINITIONAL_REPRESENTATION('',(#8885),#8889);
#8885 = CIRCLE('',#8886,2.);
#8886 = AXIS2_PLACEMENT_2D('',#8887,#8888);
#8887 = CARTESIAN_POINT('',(0.,0.));
#8888 = DIRECTION('',(1.,0.));
#8889 = ( GEOMETRIC_REPRESENTATION_CONTEXT(2) 
PARAMETRIC_REPRESENTATION_CONTEXT() REPRESENTATION_CONTEXT('2D SPACE',''
  ) );
#8890 = ORIENTED_EDGE('',*,*,#8841,.T.);
#8891 = ADVANCED_FACE('',(#8892),#8829,.T.);
#8892 = FACE_BOUND('',#8893,.F.);
#8893 = EDGE_LOOP('',(#8894));
#8894 = ORIENTED_EDGE('',*,*,#8807,.F.);
#8895 = ADVANCED_FACE('',(#8896),#8879,.F.);
#8896 = FACE_BOUND('',#8897,.T.);
#8897 = EDGE_LOOP('',(#8898));
#8898 = ORIENTED_EDGE('',*,*,#8864,.F.);
#8899 = ( GEOMETRIC_REPRESENTATION_CONTEXT(3) 
GLOBAL_UNCERTAINTY_ASSIGNED_CONTEXT((#8903)) 
GLOBAL_UNIT_ASSIGNED_CONTEXT((#8900,#8901,#8902)) REPRESENTATION_CONTEXT
('Context #1','3D Context with UNIT and UNCERTAINTY') );
#8900 = ( LENGTH_UNIT() NAMED_UNIT(*) SI_UNIT(.MILLI.,.METRE.) );
#8901 = ( NAMED_UNIT(*) PLANE_ANGLE_UNIT() SI_UNIT($,.RADIAN.) );
#8902 = ( NAMED_UNIT(*) SI_UNIT($,.STERADIAN.) SOLID_ANGLE_UNIT() );
#8903 = UNCERTAINTY_MEASURE_WITH_UNIT(LENGTH_MEASURE(1.E-07),#8900,
  'distance_accuracy_value','confusion accuracy');
#8904 = CONTEXT_DEPENDENT_SHAPE_REPRESENTATION(#8905,#8907);
#8905 = ( REPRESENTATION_RELATIONSHIP('','',#7922,#10) 
REPRESENTATION_RELATIONSHIP_WITH_TRANSFORMATION(#8906) 
SHAPE_REPRESENTATION_RELATIONSHIP() );
#8906 = ITEM_DEFINED_TRANSFORMATION('','',#11,#19);
#8907 = PRODUCT_DEFINITION_SHAPE('Placement','Placement of an item',
  #8908);
#8908 = NEXT_ASSEMBLY_USAGE_OCCURRENCE('7','=>[0:1:1:3]','',#5,#7917,$);
#8909 = PRODUCT_RELATED_PRODUCT_CATEGORY('part',$,(#7919));
ENDSEC;
END-ISO-10303-21;
