ISO-10303-21;
HEADER;
FILE_DESCRIPTION(('Open CASCADE Model'),'2;1');
FILE_NAME('Open CASCADE Shape Model','2026-09-25T20:31:52',('Author'),(
    'Open CASCADE'),'Open CASCADE STEP processor 8.0','build123d',
  'Unknown');
FILE_SCHEMA(('AUTOMOTIVE_DESIGN { 1 0 10303 214 1 1 1 1 }'));
ENDSEC;
DATA;
#1 = APPLICATION_PROTOCOL_DEFINITION('international standard',
  'automotive_design',2000,#2);
#2 = APPLICATION_CONTEXT(
  'core data for automotive mechanical design processes');
#3 = SHAPE_DEFINITION_REPRESENTATION(#4,#10);
#4 = PRODUCT_DEFINITION_SHAPE('','',#5);
#5 = PRODUCT_DEFINITION('design','',#6,#9);
#6 = PRODUCT_DEFINITION_FORMATION('','',#7);
#7 = PRODUCT('COMPOUND','COMPOUND','',(#8));
#8 = PRODUCT_CONTEXT('',#2,'mechanical');
#9 = PRODUCT_DEFINITION_CONTEXT('part definition',#2,'design');
#10 = SHAPE_REPRESENTATION('',(#11,#15,#19,#23),#27);
#11 = AXIS2_PLACEMENT_3D('',#12,#13,#14);
#12 = CARTESIAN_POINT('',(0.,0.,0.));
#13 = DIRECTION('',(0.,0.,1.));
#14 = DIRECTION('',(1.,0.,-0.));
#15 = AXIS2_PLACEMENT_3D('',#16,#17,#18);
#16 = CARTESIAN_POINT('',(0.,0.,0.));
#17 = DIRECTION('',(0.,0.,1.));
#18 = DIRECTION('',(1.,0.,-0.));
#19 = AXIS2_PLACEMENT_3D('',#20,#21,#22);
#20 = CARTESIAN_POINT('',(0.,0.,0.));
#21 = DIRECTION('',(0.,0.,1.));
#22 = DIRECTION('',(1.,0.,-0.));
#23 = AXIS2_PLACEMENT_3D('',#24,#25,#26);
#24 = CARTESIAN_POINT('',(0.,0.,0.));
#25 = DIRECTION('',(0.,0.,1.));
#26 = DIRECTION('',(1.,0.,-0.));
#27 = ( GEOMETRIC_REPRESENTATION_CONTEXT(3) 
GLOBAL_UNCERTAINTY_ASSIGNED_CONTEXT((#31)) GLOBAL_UNIT_ASSIGNED_CONTEXT(
(#28,#29,#30)) REPRESENTATION_CONTEXT('Context #1',
  '3D Context with UNIT and UNCERTAINTY') );
#28 = ( LENGTH_UNIT() NAMED_UNIT(*) SI_UNIT(.MILLI.,.METRE.) );
#29 = ( NAMED_UNIT(*) PLANE_ANGLE_UNIT() SI_UNIT($,.RADIAN.) );
#30 = ( NAMED_UNIT(*) SI_UNIT($,.STERADIAN.) SOLID_ANGLE_UNIT() );
#31 = UNCERTAINTY_MEASURE_WITH_UNIT(LENGTH_MEASURE(2.E-07),#28,
  'distance_accuracy_value','confusion accuracy');
#32 = PRODUCT_RELATED_PRODUCT_CATEGORY('part',$,(#7));
#33 = SHAPE_DEFINITION_REPRESENTATION(#34,#40);
#34 = PRODUCT_DEFINITION_SHAPE('','',#35);
#35 = PRODUCT_DEFINITION('design','',#36,#39);
#36 = PRODUCT_DEFINITION_FORMATION('','',#37);
#37 = PRODUCT('COMPOUND','COMPOUND','',(#38));
#38 = PRODUCT_CONTEXT('',#2,'mechanical');
#39 = PRODUCT_DEFINITION_CONTEXT('part definition',#2,'design');
#40 = ADVANCED_BREP_SHAPE_REPRESENTATION('',(#11,#41),#1475);
#41 = MANIFOLD_SOLID_BREP('',#42);
#42 = CLOSED_SHELL('',(#43,#414,#449,#801,#836,#891,#977,#1315,#1350,
    #1354,#1358,#1414,#1444,#1471));
#43 = ADVANCED_FACE('',(#44),#57,.T.);
#44 = FACE_BOUND('',#45,.T.);
#45 = EDGE_LOOP('',(#46,#80,#103,#236,#259,#286,#287,#413));
#46 = ORIENTED_EDGE('',*,*,#47,.T.);
#47 = EDGE_CURVE('',#48,#48,#50,.T.);
#48 = VERTEX_POINT('',#49);
#49 = CARTESIAN_POINT('',(24.15,-5.915044039882E-15,0.));
#50 = SURFACE_CURVE('',#51,(#56,#68),.PCURVE_S1.);
#51 = CIRCLE('',#52,24.15);
#52 = AXIS2_PLACEMENT_3D('',#53,#54,#55);
#53 = CARTESIAN_POINT('',(0.,0.,0.));
#54 = DIRECTION('',(0.,0.,1.));
#55 = DIRECTION('',(1.,0.,-0.));
#56 = PCURVE('',#57,#62);
#57 = CYLINDRICAL_SURFACE('',#58,24.15);
#58 = AXIS2_PLACEMENT_3D('',#59,#60,#61);
#59 = CARTESIAN_POINT('',(0.,0.,-550.));
#60 = DIRECTION('',(0.,0.,1.));
#61 = DIRECTION('',(1.,0.,-0.));
#62 = DEFINITIONAL_REPRESENTATION('',(#63),#67);
#63 = LINE('',#64,#65);
#64 = CARTESIAN_POINT('',(0.,550.));
#65 = VECTOR('',#66,1.);
#66 = DIRECTION('',(1.,0.));
#67 = ( GEOMETRIC_REPRESENTATION_CONTEXT(2) 
PARAMETRIC_REPRESENTATION_CONTEXT() REPRESENTATION_CONTEXT('2D SPACE',''
  ) );
#68 = PCURVE('',#69,#74);
#69 = PLANE('',#70);
#70 = AXIS2_PLACEMENT_3D('',#71,#72,#73);
#71 = CARTESIAN_POINT('',(0.,0.,0.));
#72 = DIRECTION('',(0.,0.,1.));
#73 = DIRECTION('',(1.,0.,-0.));
#74 = DEFINITIONAL_REPRESENTATION('',(#75),#79);
#75 = CIRCLE('',#76,24.15);
#76 = AXIS2_PLACEMENT_2D('',#77,#78);
#77 = CARTESIAN_POINT('',(0.,0.));
#78 = DIRECTION('',(1.,0.));
#79 = ( GEOMETRIC_REPRESENTATION_CONTEXT(2) 
PARAMETRIC_REPRESENTATION_CONTEXT() REPRESENTATION_CONTEXT('2D SPACE',''
  ) );
#80 = ORIENTED_EDGE('',*,*,#81,.T.);
#81 = EDGE_CURVE('',#48,#82,#84,.T.);
#82 = VERTEX_POINT('',#83);
#83 = CARTESIAN_POINT('',(24.15,-3.4473807396E-15,26.));
#84 = SEAM_CURVE('',#85,(#89,#96),.PCURVE_S1.);
#85 = LINE('',#86,#87);
#86 = CARTESIAN_POINT('',(24.15,-5.915044039882E-15,-550.));
#87 = VECTOR('',#88,1.);
#88 = DIRECTION('',(0.,0.,1.));
#89 = PCURVE('',#57,#90);
#90 = DEFINITIONAL_REPRESENTATION('',(#91),#95);
#91 = LINE('',#92,#93);
#92 = CARTESIAN_POINT('',(0.,-0.));
#93 = VECTOR('',#94,1.);
#94 = DIRECTION('',(0.,1.));
#95 = ( GEOMETRIC_REPRESENTATION_CONTEXT(2) 
PARAMETRIC_REPRESENTATION_CONTEXT() REPRESENTATION_CONTEXT('2D SPACE',''
  ) );
#96 = PCURVE('',#57,#97);
#97 = DEFINITIONAL_REPRESENTATION('',(#98),#102);
#98 = LINE('',#99,#100);
#99 = CARTESIAN_POINT('',(6.28318530718,-0.));
#100 = VECTOR('',#101,1.);
#101 = DIRECTION('',(0.,1.));
#102 = ( GEOMETRIC_REPRESENTATION_CONTEXT(2) 
PARAMETRIC_REPRESENTATION_CONTEXT() REPRESENTATION_CONTEXT('2D SPACE',''
  ) );
#103 = ORIENTED_EDGE('',*,*,#104,.F.);
#104 = EDGE_CURVE('',#105,#82,#107,.T.);
#105 = VERTEX_POINT('',#106);
#106 = CARTESIAN_POINT('',(24.15,-5.915044039882E-15,34.000000000007));
#107 = SURFACE_CURVE('',#108,(#147,#189),.PCURVE_S1.);
#108 = B_SPLINE_CURVE_WITH_KNOTS('',7,(#109,#110,#111,#112,#113,#114,
    #115,#116,#117,#118,#119,#120,#121,#122,#123,#124,#125,#126,#127,
    #128,#129,#130,#131,#132,#133,#134,#135,#136,#137,#138,#139,#140,
    #141,#142,#143,#144,#145,#146),.UNSPECIFIED.,.F.,.F.,(8,6,6,6,6,6,8)
  ,(0.,0.156593258113,0.302188252387,0.499999996185,0.697811741885,
    0.843406738983,1.),.UNSPECIFIED.);
#109 = CARTESIAN_POINT('',(24.15,-2.22044604925E-15,34.));
#110 = CARTESIAN_POINT('',(24.15,-0.342820425765,34.));
#111 = CARTESIAN_POINT('',(24.144322375718,-0.682253945445,
    33.96572172217));
#112 = CARTESIAN_POINT('',(24.133169414731,-1.012937775239,
    33.898383686613));
#113 = CARTESIAN_POINT('',(24.117263182241,-1.329778134663,
    33.800555619733));
#114 = CARTESIAN_POINT('',(24.097783133484,-1.628257756439,
    33.676088465048));
#115 = CARTESIAN_POINT('',(24.076098173702,-1.90471264479,
    33.530082620064));
#116 = CARTESIAN_POINT('',(24.032525730248,-2.390706013022,
    33.218978027324));
#117 = CARTESIAN_POINT('',(24.010548733657,-2.605929890825,
    33.054437014336));
#118 = CARTESIAN_POINT('',(23.98833948388,-2.802442490136,
    32.877891370873));
#119 = CARTESIAN_POINT('',(23.966526412292,-2.980645619406,
    32.691527334941));
#120 = CARTESIAN_POINT('',(23.945612672776,-3.141045975261,
    32.497144612878));
#121 = CARTESIAN_POINT('',(23.925988831502,-3.284182529375,
    32.296224620324));
#122 = CARTESIAN_POINT('',(23.883466454383,-3.58226352406,
    31.809800646247));
#123 = CARTESIAN_POINT('',(23.861892707837,-3.723204107404,
    31.519524986048));
#124 = CARTESIAN_POINT('',(23.844006061757,-3.834603810735,
    31.222109178478));
#125 = CARTESIAN_POINT('',(23.83029613495,-3.917458216192,
    30.919776086935));
#126 = CARTESIAN_POINT('',(23.821056913047,-3.972471735021,
    30.614299423809));
#127 = CARTESIAN_POINT('',(23.81643340217,-4.,30.307218808839));
#128 = CARTESIAN_POINT('',(23.81643340217,-4.,29.692781188207));
#129 = CARTESIAN_POINT('',(23.821056912866,-3.972471736251,
    29.385700583014));
#130 = CARTESIAN_POINT('',(23.830296135213,-3.917458214386,
    29.080223909079));
#131 = CARTESIAN_POINT('',(23.844006061843,-3.834603810162,
    28.777890817385));
#132 = CARTESIAN_POINT('',(23.861892707442,-3.723204110128,
    28.480475020594));
#133 = CARTESIAN_POINT('',(23.883466454622,-3.582263522379,
    28.190199351011));
#134 = CARTESIAN_POINT('',(23.925988831502,-3.284182529375,
    27.703775379676));
#135 = CARTESIAN_POINT('',(23.945612672776,-3.141045975261,
    27.502855387121));
#136 = CARTESIAN_POINT('',(23.966526412292,-2.980645619406,
    27.308472665059));
#137 = CARTESIAN_POINT('',(23.98833948388,-2.802442490136,
    27.122108629127));
#138 = CARTESIAN_POINT('',(24.010548733657,-2.605929890825,
    26.945562985664));
#139 = CARTESIAN_POINT('',(24.032525730248,-2.390706013022,
    26.781021972676));
#140 = CARTESIAN_POINT('',(24.076098173683,-1.904712645007,
    26.469917380075));
#141 = CARTESIAN_POINT('',(24.097783133486,-1.628257756471,
    26.323911534918));
#142 = CARTESIAN_POINT('',(24.117263182258,-1.329778134467,
    26.199444380169));
#143 = CARTESIAN_POINT('',(24.133169414735,-1.012937775042,
    26.101616313368));
#144 = CARTESIAN_POINT('',(24.144322375709,-0.682253945478,
    26.03427827788));
#145 = CARTESIAN_POINT('',(24.15,-0.342820426021,26.));
#146 = CARTESIAN_POINT('',(24.15,-3.552713678801E-15,26.));
#147 = PCURVE('',#57,#148);
#148 = DEFINITIONAL_REPRESENTATION('',(#149),#188);
#149 = B_SPLINE_CURVE_WITH_KNOTS('',7,(#150,#151,#152,#153,#154,#155,
    #156,#157,#158,#159,#160,#161,#162,#163,#164,#165,#166,#167,#168,
    #169,#170,#171,#172,#173,#174,#175,#176,#177,#178,#179,#180,#181,
    #182,#183,#184,#185,#186,#187),.UNSPECIFIED.,.F.,.F.,(8,6,6,6,6,6,8)
  ,(0.,0.156593258113,0.302188252387,0.499999996185,0.697811741885,
    0.843406738983,1.),.UNSPECIFIED.);
#150 = CARTESIAN_POINT('',(6.28318530718,584.));
#151 = CARTESIAN_POINT('',(6.268989844415,584.));
#152 = CARTESIAN_POINT('',(6.254934624386,583.96572172217));
#153 = CARTESIAN_POINT('',(6.241237049829,583.89838368661));
#154 = CARTESIAN_POINT('',(6.228103737112,583.80055561973));
#155 = CARTESIAN_POINT('',(6.215719794643,583.67608846504));
#156 = CARTESIAN_POINT('',(6.204237938804,583.53008262006));
#157 = CARTESIAN_POINT('',(6.184033270724,583.21897802732));
#158 = CARTESIAN_POINT('',(6.175075649919,583.05443701433));
#159 = CARTESIAN_POINT('',(6.16688736053,582.87789137087));
#160 = CARTESIAN_POINT('',(6.1594537369,582.69152733494));
#161 = CARTESIAN_POINT('',(6.152755925469,582.49714461287));
#162 = CARTESIAN_POINT('',(6.14677359255,582.29622462032));
#163 = CARTESIAN_POINT('',(6.134305737147,581.80980064624));
#164 = CARTESIAN_POINT('',(6.12840201766,581.51952498604));
#165 = CARTESIAN_POINT('',(6.123730232363,581.22210917847));
#166 = CARTESIAN_POINT('',(6.120252758396,580.91977608693));
#167 = CARTESIAN_POINT('',(6.11794287066,580.6142994238));
#168 = CARTESIAN_POINT('',(6.116787016074,580.30721880883));
#169 = CARTESIAN_POINT('',(6.116787016074,579.6927811882));
#170 = CARTESIAN_POINT('',(6.117942870609,579.38570058301));
#171 = CARTESIAN_POINT('',(6.120252758472,579.08022390907));
#172 = CARTESIAN_POINT('',(6.123730232387,578.77789081738));
#173 = CARTESIAN_POINT('',(6.128402017546,578.48047502059));
#174 = CARTESIAN_POINT('',(6.134305737218,578.19019935101));
#175 = CARTESIAN_POINT('',(6.14677359255,577.70377537967));
#176 = CARTESIAN_POINT('',(6.152755925469,577.50285538712));
#177 = CARTESIAN_POINT('',(6.1594537369,577.30847266505));
#178 = CARTESIAN_POINT('',(6.16688736053,577.12210862912));
#179 = CARTESIAN_POINT('',(6.175075649919,576.94556298566));
#180 = CARTESIAN_POINT('',(6.184033270724,576.78102197267));
#181 = CARTESIAN_POINT('',(6.204237938795,576.46991738007));
#182 = CARTESIAN_POINT('',(6.215719794642,576.32391153491));
#183 = CARTESIAN_POINT('',(6.22810373712,576.19944438016));
#184 = CARTESIAN_POINT('',(6.241237049838,576.10161631336));
#185 = CARTESIAN_POINT('',(6.254934624385,576.03427827788));
#186 = CARTESIAN_POINT('',(6.268989844404,576.));
#187 = CARTESIAN_POINT('',(6.28318530718,576.));
#188 = ( GEOMETRIC_REPRESENTATION_CONTEXT(2) 
PARAMETRIC_REPRESENTATION_CONTEXT() REPRESENTATION_CONTEXT('2D SPACE',''
  ) );
#189 = PCURVE('',#190,#195);
#190 = CYLINDRICAL_SURFACE('',#191,4.);
#191 = AXIS2_PLACEMENT_3D('',#192,#193,#194);
#192 = CARTESIAN_POINT('',(0.,0.,30.));
#193 = DIRECTION('',(1.,0.,2.22044604925E-16));
#194 = DIRECTION('',(2.22044604925E-16,0.,-1.));
#195 = DEFINITIONAL_REPRESENTATION('',(#196),#235);
#196 = B_SPLINE_CURVE_WITH_KNOTS('',7,(#197,#198,#199,#200,#201,#202,
    #203,#204,#205,#206,#207,#208,#209,#210,#211,#212,#213,#214,#215,
    #216,#217,#218,#219,#220,#221,#222,#223,#224,#225,#226,#227,#228,
    #229,#230,#231,#232,#233,#234),.UNSPECIFIED.,.F.,.F.,(8,6,6,6,6,6,8)
  ,(0.,0.156593258113,0.302188252387,0.499999996185,0.697811741885,
    0.843406738983,1.),.UNSPECIFIED.);
#197 = CARTESIAN_POINT('',(3.14159265359,24.15));
#198 = CARTESIAN_POINT('',(3.227297760031,24.15));
#199 = CARTESIAN_POINT('',(3.312156100792,24.144322375718));
#200 = CARTESIAN_POINT('',(3.395855499667,24.133169414731));
#201 = CARTESIAN_POINT('',(3.478058374829,24.117263182241));
#202 = CARTESIAN_POINT('',(3.558362929912,24.097783133484));
#203 = CARTESIAN_POINT('',(3.636251069853,24.076098173702));
#204 = CARTESIAN_POINT('',(3.780511169497,24.032525730248));
#205 = CARTESIAN_POINT('',(3.848005182427,24.010548733657));
#206 = CARTESIAN_POINT('',(3.913725398567,23.98833948388));
#207 = CARTESIAN_POINT('',(3.977869094658,23.966526412292));
#208 = CARTESIAN_POINT('',(4.04061670172,23.945612672776));
#209 = CARTESIAN_POINT('',(4.102142096056,23.925988831502));
#210 = CARTESIAN_POINT('',(4.244764973329,23.883466454383));
#211 = CARTESIAN_POINT('',(4.325050824896,23.861892707837));
#212 = CARTESIAN_POINT('',(4.403903873181,23.844006061757));
#213 = CARTESIAN_POINT('',(4.481705756051,23.83029613495));
#214 = CARTESIAN_POINT('',(4.558813792514,23.821056913047));
#215 = CARTESIAN_POINT('',(4.635584278175,23.81643340217));
#216 = CARTESIAN_POINT('',(4.789193683333,23.81643340217));
#217 = CARTESIAN_POINT('',(4.865964166474,23.821056912866));
#218 = CARTESIAN_POINT('',(4.943072205832,23.830296135213));
#219 = CARTESIAN_POINT('',(5.020874088654,23.844006061843));
#220 = CARTESIAN_POINT('',(5.099727134033,23.861892707442));
#221 = CARTESIAN_POINT('',(5.180012988244,23.883466454622));
#222 = CARTESIAN_POINT('',(5.322635864714,23.925988831502));
#223 = CARTESIAN_POINT('',(5.384161259049,23.945612672776));
#224 = CARTESIAN_POINT('',(5.446908866111,23.966526412292));
#225 = CARTESIAN_POINT('',(5.511052562203,23.98833948388));
#226 = CARTESIAN_POINT('',(5.576772778342,24.010548733657));
#227 = CARTESIAN_POINT('',(5.644266791272,24.032525730248));
#228 = CARTESIAN_POINT('',(5.788526890852,24.076098173683));
#229 = CARTESIAN_POINT('',(5.866415030855,24.097783133486));
#230 = CARTESIAN_POINT('',(5.946719585993,24.117263182258));
#231 = CARTESIAN_POINT('',(6.028922461149,24.133169414735));
#232 = CARTESIAN_POINT('',(6.112621859969,24.144322375709));
#233 = CARTESIAN_POINT('',(6.197480200674,24.15));
#234 = CARTESIAN_POINT('',(6.28318530718,24.15));
#235 = ( GEOMETRIC_REPRESENTATION_CONTEXT(2) 
PARAMETRIC_REPRESENTATION_CONTEXT() REPRESENTATION_CONTEXT('2D SPACE',''
  ) );
#236 = ORIENTED_EDGE('',*,*,#237,.T.);
#237 = EDGE_CURVE('',#105,#238,#240,.T.);
#238 = VERTEX_POINT('',#239);
#239 = CARTESIAN_POINT('',(24.15,-5.915044039882E-15,3.2E+03));
#240 = SEAM_CURVE('',#241,(#245,#252),.PCURVE_S1.);
#241 = LINE('',#242,#243);
#242 = CARTESIAN_POINT('',(24.15,-5.915044039882E-15,-550.));
#243 = VECTOR('',#244,1.);
#244 = DIRECTION('',(0.,0.,1.));
#245 = PCURVE('',#57,#246);
#246 = DEFINITIONAL_REPRESENTATION('',(#247),#251);
#247 = LINE('',#248,#249);
#248 = CARTESIAN_POINT('',(0.,-0.));
#249 = VECTOR('',#250,1.);
#250 = DIRECTION('',(0.,1.));
#251 = ( GEOMETRIC_REPRESENTATION_CONTEXT(2) 
PARAMETRIC_REPRESENTATION_CONTEXT() REPRESENTATION_CONTEXT('2D SPACE',''
  ) );
#252 = PCURVE('',#57,#253);
#253 = DEFINITIONAL_REPRESENTATION('',(#254),#258);
#254 = LINE('',#255,#256);
#255 = CARTESIAN_POINT('',(6.28318530718,-0.));
#256 = VECTOR('',#257,1.);
#257 = DIRECTION('',(0.,1.));
#258 = ( GEOMETRIC_REPRESENTATION_CONTEXT(2) 
PARAMETRIC_REPRESENTATION_CONTEXT() REPRESENTATION_CONTEXT('2D SPACE',''
  ) );
#259 = ORIENTED_EDGE('',*,*,#260,.F.);
#260 = EDGE_CURVE('',#238,#238,#261,.T.);
#261 = SURFACE_CURVE('',#262,(#267,#274),.PCURVE_S1.);
#262 = CIRCLE('',#263,24.15);
#263 = AXIS2_PLACEMENT_3D('',#264,#265,#266);
#264 = CARTESIAN_POINT('',(0.,0.,3.2E+03));
#265 = DIRECTION('',(0.,0.,1.));
#266 = DIRECTION('',(1.,0.,-0.));
#267 = PCURVE('',#57,#268);
#268 = DEFINITIONAL_REPRESENTATION('',(#269),#273);
#269 = LINE('',#270,#271);
#270 = CARTESIAN_POINT('',(0.,3.75E+03));
#271 = VECTOR('',#272,1.);
#272 = DIRECTION('',(1.,0.));
#273 = ( GEOMETRIC_REPRESENTATION_CONTEXT(2) 
PARAMETRIC_REPRESENTATION_CONTEXT() REPRESENTATION_CONTEXT('2D SPACE',''
  ) );
#274 = PCURVE('',#275,#280);
#275 = PLANE('',#276);
#276 = AXIS2_PLACEMENT_3D('',#277,#278,#279);
#277 = CARTESIAN_POINT('',(0.,0.,3.2E+03));
#278 = DIRECTION('',(0.,0.,1.));
#279 = DIRECTION('',(1.,0.,-0.));
#280 = DEFINITIONAL_REPRESENTATION('',(#281),#285);
#281 = CIRCLE('',#282,24.15);
#282 = AXIS2_PLACEMENT_2D('',#283,#284);
#283 = CARTESIAN_POINT('',(0.,0.));
#284 = DIRECTION('',(1.,0.));
#285 = ( GEOMETRIC_REPRESENTATION_CONTEXT(2) 
PARAMETRIC_REPRESENTATION_CONTEXT() REPRESENTATION_CONTEXT('2D SPACE',''
  ) );
#286 = ORIENTED_EDGE('',*,*,#237,.F.);
#287 = ORIENTED_EDGE('',*,*,#288,.F.);
#288 = EDGE_CURVE('',#82,#105,#289,.T.);
#289 = SURFACE_CURVE('',#290,(#329,#371),.PCURVE_S1.);
#290 = B_SPLINE_CURVE_WITH_KNOTS('',7,(#291,#292,#293,#294,#295,#296,
    #297,#298,#299,#300,#301,#302,#303,#304,#305,#306,#307,#308,#309,
    #310,#311,#312,#313,#314,#315,#316,#317,#318,#319,#320,#321,#322,
    #323,#324,#325,#326,#327,#328),.UNSPECIFIED.,.F.,.F.,(8,6,6,6,6,6,8)
  ,(0.,0.156593259818,0.302188255828,0.500000000048,0.697811744269,
    0.843406740278,1.),.UNSPECIFIED.);
#291 = CARTESIAN_POINT('',(24.15,-4.898587196589E-16,26.));
#292 = CARTESIAN_POINT('',(24.15,0.342820426072,26.));
#293 = CARTESIAN_POINT('',(24.144322375707,0.682253945484,26.03427827789
    ));
#294 = CARTESIAN_POINT('',(24.133169414735,1.012937775003,
    26.101616313365));
#295 = CARTESIAN_POINT('',(24.117263182261,1.32977813443,26.19944438015)
  );
#296 = CARTESIAN_POINT('',(24.097783133487,1.628257756476,
    26.323911534911));
#297 = CARTESIAN_POINT('',(24.076098173679,1.90471264505,26.469917380102
    ));
#298 = CARTESIAN_POINT('',(24.032525730248,2.390706013022,
    26.781021972676));
#299 = CARTESIAN_POINT('',(24.010548733657,2.605929890825,
    26.945562985664));
#300 = CARTESIAN_POINT('',(23.98833948388,2.802442490136,27.122108629127
    ));
#301 = CARTESIAN_POINT('',(23.966526412292,2.980645619406,
    27.308472665059));
#302 = CARTESIAN_POINT('',(23.945612672776,3.141045975261,
    27.502855387122));
#303 = CARTESIAN_POINT('',(23.925988831502,3.284182529375,
    27.703775379676));
#304 = CARTESIAN_POINT('',(23.883466454622,3.58226352238,28.190199351011
    ));
#305 = CARTESIAN_POINT('',(23.861892707442,3.723204110127,
    28.480475020593));
#306 = CARTESIAN_POINT('',(23.844006061843,3.834603810162,
    28.777890817384));
#307 = CARTESIAN_POINT('',(23.830296135213,3.917458214386,29.08022390908
    ));
#308 = CARTESIAN_POINT('',(23.821056912866,3.972471736251,
    29.385700583014));
#309 = CARTESIAN_POINT('',(23.81643340217,4.,29.692781188207));
#310 = CARTESIAN_POINT('',(23.81643340217,4.,30.307218811793));
#311 = CARTESIAN_POINT('',(23.821056912866,3.972471736251,
    30.614299416986));
#312 = CARTESIAN_POINT('',(23.830296135213,3.917458214386,
    30.919776090921));
#313 = CARTESIAN_POINT('',(23.844006061843,3.834603810162,
    31.222109182615));
#314 = CARTESIAN_POINT('',(23.861892707442,3.723204110128,
    31.519524979406));
#315 = CARTESIAN_POINT('',(23.883466454622,3.582263522379,
    31.809800648989));
#316 = CARTESIAN_POINT('',(23.925988831502,3.284182529375,
    32.296224620324));
#317 = CARTESIAN_POINT('',(23.945612672776,3.141045975261,
    32.497144612879));
#318 = CARTESIAN_POINT('',(23.966526412292,2.980645619406,
    32.691527334941));
#319 = CARTESIAN_POINT('',(23.98833948388,2.802442490136,32.877891370873
    ));
#320 = CARTESIAN_POINT('',(24.010548733657,2.605929890825,
    33.054437014336));
#321 = CARTESIAN_POINT('',(24.032525730248,2.390706013022,
    33.218978027324));
#322 = CARTESIAN_POINT('',(24.076098173665,1.904712645206,
    33.530082619798));
#323 = CARTESIAN_POINT('',(24.097783133489,1.628257756498,
    33.676088465114));
#324 = CARTESIAN_POINT('',(24.117263182273,1.32977813429,33.80055561992)
  );
#325 = CARTESIAN_POINT('',(24.133169414738,1.012937774859,33.89838368665
    ));
#326 = CARTESIAN_POINT('',(24.144322375701,0.68225394551,33.965721722073
    ));
#327 = CARTESIAN_POINT('',(24.15,0.342820426254,34.));
#328 = CARTESIAN_POINT('',(24.15,7.347880794884E-16,34.));
#329 = PCURVE('',#57,#330);
#330 = DEFINITIONAL_REPRESENTATION('',(#331),#370);
#331 = B_SPLINE_CURVE_WITH_KNOTS('',7,(#332,#333,#334,#335,#336,#337,
    #338,#339,#340,#341,#342,#343,#344,#345,#346,#347,#348,#349,#350,
    #351,#352,#353,#354,#355,#356,#357,#358,#359,#360,#361,#362,#363,
    #364,#365,#366,#367,#368,#369),.UNSPECIFIED.,.F.,.F.,(8,6,6,6,6,6,8)
  ,(0.,0.156593259818,0.302188255828,0.500000000048,0.697811744269,
    0.843406740278,1.),.UNSPECIFIED.);
#332 = CARTESIAN_POINT('',(0.,576.));
#333 = CARTESIAN_POINT('',(1.419546277729E-02,576.));
#334 = CARTESIAN_POINT('',(2.825068279492E-02,576.03427827789));
#335 = CARTESIAN_POINT('',(4.19482573404E-02,576.10161631336));
#336 = CARTESIAN_POINT('',(5.508157005832E-02,576.19944438015));
#337 = CARTESIAN_POINT('',(6.746551253794E-02,576.32391153491));
#338 = CARTESIAN_POINT('',(7.894736838637E-02,576.4699173801));
#339 = CARTESIAN_POINT('',(9.915203645561E-02,576.78102197267));
#340 = CARTESIAN_POINT('',(0.10810965726,576.94556298566));
#341 = CARTESIAN_POINT('',(0.11629794665,577.12210862912));
#342 = CARTESIAN_POINT('',(0.12373157028,577.30847266505));
#343 = CARTESIAN_POINT('',(0.130429381711,577.50285538712));
#344 = CARTESIAN_POINT('',(0.136411714629,577.70377537967));
#345 = CARTESIAN_POINT('',(0.148879569962,578.19019935101));
#346 = CARTESIAN_POINT('',(0.154783289634,578.48047502059));
#347 = CARTESIAN_POINT('',(0.159455074793,578.77789081738));
#348 = CARTESIAN_POINT('',(0.162932548708,579.08022390908));
#349 = CARTESIAN_POINT('',(0.165242436571,579.38570058301));
#350 = CARTESIAN_POINT('',(0.166398291106,579.6927811882));
#351 = CARTESIAN_POINT('',(0.166398291106,580.30721881179));
#352 = CARTESIAN_POINT('',(0.165242436571,580.61429941698));
#353 = CARTESIAN_POINT('',(0.162932548708,580.91977609092));
#354 = CARTESIAN_POINT('',(0.159455074793,581.22210918261));
#355 = CARTESIAN_POINT('',(0.154783289634,581.5195249794));
#356 = CARTESIAN_POINT('',(0.148879569962,581.80980064898));
#357 = CARTESIAN_POINT('',(0.136411714629,582.29622462032));
#358 = CARTESIAN_POINT('',(0.13042938171,582.49714461287));
#359 = CARTESIAN_POINT('',(0.12373157028,582.69152733494));
#360 = CARTESIAN_POINT('',(0.11629794665,582.87789137087));
#361 = CARTESIAN_POINT('',(0.10810965726,583.05443701433));
#362 = CARTESIAN_POINT('',(9.915203645561E-02,583.21897802732));
#363 = CARTESIAN_POINT('',(7.894736839284E-02,583.53008261979));
#364 = CARTESIAN_POINT('',(6.746551253884E-02,583.67608846511));
#365 = CARTESIAN_POINT('',(5.508157005254E-02,583.80055561992));
#366 = CARTESIAN_POINT('',(4.194825733446E-02,583.89838368664));
#367 = CARTESIAN_POINT('',(2.825068279598E-02,583.96572172207));
#368 = CARTESIAN_POINT('',(1.419546278484E-02,584.));
#369 = CARTESIAN_POINT('',(0.,584.));
#370 = ( GEOMETRIC_REPRESENTATION_CONTEXT(2) 
PARAMETRIC_REPRESENTATION_CONTEXT() REPRESENTATION_CONTEXT('2D SPACE',''
  ) );
#371 = PCURVE('',#190,#372);
#372 = DEFINITIONAL_REPRESENTATION('',(#373),#412);
#373 = B_SPLINE_CURVE_WITH_KNOTS('',7,(#374,#375,#376,#377,#378,#379,
    #380,#381,#382,#383,#384,#385,#386,#387,#388,#389,#390,#391,#392,
    #393,#394,#395,#396,#397,#398,#399,#400,#401,#402,#403,#404,#405,
    #406,#407,#408,#409,#410,#411),.UNSPECIFIED.,.F.,.F.,(8,6,6,6,6,6,8)
  ,(0.,0.156593259818,0.302188255828,0.500000000048,0.697811744269,
    0.843406740278,1.),.UNSPECIFIED.);
#374 = CARTESIAN_POINT('',(0.,24.15));
#375 = CARTESIAN_POINT('',(8.570510651788E-02,24.15));
#376 = CARTESIAN_POINT('',(0.170563447212,24.144322375707));
#377 = CARTESIAN_POINT('',(0.254262846021,24.133169414735));
#378 = CARTESIAN_POINT('',(0.336465721177,24.117263182261));
#379 = CARTESIAN_POINT('',(0.416770276324,24.097783133487));
#380 = CARTESIAN_POINT('',(0.494658416341,24.076098173679));
#381 = CARTESIAN_POINT('',(0.638918515907,24.032525730248));
#382 = CARTESIAN_POINT('',(0.706412528838,24.010548733657));
#383 = CARTESIAN_POINT('',(0.772132744977,23.98833948388));
#384 = CARTESIAN_POINT('',(0.836276441068,23.966526412292));
#385 = CARTESIAN_POINT('',(0.89902404813,23.945612672776));
#386 = CARTESIAN_POINT('',(0.960549442466,23.925988831502));
#387 = CARTESIAN_POINT('',(1.103172318936,23.883466454622));
#388 = CARTESIAN_POINT('',(1.183458173147,23.861892707442));
#389 = CARTESIAN_POINT('',(1.262311218526,23.844006061843));
#390 = CARTESIAN_POINT('',(1.340113101347,23.830296135213));
#391 = CARTESIAN_POINT('',(1.417221140706,23.821056912866));
#392 = CARTESIAN_POINT('',(1.493991623847,23.81643340217));
#393 = CARTESIAN_POINT('',(1.647601029743,23.81643340217));
#394 = CARTESIAN_POINT('',(1.724371512884,23.821056912866));
#395 = CARTESIAN_POINT('',(1.801479552243,23.830296135213));
#396 = CARTESIAN_POINT('',(1.879281435064,23.844006061843));
#397 = CARTESIAN_POINT('',(1.958134480443,23.861892707442));
#398 = CARTESIAN_POINT('',(2.038420334654,23.883466454622));
#399 = CARTESIAN_POINT('',(2.181043211124,23.925988831502));
#400 = CARTESIAN_POINT('',(2.242568605459,23.945612672776));
#401 = CARTESIAN_POINT('',(2.305316212522,23.966526412292));
#402 = CARTESIAN_POINT('',(2.369459908613,23.98833948388));
#403 = CARTESIAN_POINT('',(2.435180124752,24.010548733657));
#404 = CARTESIAN_POINT('',(2.502674137682,24.032525730248));
#405 = CARTESIAN_POINT('',(2.646934237203,24.076098173665));
#406 = CARTESIAN_POINT('',(2.724822377264,24.097783133489));
#407 = CARTESIAN_POINT('',(2.805126932451,24.117263182273));
#408 = CARTESIAN_POINT('',(2.887329807603,24.133169414738));
#409 = CARTESIAN_POINT('',(2.971029206372,24.144322375701));
#410 = CARTESIAN_POINT('',(3.055887547026,24.15));
#411 = CARTESIAN_POINT('',(3.14159265359,24.15));
#412 = ( GEOMETRIC_REPRESENTATION_CONTEXT(2) 
PARAMETRIC_REPRESENTATION_CONTEXT() REPRESENTATION_CONTEXT('2D SPACE',''
  ) );
#413 = ORIENTED_EDGE('',*,*,#81,.F.);
#414 = ADVANCED_FACE('',(#415,#446),#69,.T.);
#415 = FACE_BOUND('',#416,.T.);
#416 = EDGE_LOOP('',(#417));
#417 = ORIENTED_EDGE('',*,*,#418,.T.);
#418 = EDGE_CURVE('',#419,#419,#421,.T.);
#419 = VERTEX_POINT('',#420);
#420 = CARTESIAN_POINT('',(160.,-3.918869757272E-14,0.));
#421 = SURFACE_CURVE('',#422,(#427,#434),.PCURVE_S1.);
#422 = CIRCLE('',#423,160.);
#423 = AXIS2_PLACEMENT_3D('',#424,#425,#426);
#424 = CARTESIAN_POINT('',(0.,0.,0.));
#425 = DIRECTION('',(0.,0.,1.));
#426 = DIRECTION('',(1.,0.,-0.));
#427 = PCURVE('',#69,#428);
#428 = DEFINITIONAL_REPRESENTATION('',(#429),#433);
#429 = CIRCLE('',#430,160.);
#430 = AXIS2_PLACEMENT_2D('',#431,#432);
#431 = CARTESIAN_POINT('',(0.,0.));
#432 = DIRECTION('',(1.,0.));
#433 = ( GEOMETRIC_REPRESENTATION_CONTEXT(2) 
PARAMETRIC_REPRESENTATION_CONTEXT() REPRESENTATION_CONTEXT('2D SPACE',''
  ) );
#434 = PCURVE('',#435,#440);
#435 = CYLINDRICAL_SURFACE('',#436,160.);
#436 = AXIS2_PLACEMENT_3D('',#437,#438,#439);
#437 = CARTESIAN_POINT('',(0.,0.,-600.));
#438 = DIRECTION('',(0.,0.,1.));
#439 = DIRECTION('',(1.,0.,-0.));
#440 = DEFINITIONAL_REPRESENTATION('',(#441),#445);
#441 = LINE('',#442,#443);
#442 = CARTESIAN_POINT('',(0.,600.));
#443 = VECTOR('',#444,1.);
#444 = DIRECTION('',(1.,0.));
#445 = ( GEOMETRIC_REPRESENTATION_CONTEXT(2) 
PARAMETRIC_REPRESENTATION_CONTEXT() REPRESENTATION_CONTEXT('2D SPACE',''
  ) );
#446 = FACE_BOUND('',#447,.T.);
#447 = EDGE_LOOP('',(#448));
#448 = ORIENTED_EDGE('',*,*,#47,.F.);
#449 = ADVANCED_FACE('',(#450),#190,.T.);
#450 = FACE_BOUND('',#451,.T.);
#451 = EDGE_LOOP('',(#452,#777,#798,#799,#800));
#452 = ORIENTED_EDGE('',*,*,#453,.F.);
#453 = EDGE_CURVE('',#454,#454,#456,.T.);
#454 = VERTEX_POINT('',#455);
#455 = CARTESIAN_POINT('',(442.,-9.797174393179E-16,26.));
#456 = SURFACE_CURVE('',#457,(#560,#666),.PCURVE_S1.);
#457 = B_SPLINE_CURVE_WITH_KNOTS('',6,(#458,#459,#460,#461,#462,#463,
    #464,#465,#466,#467,#468,#469,#470,#471,#472,#473,#474,#475,#476,
    #477,#478,#479,#480,#481,#482,#483,#484,#485,#486,#487,#488,#489,
    #490,#491,#492,#493,#494,#495,#496,#497,#498,#499,#500,#501,#502,
    #503,#504,#505,#506,#507,#508,#509,#510,#511,#512,#513,#514,#515,
    #516,#517,#518,#519,#520,#521,#522,#523,#524,#525,#526,#527,#528,
    #529,#530,#531,#532,#533,#534,#535,#536,#537,#538,#539,#540,#541,
    #542,#543,#544,#545,#546,#547,#548,#549,#550,#551,#552,#553,#554,
    #555,#556,#557,#558,#559),.UNSPECIFIED.,.T.,.F.,(7,5,5,5,5,5,5,5,5,5
    ,5,5,5,5,5,5,5,5,5,5,7),(0.,5.927542649675E-02,8.598476256135E-02,
    0.12241021462,0.168367002902,0.250517871787,0.293984581615,
    0.332743253576,0.415498966131,0.465670231417,0.525504759696,
    0.560155278891,0.58675307339,0.623026408156,0.668791273743,
    0.750599070089,0.793884257378,0.832481068166,0.91489118228,
    0.964852925944,1.),.UNSPECIFIED.);
#458 = CARTESIAN_POINT('',(442.,0.,26.));
#459 = CARTESIAN_POINT('',(442.,0.306307592213,26.));
#460 = CARTESIAN_POINT('',(442.01407382486,0.609869184968,
    26.028147551006));
#461 = CARTESIAN_POINT('',(442.04174715527,0.905792280234,
    26.083494779734));
#462 = CARTESIAN_POINT('',(442.08124502669,1.189356750487,
    26.163602864842));
#463 = CARTESIAN_POINT('',(442.12961406668,1.45630767269,26.264552058198
    ));
#464 = CARTESIAN_POINT('',(442.20762127791,1.814328811579,
    26.433024018078));
#465 = CARTESIAN_POINT('',(442.23306724434,1.921987276882,
    26.488692889025));
#466 = CARTESIAN_POINT('',(442.25951653802,2.026088799238,
    26.547422708951));
#467 = CARTESIAN_POINT('',(442.28676820752,2.126641402548,
    26.608958885558));
#468 = CARTESIAN_POINT('',(442.31463311392,2.223664434942,
    26.673067334568));
#469 = CARTESIAN_POINT('',(442.38153312001,2.444733096286,
    26.830179126198));
#470 = CARTESIAN_POINT('',(442.42095302115,2.56579884615,26.925230481627
    ));
#471 = CARTESIAN_POINT('',(442.46077489978,2.680539419617,
    27.024210346199));
#472 = CARTESIAN_POINT('',(442.50062317948,2.789108830546,
    27.126717601013));
#473 = CARTESIAN_POINT('',(442.54016326564,2.891660413647,
    27.232427722487));
#474 = CARTESIAN_POINT('',(442.62822058702,3.110331448644,
    27.478192139423));
#475 = CARTESIAN_POINT('',(442.67638870323,3.223002224892,
    27.620021485922));
#476 = CARTESIAN_POINT('',(442.72297441886,3.326580039984,
    27.766004775277));
#477 = CARTESIAN_POINT('',(442.76742332205,3.421261509731,
    27.915688013265));
#478 = CARTESIAN_POINT('',(442.80924132328,3.507201912569,
    28.068712926186));
#479 = CARTESIAN_POINT('',(442.91723217366,3.722672083911,28.50378978299
    ));
#480 = CARTESIAN_POINT('',(442.9767677822,3.833464520406,28.793026916676
    ));
#481 = CARTESIAN_POINT('',(443.02365505918,3.916616466096,
    29.089619307593));
#482 = CARTESIAN_POINT('',(443.0557140571,3.972143821382,29.391104982866
    ));
#483 = CARTESIAN_POINT('',(443.07179676972,4.,29.695277963506));
#484 = CARTESIAN_POINT('',(443.07179676972,4.,30.161230970756));
#485 = CARTESIAN_POINT('',(443.06729447322,3.992201400463,
    30.322432183204));
#486 = CARTESIAN_POINT('',(443.05829182024,3.976609454652,
    30.483235487445));
#487 = CARTESIAN_POINT('',(443.04488474892,3.953234565343,
    30.643262238409));
#488 = CARTESIAN_POINT('',(443.02725840529,3.922097707035,
    30.802122816673));
#489 = CARTESIAN_POINT('',(442.98644328157,3.848583258966,
    31.099672467378));
#490 = CARTESIAN_POINT('',(442.96406470177,3.807790454533,31.23867495964
    ));
#491 = CARTESIAN_POINT('',(442.93872585414,3.760863783176,
    31.376223168358));
#492 = CARTESIAN_POINT('',(442.91064651022,3.707798059317,
    31.512097372976));
#493 = CARTESIAN_POINT('',(442.88008339469,3.648580019999,
    31.646058173277));
#494 = CARTESIAN_POINT('',(442.77738584041,3.443577857475,
    32.059233461767));
#495 = CARTESIAN_POINT('',(442.69754619023,3.276039845422,
    32.330301464864));
#496 = CARTESIAN_POINT('',(442.61038858635,3.079951280412,
    32.589788138929));
#497 = CARTESIAN_POINT('',(442.51889328111,2.853911633389,
    32.835491764139));
#498 = CARTESIAN_POINT('',(442.42684799274,2.596106747067,
    33.063835070156));
#499 = CARTESIAN_POINT('',(442.28616557842,2.128548926823,
    33.393509243988));
#500 = CARTESIAN_POINT('',(442.23453908079,1.939287674597,
    33.509841791027));
#501 = CARTESIAN_POINT('',(442.18569446583,1.737337599841,
    33.616287157427));
#502 = CARTESIAN_POINT('',(442.14106439657,1.522971352185,
    33.710993307369));
#503 = CARTESIAN_POINT('',(442.10214718512,1.296666077583,
    33.792008204905));
#504 = CARTESIAN_POINT('',(442.0325861953,0.775879523214,33.935009678411
    ));
#505 = CARTESIAN_POINT('',(442.00488958418,0.475989724659,
    33.990510908781));
#506 = CARTESIAN_POINT('',(441.99068330887,0.166181343371,
    34.018415427511));
#507 = CARTESIAN_POINT('',(441.99170855077,-0.146226317112,
    34.016553420004));
#508 = CARTESIAN_POINT('',(442.0073601021,-0.453800604921,
    33.985561497603));
#509 = CARTESIAN_POINT('',(442.05130511049,-0.920781104668,
    33.896480203039));
#510 = CARTESIAN_POINT('',(442.07148564215,-1.087858265171,
    33.855325166139));
#511 = CARTESIAN_POINT('',(442.09530643176,-1.250148651062,
    33.806302877087));
#512 = CARTESIAN_POINT('',(442.12226869244,-1.407103622495,
    33.750100735718));
#513 = CARTESIAN_POINT('',(442.15182247803,-1.558235181725,
    33.687484496778));
#514 = CARTESIAN_POINT('',(442.20762127791,-1.81432881159,
    33.566975981917));
#515 = CARTESIAN_POINT('',(442.23306724434,-1.921987276879,
    33.511307110976));
#516 = CARTESIAN_POINT('',(442.25951653802,-2.02608879923,
    33.452577291054));
#517 = CARTESIAN_POINT('',(442.28676820752,-2.126641402547,
    33.391041114443));
#518 = CARTESIAN_POINT('',(442.31463311392,-2.22366443495,
    33.326932665426));
#519 = CARTESIAN_POINT('',(442.38153312001,-2.444733096288,
    33.169820873801));
#520 = CARTESIAN_POINT('',(442.42095302115,-2.565798846152,
    33.074769518372));
#521 = CARTESIAN_POINT('',(442.46077489978,-2.680539419618,
    32.975789653799));
#522 = CARTESIAN_POINT('',(442.50062317948,-2.789108830548,
    32.873282398985));
#523 = CARTESIAN_POINT('',(442.54016326564,-2.891660413649,
    32.767572277511));
#524 = CARTESIAN_POINT('',(442.62822058558,-3.11033144508,
    32.521807864583));
#525 = CARTESIAN_POINT('',(442.67638870529,-3.223002229602,
    32.379978507408));
#526 = CARTESIAN_POINT('',(442.72297441904,-3.326580040652,
    32.233995224859));
#527 = CARTESIAN_POINT('',(442.76742332008,-3.421261505344,
    32.084311993455));
#528 = CARTESIAN_POINT('',(442.80924132435,-3.507201914715,
    31.93128706948));
#529 = CARTESIAN_POINT('',(442.91723217366,-3.722672083913,
    31.496210217005));
#530 = CARTESIAN_POINT('',(442.9767677822,-3.833464520407,31.20697308332
    ));
#531 = CARTESIAN_POINT('',(443.02365505918,-3.916616466097,
    30.910380692403));
#532 = CARTESIAN_POINT('',(443.0557140571,-3.972143821383,
    30.608895017133));
#533 = CARTESIAN_POINT('',(443.07179676972,-4.,30.304722036493));
#534 = CARTESIAN_POINT('',(443.07179676972,-4.,29.838769029243));
#535 = CARTESIAN_POINT('',(443.06729447322,-3.992201400463,
    29.677567816795));
#536 = CARTESIAN_POINT('',(443.05829182024,-3.976609454651,
    29.516764512552));
#537 = CARTESIAN_POINT('',(443.04488474892,-3.953234565342,
    29.356737761588));
#538 = CARTESIAN_POINT('',(443.02725840529,-3.922097707035,
    29.197877183323));
#539 = CARTESIAN_POINT('',(442.98644328157,-3.848583258964,
    28.900327532616));
#540 = CARTESIAN_POINT('',(442.96406470177,-3.807790454531,
    28.761325040354));
#541 = CARTESIAN_POINT('',(442.93872585414,-3.760863783174,
    28.623776831636));
#542 = CARTESIAN_POINT('',(442.91064651022,-3.707798059314,
    28.487902627017));
#543 = CARTESIAN_POINT('',(442.88008339469,-3.648580019995,
    28.353941826714));
#544 = CARTESIAN_POINT('',(442.77738584041,-3.443577857469,
    27.940766538223));
#545 = CARTESIAN_POINT('',(442.69754619023,-3.276039845413,
    27.669698535123));
#546 = CARTESIAN_POINT('',(442.61038858635,-3.079951280401,
    27.410211861058));
#547 = CARTESIAN_POINT('',(442.51889328111,-2.853911633375,
    27.164508235846));
#548 = CARTESIAN_POINT('',(442.42684799274,-2.596106747049,
    26.936164929828));
#549 = CARTESIAN_POINT('',(442.28616557842,-2.128548926803,
    26.606490755999));
#550 = CARTESIAN_POINT('',(442.23453908078,-1.93928767458,
    26.490158208964));
#551 = CARTESIAN_POINT('',(442.18569446583,-1.737337599827,
    26.383712842567));
#552 = CARTESIAN_POINT('',(442.14106439657,-1.522971352174,
    26.289006692627));
#553 = CARTESIAN_POINT('',(442.10214718512,-1.296666077578,
    26.207991795094));
#554 = CARTESIAN_POINT('',(442.0481038404,-0.892056434281,
    26.096891048155));
#555 = CARTESIAN_POINT('',(442.02935706242,-0.719507480252,
    26.05885188809));
#556 = CARTESIAN_POINT('',(442.01481682824,-0.542718556233,
    26.029633641284));
#557 = CARTESIAN_POINT('',(442.00494827053,-0.362980846692,
    26.00989654529));
#558 = CARTESIAN_POINT('',(442.,-0.181627166224,26.));
#559 = CARTESIAN_POINT('',(442.,0.,26.));
#560 = PCURVE('',#190,#561);
#561 = DEFINITIONAL_REPRESENTATION('',(#562),#665);
#562 = B_SPLINE_CURVE_WITH_KNOTS('',6,(#563,#564,#565,#566,#567,#568,
    #569,#570,#571,#572,#573,#574,#575,#576,#577,#578,#579,#580,#581,
    #582,#583,#584,#585,#586,#587,#588,#589,#590,#591,#592,#593,#594,
    #595,#596,#597,#598,#599,#600,#601,#602,#603,#604,#605,#606,#607,
    #608,#609,#610,#611,#612,#613,#614,#615,#616,#617,#618,#619,#620,
    #621,#622,#623,#624,#625,#626,#627,#628,#629,#630,#631,#632,#633,
    #634,#635,#636,#637,#638,#639,#640,#641,#642,#643,#644,#645,#646,
    #647,#648,#649,#650,#651,#652,#653,#654,#655,#656,#657,#658,#659,
    #660,#661,#662,#663,#664),.UNSPECIFIED.,.F.,.F.,(7,5,5,5,5,5,5,5,5,5
    ,5,5,5,5,5,5,5,5,5,5,7),(0.,5.927542649675E-02,8.598476256135E-02,
    0.12241021462,0.168367002902,0.250517871787,0.293984581615,
    0.332743253576,0.415498966131,0.465670231417,0.525504759696,
    0.560155278891,0.58675307339,0.623026408156,0.668791273743,
    0.750599070089,0.793884257378,0.832481068166,0.91489118228,
    0.964852925944,1.),.UNSPECIFIED.);
#563 = CARTESIAN_POINT('',(0.,442.));
#564 = CARTESIAN_POINT('',(7.657689805321E-02,442.));
#565 = CARTESIAN_POINT('',(0.152467232341,442.01407382486));
#566 = CARTESIAN_POINT('',(0.227256653812,442.04174715527));
#567 = CARTESIAN_POINT('',(0.300498953201,442.08124502669));
#568 = CARTESIAN_POINT('',(0.371630521659,442.12961406668));
#569 = CARTESIAN_POINT('',(0.470550292546,442.20762127791));
#570 = CARTESIAN_POINT('',(0.500829036578,442.23306724434));
#571 = CARTESIAN_POINT('',(0.530681187617,442.25951653802));
#572 = CARTESIAN_POINT('',(0.560126144345,442.28676820752));
#573 = CARTESIAN_POINT('',(0.58918186384,442.31463311392));
#574 = CARTESIAN_POINT('',(0.65698464222,442.38153312001));
#575 = CARTESIAN_POINT('',(0.695421087545,442.42095302115));
#576 = CARTESIAN_POINT('',(0.733245164755,442.46077489978));
#577 = CARTESIAN_POINT('',(0.770519492596,442.50062317948));
#578 = CARTESIAN_POINT('',(0.80730530747,442.54016326564));
#579 = CARTESIAN_POINT('',(0.889546253088,442.62822058702));
#580 = CARTESIAN_POINT('',(0.934759832019,442.67638870323));
#581 = CARTESIAN_POINT('',(0.979411745013,442.72297441886));
#582 = CARTESIAN_POINT('',(1.023599147468,442.76742332205));
#583 = CARTESIAN_POINT('',(1.067416587195,442.80924132328));
#584 = CARTESIAN_POINT('',(1.188793908508,442.91723217366));
#585 = CARTESIAN_POINT('',(1.265884499631,442.9767677822));
#586 = CARTESIAN_POINT('',(1.342405159248,443.02365505918));
#587 = CARTESIAN_POINT('',(1.418572630949,443.0557140571));
#588 = CARTESIAN_POINT('',(1.494615817671,443.07179676972));
#589 = CARTESIAN_POINT('',(1.611104069484,443.07179676972));
#590 = CARTESIAN_POINT('',(1.65140438531,443.06729447322));
#591 = CARTESIAN_POINT('',(1.69172305379,443.05829182024));
#592 = CARTESIAN_POINT('',(1.73208320516,443.04488474892));
#593 = CARTESIAN_POINT('',(1.772506085764,443.02725840529));
#594 = CARTESIAN_POINT('',(1.849130236946,442.98644328157));
#595 = CARTESIAN_POINT('',(1.885312534819,442.96406470177));
#596 = CARTESIAN_POINT('',(1.921594485238,442.93872585414));
#597 = CARTESIAN_POINT('',(1.958009422909,442.91064651022));
#598 = CARTESIAN_POINT('',(1.994589906849,442.88008339469));
#599 = CARTESIAN_POINT('',(2.109899193568,442.77738584041));
#600 = CARTESIAN_POINT('',(2.189221143118,442.69754619023));
#601 = CARTESIAN_POINT('',(2.269991485216,442.61038858635));
#602 = CARTESIAN_POINT('',(2.352840796643,442.51889328111));
#603 = CARTESIAN_POINT('',(2.438411295291,442.42684799274));
#604 = CARTESIAN_POINT('',(2.581435632416,442.28616557842));
#605 = CARTESIAN_POINT('',(2.636864342443,442.23453908079));
#606 = CARTESIAN_POINT('',(2.693744230524,442.18569446583));
#607 = CARTESIAN_POINT('',(2.752112340583,442.14106439657));
#608 = CARTESIAN_POINT('',(2.812032221796,442.10214718512));
#609 = CARTESIAN_POINT('',(2.947047974728,442.0325861953));
#610 = CARTESIAN_POINT('',(3.02301826944,442.00488958418));
#611 = CARTESIAN_POINT('',(3.100266696042,441.99068330887));
#612 = CARTESIAN_POINT('',(3.177840669856,441.99170855077));
#613 = CARTESIAN_POINT('',(3.254823911756,442.0073601021));
#614 = CARTESIAN_POINT('',(3.373674202086,442.05130511049));
#615 = CARTESIAN_POINT('',(3.416631607528,442.07148564215));
#616 = CARTESIAN_POINT('',(3.458930943268,442.09530643176));
#617 = CARTESIAN_POINT('',(3.500533206158,442.12226869244));
#618 = CARTESIAN_POINT('',(3.541385327551,442.15182247803));
#619 = CARTESIAN_POINT('',(3.612142946138,442.20762127791));
#620 = CARTESIAN_POINT('',(3.642421690167,442.23306724434));
#621 = CARTESIAN_POINT('',(3.672273841204,442.25951653802));
#622 = CARTESIAN_POINT('',(3.701718797935,442.28676820752));
#623 = CARTESIAN_POINT('',(3.730774517432,442.31463311392));
#624 = CARTESIAN_POINT('',(3.798577295811,442.38153312001));
#625 = CARTESIAN_POINT('',(3.837013741135,442.42095302115));
#626 = CARTESIAN_POINT('',(3.874837818345,442.46077489978));
#627 = CARTESIAN_POINT('',(3.912112146186,442.50062317948));
#628 = CARTESIAN_POINT('',(3.94889796106,442.54016326564));
#629 = CARTESIAN_POINT('',(4.031138905337,442.62822058558));
#630 = CARTESIAN_POINT('',(4.076352487665,442.67638870529));
#631 = CARTESIAN_POINT('',(4.121004398668,442.72297441904));
#632 = CARTESIAN_POINT('',(4.165191799037,442.76742332008));
#633 = CARTESIAN_POINT('',(4.209009241994,442.80924132435));
#634 = CARTESIAN_POINT('',(4.330386562099,442.91723217366));
#635 = CARTESIAN_POINT('',(4.407477153222,442.9767677822));
#636 = CARTESIAN_POINT('',(4.483997812839,443.02365505918));
#637 = CARTESIAN_POINT('',(4.560165284539,443.0557140571));
#638 = CARTESIAN_POINT('',(4.636208471262,443.07179676972));
#639 = CARTESIAN_POINT('',(4.752696723074,443.07179676972));
#640 = CARTESIAN_POINT('',(4.7929970389,443.06729447322));
#641 = CARTESIAN_POINT('',(4.83331570738,443.05829182024));
#642 = CARTESIAN_POINT('',(4.87367585875,443.04488474892));
#643 = CARTESIAN_POINT('',(4.914098739354,443.02725840529));
#644 = CARTESIAN_POINT('',(4.990722890537,442.98644328157));
#645 = CARTESIAN_POINT('',(5.026905188411,442.96406470177));
#646 = CARTESIAN_POINT('',(5.063187138829,442.93872585414));
#647 = CARTESIAN_POINT('',(5.099602076501,442.91064651022));
#648 = CARTESIAN_POINT('',(5.136182560441,442.88008339469));
#649 = CARTESIAN_POINT('',(5.251491847161,442.77738584041));
#650 = CARTESIAN_POINT('',(5.330813796712,442.69754619023));
#651 = CARTESIAN_POINT('',(5.41158413881,442.61038858635));
#652 = CARTESIAN_POINT('',(5.494433450238,442.51889328111));
#653 = CARTESIAN_POINT('',(5.580003948886,442.42684799274));
#654 = CARTESIAN_POINT('',(5.723028286012,442.28616557842));
#655 = CARTESIAN_POINT('',(5.778456996038,442.23453908078));
#656 = CARTESIAN_POINT('',(5.835336884118,442.18569446583));
#657 = CARTESIAN_POINT('',(5.893704994176,442.14106439657));
#658 = CARTESIAN_POINT('',(5.953624875387,442.10214718512));
#659 = CARTESIAN_POINT('',(6.058521353944,442.0481038404));
#660 = CARTESIAN_POINT('',(6.102636958146,442.02935706242));
#661 = CARTESIAN_POINT('',(6.147337141216,442.01481682824));
#662 = CARTESIAN_POINT('',(6.192440098576,442.00494827053));
#663 = CARTESIAN_POINT('',(6.237778515624,442.));
#664 = CARTESIAN_POINT('',(6.28318530718,442.));
#665 = ( GEOMETRIC_REPRESENTATION_CONTEXT(2) 
PARAMETRIC_REPRESENTATION_CONTEXT() REPRESENTATION_CONTEXT('2D SPACE',''
  ) );
#666 = PCURVE('',#667,#672);
#667 = CYLINDRICAL_SURFACE('',#668,8.);
#668 = AXIS2_PLACEMENT_3D('',#669,#670,#671);
#669 = CARTESIAN_POINT('',(450.,0.,-1.15E+03));
#670 = DIRECTION('',(0.,0.,1.));
#671 = DIRECTION('',(1.,0.,-0.));
#672 = DEFINITIONAL_REPRESENTATION('',(#673),#776);
#673 = B_SPLINE_CURVE_WITH_KNOTS('',6,(#674,#675,#676,#677,#678,#679,
    #680,#681,#682,#683,#684,#685,#686,#687,#688,#689,#690,#691,#692,
    #693,#694,#695,#696,#697,#698,#699,#700,#701,#702,#703,#704,#705,
    #706,#707,#708,#709,#710,#711,#712,#713,#714,#715,#716,#717,#718,
    #719,#720,#721,#722,#723,#724,#725,#726,#727,#728,#729,#730,#731,
    #732,#733,#734,#735,#736,#737,#738,#739,#740,#741,#742,#743,#744,
    #745,#746,#747,#748,#749,#750,#751,#752,#753,#754,#755,#756,#757,
    #758,#759,#760,#761,#762,#763,#764,#765,#766,#767,#768,#769,#770,
    #771,#772,#773,#774,#775),.UNSPECIFIED.,.T.,.F.,(7,5,5,5,5,5,5,5,5,5
    ,5,5,5,5,5,5,5,5,5,5,7),(0.,5.927542649675E-02,8.598476256135E-02,
    0.12241021462,0.168367002902,0.250517871787,0.293984581615,
    0.332743253576,0.415498966131,0.465670231417,0.525504759696,
    0.560155278891,0.58675307339,0.623026408156,0.668791273743,
    0.750599070089,0.793884257378,0.832481068166,0.91489118228,
    0.964852925944,1.),.UNSPECIFIED.);
#674 = CARTESIAN_POINT('',(3.14159265359,1.176E+03));
#675 = CARTESIAN_POINT('',(3.103304204563,1.176E+03));
#676 = CARTESIAN_POINT('',(3.065358941047,1.176028147551E+03));
#677 = CARTESIAN_POINT('',(3.028267837637,1.17608349478E+03));
#678 = CARTESIAN_POINT('',(2.992527344909,1.176163602865E+03));
#679 = CARTESIAN_POINT('',(2.958636204534,1.176264552058E+03));
#680 = CARTESIAN_POINT('',(2.912833594603,1.176433024018E+03));
#681 = CARTESIAN_POINT('',(2.899007630547,1.176488692889E+03));
#682 = CARTESIAN_POINT('',(2.885584208296,1.176547422709E+03));
#683 = CARTESIAN_POINT('',(2.872563974787,1.176608958886E+03));
#684 = CARTESIAN_POINT('',(2.85994710196,1.176673067335E+03));
#685 = CARTESIAN_POINT('',(2.831075899871,1.176830179126E+03));
#686 = CARTESIAN_POINT('',(2.815164149004,1.176925230482E+03));
#687 = CARTESIAN_POINT('',(2.799986306124,1.177024210346E+03));
#688 = CARTESIAN_POINT('',(2.785532879182,1.177126717601E+03));
#689 = CARTESIAN_POINT('',(2.771795624225,1.177232427722E+03));
#690 = CARTESIAN_POINT('',(2.742328716569,1.177478192139E+03));
#691 = CARTESIAN_POINT('',(2.727015236329,1.177620021486E+03));
#692 = CARTESIAN_POINT('',(2.712822047634,1.177766004775E+03));
#693 = CARTESIAN_POINT('',(2.699749569977,1.177915688013E+03));
#694 = CARTESIAN_POINT('',(2.687803585222,1.178068712926E+03));
#695 = CARTESIAN_POINT('',(2.657676402079,1.178503789783E+03));
#696 = CARTESIAN_POINT('',(2.641960899711,1.178793026917E+03));
#697 = CARTESIAN_POINT('',(2.6300294,1.179089619308E+03));
#698 = CARTESIAN_POINT('',(2.622014531583,1.179391104983E+03));
#699 = CARTESIAN_POINT('',(2.617993877991,1.179695277964E+03));
#700 = CARTESIAN_POINT('',(2.617993877991,1.180161230971E+03));
#701 = CARTESIAN_POINT('',(2.619119483902,1.180322432183E+03));
#702 = CARTESIAN_POINT('',(2.621370058189,1.180483235487E+03));
#703 = CARTESIAN_POINT('',(2.624738373138,1.180643262238E+03));
#704 = CARTESIAN_POINT('',(2.629210701262,1.180802122817E+03));
#705 = CARTESIAN_POINT('',(2.639721297403,1.181099672467E+03));
#706 = CARTESIAN_POINT('',(2.645537218394,1.18123867496E+03));
#707 = CARTESIAN_POINT('',(2.65220333298,1.181376223168E+03));
#708 = CARTESIAN_POINT('',(2.65970744236,1.181512097373E+03));
#709 = CARTESIAN_POINT('',(2.668036832616,1.181646058173E+03));
#710 = CARTESIAN_POINT('',(2.696697747392,1.182059233462E+03));
#711 = CARTESIAN_POINT('',(2.719891917116,1.182330301465E+03));
#712 = CARTESIAN_POINT('',(2.746699874834,1.182589788139E+03));
#713 = CARTESIAN_POINT('',(2.777150465477,1.182835491764E+03));
#714 = CARTESIAN_POINT('',(2.811324588273,1.18306383507E+03));
#715 = CARTESIAN_POINT('',(2.872357604053,1.183393509244E+03));
#716 = CARTESIAN_POINT('',(2.896871360361,1.183509841791E+03));
#717 = CARTESIAN_POINT('',(2.922825792243,1.183616287157E+03));
#718 = CARTESIAN_POINT('',(2.950172683248,1.183710993307E+03));
#719 = CARTESIAN_POINT('',(2.978855872335,1.183792008205E+03));
#720 = CARTESIAN_POINT('',(3.044532324369,1.183935009678E+03));
#721 = CARTESIAN_POINT('',(3.082147116092,1.183990510909E+03));
#722 = CARTESIAN_POINT('',(3.12084848951,1.184018415428E+03));
#723 = CARTESIAN_POINT('',(3.159830856744,1.18401655342E+03));
#724 = CARTESIAN_POINT('',(3.198292025171,1.183985561498E+03));
#725 = CARTESIAN_POINT('',(3.256922482127,1.183896480203E+03));
#726 = CARTESIAN_POINT('',(3.277951581201,1.183855325166E+03));
#727 = CARTESIAN_POINT('',(3.298445577112,1.183806302877E+03));
#728 = CARTESIAN_POINT('',(3.31834409795,1.183750100736E+03));
#729 = CARTESIAN_POINT('',(3.337588963789,1.183687484497E+03));
#730 = CARTESIAN_POINT('',(3.370351712578,1.183566975982E+03));
#731 = CARTESIAN_POINT('',(3.384177676632,1.183511307111E+03));
#732 = CARTESIAN_POINT('',(3.397601098883,1.183452577291E+03));
#733 = CARTESIAN_POINT('',(3.410621332392,1.183391041114E+03));
#734 = CARTESIAN_POINT('',(3.42323820522,1.183326932665E+03));
#735 = CARTESIAN_POINT('',(3.452109407308,1.183169820874E+03));
#736 = CARTESIAN_POINT('',(3.468021158176,1.183074769518E+03));
#737 = CARTESIAN_POINT('',(3.483199001056,1.182975789654E+03));
#738 = CARTESIAN_POINT('',(3.497652427997,1.182873282399E+03));
#739 = CARTESIAN_POINT('',(3.511389682954,1.182767572278E+03));
#740 = CARTESIAN_POINT('',(3.54085659013,1.182521807865E+03));
#741 = CARTESIAN_POINT('',(3.556170071493,1.182379978507E+03));
#742 = CARTESIAN_POINT('',(3.570363259631,1.182233995225E+03));
#743 = CARTESIAN_POINT('',(3.583435736601,1.182084311993E+03));
#744 = CARTESIAN_POINT('',(3.595381722257,1.181931287069E+03));
#745 = CARTESIAN_POINT('',(3.625508905101,1.181496210217E+03));
#746 = CARTESIAN_POINT('',(3.641224407468,1.181206973083E+03));
#747 = CARTESIAN_POINT('',(3.65315590718,1.180910380692E+03));
#748 = CARTESIAN_POINT('',(3.661170775596,1.180608895017E+03));
#749 = CARTESIAN_POINT('',(3.665191429188,1.180304722036E+03));
#750 = CARTESIAN_POINT('',(3.665191429188,1.179838769029E+03));
#751 = CARTESIAN_POINT('',(3.664065823277,1.179677567817E+03));
#752 = CARTESIAN_POINT('',(3.66181524899,1.179516764513E+03));
#753 = CARTESIAN_POINT('',(3.658446934042,1.179356737762E+03));
#754 = CARTESIAN_POINT('',(3.653974605918,1.179197877183E+03));
#755 = CARTESIAN_POINT('',(3.643464009777,1.178900327533E+03));
#756 = CARTESIAN_POINT('',(3.637648088785,1.17876132504E+03));
#757 = CARTESIAN_POINT('',(3.630981974199,1.178623776832E+03));
#758 = CARTESIAN_POINT('',(3.62347786482,1.178487902627E+03));
#759 = CARTESIAN_POINT('',(3.615148474563,1.178353941827E+03));
#760 = CARTESIAN_POINT('',(3.586487559787,1.177940766538E+03));
#761 = CARTESIAN_POINT('',(3.563293390062,1.177669698535E+03));
#762 = CARTESIAN_POINT('',(3.536485432345,1.177410211861E+03));
#763 = CARTESIAN_POINT('',(3.5060348417,1.177164508236E+03));
#764 = CARTESIAN_POINT('',(3.471860718904,1.17693616493E+03));
#765 = CARTESIAN_POINT('',(3.410827703124,1.176606490756E+03));
#766 = CARTESIAN_POINT('',(3.386313946816,1.176490158209E+03));
#767 = CARTESIAN_POINT('',(3.360359514935,1.176383712843E+03));
#768 = CARTESIAN_POINT('',(3.33301262393,1.176289006693E+03));
#769 = CARTESIAN_POINT('',(3.304329434844,1.176207991795E+03));
#770 = CARTESIAN_POINT('',(3.253304066375,1.176096891048E+03));
#771 = CARTESIAN_POINT('',(3.231615063025,1.176058851888E+03));
#772 = CARTESIAN_POINT('',(3.209453522992,1.176029633641E+03));
#773 = CARTESIAN_POINT('',(3.186965263081,1.176009896545E+03));
#774 = CARTESIAN_POINT('',(3.164296049368,1.176E+03));
#775 = CARTESIAN_POINT('',(3.14159265359,1.176E+03));
#776 = ( GEOMETRIC_REPRESENTATION_CONTEXT(2) 
PARAMETRIC_REPRESENTATION_CONTEXT() REPRESENTATION_CONTEXT('2D SPACE',''
  ) );
#777 = ORIENTED_EDGE('',*,*,#778,.F.);
#778 = EDGE_CURVE('',#82,#454,#779,.T.);
#779 = SEAM_CURVE('',#780,(#784,#791),.PCURVE_S1.);
#780 = LINE('',#781,#782);
#781 = CARTESIAN_POINT('',(8.881784197001E-16,-9.797174393179E-16,26.));
#782 = VECTOR('',#783,1.);
#783 = DIRECTION('',(1.,0.,2.22044604925E-16));
#784 = PCURVE('',#190,#785);
#785 = DEFINITIONAL_REPRESENTATION('',(#786),#790);
#786 = LINE('',#787,#788);
#787 = CARTESIAN_POINT('',(6.28318530718,-0.));
#788 = VECTOR('',#789,1.);
#789 = DIRECTION('',(0.,1.));
#790 = ( GEOMETRIC_REPRESENTATION_CONTEXT(2) 
PARAMETRIC_REPRESENTATION_CONTEXT() REPRESENTATION_CONTEXT('2D SPACE',''
  ) );
#791 = PCURVE('',#190,#792);
#792 = DEFINITIONAL_REPRESENTATION('',(#793),#797);
#793 = LINE('',#794,#795);
#794 = CARTESIAN_POINT('',(0.,-0.));
#795 = VECTOR('',#796,1.);
#796 = DIRECTION('',(0.,1.));
#797 = ( GEOMETRIC_REPRESENTATION_CONTEXT(2) 
PARAMETRIC_REPRESENTATION_CONTEXT() REPRESENTATION_CONTEXT('2D SPACE',''
  ) );
#798 = ORIENTED_EDGE('',*,*,#288,.T.);
#799 = ORIENTED_EDGE('',*,*,#104,.T.);
#800 = ORIENTED_EDGE('',*,*,#778,.T.);
#801 = ADVANCED_FACE('',(#802,#805),#275,.T.);
#802 = FACE_BOUND('',#803,.T.);
#803 = EDGE_LOOP('',(#804));
#804 = ORIENTED_EDGE('',*,*,#260,.T.);
#805 = FACE_BOUND('',#806,.T.);
#806 = EDGE_LOOP('',(#807));
#807 = ORIENTED_EDGE('',*,*,#808,.F.);
#808 = EDGE_CURVE('',#809,#809,#811,.T.);
#809 = VERTEX_POINT('',#810);
#810 = CARTESIAN_POINT('',(20.95,-5.131270088427E-15,3.2E+03));
#811 = SURFACE_CURVE('',#812,(#817,#824),.PCURVE_S1.);
#812 = CIRCLE('',#813,20.95);
#813 = AXIS2_PLACEMENT_3D('',#814,#815,#816);
#814 = CARTESIAN_POINT('',(0.,0.,3.2E+03));
#815 = DIRECTION('',(0.,0.,1.));
#816 = DIRECTION('',(1.,0.,-0.));
#817 = PCURVE('',#275,#818);
#818 = DEFINITIONAL_REPRESENTATION('',(#819),#823);
#819 = CIRCLE('',#820,20.95);
#820 = AXIS2_PLACEMENT_2D('',#821,#822);
#821 = CARTESIAN_POINT('',(0.,0.));
#822 = DIRECTION('',(1.,0.));
#823 = ( GEOMETRIC_REPRESENTATION_CONTEXT(2) 
PARAMETRIC_REPRESENTATION_CONTEXT() REPRESENTATION_CONTEXT('2D SPACE',''
  ) );
#824 = PCURVE('',#825,#830);
#825 = CYLINDRICAL_SURFACE('',#826,20.95);
#826 = AXIS2_PLACEMENT_3D('',#827,#828,#829);
#827 = CARTESIAN_POINT('',(0.,0.,-551.));
#828 = DIRECTION('',(0.,0.,1.));
#829 = DIRECTION('',(1.,0.,-0.));
#830 = DEFINITIONAL_REPRESENTATION('',(#831),#835);
#831 = LINE('',#832,#833);
#832 = CARTESIAN_POINT('',(0.,3.751E+03));
#833 = VECTOR('',#834,1.);
#834 = DIRECTION('',(1.,0.));
#835 = ( GEOMETRIC_REPRESENTATION_CONTEXT(2) 
PARAMETRIC_REPRESENTATION_CONTEXT() REPRESENTATION_CONTEXT('2D SPACE',''
  ) );
#836 = ADVANCED_FACE('',(#837),#435,.T.);
#837 = FACE_BOUND('',#838,.T.);
#838 = EDGE_LOOP('',(#839,#840,#863,#890));
#839 = ORIENTED_EDGE('',*,*,#418,.F.);
#840 = ORIENTED_EDGE('',*,*,#841,.F.);
#841 = EDGE_CURVE('',#842,#419,#844,.T.);
#842 = VERTEX_POINT('',#843);
#843 = CARTESIAN_POINT('',(160.,-3.918869757272E-14,-600.));
#844 = SEAM_CURVE('',#845,(#849,#856),.PCURVE_S1.);
#845 = LINE('',#846,#847);
#846 = CARTESIAN_POINT('',(160.,-3.918869757272E-14,-600.));
#847 = VECTOR('',#848,1.);
#848 = DIRECTION('',(0.,0.,1.));
#849 = PCURVE('',#435,#850);
#850 = DEFINITIONAL_REPRESENTATION('',(#851),#855);
#851 = LINE('',#852,#853);
#852 = CARTESIAN_POINT('',(6.28318530718,-0.));
#853 = VECTOR('',#854,1.);
#854 = DIRECTION('',(0.,1.));
#855 = ( GEOMETRIC_REPRESENTATION_CONTEXT(2) 
PARAMETRIC_REPRESENTATION_CONTEXT() REPRESENTATION_CONTEXT('2D SPACE',''
  ) );
#856 = PCURVE('',#435,#857);
#857 = DEFINITIONAL_REPRESENTATION('',(#858),#862);
#858 = LINE('',#859,#860);
#859 = CARTESIAN_POINT('',(0.,-0.));
#860 = VECTOR('',#861,1.);
#861 = DIRECTION('',(0.,1.));
#862 = ( GEOMETRIC_REPRESENTATION_CONTEXT(2) 
PARAMETRIC_REPRESENTATION_CONTEXT() REPRESENTATION_CONTEXT('2D SPACE',''
  ) );
#863 = ORIENTED_EDGE('',*,*,#864,.T.);
#864 = EDGE_CURVE('',#842,#842,#865,.T.);
#865 = SURFACE_CURVE('',#866,(#871,#878),.PCURVE_S1.);
#866 = CIRCLE('',#867,160.);
#867 = AXIS2_PLACEMENT_3D('',#868,#869,#870);
#868 = CARTESIAN_POINT('',(0.,0.,-600.));
#869 = DIRECTION('',(0.,0.,1.));
#870 = DIRECTION('',(1.,0.,-0.));
#871 = PCURVE('',#435,#872);
#872 = DEFINITIONAL_REPRESENTATION('',(#873),#877);
#873 = LINE('',#874,#875);
#874 = CARTESIAN_POINT('',(0.,0.));
#875 = VECTOR('',#876,1.);
#876 = DIRECTION('',(1.,0.));
#877 = ( GEOMETRIC_REPRESENTATION_CONTEXT(2) 
PARAMETRIC_REPRESENTATION_CONTEXT() REPRESENTATION_CONTEXT('2D SPACE',''
  ) );
#878 = PCURVE('',#879,#884);
#879 = PLANE('',#880);
#880 = AXIS2_PLACEMENT_3D('',#881,#882,#883);
#881 = CARTESIAN_POINT('',(0.,0.,-600.));
#882 = DIRECTION('',(0.,0.,1.));
#883 = DIRECTION('',(1.,0.,-0.));
#884 = DEFINITIONAL_REPRESENTATION('',(#885),#889);
#885 = CIRCLE('',#886,160.);
#886 = AXIS2_PLACEMENT_2D('',#887,#888);
#887 = CARTESIAN_POINT('',(0.,0.));
#888 = DIRECTION('',(1.,0.));
#889 = ( GEOMETRIC_REPRESENTATION_CONTEXT(2) 
PARAMETRIC_REPRESENTATION_CONTEXT() REPRESENTATION_CONTEXT('2D SPACE',''
  ) );
#890 = ORIENTED_EDGE('',*,*,#841,.T.);
#891 = ADVANCED_FACE('',(#892,#974),#667,.T.);
#892 = FACE_BOUND('',#893,.T.);
#893 = EDGE_LOOP('',(#894,#919,#946,#947));
#894 = ORIENTED_EDGE('',*,*,#895,.T.);
#895 = EDGE_CURVE('',#896,#898,#900,.T.);
#896 = VERTEX_POINT('',#897);
#897 = CARTESIAN_POINT('',(458.,-1.959434878636E-15,-1.15E+03));
#898 = VERTEX_POINT('',#899);
#899 = CARTESIAN_POINT('',(458.,-1.959434878636E-15,50.));
#900 = SEAM_CURVE('',#901,(#905,#912),.PCURVE_S1.);
#901 = LINE('',#902,#903);
#902 = CARTESIAN_POINT('',(458.,-1.959434878636E-15,-1.15E+03));
#903 = VECTOR('',#904,1.);
#904 = DIRECTION('',(0.,0.,1.));
#905 = PCURVE('',#667,#906);
#906 = DEFINITIONAL_REPRESENTATION('',(#907),#911);
#907 = LINE('',#908,#909);
#908 = CARTESIAN_POINT('',(6.28318530718,-0.));
#909 = VECTOR('',#910,1.);
#910 = DIRECTION('',(0.,1.));
#911 = ( GEOMETRIC_REPRESENTATION_CONTEXT(2) 
PARAMETRIC_REPRESENTATION_CONTEXT() REPRESENTATION_CONTEXT('2D SPACE',''
  ) );
#912 = PCURVE('',#667,#913);
#913 = DEFINITIONAL_REPRESENTATION('',(#914),#918);
#914 = LINE('',#915,#916);
#915 = CARTESIAN_POINT('',(0.,-0.));
#916 = VECTOR('',#917,1.);
#917 = DIRECTION('',(0.,1.));
#918 = ( GEOMETRIC_REPRESENTATION_CONTEXT(2) 
PARAMETRIC_REPRESENTATION_CONTEXT() REPRESENTATION_CONTEXT('2D SPACE',''
  ) );
#919 = ORIENTED_EDGE('',*,*,#920,.F.);
#920 = EDGE_CURVE('',#898,#898,#921,.T.);
#921 = SURFACE_CURVE('',#922,(#927,#934),.PCURVE_S1.);
#922 = CIRCLE('',#923,8.);
#923 = AXIS2_PLACEMENT_3D('',#924,#925,#926);
#924 = CARTESIAN_POINT('',(450.,0.,50.));
#925 = DIRECTION('',(0.,0.,1.));
#926 = DIRECTION('',(1.,0.,-0.));
#927 = PCURVE('',#667,#928);
#928 = DEFINITIONAL_REPRESENTATION('',(#929),#933);
#929 = LINE('',#930,#931);
#930 = CARTESIAN_POINT('',(0.,1.2E+03));
#931 = VECTOR('',#932,1.);
#932 = DIRECTION('',(1.,0.));
#933 = ( GEOMETRIC_REPRESENTATION_CONTEXT(2) 
PARAMETRIC_REPRESENTATION_CONTEXT() REPRESENTATION_CONTEXT('2D SPACE',''
  ) );
#934 = PCURVE('',#935,#940);
#935 = PLANE('',#936);
#936 = AXIS2_PLACEMENT_3D('',#937,#938,#939);
#937 = CARTESIAN_POINT('',(450.,0.,50.));
#938 = DIRECTION('',(0.,0.,1.));
#939 = DIRECTION('',(1.,0.,-0.));
#940 = DEFINITIONAL_REPRESENTATION('',(#941),#945);
#941 = CIRCLE('',#942,8.);
#942 = AXIS2_PLACEMENT_2D('',#943,#944);
#943 = CARTESIAN_POINT('',(0.,0.));
#944 = DIRECTION('',(1.,0.));
#945 = ( GEOMETRIC_REPRESENTATION_CONTEXT(2) 
PARAMETRIC_REPRESENTATION_CONTEXT() REPRESENTATION_CONTEXT('2D SPACE',''
  ) );
#946 = ORIENTED_EDGE('',*,*,#895,.F.);
#947 = ORIENTED_EDGE('',*,*,#948,.T.);
#948 = EDGE_CURVE('',#896,#896,#949,.T.);
#949 = SURFACE_CURVE('',#950,(#955,#962),.PCURVE_S1.);
#950 = CIRCLE('',#951,8.);
#951 = AXIS2_PLACEMENT_3D('',#952,#953,#954);
#952 = CARTESIAN_POINT('',(450.,0.,-1.15E+03));
#953 = DIRECTION('',(0.,0.,1.));
#954 = DIRECTION('',(1.,0.,-0.));
#955 = PCURVE('',#667,#956);
#956 = DEFINITIONAL_REPRESENTATION('',(#957),#961);
#957 = LINE('',#958,#959);
#958 = CARTESIAN_POINT('',(0.,0.));
#959 = VECTOR('',#960,1.);
#960 = DIRECTION('',(1.,0.));
#961 = ( GEOMETRIC_REPRESENTATION_CONTEXT(2) 
PARAMETRIC_REPRESENTATION_CONTEXT() REPRESENTATION_CONTEXT('2D SPACE',''
  ) );
#962 = PCURVE('',#963,#968);
#963 = PLANE('',#964);
#964 = AXIS2_PLACEMENT_3D('',#965,#966,#967);
#965 = CARTESIAN_POINT('',(450.,0.,-1.15E+03));
#966 = DIRECTION('',(0.,0.,1.));
#967 = DIRECTION('',(1.,0.,-0.));
#968 = DEFINITIONAL_REPRESENTATION('',(#969),#973);
#969 = CIRCLE('',#970,8.);
#970 = AXIS2_PLACEMENT_2D('',#971,#972);
#971 = CARTESIAN_POINT('',(0.,0.));
#972 = DIRECTION('',(1.,0.));
#973 = ( GEOMETRIC_REPRESENTATION_CONTEXT(2) 
PARAMETRIC_REPRESENTATION_CONTEXT() REPRESENTATION_CONTEXT('2D SPACE',''
  ) );
#974 = FACE_BOUND('',#975,.T.);
#975 = EDGE_LOOP('',(#976));
#976 = ORIENTED_EDGE('',*,*,#453,.T.);
#977 = ADVANCED_FACE('',(#978),#825,.F.);
#978 = FACE_BOUND('',#979,.F.);
#979 = EDGE_LOOP('',(#980,#1003,#1004,#1005,#1138,#1161,#1188,#1189));
#980 = ORIENTED_EDGE('',*,*,#981,.T.);
#981 = EDGE_CURVE('',#982,#809,#984,.T.);
#982 = VERTEX_POINT('',#983);
#983 = CARTESIAN_POINT('',(20.95,-5.131270088427E-15,34.000000000007));
#984 = SEAM_CURVE('',#985,(#989,#996),.PCURVE_S1.);
#985 = LINE('',#986,#987);
#986 = CARTESIAN_POINT('',(20.95,-5.131270088427E-15,-551.));
#987 = VECTOR('',#988,1.);
#988 = DIRECTION('',(0.,0.,1.));
#989 = PCURVE('',#825,#990);
#990 = DEFINITIONAL_REPRESENTATION('',(#991),#995);
#991 = LINE('',#992,#993);
#992 = CARTESIAN_POINT('',(6.28318530718,-0.));
#993 = VECTOR('',#994,1.);
#994 = DIRECTION('',(0.,1.));
#995 = ( GEOMETRIC_REPRESENTATION_CONTEXT(2) 
PARAMETRIC_REPRESENTATION_CONTEXT() REPRESENTATION_CONTEXT('2D SPACE',''
  ) );
#996 = PCURVE('',#825,#997);
#997 = DEFINITIONAL_REPRESENTATION('',(#998),#1002);
#998 = LINE('',#999,#1000);
#999 = CARTESIAN_POINT('',(0.,-0.));
#1000 = VECTOR('',#1001,1.);
#1001 = DIRECTION('',(0.,1.));
#1002 = ( GEOMETRIC_REPRESENTATION_CONTEXT(2) 
PARAMETRIC_REPRESENTATION_CONTEXT() REPRESENTATION_CONTEXT('2D SPACE',''
  ) );
#1003 = ORIENTED_EDGE('',*,*,#808,.F.);
#1004 = ORIENTED_EDGE('',*,*,#981,.F.);
#1005 = ORIENTED_EDGE('',*,*,#1006,.F.);
#1006 = EDGE_CURVE('',#1007,#982,#1009,.T.);
#1007 = VERTEX_POINT('',#1008);
#1008 = CARTESIAN_POINT('',(20.95,-3.055493763873E-15,26.));
#1009 = SURFACE_CURVE('',#1010,(#1049,#1091),.PCURVE_S1.);
#1010 = B_SPLINE_CURVE_WITH_KNOTS('',7,(#1011,#1012,#1013,#1014,#1015,
    #1016,#1017,#1018,#1019,#1020,#1021,#1022,#1023,#1024,#1025,#1026,
    #1027,#1028,#1029,#1030,#1031,#1032,#1033,#1034,#1035,#1036,#1037,
    #1038,#1039,#1040,#1041,#1042,#1043,#1044,#1045,#1046,#1047,#1048),
  .UNSPECIFIED.,.F.,.F.,(8,6,6,6,6,6,8),(0.,0.150800023563,
    0.295581622185,0.500000000051,0.704418377918,0.84919997654,1.),
  .UNSPECIFIED.);
#1011 = CARTESIAN_POINT('',(20.95,-4.898587196589E-16,26.));
#1012 = CARTESIAN_POINT('',(20.95,0.330116415249,26.));
#1013 = CARTESIAN_POINT('',(20.943931236142,0.657239709976,
    26.031784835238));
#1014 = CARTESIAN_POINT('',(20.931992135154,0.976482782642,
    26.09431756021));
#1015 = CARTESIAN_POINT('',(20.914904795837,1.283177950852,
    26.185341041048));
#1016 = CARTESIAN_POINT('',(20.893858577781,1.573143789953,
    26.301435337603));
#1017 = CARTESIAN_POINT('',(20.870260645283,1.842926167641,
    26.438035821558));
#1018 = CARTESIAN_POINT('',(20.821706570998,2.327201869118,26.7348003531
    ));
#1019 = CARTESIAN_POINT('',(20.796617443168,2.545713100286,
    26.895179311513));
#1020 = CARTESIAN_POINT('',(20.771093292734,2.74569383416,27.06790793744
    ));
#1021 = CARTESIAN_POINT('',(20.745870927152,2.927506878866,
    27.250773897629));
#1022 = CARTESIAN_POINT('',(20.721546303947,3.091630787638,
    27.441949426239));
#1023 = CARTESIAN_POINT('',(20.698586529463,3.238586089931,
    27.639924805724));
#1024 = CARTESIAN_POINT('',(20.647390403963,3.552816398345,
    28.130801024044));
#1025 = CARTESIAN_POINT('',(20.620840400016,3.703744491454,
    28.429549409969));
#1026 = CARTESIAN_POINT('',(20.598746880259,3.822994857513,
    28.736338383513));
#1027 = CARTESIAN_POINT('',(20.581774695863,3.911666191817,
    29.048655996921));
#1028 = CARTESIAN_POINT('',(20.570324257304,3.970537388935,
    29.364508839514));
#1029 = CARTESIAN_POINT('',(20.564593358489,4.,29.682170287299));
#1030 = CARTESIAN_POINT('',(20.564593358489,4.,30.317829712702));
#1031 = CARTESIAN_POINT('',(20.570324257304,3.970537388935,
    30.635491160486));
#1032 = CARTESIAN_POINT('',(20.581774695863,3.911666191817,
    30.951344003079));
#1033 = CARTESIAN_POINT('',(20.598746880259,3.822994857513,
    31.263661616487));
#1034 = CARTESIAN_POINT('',(20.620840400016,3.703744491454,
    31.570450590031));
#1035 = CARTESIAN_POINT('',(20.647390403963,3.552816398345,
    31.869198975956));
#1036 = CARTESIAN_POINT('',(20.698586529463,3.238586089931,
    32.360075194276));
#1037 = CARTESIAN_POINT('',(20.721546303947,3.091630787638,
    32.558050573761));
#1038 = CARTESIAN_POINT('',(20.745870927152,2.927506878866,
    32.749226102371));
#1039 = CARTESIAN_POINT('',(20.771093292734,2.74569383416,32.93209206256
    ));
#1040 = CARTESIAN_POINT('',(20.796617443168,2.545713100286,
    33.104820688487));
#1041 = CARTESIAN_POINT('',(20.821706570998,2.327201869118,33.2651996469
    ));
#1042 = CARTESIAN_POINT('',(20.870260645266,1.842926167811,
    33.561964178338));
#1043 = CARTESIAN_POINT('',(20.893858577783,1.573143789977,
    33.698564662422));
#1044 = CARTESIAN_POINT('',(20.914904795852,1.2831779507,33.814658959026
    ));
#1045 = CARTESIAN_POINT('',(20.931992135157,0.976482782488,
    33.905682439804));
#1046 = CARTESIAN_POINT('',(20.943931236134,0.657239710003,
    33.968215164724));
#1047 = CARTESIAN_POINT('',(20.95,0.330116415447,34.));
#1048 = CARTESIAN_POINT('',(20.95,7.347880794884E-16,34.));
#1049 = PCURVE('',#825,#1050);
#1050 = DEFINITIONAL_REPRESENTATION('',(#1051),#1090);
#1051 = B_SPLINE_CURVE_WITH_KNOTS('',7,(#1052,#1053,#1054,#1055,#1056,
    #1057,#1058,#1059,#1060,#1061,#1062,#1063,#1064,#1065,#1066,#1067,
    #1068,#1069,#1070,#1071,#1072,#1073,#1074,#1075,#1076,#1077,#1078,
    #1079,#1080,#1081,#1082,#1083,#1084,#1085,#1086,#1087,#1088,#1089),
  .UNSPECIFIED.,.F.,.F.,(8,6,6,6,6,6,8),(0.,0.150800023563,
    0.295581622185,0.500000000051,0.704418377918,0.84919997654,1.),
  .UNSPECIFIED.);
#1052 = CARTESIAN_POINT('',(0.,577.));
#1053 = CARTESIAN_POINT('',(1.575734678993E-02,577.));
#1054 = CARTESIAN_POINT('',(3.137182595385E-02,577.03178483523));
#1055 = CARTESIAN_POINT('',(4.661653783853E-02,577.09431756021));
#1056 = CARTESIAN_POINT('',(6.127460659171E-02,577.18534104104));
#1057 = CARTESIAN_POINT('',(7.514936162666E-02,577.3014353376));
#1058 = CARTESIAN_POINT('',(8.807493011536E-02,577.43803582155));
#1059 = CARTESIAN_POINT('',(0.111306608422,577.7348003531));
#1060 = CARTESIAN_POINT('',(0.121804177587,577.89517931151));
#1061 = CARTESIAN_POINT('',(0.131426130436,578.06790793744));
#1062 = CARTESIAN_POINT('',(0.140186905852,578.25077389762));
#1063 = CARTESIAN_POINT('',(0.148106149834,578.44194942623));
#1064 = CARTESIAN_POINT('',(0.155205667035,578.63992480572));
#1065 = CARTESIAN_POINT('',(0.170402496146,579.13080102404));
#1066 = CARTESIAN_POINT('',(0.17771674072,579.42954940996));
#1067 = CARTESIAN_POINT('',(0.183505519566,579.73633838351));
#1068 = CARTESIAN_POINT('',(0.187814872134,580.04865599692));
#1069 = CARTESIAN_POINT('',(0.190677599208,580.36450883951));
#1070 = CARTESIAN_POINT('',(0.192110290977,580.68217028729));
#1071 = CARTESIAN_POINT('',(0.192110290977,581.3178297127));
#1072 = CARTESIAN_POINT('',(0.190677599208,581.63549116048));
#1073 = CARTESIAN_POINT('',(0.187814872134,581.95134400307));
#1074 = CARTESIAN_POINT('',(0.183505519566,582.26366161648));
#1075 = CARTESIAN_POINT('',(0.17771674072,582.57045059003));
#1076 = CARTESIAN_POINT('',(0.170402496146,582.86919897595));
#1077 = CARTESIAN_POINT('',(0.155205667035,583.36007519427));
#1078 = CARTESIAN_POINT('',(0.148106149834,583.55805057376));
#1079 = CARTESIAN_POINT('',(0.140186905852,583.74922610237));
#1080 = CARTESIAN_POINT('',(0.131426130436,583.93209206256));
#1081 = CARTESIAN_POINT('',(0.121804177587,584.10482068848));
#1082 = CARTESIAN_POINT('',(0.111306608422,584.26519964689));
#1083 = CARTESIAN_POINT('',(8.80749301235E-02,584.56196417833));
#1084 = CARTESIAN_POINT('',(7.514936162781E-02,584.69856466242));
#1085 = CARTESIAN_POINT('',(6.127460658443E-02,584.81465895902));
#1086 = CARTESIAN_POINT('',(4.661653783115E-02,584.9056824398));
#1087 = CARTESIAN_POINT('',(3.137182595513E-02,584.96821516472));
#1088 = CARTESIAN_POINT('',(1.575734679937E-02,585.));
#1089 = CARTESIAN_POINT('',(0.,585.));
#1090 = ( GEOMETRIC_REPRESENTATION_CONTEXT(2) 
PARAMETRIC_REPRESENTATION_CONTEXT() REPRESENTATION_CONTEXT('2D SPACE',''
  ) );
#1091 = PCURVE('',#1092,#1097);
#1092 = CYLINDRICAL_SURFACE('',#1093,4.);
#1093 = AXIS2_PLACEMENT_3D('',#1094,#1095,#1096);
#1094 = CARTESIAN_POINT('',(0.,0.,30.));
#1095 = DIRECTION('',(1.,0.,2.22044604925E-16));
#1096 = DIRECTION('',(2.22044604925E-16,0.,-1.));
#1097 = DEFINITIONAL_REPRESENTATION('',(#1098),#1137);
#1098 = B_SPLINE_CURVE_WITH_KNOTS('',7,(#1099,#1100,#1101,#1102,#1103,
    #1104,#1105,#1106,#1107,#1108,#1109,#1110,#1111,#1112,#1113,#1114,
    #1115,#1116,#1117,#1118,#1119,#1120,#1121,#1122,#1123,#1124,#1125,
    #1126,#1127,#1128,#1129,#1130,#1131,#1132,#1133,#1134,#1135,#1136),
  .UNSPECIFIED.,.F.,.F.,(8,6,6,6,6,6,8),(0.,0.150800023563,
    0.295581622185,0.500000000051,0.704418377918,0.84919997654,1.),
  .UNSPECIFIED.);
#1099 = CARTESIAN_POINT('',(0.,20.95));
#1100 = CARTESIAN_POINT('',(8.252910381224E-02,20.95));
#1101 = CARTESIAN_POINT('',(0.164309894872,20.943931236142));
#1102 = CARTESIAN_POINT('',(0.245038943469,20.931992135154));
#1103 = CARTESIAN_POINT('',(0.324391727441,20.914904795837));
#1104 = CARTESIAN_POINT('',(0.401986397701,20.893858577781));
#1105 = CARTESIAN_POINT('',(0.477336639294,20.870260645283));
#1106 = CARTESIAN_POINT('',(0.619329628167,20.821706570998));
#1107 = CARTESIAN_POINT('',(0.686857042195,20.796617443168));
#1108 = CARTESIAN_POINT('',(0.752596659517,20.771093292734));
#1109 = CARTESIAN_POINT('',(0.816744181865,20.745870927152));
#1110 = CARTESIAN_POINT('',(0.879478129088,20.721546303947));
#1111 = CARTESIAN_POINT('',(0.940970126242,20.698586529463));
#1112 = CARTESIAN_POINT('',(1.086679629287,20.647390403963));
#1113 = CARTESIAN_POINT('',(1.169925639116,20.620840400016));
#1114 = CARTESIAN_POINT('',(1.251606391906,20.598746880259));
#1115 = CARTESIAN_POINT('',(1.332141985366,20.581774695863));
#1116 = CARTESIAN_POINT('',(1.411923114734,20.570324257304));
#1117 = CARTESIAN_POINT('',(1.49133889862,20.564593358489));
#1118 = CARTESIAN_POINT('',(1.65025375497,20.564593358489));
#1119 = CARTESIAN_POINT('',(1.729669538856,20.570324257304));
#1120 = CARTESIAN_POINT('',(1.809450668224,20.581774695863));
#1121 = CARTESIAN_POINT('',(1.889986261684,20.598746880259));
#1122 = CARTESIAN_POINT('',(1.971667014474,20.620840400016));
#1123 = CARTESIAN_POINT('',(2.054913024303,20.647390403963));
#1124 = CARTESIAN_POINT('',(2.200622527347,20.698586529463));
#1125 = CARTESIAN_POINT('',(2.262114524502,20.721546303947));
#1126 = CARTESIAN_POINT('',(2.324848471725,20.745870927152));
#1127 = CARTESIAN_POINT('',(2.388995994073,20.771093292734));
#1128 = CARTESIAN_POINT('',(2.454735611395,20.796617443168));
#1129 = CARTESIAN_POINT('',(2.522263025423,20.821706570998));
#1130 = CARTESIAN_POINT('',(2.664256014246,20.870260645266));
#1131 = CARTESIAN_POINT('',(2.739606255887,20.893858577783));
#1132 = CARTESIAN_POINT('',(2.817200926189,20.914904795852));
#1133 = CARTESIAN_POINT('',(2.896553710158,20.931992135157));
#1134 = CARTESIAN_POINT('',(2.977282758711,20.943931236134));
#1135 = CARTESIAN_POINT('',(3.059063549728,20.95));
#1136 = CARTESIAN_POINT('',(3.14159265359,20.95));
#1137 = ( GEOMETRIC_REPRESENTATION_CONTEXT(2) 
PARAMETRIC_REPRESENTATION_CONTEXT() REPRESENTATION_CONTEXT('2D SPACE',''
  ) );
#1138 = ORIENTED_EDGE('',*,*,#1139,.F.);
#1139 = EDGE_CURVE('',#1140,#1007,#1142,.T.);
#1140 = VERTEX_POINT('',#1141);
#1141 = CARTESIAN_POINT('',(20.95,-5.131270088427E-15,-550.));
#1142 = SEAM_CURVE('',#1143,(#1147,#1154),.PCURVE_S1.);
#1143 = LINE('',#1144,#1145);
#1144 = CARTESIAN_POINT('',(20.95,-5.131270088427E-15,-551.));
#1145 = VECTOR('',#1146,1.);
#1146 = DIRECTION('',(0.,0.,1.));
#1147 = PCURVE('',#825,#1148);
#1148 = DEFINITIONAL_REPRESENTATION('',(#1149),#1153);
#1149 = LINE('',#1150,#1151);
#1150 = CARTESIAN_POINT('',(6.28318530718,-0.));
#1151 = VECTOR('',#1152,1.);
#1152 = DIRECTION('',(0.,1.));
#1153 = ( GEOMETRIC_REPRESENTATION_CONTEXT(2) 
PARAMETRIC_REPRESENTATION_CONTEXT() REPRESENTATION_CONTEXT('2D SPACE',''
  ) );
#1154 = PCURVE('',#825,#1155);
#1155 = DEFINITIONAL_REPRESENTATION('',(#1156),#1160);
#1156 = LINE('',#1157,#1158);
#1157 = CARTESIAN_POINT('',(0.,-0.));
#1158 = VECTOR('',#1159,1.);
#1159 = DIRECTION('',(0.,1.));
#1160 = ( GEOMETRIC_REPRESENTATION_CONTEXT(2) 
PARAMETRIC_REPRESENTATION_CONTEXT() REPRESENTATION_CONTEXT('2D SPACE',''
  ) );
#1161 = ORIENTED_EDGE('',*,*,#1162,.T.);
#1162 = EDGE_CURVE('',#1140,#1140,#1163,.T.);
#1163 = SURFACE_CURVE('',#1164,(#1169,#1176),.PCURVE_S1.);
#1164 = CIRCLE('',#1165,20.95);
#1165 = AXIS2_PLACEMENT_3D('',#1166,#1167,#1168);
#1166 = CARTESIAN_POINT('',(0.,0.,-550.));
#1167 = DIRECTION('',(0.,0.,1.));
#1168 = DIRECTION('',(1.,0.,-0.));
#1169 = PCURVE('',#825,#1170);
#1170 = DEFINITIONAL_REPRESENTATION('',(#1171),#1175);
#1171 = LINE('',#1172,#1173);
#1172 = CARTESIAN_POINT('',(0.,1.));
#1173 = VECTOR('',#1174,1.);
#1174 = DIRECTION('',(1.,0.));
#1175 = ( GEOMETRIC_REPRESENTATION_CONTEXT(2) 
PARAMETRIC_REPRESENTATION_CONTEXT() REPRESENTATION_CONTEXT('2D SPACE',''
  ) );
#1176 = PCURVE('',#1177,#1182);
#1177 = PLANE('',#1178);
#1178 = AXIS2_PLACEMENT_3D('',#1179,#1180,#1181);
#1179 = CARTESIAN_POINT('',(0.,0.,-550.));
#1180 = DIRECTION('',(0.,0.,1.));
#1181 = DIRECTION('',(1.,0.,-0.));
#1182 = DEFINITIONAL_REPRESENTATION('',(#1183),#1187);
#1183 = CIRCLE('',#1184,20.95);
#1184 = AXIS2_PLACEMENT_2D('',#1185,#1186);
#1185 = CARTESIAN_POINT('',(0.,0.));
#1186 = DIRECTION('',(1.,0.));
#1187 = ( GEOMETRIC_REPRESENTATION_CONTEXT(2) 
PARAMETRIC_REPRESENTATION_CONTEXT() REPRESENTATION_CONTEXT('2D SPACE',''
  ) );
#1188 = ORIENTED_EDGE('',*,*,#1139,.T.);
#1189 = ORIENTED_EDGE('',*,*,#1190,.F.);
#1190 = EDGE_CURVE('',#982,#1007,#1191,.T.);
#1191 = SURFACE_CURVE('',#1192,(#1231,#1273),.PCURVE_S1.);
#1192 = B_SPLINE_CURVE_WITH_KNOTS('',7,(#1193,#1194,#1195,#1196,#1197,
    #1198,#1199,#1200,#1201,#1202,#1203,#1204,#1205,#1206,#1207,#1208,
    #1209,#1210,#1211,#1212,#1213,#1214,#1215,#1216,#1217,#1218,#1219,
    #1220,#1221,#1222,#1223,#1224,#1225,#1226,#1227,#1228,#1229,#1230),
  .UNSPECIFIED.,.F.,.F.,(8,6,6,6,6,6,8),(0.,0.150800020527,0.29558161716
    ,0.499999994713,0.704418374723,0.849199974863,1.),.UNSPECIFIED.);
#1193 = CARTESIAN_POINT('',(20.95,-1.7763568394E-15,34.));
#1194 = CARTESIAN_POINT('',(20.95,-0.330116417303,34.));
#1195 = CARTESIAN_POINT('',(20.943931236095,-0.65723970492,
    33.968215164453));
#1196 = CARTESIAN_POINT('',(20.931992135409,-0.976482786375,
    33.905682441366));
#1197 = CARTESIAN_POINT('',(20.914904795341,-1.28317795238,
    33.814658955943));
#1198 = CARTESIAN_POINT('',(20.893858578219,-1.573143786341,
    33.69856466505));
#1199 = CARTESIAN_POINT('',(20.870260645125,-1.842926169219,
    33.561964177475));
#1200 = CARTESIAN_POINT('',(20.821706570998,-2.327201869118,
    33.265199646899));
#1201 = CARTESIAN_POINT('',(20.796617443169,-2.545713100286,
    33.104820688487));
#1202 = CARTESIAN_POINT('',(20.771093292734,-2.74569383416,
    32.93209206256));
#1203 = CARTESIAN_POINT('',(20.745870927152,-2.927506878866,
    32.74922610237));
#1204 = CARTESIAN_POINT('',(20.721546303947,-3.091630787638,
    32.558050573761));
#1205 = CARTESIAN_POINT('',(20.698586529463,-3.238586089931,
    32.360075194276));
#1206 = CARTESIAN_POINT('',(20.647390403597,-3.552816400592,
    31.869198972446));
#1207 = CARTESIAN_POINT('',(20.62084040062,-3.703744487809,
    31.57045059857));
#1208 = CARTESIAN_POINT('',(20.598746880126,-3.822994858282,
    31.263661611141));
#1209 = CARTESIAN_POINT('',(20.58177469546,-3.911666194234,
    30.951343997955));
#1210 = CARTESIAN_POINT('',(20.570324257582,-3.970537387288,
    30.635491169293));
#1211 = CARTESIAN_POINT('',(20.564593358489,-4.,30.317829708883));
#1212 = CARTESIAN_POINT('',(20.564593358489,-4.,29.682170287298));
#1213 = CARTESIAN_POINT('',(20.570324257304,-3.970537388935,
    29.364508839514));
#1214 = CARTESIAN_POINT('',(20.581774695863,-3.911666191817,
    29.048655996921));
#1215 = CARTESIAN_POINT('',(20.598746880259,-3.822994857513,
    28.736338383513));
#1216 = CARTESIAN_POINT('',(20.620840400016,-3.703744491454,
    28.429549409969));
#1217 = CARTESIAN_POINT('',(20.647390403963,-3.552816398345,
    28.130801024044));
#1218 = CARTESIAN_POINT('',(20.698586529463,-3.238586089931,
    27.639924805724));
#1219 = CARTESIAN_POINT('',(20.721546303947,-3.091630787638,
    27.441949426238));
#1220 = CARTESIAN_POINT('',(20.745870927152,-2.927506878866,
    27.250773897629));
#1221 = CARTESIAN_POINT('',(20.771093292734,-2.74569383416,
    27.06790793744));
#1222 = CARTESIAN_POINT('',(20.796617443168,-2.545713100286,
    26.895179311513));
#1223 = CARTESIAN_POINT('',(20.821706570998,-2.327201869118,
    26.7348003531));
#1224 = CARTESIAN_POINT('',(20.870260645282,-1.842926167652,
    26.438035821565));
#1225 = CARTESIAN_POINT('',(20.893858577781,-1.573143789956,
    26.301435337602));
#1226 = CARTESIAN_POINT('',(20.914904795838,-1.283177950841,
    26.185341041042));
#1227 = CARTESIAN_POINT('',(20.931992135154,-0.976482782632,
    26.094317560209));
#1228 = CARTESIAN_POINT('',(20.943931236141,-0.657239709979,
    26.03178483524));
#1229 = CARTESIAN_POINT('',(20.95,-0.330116415262,26.));
#1230 = CARTESIAN_POINT('',(20.95,-3.10862446895E-15,26.));
#1231 = PCURVE('',#825,#1232);
#1232 = DEFINITIONAL_REPRESENTATION('',(#1233),#1272);
#1233 = B_SPLINE_CURVE_WITH_KNOTS('',7,(#1234,#1235,#1236,#1237,#1238,
    #1239,#1240,#1241,#1242,#1243,#1244,#1245,#1246,#1247,#1248,#1249,
    #1250,#1251,#1252,#1253,#1254,#1255,#1256,#1257,#1258,#1259,#1260,
    #1261,#1262,#1263,#1264,#1265,#1266,#1267,#1268,#1269,#1270,#1271),
  .UNSPECIFIED.,.F.,.F.,(8,6,6,6,6,6,8),(0.,0.150800020527,0.29558161716
    ,0.499999994713,0.704418374723,0.849199974863,1.),.UNSPECIFIED.);
#1234 = CARTESIAN_POINT('',(6.28318530718,585.));
#1235 = CARTESIAN_POINT('',(6.267427960292,585.));
#1236 = CARTESIAN_POINT('',(6.251813481467,584.96821516445));
#1237 = CARTESIAN_POINT('',(6.236568769164,584.90568244136));
#1238 = CARTESIAN_POINT('',(6.221910700514,584.81465895594));
#1239 = CARTESIAN_POINT('',(6.208035945726,584.69856466505));
#1240 = CARTESIAN_POINT('',(6.195110376989,584.56196417747));
#1241 = CARTESIAN_POINT('',(6.171878698757,584.26519964689));
#1242 = CARTESIAN_POINT('',(6.161381129592,584.10482068848));
#1243 = CARTESIAN_POINT('',(6.151759176744,583.93209206256));
#1244 = CARTESIAN_POINT('',(6.142998401327,583.74922610237));
#1245 = CARTESIAN_POINT('',(6.135079157345,583.55805057376));
#1246 = CARTESIAN_POINT('',(6.127979640145,583.36007519427));
#1247 = CARTESIAN_POINT('',(6.112782810925,582.86919897244));
#1248 = CARTESIAN_POINT('',(6.105468566636,582.57045059857));
#1249 = CARTESIAN_POINT('',(6.099679787577,582.26366161114));
#1250 = CARTESIAN_POINT('',(6.095370434928,581.95134399795));
#1251 = CARTESIAN_POINT('',(6.092507708051,581.63549116929));
#1252 = CARTESIAN_POINT('',(6.091075016203,581.31782970888));
#1253 = CARTESIAN_POINT('',(6.091075016203,580.68217028729));
#1254 = CARTESIAN_POINT('',(6.092507707972,580.36450883951));
#1255 = CARTESIAN_POINT('',(6.095370435045,580.04865599692));
#1256 = CARTESIAN_POINT('',(6.099679787614,579.73633838351));
#1257 = CARTESIAN_POINT('',(6.105468566459,579.42954940997));
#1258 = CARTESIAN_POINT('',(6.112782811034,579.13080102404));
#1259 = CARTESIAN_POINT('',(6.127979640145,578.63992480572));
#1260 = CARTESIAN_POINT('',(6.135079157345,578.44194942623));
#1261 = CARTESIAN_POINT('',(6.142998401327,578.25077389762));
#1262 = CARTESIAN_POINT('',(6.151759176744,578.06790793744));
#1263 = CARTESIAN_POINT('',(6.161381129592,577.89517931151));
#1264 = CARTESIAN_POINT('',(6.171878698757,577.7348003531));
#1265 = CARTESIAN_POINT('',(6.195110377064,577.43803582156));
#1266 = CARTESIAN_POINT('',(6.208035945553,577.3014353376));
#1267 = CARTESIAN_POINT('',(6.221910700588,577.18534104104));
#1268 = CARTESIAN_POINT('',(6.236568769342,577.0943175602));
#1269 = CARTESIAN_POINT('',(6.251813481226,577.03178483524));
#1270 = CARTESIAN_POINT('',(6.267427960389,577.));
#1271 = CARTESIAN_POINT('',(6.28318530718,577.));
#1272 = ( GEOMETRIC_REPRESENTATION_CONTEXT(2) 
PARAMETRIC_REPRESENTATION_CONTEXT() REPRESENTATION_CONTEXT('2D SPACE',''
  ) );
#1273 = PCURVE('',#1092,#1274);
#1274 = DEFINITIONAL_REPRESENTATION('',(#1275),#1314);
#1275 = B_SPLINE_CURVE_WITH_KNOTS('',7,(#1276,#1277,#1278,#1279,#1280,
    #1281,#1282,#1283,#1284,#1285,#1286,#1287,#1288,#1289,#1290,#1291,
    #1292,#1293,#1294,#1295,#1296,#1297,#1298,#1299,#1300,#1301,#1302,
    #1303,#1304,#1305,#1306,#1307,#1308,#1309,#1310,#1311,#1312,#1313),
  .UNSPECIFIED.,.F.,.F.,(8,6,6,6,6,6,8),(0.,0.150800020527,0.29558161716
    ,0.499999994713,0.704418374723,0.849199974863,1.),.UNSPECIFIED.);
#1276 = CARTESIAN_POINT('',(3.14159265359,20.95));
#1277 = CARTESIAN_POINT('',(3.224121757916,20.95));
#1278 = CARTESIAN_POINT('',(3.305902547227,20.943931236095));
#1279 = CARTESIAN_POINT('',(3.386631597876,20.931992135409));
#1280 = CARTESIAN_POINT('',(3.465984381617,20.914904795341));
#1281 = CARTESIAN_POINT('',(3.543579050208,20.893858578219));
#1282 = CARTESIAN_POINT('',(3.618929293347,20.870260645125));
#1283 = CARTESIAN_POINT('',(3.760922281757,20.821706570998));
#1284 = CARTESIAN_POINT('',(3.828449695784,20.796617443169));
#1285 = CARTESIAN_POINT('',(3.894189313107,20.771093292734));
#1286 = CARTESIAN_POINT('',(3.958336835455,20.745870927152));
#1287 = CARTESIAN_POINT('',(4.021070782677,20.721546303947));
#1288 = CARTESIAN_POINT('',(4.082562779832,20.698586529463));
#1289 = CARTESIAN_POINT('',(4.228272283918,20.647390403597));
#1290 = CARTESIAN_POINT('',(4.31151829032,20.62084040062));
#1291 = CARTESIAN_POINT('',(4.393199046875,20.598746880126));
#1292 = CARTESIAN_POINT('',(4.4737346404,20.58177469546));
#1293 = CARTESIAN_POINT('',(4.553515766017,20.570324257582));
#1294 = CARTESIAN_POINT('',(4.632931553164,20.564593358489));
#1295 = CARTESIAN_POINT('',(4.79184640856,20.564593358489));
#1296 = CARTESIAN_POINT('',(4.871262192446,20.570324257304));
#1297 = CARTESIAN_POINT('',(4.951043321814,20.581774695863));
#1298 = CARTESIAN_POINT('',(5.031578915274,20.598746880259));
#1299 = CARTESIAN_POINT('',(5.113259668063,20.620840400016));
#1300 = CARTESIAN_POINT('',(5.196505677893,20.647390403963));
#1301 = CARTESIAN_POINT('',(5.342215180937,20.698586529463));
#1302 = CARTESIAN_POINT('',(5.403707178092,20.721546303947));
#1303 = CARTESIAN_POINT('',(5.466441125315,20.745870927152));
#1304 = CARTESIAN_POINT('',(5.530588647662,20.771093292734));
#1305 = CARTESIAN_POINT('',(5.596328264985,20.796617443168));
#1306 = CARTESIAN_POINT('',(5.663855679013,20.821706570998));
#1307 = CARTESIAN_POINT('',(5.805848667882,20.870260645282));
#1308 = CARTESIAN_POINT('',(5.881198909478,20.893858577781));
#1309 = CARTESIAN_POINT('',(5.958793579741,20.914904795838));
#1310 = CARTESIAN_POINT('',(6.038146363714,20.931992135154));
#1311 = CARTESIAN_POINT('',(6.118875412307,20.943931236141));
#1312 = CARTESIAN_POINT('',(6.200656203364,20.95));
#1313 = CARTESIAN_POINT('',(6.28318530718,20.95));
#1314 = ( GEOMETRIC_REPRESENTATION_CONTEXT(2) 
PARAMETRIC_REPRESENTATION_CONTEXT() REPRESENTATION_CONTEXT('2D SPACE',''
  ) );
#1315 = ADVANCED_FACE('',(#1316,#1319),#879,.F.);
#1316 = FACE_BOUND('',#1317,.F.);
#1317 = EDGE_LOOP('',(#1318));
#1318 = ORIENTED_EDGE('',*,*,#864,.T.);
#1319 = FACE_BOUND('',#1320,.F.);
#1320 = EDGE_LOOP('',(#1321));
#1321 = ORIENTED_EDGE('',*,*,#1322,.F.);
#1322 = EDGE_CURVE('',#1323,#1323,#1325,.T.);
#1323 = VERTEX_POINT('',#1324);
#1324 = CARTESIAN_POINT('',(24.15,-5.915044039882E-15,-600.));
#1325 = SURFACE_CURVE('',#1326,(#1331,#1338),.PCURVE_S1.);
#1326 = CIRCLE('',#1327,24.15);
#1327 = AXIS2_PLACEMENT_3D('',#1328,#1329,#1330);
#1328 = CARTESIAN_POINT('',(0.,0.,-600.));
#1329 = DIRECTION('',(0.,0.,1.));
#1330 = DIRECTION('',(1.,0.,-0.));
#1331 = PCURVE('',#879,#1332);
#1332 = DEFINITIONAL_REPRESENTATION('',(#1333),#1337);
#1333 = CIRCLE('',#1334,24.15);
#1334 = AXIS2_PLACEMENT_2D('',#1335,#1336);
#1335 = CARTESIAN_POINT('',(0.,0.));
#1336 = DIRECTION('',(1.,0.));
#1337 = ( GEOMETRIC_REPRESENTATION_CONTEXT(2) 
PARAMETRIC_REPRESENTATION_CONTEXT() REPRESENTATION_CONTEXT('2D SPACE',''
  ) );
#1338 = PCURVE('',#1339,#1344);
#1339 = CYLINDRICAL_SURFACE('',#1340,24.15);
#1340 = AXIS2_PLACEMENT_3D('',#1341,#1342,#1343);
#1341 = CARTESIAN_POINT('',(0.,0.,-601.));
#1342 = DIRECTION('',(0.,0.,1.));
#1343 = DIRECTION('',(1.,0.,-0.));
#1344 = DEFINITIONAL_REPRESENTATION('',(#1345),#1349);
#1345 = LINE('',#1346,#1347);
#1346 = CARTESIAN_POINT('',(0.,1.));
#1347 = VECTOR('',#1348,1.);
#1348 = DIRECTION('',(1.,0.));
#1349 = ( GEOMETRIC_REPRESENTATION_CONTEXT(2) 
PARAMETRIC_REPRESENTATION_CONTEXT() REPRESENTATION_CONTEXT('2D SPACE',''
  ) );
#1350 = ADVANCED_FACE('',(#1351),#963,.F.);
#1351 = FACE_BOUND('',#1352,.T.);
#1352 = EDGE_LOOP('',(#1353));
#1353 = ORIENTED_EDGE('',*,*,#948,.F.);
#1354 = ADVANCED_FACE('',(#1355),#935,.T.);
#1355 = FACE_BOUND('',#1356,.T.);
#1356 = EDGE_LOOP('',(#1357));
#1357 = ORIENTED_EDGE('',*,*,#920,.T.);
#1358 = ADVANCED_FACE('',(#1359),#1092,.T.);
#1359 = FACE_BOUND('',#1360,.T.);
#1360 = EDGE_LOOP('',(#1361,#1362,#1385,#1412,#1413));
#1361 = ORIENTED_EDGE('',*,*,#1006,.F.);
#1362 = ORIENTED_EDGE('',*,*,#1363,.F.);
#1363 = EDGE_CURVE('',#1364,#1007,#1366,.T.);
#1364 = VERTEX_POINT('',#1365);
#1365 = CARTESIAN_POINT('',(8.881784197001E-16,-9.797174393179E-16,26.)
  );
#1366 = SEAM_CURVE('',#1367,(#1371,#1378),.PCURVE_S1.);
#1367 = LINE('',#1368,#1369);
#1368 = CARTESIAN_POINT('',(8.881784197001E-16,-9.797174393179E-16,26.)
  );
#1369 = VECTOR('',#1370,1.);
#1370 = DIRECTION('',(1.,0.,2.22044604925E-16));
#1371 = PCURVE('',#1092,#1372);
#1372 = DEFINITIONAL_REPRESENTATION('',(#1373),#1377);
#1373 = LINE('',#1374,#1375);
#1374 = CARTESIAN_POINT('',(6.28318530718,-0.));
#1375 = VECTOR('',#1376,1.);
#1376 = DIRECTION('',(0.,1.));
#1377 = ( GEOMETRIC_REPRESENTATION_CONTEXT(2) 
PARAMETRIC_REPRESENTATION_CONTEXT() REPRESENTATION_CONTEXT('2D SPACE',''
  ) );
#1378 = PCURVE('',#1092,#1379);
#1379 = DEFINITIONAL_REPRESENTATION('',(#1380),#1384);
#1380 = LINE('',#1381,#1382);
#1381 = CARTESIAN_POINT('',(0.,-0.));
#1382 = VECTOR('',#1383,1.);
#1383 = DIRECTION('',(0.,1.));
#1384 = ( GEOMETRIC_REPRESENTATION_CONTEXT(2) 
PARAMETRIC_REPRESENTATION_CONTEXT() REPRESENTATION_CONTEXT('2D SPACE',''
  ) );
#1385 = ORIENTED_EDGE('',*,*,#1386,.T.);
#1386 = EDGE_CURVE('',#1364,#1364,#1387,.T.);
#1387 = SURFACE_CURVE('',#1388,(#1393,#1400),.PCURVE_S1.);
#1388 = CIRCLE('',#1389,4.);
#1389 = AXIS2_PLACEMENT_3D('',#1390,#1391,#1392);
#1390 = CARTESIAN_POINT('',(0.,0.,30.));
#1391 = DIRECTION('',(1.,-0.,2.22044604925E-16));
#1392 = DIRECTION('',(2.22044604925E-16,0.,-1.));
#1393 = PCURVE('',#1092,#1394);
#1394 = DEFINITIONAL_REPRESENTATION('',(#1395),#1399);
#1395 = LINE('',#1396,#1397);
#1396 = CARTESIAN_POINT('',(0.,0.));
#1397 = VECTOR('',#1398,1.);
#1398 = DIRECTION('',(1.,0.));
#1399 = ( GEOMETRIC_REPRESENTATION_CONTEXT(2) 
PARAMETRIC_REPRESENTATION_CONTEXT() REPRESENTATION_CONTEXT('2D SPACE',''
  ) );
#1400 = PCURVE('',#1401,#1406);
#1401 = PLANE('',#1402);
#1402 = AXIS2_PLACEMENT_3D('',#1403,#1404,#1405);
#1403 = CARTESIAN_POINT('',(0.,0.,30.));
#1404 = DIRECTION('',(1.,0.,2.22044604925E-16));
#1405 = DIRECTION('',(2.22044604925E-16,0.,-1.));
#1406 = DEFINITIONAL_REPRESENTATION('',(#1407),#1411);
#1407 = CIRCLE('',#1408,4.);
#1408 = AXIS2_PLACEMENT_2D('',#1409,#1410);
#1409 = CARTESIAN_POINT('',(0.,0.));
#1410 = DIRECTION('',(1.,0.));
#1411 = ( GEOMETRIC_REPRESENTATION_CONTEXT(2) 
PARAMETRIC_REPRESENTATION_CONTEXT() REPRESENTATION_CONTEXT('2D SPACE',''
  ) );
#1412 = ORIENTED_EDGE('',*,*,#1363,.T.);
#1413 = ORIENTED_EDGE('',*,*,#1190,.F.);
#1414 = ADVANCED_FACE('',(#1415,#1441),#1177,.F.);
#1415 = FACE_BOUND('',#1416,.F.);
#1416 = EDGE_LOOP('',(#1417));
#1417 = ORIENTED_EDGE('',*,*,#1418,.T.);
#1418 = EDGE_CURVE('',#1419,#1419,#1421,.T.);
#1419 = VERTEX_POINT('',#1420);
#1420 = CARTESIAN_POINT('',(24.15,-5.915044039882E-15,-550.));
#1421 = SURFACE_CURVE('',#1422,(#1427,#1434),.PCURVE_S1.);
#1422 = CIRCLE('',#1423,24.15);
#1423 = AXIS2_PLACEMENT_3D('',#1424,#1425,#1426);
#1424 = CARTESIAN_POINT('',(0.,0.,-550.));
#1425 = DIRECTION('',(0.,0.,1.));
#1426 = DIRECTION('',(1.,0.,-0.));
#1427 = PCURVE('',#1177,#1428);
#1428 = DEFINITIONAL_REPRESENTATION('',(#1429),#1433);
#1429 = CIRCLE('',#1430,24.15);
#1430 = AXIS2_PLACEMENT_2D('',#1431,#1432);
#1431 = CARTESIAN_POINT('',(0.,0.));
#1432 = DIRECTION('',(1.,0.));
#1433 = ( GEOMETRIC_REPRESENTATION_CONTEXT(2) 
PARAMETRIC_REPRESENTATION_CONTEXT() REPRESENTATION_CONTEXT('2D SPACE',''
  ) );
#1434 = PCURVE('',#1339,#1435);
#1435 = DEFINITIONAL_REPRESENTATION('',(#1436),#1440);
#1436 = LINE('',#1437,#1438);
#1437 = CARTESIAN_POINT('',(0.,51.));
#1438 = VECTOR('',#1439,1.);
#1439 = DIRECTION('',(1.,0.));
#1440 = ( GEOMETRIC_REPRESENTATION_CONTEXT(2) 
PARAMETRIC_REPRESENTATION_CONTEXT() REPRESENTATION_CONTEXT('2D SPACE',''
  ) );
#1441 = FACE_BOUND('',#1442,.F.);
#1442 = EDGE_LOOP('',(#1443));
#1443 = ORIENTED_EDGE('',*,*,#1162,.F.);
#1444 = ADVANCED_FACE('',(#1445),#1339,.F.);
#1445 = FACE_BOUND('',#1446,.F.);
#1446 = EDGE_LOOP('',(#1447,#1448,#1469,#1470));
#1447 = ORIENTED_EDGE('',*,*,#1418,.F.);
#1448 = ORIENTED_EDGE('',*,*,#1449,.F.);
#1449 = EDGE_CURVE('',#1323,#1419,#1450,.T.);
#1450 = SEAM_CURVE('',#1451,(#1455,#1462),.PCURVE_S1.);
#1451 = LINE('',#1452,#1453);
#1452 = CARTESIAN_POINT('',(24.15,-5.915044039882E-15,-601.));
#1453 = VECTOR('',#1454,1.);
#1454 = DIRECTION('',(0.,0.,1.));
#1455 = PCURVE('',#1339,#1456);
#1456 = DEFINITIONAL_REPRESENTATION('',(#1457),#1461);
#1457 = LINE('',#1458,#1459);
#1458 = CARTESIAN_POINT('',(6.28318530718,-0.));
#1459 = VECTOR('',#1460,1.);
#1460 = DIRECTION('',(0.,1.));
#1461 = ( GEOMETRIC_REPRESENTATION_CONTEXT(2) 
PARAMETRIC_REPRESENTATION_CONTEXT() REPRESENTATION_CONTEXT('2D SPACE',''
  ) );
#1462 = PCURVE('',#1339,#1463);
#1463 = DEFINITIONAL_REPRESENTATION('',(#1464),#1468);
#1464 = LINE('',#1465,#1466);
#1465 = CARTESIAN_POINT('',(0.,-0.));
#1466 = VECTOR('',#1467,1.);
#1467 = DIRECTION('',(0.,1.));
#1468 = ( GEOMETRIC_REPRESENTATION_CONTEXT(2) 
PARAMETRIC_REPRESENTATION_CONTEXT() REPRESENTATION_CONTEXT('2D SPACE',''
  ) );
#1469 = ORIENTED_EDGE('',*,*,#1322,.T.);
#1470 = ORIENTED_EDGE('',*,*,#1449,.T.);
#1471 = ADVANCED_FACE('',(#1472),#1401,.F.);
#1472 = FACE_BOUND('',#1473,.T.);
#1473 = EDGE_LOOP('',(#1474));
#1474 = ORIENTED_EDGE('',*,*,#1386,.F.);
#1475 = ( GEOMETRIC_REPRESENTATION_CONTEXT(3) 
GLOBAL_UNCERTAINTY_ASSIGNED_CONTEXT((#1479)) 
GLOBAL_UNIT_ASSIGNED_CONTEXT((#1476,#1477,#1478)) REPRESENTATION_CONTEXT
('Context #1','3D Context with UNIT and UNCERTAINTY') );
#1476 = ( LENGTH_UNIT() NAMED_UNIT(*) SI_UNIT(.MILLI.,.METRE.) );
#1477 = ( NAMED_UNIT(*) PLANE_ANGLE_UNIT() SI_UNIT($,.RADIAN.) );
#1478 = ( NAMED_UNIT(*) SI_UNIT($,.STERADIAN.) SOLID_ANGLE_UNIT() );
#1479 = UNCERTAINTY_MEASURE_WITH_UNIT(LENGTH_MEASURE(1.E-07),#1476,
  'distance_accuracy_value','confusion accuracy');
#1480 = CONTEXT_DEPENDENT_SHAPE_REPRESENTATION(#1481,#1483);
#1481 = ( REPRESENTATION_RELATIONSHIP('','',#40,#10) 
REPRESENTATION_RELATIONSHIP_WITH_TRANSFORMATION(#1482) 
SHAPE_REPRESENTATION_RELATIONSHIP() );
#1482 = ITEM_DEFINED_TRANSFORMATION('','',#11,#15);
#1483 = PRODUCT_DEFINITION_SHAPE('Placement','Placement of an item',
  #1484);
#1484 = NEXT_ASSEMBLY_USAGE_OCCURRENCE('8','=>[0:1:1:2]','',#5,#35,$);
#1485 = PRODUCT_RELATED_PRODUCT_CATEGORY('part',$,(#37));
#1486 = SHAPE_DEFINITION_REPRESENTATION(#1487,#1493);
#1487 = PRODUCT_DEFINITION_SHAPE('','',#1488);
#1488 = PRODUCT_DEFINITION('design','',#1489,#1492);
#1489 = PRODUCT_DEFINITION_FORMATION('','',#1490);
#1490 = PRODUCT('COMPOUND','COMPOUND','',(#1491));
#1491 = PRODUCT_CONTEXT('',#2,'mechanical');
#1492 = PRODUCT_DEFINITION_CONTEXT('part definition',#2,'design');
#1493 = ADVANCED_BREP_SHAPE_REPRESENTATION('',(#11,#1494),#5260);
#1494 = MANIFOLD_SOLID_BREP('',#1495);
#1495 = CLOSED_SHELL('',(#1496,#1616,#2018,#2067,#2328,#2355,#2362,#2438
    ,#2487,#2536,#2563,#2853,#2929,#3005,#3063,#3139,#3188,#3237,#3264,
    #3340,#3389,#3438,#3465,#3541,#3590,#3639,#3666,#3673,#3775,#3822,
    #3892,#3989,#4036,#4106,#4113,#4140,#4167,#4222,#4229,#4236,#4243,
    #4406,#4413,#4420,#4424,#4500,#4549,#4598,#4625,#4844,#4920,#4969,
    #5018,#5045,#5121,#5170,#5219,#5246,#5253));
#1496 = ADVANCED_FACE('',(#1497),#1511,.F.);
#1497 = FACE_BOUND('',#1498,.F.);
#1498 = EDGE_LOOP('',(#1499,#1534,#1562,#1590));
#1499 = ORIENTED_EDGE('',*,*,#1500,.F.);
#1500 = EDGE_CURVE('',#1501,#1503,#1505,.T.);
#1501 = VERTEX_POINT('',#1502);
#1502 = CARTESIAN_POINT('',(-90.,-45.,1.71E+03));
#1503 = VERTEX_POINT('',#1504);
#1504 = CARTESIAN_POINT('',(-90.,-45.,2.03E+03));
#1505 = SURFACE_CURVE('',#1506,(#1510,#1522),.PCURVE_S1.);
#1506 = LINE('',#1507,#1508);
#1507 = CARTESIAN_POINT('',(-90.,-45.,1.71E+03));
#1508 = VECTOR('',#1509,1.);
#1509 = DIRECTION('',(0.,0.,1.));
#1510 = PCURVE('',#1511,#1516);
#1511 = PLANE('',#1512);
#1512 = AXIS2_PLACEMENT_3D('',#1513,#1514,#1515);
#1513 = CARTESIAN_POINT('',(-90.,-45.,1.71E+03));
#1514 = DIRECTION('',(1.,0.,-0.));
#1515 = DIRECTION('',(0.,0.,1.));
#1516 = DEFINITIONAL_REPRESENTATION('',(#1517),#1521);
#1517 = LINE('',#1518,#1519);
#1518 = CARTESIAN_POINT('',(0.,0.));
#1519 = VECTOR('',#1520,1.);
#1520 = DIRECTION('',(1.,0.));
#1521 = ( GEOMETRIC_REPRESENTATION_CONTEXT(2) 
PARAMETRIC_REPRESENTATION_CONTEXT() REPRESENTATION_CONTEXT('2D SPACE',''
  ) );
#1522 = PCURVE('',#1523,#1528);
#1523 = PLANE('',#1524);
#1524 = AXIS2_PLACEMENT_3D('',#1525,#1526,#1527);
#1525 = CARTESIAN_POINT('',(-90.,-45.,1.71E+03));
#1526 = DIRECTION('',(-0.,1.,0.));
#1527 = DIRECTION('',(0.,0.,1.));
#1528 = DEFINITIONAL_REPRESENTATION('',(#1529),#1533);
#1529 = LINE('',#1530,#1531);
#1530 = CARTESIAN_POINT('',(0.,0.));
#1531 = VECTOR('',#1532,1.);
#1532 = DIRECTION('',(1.,0.));
#1533 = ( GEOMETRIC_REPRESENTATION_CONTEXT(2) 
PARAMETRIC_REPRESENTATION_CONTEXT() REPRESENTATION_CONTEXT('2D SPACE',''
  ) );
#1534 = ORIENTED_EDGE('',*,*,#1535,.T.);
#1535 = EDGE_CURVE('',#1501,#1536,#1538,.T.);
#1536 = VERTEX_POINT('',#1537);
#1537 = CARTESIAN_POINT('',(-90.,-42.,1.71E+03));
#1538 = SURFACE_CURVE('',#1539,(#1543,#1550),.PCURVE_S1.);
#1539 = LINE('',#1540,#1541);
#1540 = CARTESIAN_POINT('',(-90.,-45.,1.71E+03));
#1541 = VECTOR('',#1542,1.);
#1542 = DIRECTION('',(-0.,1.,0.));
#1543 = PCURVE('',#1511,#1544);
#1544 = DEFINITIONAL_REPRESENTATION('',(#1545),#1549);
#1545 = LINE('',#1546,#1547);
#1546 = CARTESIAN_POINT('',(0.,0.));
#1547 = VECTOR('',#1548,1.);
#1548 = DIRECTION('',(0.,-1.));
#1549 = ( GEOMETRIC_REPRESENTATION_CONTEXT(2) 
PARAMETRIC_REPRESENTATION_CONTEXT() REPRESENTATION_CONTEXT('2D SPACE',''
  ) );
#1550 = PCURVE('',#1551,#1556);
#1551 = PLANE('',#1552);
#1552 = AXIS2_PLACEMENT_3D('',#1553,#1554,#1555);
#1553 = CARTESIAN_POINT('',(-90.,-45.,1.71E+03));
#1554 = DIRECTION('',(0.,0.,1.));
#1555 = DIRECTION('',(1.,0.,-0.));
#1556 = DEFINITIONAL_REPRESENTATION('',(#1557),#1561);
#1557 = LINE('',#1558,#1559);
#1558 = CARTESIAN_POINT('',(0.,0.));
#1559 = VECTOR('',#1560,1.);
#1560 = DIRECTION('',(0.,1.));
#1561 = ( GEOMETRIC_REPRESENTATION_CONTEXT(2) 
PARAMETRIC_REPRESENTATION_CONTEXT() REPRESENTATION_CONTEXT('2D SPACE',''
  ) );
#1562 = ORIENTED_EDGE('',*,*,#1563,.T.);
#1563 = EDGE_CURVE('',#1536,#1564,#1566,.T.);
#1564 = VERTEX_POINT('',#1565);
#1565 = CARTESIAN_POINT('',(-90.,-42.,2.03E+03));
#1566 = SURFACE_CURVE('',#1567,(#1571,#1578),.PCURVE_S1.);
#1567 = LINE('',#1568,#1569);
#1568 = CARTESIAN_POINT('',(-90.,-42.,1.71E+03));
#1569 = VECTOR('',#1570,1.);
#1570 = DIRECTION('',(0.,0.,1.));
#1571 = PCURVE('',#1511,#1572);
#1572 = DEFINITIONAL_REPRESENTATION('',(#1573),#1577);
#1573 = LINE('',#1574,#1575);
#1574 = CARTESIAN_POINT('',(0.,-3.));
#1575 = VECTOR('',#1576,1.);
#1576 = DIRECTION('',(1.,0.));
#1577 = ( GEOMETRIC_REPRESENTATION_CONTEXT(2) 
PARAMETRIC_REPRESENTATION_CONTEXT() REPRESENTATION_CONTEXT('2D SPACE',''
  ) );
#1578 = PCURVE('',#1579,#1584);
#1579 = PLANE('',#1580);
#1580 = AXIS2_PLACEMENT_3D('',#1581,#1582,#1583);
#1581 = CARTESIAN_POINT('',(-90.,-42.,1.71E+03));
#1582 = DIRECTION('',(-0.,1.,0.));
#1583 = DIRECTION('',(0.,0.,1.));
#1584 = DEFINITIONAL_REPRESENTATION('',(#1585),#1589);
#1585 = LINE('',#1586,#1587);
#1586 = CARTESIAN_POINT('',(0.,0.));
#1587 = VECTOR('',#1588,1.);
#1588 = DIRECTION('',(1.,0.));
#1589 = ( GEOMETRIC_REPRESENTATION_CONTEXT(2) 
PARAMETRIC_REPRESENTATION_CONTEXT() REPRESENTATION_CONTEXT('2D SPACE',''
  ) );
#1590 = ORIENTED_EDGE('',*,*,#1591,.F.);
#1591 = EDGE_CURVE('',#1503,#1564,#1592,.T.);
#1592 = SURFACE_CURVE('',#1593,(#1597,#1604),.PCURVE_S1.);
#1593 = LINE('',#1594,#1595);
#1594 = CARTESIAN_POINT('',(-90.,-45.,2.03E+03));
#1595 = VECTOR('',#1596,1.);
#1596 = DIRECTION('',(-0.,1.,0.));
#1597 = PCURVE('',#1511,#1598);
#1598 = DEFINITIONAL_REPRESENTATION('',(#1599),#1603);
#1599 = LINE('',#1600,#1601);
#1600 = CARTESIAN_POINT('',(320.,0.));
#1601 = VECTOR('',#1602,1.);
#1602 = DIRECTION('',(0.,-1.));
#1603 = ( GEOMETRIC_REPRESENTATION_CONTEXT(2) 
PARAMETRIC_REPRESENTATION_CONTEXT() REPRESENTATION_CONTEXT('2D SPACE',''
  ) );
#1604 = PCURVE('',#1605,#1610);
#1605 = PLANE('',#1606);
#1606 = AXIS2_PLACEMENT_3D('',#1607,#1608,#1609);
#1607 = CARTESIAN_POINT('',(-90.,-45.,2.03E+03));
#1608 = DIRECTION('',(0.,0.,1.));
#1609 = DIRECTION('',(1.,0.,-0.));
#1610 = DEFINITIONAL_REPRESENTATION('',(#1611),#1615);
#1611 = LINE('',#1612,#1613);
#1612 = CARTESIAN_POINT('',(0.,0.));
#1613 = VECTOR('',#1614,1.);
#1614 = DIRECTION('',(0.,1.));
#1615 = ( GEOMETRIC_REPRESENTATION_CONTEXT(2) 
PARAMETRIC_REPRESENTATION_CONTEXT() REPRESENTATION_CONTEXT('2D SPACE',''
  ) );
#1616 = ADVANCED_FACE('',(#1617,#1692,#1798,#1912),#1523,.F.);
#1617 = FACE_BOUND('',#1618,.F.);
#1618 = EDGE_LOOP('',(#1619,#1642,#1643,#1666));
#1619 = ORIENTED_EDGE('',*,*,#1620,.F.);
#1620 = EDGE_CURVE('',#1501,#1621,#1623,.T.);
#1621 = VERTEX_POINT('',#1622);
#1622 = CARTESIAN_POINT('',(90.,-45.,1.71E+03));
#1623 = SURFACE_CURVE('',#1624,(#1628,#1635),.PCURVE_S1.);
#1624 = LINE('',#1625,#1626);
#1625 = CARTESIAN_POINT('',(-90.,-45.,1.71E+03));
#1626 = VECTOR('',#1627,1.);
#1627 = DIRECTION('',(1.,0.,-0.));
#1628 = PCURVE('',#1523,#1629);
#1629 = DEFINITIONAL_REPRESENTATION('',(#1630),#1634);
#1630 = LINE('',#1631,#1632);
#1631 = CARTESIAN_POINT('',(0.,0.));
#1632 = VECTOR('',#1633,1.);
#1633 = DIRECTION('',(0.,1.));
#1634 = ( GEOMETRIC_REPRESENTATION_CONTEXT(2) 
PARAMETRIC_REPRESENTATION_CONTEXT() REPRESENTATION_CONTEXT('2D SPACE',''
  ) );
#1635 = PCURVE('',#1551,#1636);
#1636 = DEFINITIONAL_REPRESENTATION('',(#1637),#1641);
#1637 = LINE('',#1638,#1639);
#1638 = CARTESIAN_POINT('',(0.,0.));
#1639 = VECTOR('',#1640,1.);
#1640 = DIRECTION('',(1.,0.));
#1641 = ( GEOMETRIC_REPRESENTATION_CONTEXT(2) 
PARAMETRIC_REPRESENTATION_CONTEXT() REPRESENTATION_CONTEXT('2D SPACE',''
  ) );
#1642 = ORIENTED_EDGE('',*,*,#1500,.T.);
#1643 = ORIENTED_EDGE('',*,*,#1644,.T.);
#1644 = EDGE_CURVE('',#1503,#1645,#1647,.T.);
#1645 = VERTEX_POINT('',#1646);
#1646 = CARTESIAN_POINT('',(90.,-45.,2.03E+03));
#1647 = SURFACE_CURVE('',#1648,(#1652,#1659),.PCURVE_S1.);
#1648 = LINE('',#1649,#1650);
#1649 = CARTESIAN_POINT('',(-90.,-45.,2.03E+03));
#1650 = VECTOR('',#1651,1.);
#1651 = DIRECTION('',(1.,0.,-0.));
#1652 = PCURVE('',#1523,#1653);
#1653 = DEFINITIONAL_REPRESENTATION('',(#1654),#1658);
#1654 = LINE('',#1655,#1656);
#1655 = CARTESIAN_POINT('',(320.,0.));
#1656 = VECTOR('',#1657,1.);
#1657 = DIRECTION('',(0.,1.));
#1658 = ( GEOMETRIC_REPRESENTATION_CONTEXT(2) 
PARAMETRIC_REPRESENTATION_CONTEXT() REPRESENTATION_CONTEXT('2D SPACE',''
  ) );
#1659 = PCURVE('',#1605,#1660);
#1660 = DEFINITIONAL_REPRESENTATION('',(#1661),#1665);
#1661 = LINE('',#1662,#1663);
#1662 = CARTESIAN_POINT('',(0.,0.));
#1663 = VECTOR('',#1664,1.);
#1664 = DIRECTION('',(1.,0.));
#1665 = ( GEOMETRIC_REPRESENTATION_CONTEXT(2) 
PARAMETRIC_REPRESENTATION_CONTEXT() REPRESENTATION_CONTEXT('2D SPACE',''
  ) );
#1666 = ORIENTED_EDGE('',*,*,#1667,.F.);
#1667 = EDGE_CURVE('',#1621,#1645,#1668,.T.);
#1668 = SURFACE_CURVE('',#1669,(#1673,#1680),.PCURVE_S1.);
#1669 = LINE('',#1670,#1671);
#1670 = CARTESIAN_POINT('',(90.,-45.,1.71E+03));
#1671 = VECTOR('',#1672,1.);
#1672 = DIRECTION('',(0.,0.,1.));
#1673 = PCURVE('',#1523,#1674);
#1674 = DEFINITIONAL_REPRESENTATION('',(#1675),#1679);
#1675 = LINE('',#1676,#1677);
#1676 = CARTESIAN_POINT('',(0.,180.));
#1677 = VECTOR('',#1678,1.);
#1678 = DIRECTION('',(1.,0.));
#1679 = ( GEOMETRIC_REPRESENTATION_CONTEXT(2) 
PARAMETRIC_REPRESENTATION_CONTEXT() REPRESENTATION_CONTEXT('2D SPACE',''
  ) );
#1680 = PCURVE('',#1681,#1686);
#1681 = PLANE('',#1682);
#1682 = AXIS2_PLACEMENT_3D('',#1683,#1684,#1685);
#1683 = CARTESIAN_POINT('',(90.,-45.,1.71E+03));
#1684 = DIRECTION('',(1.,0.,-0.));
#1685 = DIRECTION('',(0.,0.,1.));
#1686 = DEFINITIONAL_REPRESENTATION('',(#1687),#1691);
#1687 = LINE('',#1688,#1689);
#1688 = CARTESIAN_POINT('',(0.,0.));
#1689 = VECTOR('',#1690,1.);
#1690 = DIRECTION('',(1.,0.));
#1691 = ( GEOMETRIC_REPRESENTATION_CONTEXT(2) 
PARAMETRIC_REPRESENTATION_CONTEXT() REPRESENTATION_CONTEXT('2D SPACE',''
  ) );
#1692 = FACE_BOUND('',#1693,.F.);
#1693 = EDGE_LOOP('',(#1694,#1722,#1748,#1774));
#1694 = ORIENTED_EDGE('',*,*,#1695,.F.);
#1695 = EDGE_CURVE('',#1696,#1698,#1700,.T.);
#1696 = VERTEX_POINT('',#1697);
#1697 = CARTESIAN_POINT('',(-25.,-45.,1.745E+03));
#1698 = VERTEX_POINT('',#1699);
#1699 = CARTESIAN_POINT('',(25.,-45.,1.745E+03));
#1700 = SURFACE_CURVE('',#1701,(#1705,#1711),.PCURVE_S1.);
#1701 = LINE('',#1702,#1703);
#1702 = CARTESIAN_POINT('',(-57.5,-45.,1.745E+03));
#1703 = VECTOR('',#1704,1.);
#1704 = DIRECTION('',(1.,0.,-0.));
#1705 = PCURVE('',#1523,#1706);
#1706 = DEFINITIONAL_REPRESENTATION('',(#1707),#1710);
#1707 = B_SPLINE_CURVE_WITH_KNOTS('',1,(#1708,#1709),.UNSPECIFIED.,.F.,
  .F.,(2,2),(32.5,82.5),.PIECEWISE_BEZIER_KNOTS.);
#1708 = CARTESIAN_POINT('',(35.,65.));
#1709 = CARTESIAN_POINT('',(35.,115.));
#1710 = ( GEOMETRIC_REPRESENTATION_CONTEXT(2) 
PARAMETRIC_REPRESENTATION_CONTEXT() REPRESENTATION_CONTEXT('2D SPACE',''
  ) );
#1711 = PCURVE('',#1712,#1717);
#1712 = PLANE('',#1713);
#1713 = AXIS2_PLACEMENT_3D('',#1714,#1715,#1716);
#1714 = CARTESIAN_POINT('',(-25.,-45.075,1.745E+03));
#1715 = DIRECTION('',(0.,0.,1.));
#1716 = DIRECTION('',(1.,0.,-0.));
#1717 = DEFINITIONAL_REPRESENTATION('',(#1718),#1721);
#1718 = B_SPLINE_CURVE_WITH_KNOTS('',1,(#1719,#1720),.UNSPECIFIED.,.F.,
  .F.,(2,2),(32.5,82.5),.PIECEWISE_BEZIER_KNOTS.);
#1719 = CARTESIAN_POINT('',(0.,7.5E-02));
#1720 = CARTESIAN_POINT('',(50.,7.5E-02));
#1721 = ( GEOMETRIC_REPRESENTATION_CONTEXT(2) 
PARAMETRIC_REPRESENTATION_CONTEXT() REPRESENTATION_CONTEXT('2D SPACE',''
  ) );
#1722 = ORIENTED_EDGE('',*,*,#1723,.T.);
#1723 = EDGE_CURVE('',#1696,#1724,#1726,.T.);
#1724 = VERTEX_POINT('',#1725);
#1725 = CARTESIAN_POINT('',(-25.,-45.,1.715E+03));
#1726 = SURFACE_CURVE('',#1727,(#1731,#1737),.PCURVE_S1.);
#1727 = LINE('',#1728,#1729);
#1728 = CARTESIAN_POINT('',(-25.,-45.,1.7125E+03));
#1729 = VECTOR('',#1730,1.);
#1730 = DIRECTION('',(-0.,0.,-1.));
#1731 = PCURVE('',#1523,#1732);
#1732 = DEFINITIONAL_REPRESENTATION('',(#1733),#1736);
#1733 = B_SPLINE_CURVE_WITH_KNOTS('',1,(#1734,#1735),.UNSPECIFIED.,.F.,
  .F.,(2,2),(-32.5,-2.5),.PIECEWISE_BEZIER_KNOTS.);
#1734 = CARTESIAN_POINT('',(35.,65.));
#1735 = CARTESIAN_POINT('',(5.,65.));
#1736 = ( GEOMETRIC_REPRESENTATION_CONTEXT(2) 
PARAMETRIC_REPRESENTATION_CONTEXT() REPRESENTATION_CONTEXT('2D SPACE',''
  ) );
#1737 = PCURVE('',#1738,#1743);
#1738 = PLANE('',#1739);
#1739 = AXIS2_PLACEMENT_3D('',#1740,#1741,#1742);
#1740 = CARTESIAN_POINT('',(-25.,-45.075,1.715E+03));
#1741 = DIRECTION('',(1.,0.,-0.));
#1742 = DIRECTION('',(0.,0.,1.));
#1743 = DEFINITIONAL_REPRESENTATION('',(#1744),#1747);
#1744 = B_SPLINE_CURVE_WITH_KNOTS('',1,(#1745,#1746),.UNSPECIFIED.,.F.,
  .F.,(2,2),(-32.5,-2.5),.PIECEWISE_BEZIER_KNOTS.);
#1745 = CARTESIAN_POINT('',(30.,-7.5E-02));
#1746 = CARTESIAN_POINT('',(0.,-7.5E-02));
#1747 = ( GEOMETRIC_REPRESENTATION_CONTEXT(2) 
PARAMETRIC_REPRESENTATION_CONTEXT() REPRESENTATION_CONTEXT('2D SPACE',''
  ) );
#1748 = ORIENTED_EDGE('',*,*,#1749,.T.);
#1749 = EDGE_CURVE('',#1724,#1750,#1752,.T.);
#1750 = VERTEX_POINT('',#1751);
#1751 = CARTESIAN_POINT('',(25.,-45.,1.715E+03));
#1752 = SURFACE_CURVE('',#1753,(#1757,#1763),.PCURVE_S1.);
#1753 = LINE('',#1754,#1755);
#1754 = CARTESIAN_POINT('',(-57.5,-45.,1.715E+03));
#1755 = VECTOR('',#1756,1.);
#1756 = DIRECTION('',(1.,0.,-0.));
#1757 = PCURVE('',#1523,#1758);
#1758 = DEFINITIONAL_REPRESENTATION('',(#1759),#1762);
#1759 = B_SPLINE_CURVE_WITH_KNOTS('',1,(#1760,#1761),.UNSPECIFIED.,.F.,
  .F.,(2,2),(32.5,82.5),.PIECEWISE_BEZIER_KNOTS.);
#1760 = CARTESIAN_POINT('',(5.,65.));
#1761 = CARTESIAN_POINT('',(5.,115.));
#1762 = ( GEOMETRIC_REPRESENTATION_CONTEXT(2) 
PARAMETRIC_REPRESENTATION_CONTEXT() REPRESENTATION_CONTEXT('2D SPACE',''
  ) );
#1763 = PCURVE('',#1764,#1769);
#1764 = PLANE('',#1765);
#1765 = AXIS2_PLACEMENT_3D('',#1766,#1767,#1768);
#1766 = CARTESIAN_POINT('',(-25.,-45.075,1.715E+03));
#1767 = DIRECTION('',(0.,0.,1.));
#1768 = DIRECTION('',(1.,0.,-0.));
#1769 = DEFINITIONAL_REPRESENTATION('',(#1770),#1773);
#1770 = B_SPLINE_CURVE_WITH_KNOTS('',1,(#1771,#1772),.UNSPECIFIED.,.F.,
  .F.,(2,2),(32.5,82.5),.PIECEWISE_BEZIER_KNOTS.);
#1771 = CARTESIAN_POINT('',(0.,7.5E-02));
#1772 = CARTESIAN_POINT('',(50.,7.5E-02));
#1773 = ( GEOMETRIC_REPRESENTATION_CONTEXT(2) 
PARAMETRIC_REPRESENTATION_CONTEXT() REPRESENTATION_CONTEXT('2D SPACE',''
  ) );
#1774 = ORIENTED_EDGE('',*,*,#1775,.F.);
#1775 = EDGE_CURVE('',#1698,#1750,#1776,.T.);
#1776 = SURFACE_CURVE('',#1777,(#1781,#1787),.PCURVE_S1.);
#1777 = LINE('',#1778,#1779);
#1778 = CARTESIAN_POINT('',(25.,-45.,1.7125E+03));
#1779 = VECTOR('',#1780,1.);
#1780 = DIRECTION('',(-0.,0.,-1.));
#1781 = PCURVE('',#1523,#1782);
#1782 = DEFINITIONAL_REPRESENTATION('',(#1783),#1786);
#1783 = B_SPLINE_CURVE_WITH_KNOTS('',1,(#1784,#1785),.UNSPECIFIED.,.F.,
  .F.,(2,2),(-32.5,-2.5),.PIECEWISE_BEZIER_KNOTS.);
#1784 = CARTESIAN_POINT('',(35.,115.));
#1785 = CARTESIAN_POINT('',(5.,115.));
#1786 = ( GEOMETRIC_REPRESENTATION_CONTEXT(2) 
PARAMETRIC_REPRESENTATION_CONTEXT() REPRESENTATION_CONTEXT('2D SPACE',''
  ) );
#1787 = PCURVE('',#1788,#1793);
#1788 = PLANE('',#1789);
#1789 = AXIS2_PLACEMENT_3D('',#1790,#1791,#1792);
#1790 = CARTESIAN_POINT('',(25.,-45.075,1.715E+03));
#1791 = DIRECTION('',(1.,0.,-0.));
#1792 = DIRECTION('',(0.,0.,1.));
#1793 = DEFINITIONAL_REPRESENTATION('',(#1794),#1797);
#1794 = B_SPLINE_CURVE_WITH_KNOTS('',1,(#1795,#1796),.UNSPECIFIED.,.F.,
  .F.,(2,2),(-32.5,-2.5),.PIECEWISE_BEZIER_KNOTS.);
#1795 = CARTESIAN_POINT('',(30.,-7.5E-02));
#1796 = CARTESIAN_POINT('',(0.,-7.5E-02));
#1797 = ( GEOMETRIC_REPRESENTATION_CONTEXT(2) 
PARAMETRIC_REPRESENTATION_CONTEXT() REPRESENTATION_CONTEXT('2D SPACE',''
  ) );
#1798 = FACE_BOUND('',#1799,.F.);
#1799 = EDGE_LOOP('',(#1800,#1830,#1858,#1886));
#1800 = ORIENTED_EDGE('',*,*,#1801,.F.);
#1801 = EDGE_CURVE('',#1802,#1804,#1806,.T.);
#1802 = VERTEX_POINT('',#1803);
#1803 = CARTESIAN_POINT('',(-75.,-45.,1.95E+03));
#1804 = VERTEX_POINT('',#1805);
#1805 = CARTESIAN_POINT('',(75.,-45.,1.95E+03));
#1806 = SURFACE_CURVE('',#1807,(#1811,#1818),.PCURVE_S1.);
#1807 = LINE('',#1808,#1809);
#1808 = CARTESIAN_POINT('',(-75.,-45.,1.95E+03));
#1809 = VECTOR('',#1810,1.);
#1810 = DIRECTION('',(1.,0.,-0.));
#1811 = PCURVE('',#1523,#1812);
#1812 = DEFINITIONAL_REPRESENTATION('',(#1813),#1817);
#1813 = LINE('',#1814,#1815);
#1814 = CARTESIAN_POINT('',(240.,15.));
#1815 = VECTOR('',#1816,1.);
#1816 = DIRECTION('',(0.,1.));
#1817 = ( GEOMETRIC_REPRESENTATION_CONTEXT(2) 
PARAMETRIC_REPRESENTATION_CONTEXT() REPRESENTATION_CONTEXT('2D SPACE',''
  ) );
#1818 = PCURVE('',#1819,#1824);
#1819 = PLANE('',#1820);
#1820 = AXIS2_PLACEMENT_3D('',#1821,#1822,#1823);
#1821 = CARTESIAN_POINT('',(-75.,-135.,1.95E+03));
#1822 = DIRECTION('',(0.,0.,1.));
#1823 = DIRECTION('',(1.,0.,-0.));
#1824 = DEFINITIONAL_REPRESENTATION('',(#1825),#1829);
#1825 = LINE('',#1826,#1827);
#1826 = CARTESIAN_POINT('',(0.,90.));
#1827 = VECTOR('',#1828,1.);
#1828 = DIRECTION('',(1.,0.));
#1829 = ( GEOMETRIC_REPRESENTATION_CONTEXT(2) 
PARAMETRIC_REPRESENTATION_CONTEXT() REPRESENTATION_CONTEXT('2D SPACE',''
  ) );
#1830 = ORIENTED_EDGE('',*,*,#1831,.F.);
#1831 = EDGE_CURVE('',#1832,#1802,#1834,.T.);
#1832 = VERTEX_POINT('',#1833);
#1833 = CARTESIAN_POINT('',(-75.,-45.,1.75E+03));
#1834 = SURFACE_CURVE('',#1835,(#1839,#1846),.PCURVE_S1.);
#1835 = LINE('',#1836,#1837);
#1836 = CARTESIAN_POINT('',(-75.,-45.,1.75E+03));
#1837 = VECTOR('',#1838,1.);
#1838 = DIRECTION('',(0.,0.,1.));
#1839 = PCURVE('',#1523,#1840);
#1840 = DEFINITIONAL_REPRESENTATION('',(#1841),#1845);
#1841 = LINE('',#1842,#1843);
#1842 = CARTESIAN_POINT('',(40.,15.));
#1843 = VECTOR('',#1844,1.);
#1844 = DIRECTION('',(1.,0.));
#1845 = ( GEOMETRIC_REPRESENTATION_CONTEXT(2) 
PARAMETRIC_REPRESENTATION_CONTEXT() REPRESENTATION_CONTEXT('2D SPACE',''
  ) );
#1846 = PCURVE('',#1847,#1852);
#1847 = PLANE('',#1848);
#1848 = AXIS2_PLACEMENT_3D('',#1849,#1850,#1851);
#1849 = CARTESIAN_POINT('',(-75.,-135.,1.75E+03));
#1850 = DIRECTION('',(1.,0.,-0.));
#1851 = DIRECTION('',(0.,0.,1.));
#1852 = DEFINITIONAL_REPRESENTATION('',(#1853),#1857);
#1853 = LINE('',#1854,#1855);
#1854 = CARTESIAN_POINT('',(0.,-90.));
#1855 = VECTOR('',#1856,1.);
#1856 = DIRECTION('',(1.,0.));
#1857 = ( GEOMETRIC_REPRESENTATION_CONTEXT(2) 
PARAMETRIC_REPRESENTATION_CONTEXT() REPRESENTATION_CONTEXT('2D SPACE',''
  ) );
#1858 = ORIENTED_EDGE('',*,*,#1859,.T.);
#1859 = EDGE_CURVE('',#1832,#1860,#1862,.T.);
#1860 = VERTEX_POINT('',#1861);
#1861 = CARTESIAN_POINT('',(75.,-45.,1.75E+03));
#1862 = SURFACE_CURVE('',#1863,(#1867,#1874),.PCURVE_S1.);
#1863 = LINE('',#1864,#1865);
#1864 = CARTESIAN_POINT('',(-75.,-45.,1.75E+03));
#1865 = VECTOR('',#1866,1.);
#1866 = DIRECTION('',(1.,0.,-0.));
#1867 = PCURVE('',#1523,#1868);
#1868 = DEFINITIONAL_REPRESENTATION('',(#1869),#1873);
#1869 = LINE('',#1870,#1871);
#1870 = CARTESIAN_POINT('',(40.,15.));
#1871 = VECTOR('',#1872,1.);
#1872 = DIRECTION('',(0.,1.));
#1873 = ( GEOMETRIC_REPRESENTATION_CONTEXT(2) 
PARAMETRIC_REPRESENTATION_CONTEXT() REPRESENTATION_CONTEXT('2D SPACE',''
  ) );
#1874 = PCURVE('',#1875,#1880);
#1875 = PLANE('',#1876);
#1876 = AXIS2_PLACEMENT_3D('',#1877,#1878,#1879);
#1877 = CARTESIAN_POINT('',(-75.,-135.,1.75E+03));
#1878 = DIRECTION('',(0.,0.,1.));
#1879 = DIRECTION('',(1.,0.,-0.));
#1880 = DEFINITIONAL_REPRESENTATION('',(#1881),#1885);
#1881 = LINE('',#1882,#1883);
#1882 = CARTESIAN_POINT('',(0.,90.));
#1883 = VECTOR('',#1884,1.);
#1884 = DIRECTION('',(1.,0.));
#1885 = ( GEOMETRIC_REPRESENTATION_CONTEXT(2) 
PARAMETRIC_REPRESENTATION_CONTEXT() REPRESENTATION_CONTEXT('2D SPACE',''
  ) );
#1886 = ORIENTED_EDGE('',*,*,#1887,.T.);
#1887 = EDGE_CURVE('',#1860,#1804,#1888,.T.);
#1888 = SURFACE_CURVE('',#1889,(#1893,#1900),.PCURVE_S1.);
#1889 = LINE('',#1890,#1891);
#1890 = CARTESIAN_POINT('',(75.,-45.,1.75E+03));
#1891 = VECTOR('',#1892,1.);
#1892 = DIRECTION('',(0.,0.,1.));
#1893 = PCURVE('',#1523,#1894);
#1894 = DEFINITIONAL_REPRESENTATION('',(#1895),#1899);
#1895 = LINE('',#1896,#1897);
#1896 = CARTESIAN_POINT('',(40.,165.));
#1897 = VECTOR('',#1898,1.);
#1898 = DIRECTION('',(1.,0.));
#1899 = ( GEOMETRIC_REPRESENTATION_CONTEXT(2) 
PARAMETRIC_REPRESENTATION_CONTEXT() REPRESENTATION_CONTEXT('2D SPACE',''
  ) );
#1900 = PCURVE('',#1901,#1906);
#1901 = PLANE('',#1902);
#1902 = AXIS2_PLACEMENT_3D('',#1903,#1904,#1905);
#1903 = CARTESIAN_POINT('',(75.,-135.,1.75E+03));
#1904 = DIRECTION('',(1.,0.,-0.));
#1905 = DIRECTION('',(0.,0.,1.));
#1906 = DEFINITIONAL_REPRESENTATION('',(#1907),#1911);
#1907 = LINE('',#1908,#1909);
#1908 = CARTESIAN_POINT('',(0.,-90.));
#1909 = VECTOR('',#1910,1.);
#1910 = DIRECTION('',(1.,0.));
#1911 = ( GEOMETRIC_REPRESENTATION_CONTEXT(2) 
PARAMETRIC_REPRESENTATION_CONTEXT() REPRESENTATION_CONTEXT('2D SPACE',''
  ) );
#1912 = FACE_BOUND('',#1913,.F.);
#1913 = EDGE_LOOP('',(#1914,#1942,#1968,#1994));
#1914 = ORIENTED_EDGE('',*,*,#1915,.F.);
#1915 = EDGE_CURVE('',#1916,#1918,#1920,.T.);
#1916 = VERTEX_POINT('',#1917);
#1917 = CARTESIAN_POINT('',(-25.,-45.,1.995E+03));
#1918 = VERTEX_POINT('',#1919);
#1919 = CARTESIAN_POINT('',(25.,-45.,1.995E+03));
#1920 = SURFACE_CURVE('',#1921,(#1925,#1931),.PCURVE_S1.);
#1921 = LINE('',#1922,#1923);
#1922 = CARTESIAN_POINT('',(-57.5,-45.,1.995E+03));
#1923 = VECTOR('',#1924,1.);
#1924 = DIRECTION('',(1.,0.,-0.));
#1925 = PCURVE('',#1523,#1926);
#1926 = DEFINITIONAL_REPRESENTATION('',(#1927),#1930);
#1927 = B_SPLINE_CURVE_WITH_KNOTS('',1,(#1928,#1929),.UNSPECIFIED.,.F.,
  .F.,(2,2),(32.5,82.5),.PIECEWISE_BEZIER_KNOTS.);
#1928 = CARTESIAN_POINT('',(285.,65.));
#1929 = CARTESIAN_POINT('',(285.,115.));
#1930 = ( GEOMETRIC_REPRESENTATION_CONTEXT(2) 
PARAMETRIC_REPRESENTATION_CONTEXT() REPRESENTATION_CONTEXT('2D SPACE',''
  ) );
#1931 = PCURVE('',#1932,#1937);
#1932 = PLANE('',#1933);
#1933 = AXIS2_PLACEMENT_3D('',#1934,#1935,#1936);
#1934 = CARTESIAN_POINT('',(-25.,-45.075,1.995E+03));
#1935 = DIRECTION('',(0.,0.,1.));
#1936 = DIRECTION('',(1.,0.,-0.));
#1937 = DEFINITIONAL_REPRESENTATION('',(#1938),#1941);
#1938 = B_SPLINE_CURVE_WITH_KNOTS('',1,(#1939,#1940),.UNSPECIFIED.,.F.,
  .F.,(2,2),(32.5,82.5),.PIECEWISE_BEZIER_KNOTS.);
#1939 = CARTESIAN_POINT('',(0.,7.5E-02));
#1940 = CARTESIAN_POINT('',(50.,7.5E-02));
#1941 = ( GEOMETRIC_REPRESENTATION_CONTEXT(2) 
PARAMETRIC_REPRESENTATION_CONTEXT() REPRESENTATION_CONTEXT('2D SPACE',''
  ) );
#1942 = ORIENTED_EDGE('',*,*,#1943,.T.);
#1943 = EDGE_CURVE('',#1916,#1944,#1946,.T.);
#1944 = VERTEX_POINT('',#1945);
#1945 = CARTESIAN_POINT('',(-25.,-45.,1.965E+03));
#1946 = SURFACE_CURVE('',#1947,(#1951,#1957),.PCURVE_S1.);
#1947 = LINE('',#1948,#1949);
#1948 = CARTESIAN_POINT('',(-25.,-45.,1.8375E+03));
#1949 = VECTOR('',#1950,1.);
#1950 = DIRECTION('',(-0.,0.,-1.));
#1951 = PCURVE('',#1523,#1952);
#1952 = DEFINITIONAL_REPRESENTATION('',(#1953),#1956);
#1953 = B_SPLINE_CURVE_WITH_KNOTS('',1,(#1954,#1955),.UNSPECIFIED.,.F.,
  .F.,(2,2),(-157.5,-127.5),.PIECEWISE_BEZIER_KNOTS.);
#1954 = CARTESIAN_POINT('',(285.,65.));
#1955 = CARTESIAN_POINT('',(255.,65.));
#1956 = ( GEOMETRIC_REPRESENTATION_CONTEXT(2) 
PARAMETRIC_REPRESENTATION_CONTEXT() REPRESENTATION_CONTEXT('2D SPACE',''
  ) );
#1957 = PCURVE('',#1958,#1963);
#1958 = PLANE('',#1959);
#1959 = AXIS2_PLACEMENT_3D('',#1960,#1961,#1962);
#1960 = CARTESIAN_POINT('',(-25.,-45.075,1.965E+03));
#1961 = DIRECTION('',(1.,0.,-0.));
#1962 = DIRECTION('',(0.,0.,1.));
#1963 = DEFINITIONAL_REPRESENTATION('',(#1964),#1967);
#1964 = B_SPLINE_CURVE_WITH_KNOTS('',1,(#1965,#1966),.UNSPECIFIED.,.F.,
  .F.,(2,2),(-157.5,-127.5),.PIECEWISE_BEZIER_KNOTS.);
#1965 = CARTESIAN_POINT('',(30.,-7.5E-02));
#1966 = CARTESIAN_POINT('',(0.,-7.5E-02));
#1967 = ( GEOMETRIC_REPRESENTATION_CONTEXT(2) 
PARAMETRIC_REPRESENTATION_CONTEXT() REPRESENTATION_CONTEXT('2D SPACE',''
  ) );
#1968 = ORIENTED_EDGE('',*,*,#1969,.T.);
#1969 = EDGE_CURVE('',#1944,#1970,#1972,.T.);
#1970 = VERTEX_POINT('',#1971);
#1971 = CARTESIAN_POINT('',(25.,-45.,1.965E+03));
#1972 = SURFACE_CURVE('',#1973,(#1977,#1983),.PCURVE_S1.);
#1973 = LINE('',#1974,#1975);
#1974 = CARTESIAN_POINT('',(-57.5,-45.,1.965E+03));
#1975 = VECTOR('',#1976,1.);
#1976 = DIRECTION('',(1.,0.,-0.));
#1977 = PCURVE('',#1523,#1978);
#1978 = DEFINITIONAL_REPRESENTATION('',(#1979),#1982);
#1979 = B_SPLINE_CURVE_WITH_KNOTS('',1,(#1980,#1981),.UNSPECIFIED.,.F.,
  .F.,(2,2),(32.5,82.5),.PIECEWISE_BEZIER_KNOTS.);
#1980 = CARTESIAN_POINT('',(255.,65.));
#1981 = CARTESIAN_POINT('',(255.,115.));
#1982 = ( GEOMETRIC_REPRESENTATION_CONTEXT(2) 
PARAMETRIC_REPRESENTATION_CONTEXT() REPRESENTATION_CONTEXT('2D SPACE',''
  ) );
#1983 = PCURVE('',#1984,#1989);
#1984 = PLANE('',#1985);
#1985 = AXIS2_PLACEMENT_3D('',#1986,#1987,#1988);
#1986 = CARTESIAN_POINT('',(-25.,-45.075,1.965E+03));
#1987 = DIRECTION('',(0.,0.,1.));
#1988 = DIRECTION('',(1.,0.,-0.));
#1989 = DEFINITIONAL_REPRESENTATION('',(#1990),#1993);
#1990 = B_SPLINE_CURVE_WITH_KNOTS('',1,(#1991,#1992),.UNSPECIFIED.,.F.,
  .F.,(2,2),(32.5,82.5),.PIECEWISE_BEZIER_KNOTS.);
#1991 = CARTESIAN_POINT('',(0.,7.5E-02));
#1992 = CARTESIAN_POINT('',(50.,7.5E-02));
#1993 = ( GEOMETRIC_REPRESENTATION_CONTEXT(2) 
PARAMETRIC_REPRESENTATION_CONTEXT() REPRESENTATION_CONTEXT('2D SPACE',''
  ) );
#1994 = ORIENTED_EDGE('',*,*,#1995,.F.);
#1995 = EDGE_CURVE('',#1918,#1970,#1996,.T.);
#1996 = SURFACE_CURVE('',#1997,(#2001,#2007),.PCURVE_S1.);
#1997 = LINE('',#1998,#1999);
#1998 = CARTESIAN_POINT('',(25.,-45.,1.8375E+03));
#1999 = VECTOR('',#2000,1.);
#2000 = DIRECTION('',(-0.,0.,-1.));
#2001 = PCURVE('',#1523,#2002);
#2002 = DEFINITIONAL_REPRESENTATION('',(#2003),#2006);
#2003 = B_SPLINE_CURVE_WITH_KNOTS('',1,(#2004,#2005),.UNSPECIFIED.,.F.,
  .F.,(2,2),(-157.5,-127.5),.PIECEWISE_BEZIER_KNOTS.);
#2004 = CARTESIAN_POINT('',(285.,115.));
#2005 = CARTESIAN_POINT('',(255.,115.));
#2006 = ( GEOMETRIC_REPRESENTATION_CONTEXT(2) 
PARAMETRIC_REPRESENTATION_CONTEXT() REPRESENTATION_CONTEXT('2D SPACE',''
  ) );
#2007 = PCURVE('',#2008,#2013);
#2008 = PLANE('',#2009);
#2009 = AXIS2_PLACEMENT_3D('',#2010,#2011,#2012);
#2010 = CARTESIAN_POINT('',(25.,-45.075,1.965E+03));
#2011 = DIRECTION('',(1.,0.,-0.));
#2012 = DIRECTION('',(0.,0.,1.));
#2013 = DEFINITIONAL_REPRESENTATION('',(#2014),#2017);
#2014 = B_SPLINE_CURVE_WITH_KNOTS('',1,(#2015,#2016),.UNSPECIFIED.,.F.,
  .F.,(2,2),(-157.5,-127.5),.PIECEWISE_BEZIER_KNOTS.);
#2015 = CARTESIAN_POINT('',(30.,-7.5E-02));
#2016 = CARTESIAN_POINT('',(0.,-7.5E-02));
#2017 = ( GEOMETRIC_REPRESENTATION_CONTEXT(2) 
PARAMETRIC_REPRESENTATION_CONTEXT() REPRESENTATION_CONTEXT('2D SPACE',''
  ) );
#2018 = ADVANCED_FACE('',(#2019),#1605,.T.);
#2019 = FACE_BOUND('',#2020,.T.);
#2020 = EDGE_LOOP('',(#2021,#2022,#2023,#2046));
#2021 = ORIENTED_EDGE('',*,*,#1591,.F.);
#2022 = ORIENTED_EDGE('',*,*,#1644,.T.);
#2023 = ORIENTED_EDGE('',*,*,#2024,.T.);
#2024 = EDGE_CURVE('',#1645,#2025,#2027,.T.);
#2025 = VERTEX_POINT('',#2026);
#2026 = CARTESIAN_POINT('',(90.,-42.,2.03E+03));
#2027 = SURFACE_CURVE('',#2028,(#2032,#2039),.PCURVE_S1.);
#2028 = LINE('',#2029,#2030);
#2029 = CARTESIAN_POINT('',(90.,-45.,2.03E+03));
#2030 = VECTOR('',#2031,1.);
#2031 = DIRECTION('',(-0.,1.,0.));
#2032 = PCURVE('',#1605,#2033);
#2033 = DEFINITIONAL_REPRESENTATION('',(#2034),#2038);
#2034 = LINE('',#2035,#2036);
#2035 = CARTESIAN_POINT('',(180.,0.));
#2036 = VECTOR('',#2037,1.);
#2037 = DIRECTION('',(0.,1.));
#2038 = ( GEOMETRIC_REPRESENTATION_CONTEXT(2) 
PARAMETRIC_REPRESENTATION_CONTEXT() REPRESENTATION_CONTEXT('2D SPACE',''
  ) );
#2039 = PCURVE('',#1681,#2040);
#2040 = DEFINITIONAL_REPRESENTATION('',(#2041),#2045);
#2041 = LINE('',#2042,#2043);
#2042 = CARTESIAN_POINT('',(320.,0.));
#2043 = VECTOR('',#2044,1.);
#2044 = DIRECTION('',(0.,-1.));
#2045 = ( GEOMETRIC_REPRESENTATION_CONTEXT(2) 
PARAMETRIC_REPRESENTATION_CONTEXT() REPRESENTATION_CONTEXT('2D SPACE',''
  ) );
#2046 = ORIENTED_EDGE('',*,*,#2047,.F.);
#2047 = EDGE_CURVE('',#1564,#2025,#2048,.T.);
#2048 = SURFACE_CURVE('',#2049,(#2053,#2060),.PCURVE_S1.);
#2049 = LINE('',#2050,#2051);
#2050 = CARTESIAN_POINT('',(-90.,-42.,2.03E+03));
#2051 = VECTOR('',#2052,1.);
#2052 = DIRECTION('',(1.,0.,-0.));
#2053 = PCURVE('',#1605,#2054);
#2054 = DEFINITIONAL_REPRESENTATION('',(#2055),#2059);
#2055 = LINE('',#2056,#2057);
#2056 = CARTESIAN_POINT('',(0.,3.));
#2057 = VECTOR('',#2058,1.);
#2058 = DIRECTION('',(1.,0.));
#2059 = ( GEOMETRIC_REPRESENTATION_CONTEXT(2) 
PARAMETRIC_REPRESENTATION_CONTEXT() REPRESENTATION_CONTEXT('2D SPACE',''
  ) );
#2060 = PCURVE('',#1579,#2061);
#2061 = DEFINITIONAL_REPRESENTATION('',(#2062),#2066);
#2062 = LINE('',#2063,#2064);
#2063 = CARTESIAN_POINT('',(320.,0.));
#2064 = VECTOR('',#2065,1.);
#2065 = DIRECTION('',(0.,1.));
#2066 = ( GEOMETRIC_REPRESENTATION_CONTEXT(2) 
PARAMETRIC_REPRESENTATION_CONTEXT() REPRESENTATION_CONTEXT('2D SPACE',''
  ) );
#2067 = ADVANCED_FACE('',(#2068,#2116,#2222),#1579,.T.);
#2068 = FACE_BOUND('',#2069,.T.);
#2069 = EDGE_LOOP('',(#2070,#2093,#2094,#2095));
#2070 = ORIENTED_EDGE('',*,*,#2071,.F.);
#2071 = EDGE_CURVE('',#1536,#2072,#2074,.T.);
#2072 = VERTEX_POINT('',#2073);
#2073 = CARTESIAN_POINT('',(90.,-42.,1.71E+03));
#2074 = SURFACE_CURVE('',#2075,(#2079,#2086),.PCURVE_S1.);
#2075 = LINE('',#2076,#2077);
#2076 = CARTESIAN_POINT('',(-90.,-42.,1.71E+03));
#2077 = VECTOR('',#2078,1.);
#2078 = DIRECTION('',(1.,0.,-0.));
#2079 = PCURVE('',#1579,#2080);
#2080 = DEFINITIONAL_REPRESENTATION('',(#2081),#2085);
#2081 = LINE('',#2082,#2083);
#2082 = CARTESIAN_POINT('',(0.,0.));
#2083 = VECTOR('',#2084,1.);
#2084 = DIRECTION('',(0.,1.));
#2085 = ( GEOMETRIC_REPRESENTATION_CONTEXT(2) 
PARAMETRIC_REPRESENTATION_CONTEXT() REPRESENTATION_CONTEXT('2D SPACE',''
  ) );
#2086 = PCURVE('',#1551,#2087);
#2087 = DEFINITIONAL_REPRESENTATION('',(#2088),#2092);
#2088 = LINE('',#2089,#2090);
#2089 = CARTESIAN_POINT('',(0.,3.));
#2090 = VECTOR('',#2091,1.);
#2091 = DIRECTION('',(1.,0.));
#2092 = ( GEOMETRIC_REPRESENTATION_CONTEXT(2) 
PARAMETRIC_REPRESENTATION_CONTEXT() REPRESENTATION_CONTEXT('2D SPACE',''
  ) );
#2093 = ORIENTED_EDGE('',*,*,#1563,.T.);
#2094 = ORIENTED_EDGE('',*,*,#2047,.T.);
#2095 = ORIENTED_EDGE('',*,*,#2096,.F.);
#2096 = EDGE_CURVE('',#2072,#2025,#2097,.T.);
#2097 = SURFACE_CURVE('',#2098,(#2102,#2109),.PCURVE_S1.);
#2098 = LINE('',#2099,#2100);
#2099 = CARTESIAN_POINT('',(90.,-42.,1.71E+03));
#2100 = VECTOR('',#2101,1.);
#2101 = DIRECTION('',(0.,0.,1.));
#2102 = PCURVE('',#1579,#2103);
#2103 = DEFINITIONAL_REPRESENTATION('',(#2104),#2108);
#2104 = LINE('',#2105,#2106);
#2105 = CARTESIAN_POINT('',(0.,180.));
#2106 = VECTOR('',#2107,1.);
#2107 = DIRECTION('',(1.,0.));
#2108 = ( GEOMETRIC_REPRESENTATION_CONTEXT(2) 
PARAMETRIC_REPRESENTATION_CONTEXT() REPRESENTATION_CONTEXT('2D SPACE',''
  ) );
#2109 = PCURVE('',#1681,#2110);
#2110 = DEFINITIONAL_REPRESENTATION('',(#2111),#2115);
#2111 = LINE('',#2112,#2113);
#2112 = CARTESIAN_POINT('',(0.,-3.));
#2113 = VECTOR('',#2114,1.);
#2114 = DIRECTION('',(1.,0.));
#2115 = ( GEOMETRIC_REPRESENTATION_CONTEXT(2) 
PARAMETRIC_REPRESENTATION_CONTEXT() REPRESENTATION_CONTEXT('2D SPACE',''
  ) );
#2116 = FACE_BOUND('',#2117,.T.);
#2117 = EDGE_LOOP('',(#2118,#2146,#2172,#2198));
#2118 = ORIENTED_EDGE('',*,*,#2119,.F.);
#2119 = EDGE_CURVE('',#2120,#2122,#2124,.T.);
#2120 = VERTEX_POINT('',#2121);
#2121 = CARTESIAN_POINT('',(-25.,-42.,1.745E+03));
#2122 = VERTEX_POINT('',#2123);
#2123 = CARTESIAN_POINT('',(25.,-42.,1.745E+03));
#2124 = SURFACE_CURVE('',#2125,(#2129,#2135),.PCURVE_S1.);
#2125 = LINE('',#2126,#2127);
#2126 = CARTESIAN_POINT('',(-57.5,-42.,1.745E+03));
#2127 = VECTOR('',#2128,1.);
#2128 = DIRECTION('',(1.,0.,-0.));
#2129 = PCURVE('',#1579,#2130);
#2130 = DEFINITIONAL_REPRESENTATION('',(#2131),#2134);
#2131 = B_SPLINE_CURVE_WITH_KNOTS('',1,(#2132,#2133),.UNSPECIFIED.,.F.,
  .F.,(2,2),(32.5,82.5),.PIECEWISE_BEZIER_KNOTS.);
#2132 = CARTESIAN_POINT('',(35.,65.));
#2133 = CARTESIAN_POINT('',(35.,115.));
#2134 = ( GEOMETRIC_REPRESENTATION_CONTEXT(2) 
PARAMETRIC_REPRESENTATION_CONTEXT() REPRESENTATION_CONTEXT('2D SPACE',''
  ) );
#2135 = PCURVE('',#2136,#2141);
#2136 = PLANE('',#2137);
#2137 = AXIS2_PLACEMENT_3D('',#2138,#2139,#2140);
#2138 = CARTESIAN_POINT('',(-25.,-45.075,1.745E+03));
#2139 = DIRECTION('',(0.,0.,1.));
#2140 = DIRECTION('',(1.,0.,-0.));
#2141 = DEFINITIONAL_REPRESENTATION('',(#2142),#2145);
#2142 = B_SPLINE_CURVE_WITH_KNOTS('',1,(#2143,#2144),.UNSPECIFIED.,.F.,
  .F.,(2,2),(32.5,82.5),.PIECEWISE_BEZIER_KNOTS.);
#2143 = CARTESIAN_POINT('',(0.,3.075));
#2144 = CARTESIAN_POINT('',(50.,3.075));
#2145 = ( GEOMETRIC_REPRESENTATION_CONTEXT(2) 
PARAMETRIC_REPRESENTATION_CONTEXT() REPRESENTATION_CONTEXT('2D SPACE',''
  ) );
#2146 = ORIENTED_EDGE('',*,*,#2147,.T.);
#2147 = EDGE_CURVE('',#2120,#2148,#2150,.T.);
#2148 = VERTEX_POINT('',#2149);
#2149 = CARTESIAN_POINT('',(-25.,-42.,1.715E+03));
#2150 = SURFACE_CURVE('',#2151,(#2155,#2161),.PCURVE_S1.);
#2151 = LINE('',#2152,#2153);
#2152 = CARTESIAN_POINT('',(-25.,-42.,1.7125E+03));
#2153 = VECTOR('',#2154,1.);
#2154 = DIRECTION('',(-0.,0.,-1.));
#2155 = PCURVE('',#1579,#2156);
#2156 = DEFINITIONAL_REPRESENTATION('',(#2157),#2160);
#2157 = B_SPLINE_CURVE_WITH_KNOTS('',1,(#2158,#2159),.UNSPECIFIED.,.F.,
  .F.,(2,2),(-32.5,-2.5),.PIECEWISE_BEZIER_KNOTS.);
#2158 = CARTESIAN_POINT('',(35.,65.));
#2159 = CARTESIAN_POINT('',(5.,65.));
#2160 = ( GEOMETRIC_REPRESENTATION_CONTEXT(2) 
PARAMETRIC_REPRESENTATION_CONTEXT() REPRESENTATION_CONTEXT('2D SPACE',''
  ) );
#2161 = PCURVE('',#2162,#2167);
#2162 = PLANE('',#2163);
#2163 = AXIS2_PLACEMENT_3D('',#2164,#2165,#2166);
#2164 = CARTESIAN_POINT('',(-25.,-45.075,1.715E+03));
#2165 = DIRECTION('',(1.,0.,-0.));
#2166 = DIRECTION('',(0.,0.,1.));
#2167 = DEFINITIONAL_REPRESENTATION('',(#2168),#2171);
#2168 = B_SPLINE_CURVE_WITH_KNOTS('',1,(#2169,#2170),.UNSPECIFIED.,.F.,
  .F.,(2,2),(-32.5,-2.5),.PIECEWISE_BEZIER_KNOTS.);
#2169 = CARTESIAN_POINT('',(30.,-3.075));
#2170 = CARTESIAN_POINT('',(0.,-3.075));
#2171 = ( GEOMETRIC_REPRESENTATION_CONTEXT(2) 
PARAMETRIC_REPRESENTATION_CONTEXT() REPRESENTATION_CONTEXT('2D SPACE',''
  ) );
#2172 = ORIENTED_EDGE('',*,*,#2173,.T.);
#2173 = EDGE_CURVE('',#2148,#2174,#2176,.T.);
#2174 = VERTEX_POINT('',#2175);
#2175 = CARTESIAN_POINT('',(25.,-42.,1.715E+03));
#2176 = SURFACE_CURVE('',#2177,(#2181,#2187),.PCURVE_S1.);
#2177 = LINE('',#2178,#2179);
#2178 = CARTESIAN_POINT('',(-57.5,-42.,1.715E+03));
#2179 = VECTOR('',#2180,1.);
#2180 = DIRECTION('',(1.,0.,-0.));
#2181 = PCURVE('',#1579,#2182);
#2182 = DEFINITIONAL_REPRESENTATION('',(#2183),#2186);
#2183 = B_SPLINE_CURVE_WITH_KNOTS('',1,(#2184,#2185),.UNSPECIFIED.,.F.,
  .F.,(2,2),(32.5,82.5),.PIECEWISE_BEZIER_KNOTS.);
#2184 = CARTESIAN_POINT('',(5.,65.));
#2185 = CARTESIAN_POINT('',(5.,115.));
#2186 = ( GEOMETRIC_REPRESENTATION_CONTEXT(2) 
PARAMETRIC_REPRESENTATION_CONTEXT() REPRESENTATION_CONTEXT('2D SPACE',''
  ) );
#2187 = PCURVE('',#2188,#2193);
#2188 = PLANE('',#2189);
#2189 = AXIS2_PLACEMENT_3D('',#2190,#2191,#2192);
#2190 = CARTESIAN_POINT('',(-25.,-45.075,1.715E+03));
#2191 = DIRECTION('',(0.,0.,1.));
#2192 = DIRECTION('',(1.,0.,-0.));
#2193 = DEFINITIONAL_REPRESENTATION('',(#2194),#2197);
#2194 = B_SPLINE_CURVE_WITH_KNOTS('',1,(#2195,#2196),.UNSPECIFIED.,.F.,
  .F.,(2,2),(32.5,82.5),.PIECEWISE_BEZIER_KNOTS.);
#2195 = CARTESIAN_POINT('',(0.,3.075));
#2196 = CARTESIAN_POINT('',(50.,3.075));
#2197 = ( GEOMETRIC_REPRESENTATION_CONTEXT(2) 
PARAMETRIC_REPRESENTATION_CONTEXT() REPRESENTATION_CONTEXT('2D SPACE',''
  ) );
#2198 = ORIENTED_EDGE('',*,*,#2199,.F.);
#2199 = EDGE_CURVE('',#2122,#2174,#2200,.T.);
#2200 = SURFACE_CURVE('',#2201,(#2205,#2211),.PCURVE_S1.);
#2201 = LINE('',#2202,#2203);
#2202 = CARTESIAN_POINT('',(25.,-42.,1.7125E+03));
#2203 = VECTOR('',#2204,1.);
#2204 = DIRECTION('',(-0.,0.,-1.));
#2205 = PCURVE('',#1579,#2206);
#2206 = DEFINITIONAL_REPRESENTATION('',(#2207),#2210);
#2207 = B_SPLINE_CURVE_WITH_KNOTS('',1,(#2208,#2209),.UNSPECIFIED.,.F.,
  .F.,(2,2),(-32.5,-2.5),.PIECEWISE_BEZIER_KNOTS.);
#2208 = CARTESIAN_POINT('',(35.,115.));
#2209 = CARTESIAN_POINT('',(5.,115.));
#2210 = ( GEOMETRIC_REPRESENTATION_CONTEXT(2) 
PARAMETRIC_REPRESENTATION_CONTEXT() REPRESENTATION_CONTEXT('2D SPACE',''
  ) );
#2211 = PCURVE('',#2212,#2217);
#2212 = PLANE('',#2213);
#2213 = AXIS2_PLACEMENT_3D('',#2214,#2215,#2216);
#2214 = CARTESIAN_POINT('',(25.,-45.075,1.715E+03));
#2215 = DIRECTION('',(1.,0.,-0.));
#2216 = DIRECTION('',(0.,0.,1.));
#2217 = DEFINITIONAL_REPRESENTATION('',(#2218),#2221);
#2218 = B_SPLINE_CURVE_WITH_KNOTS('',1,(#2219,#2220),.UNSPECIFIED.,.F.,
  .F.,(2,2),(-32.5,-2.5),.PIECEWISE_BEZIER_KNOTS.);
#2219 = CARTESIAN_POINT('',(30.,-3.075));
#2220 = CARTESIAN_POINT('',(0.,-3.075));
#2221 = ( GEOMETRIC_REPRESENTATION_CONTEXT(2) 
PARAMETRIC_REPRESENTATION_CONTEXT() REPRESENTATION_CONTEXT('2D SPACE',''
  ) );
#2222 = FACE_BOUND('',#2223,.T.);
#2223 = EDGE_LOOP('',(#2224,#2252,#2278,#2304));
#2224 = ORIENTED_EDGE('',*,*,#2225,.F.);
#2225 = EDGE_CURVE('',#2226,#2228,#2230,.T.);
#2226 = VERTEX_POINT('',#2227);
#2227 = CARTESIAN_POINT('',(-25.,-42.,1.995E+03));
#2228 = VERTEX_POINT('',#2229);
#2229 = CARTESIAN_POINT('',(25.,-42.,1.995E+03));
#2230 = SURFACE_CURVE('',#2231,(#2235,#2241),.PCURVE_S1.);
#2231 = LINE('',#2232,#2233);
#2232 = CARTESIAN_POINT('',(-57.5,-42.,1.995E+03));
#2233 = VECTOR('',#2234,1.);
#2234 = DIRECTION('',(1.,0.,-0.));
#2235 = PCURVE('',#1579,#2236);
#2236 = DEFINITIONAL_REPRESENTATION('',(#2237),#2240);
#2237 = B_SPLINE_CURVE_WITH_KNOTS('',1,(#2238,#2239),.UNSPECIFIED.,.F.,
  .F.,(2,2),(32.5,82.5),.PIECEWISE_BEZIER_KNOTS.);
#2238 = CARTESIAN_POINT('',(285.,65.));
#2239 = CARTESIAN_POINT('',(285.,115.));
#2240 = ( GEOMETRIC_REPRESENTATION_CONTEXT(2) 
PARAMETRIC_REPRESENTATION_CONTEXT() REPRESENTATION_CONTEXT('2D SPACE',''
  ) );
#2241 = PCURVE('',#2242,#2247);
#2242 = PLANE('',#2243);
#2243 = AXIS2_PLACEMENT_3D('',#2244,#2245,#2246);
#2244 = CARTESIAN_POINT('',(-25.,-45.075,1.995E+03));
#2245 = DIRECTION('',(0.,0.,1.));
#2246 = DIRECTION('',(1.,0.,-0.));
#2247 = DEFINITIONAL_REPRESENTATION('',(#2248),#2251);
#2248 = B_SPLINE_CURVE_WITH_KNOTS('',1,(#2249,#2250),.UNSPECIFIED.,.F.,
  .F.,(2,2),(32.5,82.5),.PIECEWISE_BEZIER_KNOTS.);
#2249 = CARTESIAN_POINT('',(0.,3.075));
#2250 = CARTESIAN_POINT('',(50.,3.075));
#2251 = ( GEOMETRIC_REPRESENTATION_CONTEXT(2) 
PARAMETRIC_REPRESENTATION_CONTEXT() REPRESENTATION_CONTEXT('2D SPACE',''
  ) );
#2252 = ORIENTED_EDGE('',*,*,#2253,.T.);
#2253 = EDGE_CURVE('',#2226,#2254,#2256,.T.);
#2254 = VERTEX_POINT('',#2255);
#2255 = CARTESIAN_POINT('',(-25.,-42.,1.965E+03));
#2256 = SURFACE_CURVE('',#2257,(#2261,#2267),.PCURVE_S1.);
#2257 = LINE('',#2258,#2259);
#2258 = CARTESIAN_POINT('',(-25.,-42.,1.8375E+03));
#2259 = VECTOR('',#2260,1.);
#2260 = DIRECTION('',(-0.,0.,-1.));
#2261 = PCURVE('',#1579,#2262);
#2262 = DEFINITIONAL_REPRESENTATION('',(#2263),#2266);
#2263 = B_SPLINE_CURVE_WITH_KNOTS('',1,(#2264,#2265),.UNSPECIFIED.,.F.,
  .F.,(2,2),(-157.5,-127.5),.PIECEWISE_BEZIER_KNOTS.);
#2264 = CARTESIAN_POINT('',(285.,65.));
#2265 = CARTESIAN_POINT('',(255.,65.));
#2266 = ( GEOMETRIC_REPRESENTATION_CONTEXT(2) 
PARAMETRIC_REPRESENTATION_CONTEXT() REPRESENTATION_CONTEXT('2D SPACE',''
  ) );
#2267 = PCURVE('',#2268,#2273);
#2268 = PLANE('',#2269);
#2269 = AXIS2_PLACEMENT_3D('',#2270,#2271,#2272);
#2270 = CARTESIAN_POINT('',(-25.,-45.075,1.965E+03));
#2271 = DIRECTION('',(1.,0.,-0.));
#2272 = DIRECTION('',(0.,0.,1.));
#2273 = DEFINITIONAL_REPRESENTATION('',(#2274),#2277);
#2274 = B_SPLINE_CURVE_WITH_KNOTS('',1,(#2275,#2276),.UNSPECIFIED.,.F.,
  .F.,(2,2),(-157.5,-127.5),.PIECEWISE_BEZIER_KNOTS.);
#2275 = CARTESIAN_POINT('',(30.,-3.075));
#2276 = CARTESIAN_POINT('',(0.,-3.075));
#2277 = ( GEOMETRIC_REPRESENTATION_CONTEXT(2) 
PARAMETRIC_REPRESENTATION_CONTEXT() REPRESENTATION_CONTEXT('2D SPACE',''
  ) );
#2278 = ORIENTED_EDGE('',*,*,#2279,.T.);
#2279 = EDGE_CURVE('',#2254,#2280,#2282,.T.);
#2280 = VERTEX_POINT('',#2281);
#2281 = CARTESIAN_POINT('',(25.,-42.,1.965E+03));
#2282 = SURFACE_CURVE('',#2283,(#2287,#2293),.PCURVE_S1.);
#2283 = LINE('',#2284,#2285);
#2284 = CARTESIAN_POINT('',(-57.5,-42.,1.965E+03));
#2285 = VECTOR('',#2286,1.);
#2286 = DIRECTION('',(1.,0.,-0.));
#2287 = PCURVE('',#1579,#2288);
#2288 = DEFINITIONAL_REPRESENTATION('',(#2289),#2292);
#2289 = B_SPLINE_CURVE_WITH_KNOTS('',1,(#2290,#2291),.UNSPECIFIED.,.F.,
  .F.,(2,2),(32.5,82.5),.PIECEWISE_BEZIER_KNOTS.);
#2290 = CARTESIAN_POINT('',(255.,65.));
#2291 = CARTESIAN_POINT('',(255.,115.));
#2292 = ( GEOMETRIC_REPRESENTATION_CONTEXT(2) 
PARAMETRIC_REPRESENTATION_CONTEXT() REPRESENTATION_CONTEXT('2D SPACE',''
  ) );
#2293 = PCURVE('',#2294,#2299);
#2294 = PLANE('',#2295);
#2295 = AXIS2_PLACEMENT_3D('',#2296,#2297,#2298);
#2296 = CARTESIAN_POINT('',(-25.,-45.075,1.965E+03));
#2297 = DIRECTION('',(0.,0.,1.));
#2298 = DIRECTION('',(1.,0.,-0.));
#2299 = DEFINITIONAL_REPRESENTATION('',(#2300),#2303);
#2300 = B_SPLINE_CURVE_WITH_KNOTS('',1,(#2301,#2302),.UNSPECIFIED.,.F.,
  .F.,(2,2),(32.5,82.5),.PIECEWISE_BEZIER_KNOTS.);
#2301 = CARTESIAN_POINT('',(0.,3.075));
#2302 = CARTESIAN_POINT('',(50.,3.075));
#2303 = ( GEOMETRIC_REPRESENTATION_CONTEXT(2) 
PARAMETRIC_REPRESENTATION_CONTEXT() REPRESENTATION_CONTEXT('2D SPACE',''
  ) );
#2304 = ORIENTED_EDGE('',*,*,#2305,.F.);
#2305 = EDGE_CURVE('',#2228,#2280,#2306,.T.);
#2306 = SURFACE_CURVE('',#2307,(#2311,#2317),.PCURVE_S1.);
#2307 = LINE('',#2308,#2309);
#2308 = CARTESIAN_POINT('',(25.,-42.,1.8375E+03));
#2309 = VECTOR('',#2310,1.);
#2310 = DIRECTION('',(-0.,0.,-1.));
#2311 = PCURVE('',#1579,#2312);
#2312 = DEFINITIONAL_REPRESENTATION('',(#2313),#2316);
#2313 = B_SPLINE_CURVE_WITH_KNOTS('',1,(#2314,#2315),.UNSPECIFIED.,.F.,
  .F.,(2,2),(-157.5,-127.5),.PIECEWISE_BEZIER_KNOTS.);
#2314 = CARTESIAN_POINT('',(285.,115.));
#2315 = CARTESIAN_POINT('',(255.,115.));
#2316 = ( GEOMETRIC_REPRESENTATION_CONTEXT(2) 
PARAMETRIC_REPRESENTATION_CONTEXT() REPRESENTATION_CONTEXT('2D SPACE',''
  ) );
#2317 = PCURVE('',#2318,#2323);
#2318 = PLANE('',#2319);
#2319 = AXIS2_PLACEMENT_3D('',#2320,#2321,#2322);
#2320 = CARTESIAN_POINT('',(25.,-45.075,1.965E+03));
#2321 = DIRECTION('',(1.,0.,-0.));
#2322 = DIRECTION('',(0.,0.,1.));
#2323 = DEFINITIONAL_REPRESENTATION('',(#2324),#2327);
#2324 = B_SPLINE_CURVE_WITH_KNOTS('',1,(#2325,#2326),.UNSPECIFIED.,.F.,
  .F.,(2,2),(-157.5,-127.5),.PIECEWISE_BEZIER_KNOTS.);
#2325 = CARTESIAN_POINT('',(30.,-3.075));
#2326 = CARTESIAN_POINT('',(0.,-3.075));
#2327 = ( GEOMETRIC_REPRESENTATION_CONTEXT(2) 
PARAMETRIC_REPRESENTATION_CONTEXT() REPRESENTATION_CONTEXT('2D SPACE',''
  ) );
#2328 = ADVANCED_FACE('',(#2329),#1551,.F.);
#2329 = FACE_BOUND('',#2330,.F.);
#2330 = EDGE_LOOP('',(#2331,#2332,#2333,#2354));
#2331 = ORIENTED_EDGE('',*,*,#1535,.F.);
#2332 = ORIENTED_EDGE('',*,*,#1620,.T.);
#2333 = ORIENTED_EDGE('',*,*,#2334,.T.);
#2334 = EDGE_CURVE('',#1621,#2072,#2335,.T.);
#2335 = SURFACE_CURVE('',#2336,(#2340,#2347),.PCURVE_S1.);
#2336 = LINE('',#2337,#2338);
#2337 = CARTESIAN_POINT('',(90.,-45.,1.71E+03));
#2338 = VECTOR('',#2339,1.);
#2339 = DIRECTION('',(-0.,1.,0.));
#2340 = PCURVE('',#1551,#2341);
#2341 = DEFINITIONAL_REPRESENTATION('',(#2342),#2346);
#2342 = LINE('',#2343,#2344);
#2343 = CARTESIAN_POINT('',(180.,0.));
#2344 = VECTOR('',#2345,1.);
#2345 = DIRECTION('',(0.,1.));
#2346 = ( GEOMETRIC_REPRESENTATION_CONTEXT(2) 
PARAMETRIC_REPRESENTATION_CONTEXT() REPRESENTATION_CONTEXT('2D SPACE',''
  ) );
#2347 = PCURVE('',#1681,#2348);
#2348 = DEFINITIONAL_REPRESENTATION('',(#2349),#2353);
#2349 = LINE('',#2350,#2351);
#2350 = CARTESIAN_POINT('',(0.,0.));
#2351 = VECTOR('',#2352,1.);
#2352 = DIRECTION('',(0.,-1.));
#2353 = ( GEOMETRIC_REPRESENTATION_CONTEXT(2) 
PARAMETRIC_REPRESENTATION_CONTEXT() REPRESENTATION_CONTEXT('2D SPACE',''
  ) );
#2354 = ORIENTED_EDGE('',*,*,#2071,.F.);
#2355 = ADVANCED_FACE('',(#2356),#1681,.T.);
#2356 = FACE_BOUND('',#2357,.T.);
#2357 = EDGE_LOOP('',(#2358,#2359,#2360,#2361));
#2358 = ORIENTED_EDGE('',*,*,#1667,.F.);
#2359 = ORIENTED_EDGE('',*,*,#2334,.T.);
#2360 = ORIENTED_EDGE('',*,*,#2096,.T.);
#2361 = ORIENTED_EDGE('',*,*,#2024,.F.);
#2362 = ADVANCED_FACE('',(#2363),#1712,.T.);
#2363 = FACE_BOUND('',#2364,.T.);
#2364 = EDGE_LOOP('',(#2365,#2388,#2416,#2437));
#2365 = ORIENTED_EDGE('',*,*,#2366,.F.);
#2366 = EDGE_CURVE('',#2367,#1696,#2369,.T.);
#2367 = VERTEX_POINT('',#2368);
#2368 = CARTESIAN_POINT('',(-25.,-45.075,1.745E+03));
#2369 = SURFACE_CURVE('',#2370,(#2374,#2381),.PCURVE_S1.);
#2370 = LINE('',#2371,#2372);
#2371 = CARTESIAN_POINT('',(-25.,-45.075,1.745E+03));
#2372 = VECTOR('',#2373,1.);
#2373 = DIRECTION('',(-0.,1.,0.));
#2374 = PCURVE('',#1712,#2375);
#2375 = DEFINITIONAL_REPRESENTATION('',(#2376),#2380);
#2376 = LINE('',#2377,#2378);
#2377 = CARTESIAN_POINT('',(0.,0.));
#2378 = VECTOR('',#2379,1.);
#2379 = DIRECTION('',(0.,1.));
#2380 = ( GEOMETRIC_REPRESENTATION_CONTEXT(2) 
PARAMETRIC_REPRESENTATION_CONTEXT() REPRESENTATION_CONTEXT('2D SPACE',''
  ) );
#2381 = PCURVE('',#1738,#2382);
#2382 = DEFINITIONAL_REPRESENTATION('',(#2383),#2387);
#2383 = LINE('',#2384,#2385);
#2384 = CARTESIAN_POINT('',(30.,0.));
#2385 = VECTOR('',#2386,1.);
#2386 = DIRECTION('',(0.,-1.));
#2387 = ( GEOMETRIC_REPRESENTATION_CONTEXT(2) 
PARAMETRIC_REPRESENTATION_CONTEXT() REPRESENTATION_CONTEXT('2D SPACE',''
  ) );
#2388 = ORIENTED_EDGE('',*,*,#2389,.T.);
#2389 = EDGE_CURVE('',#2367,#2390,#2392,.T.);
#2390 = VERTEX_POINT('',#2391);
#2391 = CARTESIAN_POINT('',(25.,-45.075,1.745E+03));
#2392 = SURFACE_CURVE('',#2393,(#2397,#2404),.PCURVE_S1.);
#2393 = LINE('',#2394,#2395);
#2394 = CARTESIAN_POINT('',(-25.,-45.075,1.745E+03));
#2395 = VECTOR('',#2396,1.);
#2396 = DIRECTION('',(1.,0.,-0.));
#2397 = PCURVE('',#1712,#2398);
#2398 = DEFINITIONAL_REPRESENTATION('',(#2399),#2403);
#2399 = LINE('',#2400,#2401);
#2400 = CARTESIAN_POINT('',(0.,0.));
#2401 = VECTOR('',#2402,1.);
#2402 = DIRECTION('',(1.,0.));
#2403 = ( GEOMETRIC_REPRESENTATION_CONTEXT(2) 
PARAMETRIC_REPRESENTATION_CONTEXT() REPRESENTATION_CONTEXT('2D SPACE',''
  ) );
#2404 = PCURVE('',#2405,#2410);
#2405 = PLANE('',#2406);
#2406 = AXIS2_PLACEMENT_3D('',#2407,#2408,#2409);
#2407 = CARTESIAN_POINT('',(-25.,-45.075,1.715E+03));
#2408 = DIRECTION('',(-0.,1.,0.));
#2409 = DIRECTION('',(0.,0.,1.));
#2410 = DEFINITIONAL_REPRESENTATION('',(#2411),#2415);
#2411 = LINE('',#2412,#2413);
#2412 = CARTESIAN_POINT('',(30.,0.));
#2413 = VECTOR('',#2414,1.);
#2414 = DIRECTION('',(0.,1.));
#2415 = ( GEOMETRIC_REPRESENTATION_CONTEXT(2) 
PARAMETRIC_REPRESENTATION_CONTEXT() REPRESENTATION_CONTEXT('2D SPACE',''
  ) );
#2416 = ORIENTED_EDGE('',*,*,#2417,.T.);
#2417 = EDGE_CURVE('',#2390,#1698,#2418,.T.);
#2418 = SURFACE_CURVE('',#2419,(#2423,#2430),.PCURVE_S1.);
#2419 = LINE('',#2420,#2421);
#2420 = CARTESIAN_POINT('',(25.,-45.075,1.745E+03));
#2421 = VECTOR('',#2422,1.);
#2422 = DIRECTION('',(-0.,1.,0.));
#2423 = PCURVE('',#1712,#2424);
#2424 = DEFINITIONAL_REPRESENTATION('',(#2425),#2429);
#2425 = LINE('',#2426,#2427);
#2426 = CARTESIAN_POINT('',(50.,0.));
#2427 = VECTOR('',#2428,1.);
#2428 = DIRECTION('',(0.,1.));
#2429 = ( GEOMETRIC_REPRESENTATION_CONTEXT(2) 
PARAMETRIC_REPRESENTATION_CONTEXT() REPRESENTATION_CONTEXT('2D SPACE',''
  ) );
#2430 = PCURVE('',#1788,#2431);
#2431 = DEFINITIONAL_REPRESENTATION('',(#2432),#2436);
#2432 = LINE('',#2433,#2434);
#2433 = CARTESIAN_POINT('',(30.,0.));
#2434 = VECTOR('',#2435,1.);
#2435 = DIRECTION('',(0.,-1.));
#2436 = ( GEOMETRIC_REPRESENTATION_CONTEXT(2) 
PARAMETRIC_REPRESENTATION_CONTEXT() REPRESENTATION_CONTEXT('2D SPACE',''
  ) );
#2437 = ORIENTED_EDGE('',*,*,#1695,.F.);
#2438 = ADVANCED_FACE('',(#2439),#1788,.T.);
#2439 = FACE_BOUND('',#2440,.T.);
#2440 = EDGE_LOOP('',(#2441,#2442,#2465,#2486));
#2441 = ORIENTED_EDGE('',*,*,#2417,.F.);
#2442 = ORIENTED_EDGE('',*,*,#2443,.F.);
#2443 = EDGE_CURVE('',#2444,#2390,#2446,.T.);
#2444 = VERTEX_POINT('',#2445);
#2445 = CARTESIAN_POINT('',(25.,-45.075,1.715E+03));
#2446 = SURFACE_CURVE('',#2447,(#2451,#2458),.PCURVE_S1.);
#2447 = LINE('',#2448,#2449);
#2448 = CARTESIAN_POINT('',(25.,-45.075,1.715E+03));
#2449 = VECTOR('',#2450,1.);
#2450 = DIRECTION('',(0.,0.,1.));
#2451 = PCURVE('',#1788,#2452);
#2452 = DEFINITIONAL_REPRESENTATION('',(#2453),#2457);
#2453 = LINE('',#2454,#2455);
#2454 = CARTESIAN_POINT('',(0.,0.));
#2455 = VECTOR('',#2456,1.);
#2456 = DIRECTION('',(1.,0.));
#2457 = ( GEOMETRIC_REPRESENTATION_CONTEXT(2) 
PARAMETRIC_REPRESENTATION_CONTEXT() REPRESENTATION_CONTEXT('2D SPACE',''
  ) );
#2458 = PCURVE('',#2405,#2459);
#2459 = DEFINITIONAL_REPRESENTATION('',(#2460),#2464);
#2460 = LINE('',#2461,#2462);
#2461 = CARTESIAN_POINT('',(0.,50.));
#2462 = VECTOR('',#2463,1.);
#2463 = DIRECTION('',(1.,0.));
#2464 = ( GEOMETRIC_REPRESENTATION_CONTEXT(2) 
PARAMETRIC_REPRESENTATION_CONTEXT() REPRESENTATION_CONTEXT('2D SPACE',''
  ) );
#2465 = ORIENTED_EDGE('',*,*,#2466,.T.);
#2466 = EDGE_CURVE('',#2444,#1750,#2467,.T.);
#2467 = SURFACE_CURVE('',#2468,(#2472,#2479),.PCURVE_S1.);
#2468 = LINE('',#2469,#2470);
#2469 = CARTESIAN_POINT('',(25.,-45.075,1.715E+03));
#2470 = VECTOR('',#2471,1.);
#2471 = DIRECTION('',(-0.,1.,0.));
#2472 = PCURVE('',#1788,#2473);
#2473 = DEFINITIONAL_REPRESENTATION('',(#2474),#2478);
#2474 = LINE('',#2475,#2476);
#2475 = CARTESIAN_POINT('',(0.,0.));
#2476 = VECTOR('',#2477,1.);
#2477 = DIRECTION('',(0.,-1.));
#2478 = ( GEOMETRIC_REPRESENTATION_CONTEXT(2) 
PARAMETRIC_REPRESENTATION_CONTEXT() REPRESENTATION_CONTEXT('2D SPACE',''
  ) );
#2479 = PCURVE('',#1764,#2480);
#2480 = DEFINITIONAL_REPRESENTATION('',(#2481),#2485);
#2481 = LINE('',#2482,#2483);
#2482 = CARTESIAN_POINT('',(50.,0.));
#2483 = VECTOR('',#2484,1.);
#2484 = DIRECTION('',(0.,1.));
#2485 = ( GEOMETRIC_REPRESENTATION_CONTEXT(2) 
PARAMETRIC_REPRESENTATION_CONTEXT() REPRESENTATION_CONTEXT('2D SPACE',''
  ) );
#2486 = ORIENTED_EDGE('',*,*,#1775,.F.);
#2487 = ADVANCED_FACE('',(#2488),#1764,.F.);
#2488 = FACE_BOUND('',#2489,.F.);
#2489 = EDGE_LOOP('',(#2490,#2513,#2534,#2535));
#2490 = ORIENTED_EDGE('',*,*,#2491,.F.);
#2491 = EDGE_CURVE('',#2492,#1724,#2494,.T.);
#2492 = VERTEX_POINT('',#2493);
#2493 = CARTESIAN_POINT('',(-25.,-45.075,1.715E+03));
#2494 = SURFACE_CURVE('',#2495,(#2499,#2506),.PCURVE_S1.);
#2495 = LINE('',#2496,#2497);
#2496 = CARTESIAN_POINT('',(-25.,-45.075,1.715E+03));
#2497 = VECTOR('',#2498,1.);
#2498 = DIRECTION('',(-0.,1.,0.));
#2499 = PCURVE('',#1764,#2500);
#2500 = DEFINITIONAL_REPRESENTATION('',(#2501),#2505);
#2501 = LINE('',#2502,#2503);
#2502 = CARTESIAN_POINT('',(0.,0.));
#2503 = VECTOR('',#2504,1.);
#2504 = DIRECTION('',(0.,1.));
#2505 = ( GEOMETRIC_REPRESENTATION_CONTEXT(2) 
PARAMETRIC_REPRESENTATION_CONTEXT() REPRESENTATION_CONTEXT('2D SPACE',''
  ) );
#2506 = PCURVE('',#1738,#2507);
#2507 = DEFINITIONAL_REPRESENTATION('',(#2508),#2512);
#2508 = LINE('',#2509,#2510);
#2509 = CARTESIAN_POINT('',(0.,0.));
#2510 = VECTOR('',#2511,1.);
#2511 = DIRECTION('',(0.,-1.));
#2512 = ( GEOMETRIC_REPRESENTATION_CONTEXT(2) 
PARAMETRIC_REPRESENTATION_CONTEXT() REPRESENTATION_CONTEXT('2D SPACE',''
  ) );
#2513 = ORIENTED_EDGE('',*,*,#2514,.T.);
#2514 = EDGE_CURVE('',#2492,#2444,#2515,.T.);
#2515 = SURFACE_CURVE('',#2516,(#2520,#2527),.PCURVE_S1.);
#2516 = LINE('',#2517,#2518);
#2517 = CARTESIAN_POINT('',(-25.,-45.075,1.715E+03));
#2518 = VECTOR('',#2519,1.);
#2519 = DIRECTION('',(1.,0.,-0.));
#2520 = PCURVE('',#1764,#2521);
#2521 = DEFINITIONAL_REPRESENTATION('',(#2522),#2526);
#2522 = LINE('',#2523,#2524);
#2523 = CARTESIAN_POINT('',(0.,0.));
#2524 = VECTOR('',#2525,1.);
#2525 = DIRECTION('',(1.,0.));
#2526 = ( GEOMETRIC_REPRESENTATION_CONTEXT(2) 
PARAMETRIC_REPRESENTATION_CONTEXT() REPRESENTATION_CONTEXT('2D SPACE',''
  ) );
#2527 = PCURVE('',#2405,#2528);
#2528 = DEFINITIONAL_REPRESENTATION('',(#2529),#2533);
#2529 = LINE('',#2530,#2531);
#2530 = CARTESIAN_POINT('',(0.,0.));
#2531 = VECTOR('',#2532,1.);
#2532 = DIRECTION('',(0.,1.));
#2533 = ( GEOMETRIC_REPRESENTATION_CONTEXT(2) 
PARAMETRIC_REPRESENTATION_CONTEXT() REPRESENTATION_CONTEXT('2D SPACE',''
  ) );
#2534 = ORIENTED_EDGE('',*,*,#2466,.T.);
#2535 = ORIENTED_EDGE('',*,*,#1749,.F.);
#2536 = ADVANCED_FACE('',(#2537),#1738,.F.);
#2537 = FACE_BOUND('',#2538,.F.);
#2538 = EDGE_LOOP('',(#2539,#2540,#2561,#2562));
#2539 = ORIENTED_EDGE('',*,*,#2366,.F.);
#2540 = ORIENTED_EDGE('',*,*,#2541,.F.);
#2541 = EDGE_CURVE('',#2492,#2367,#2542,.T.);
#2542 = SURFACE_CURVE('',#2543,(#2547,#2554),.PCURVE_S1.);
#2543 = LINE('',#2544,#2545);
#2544 = CARTESIAN_POINT('',(-25.,-45.075,1.715E+03));
#2545 = VECTOR('',#2546,1.);
#2546 = DIRECTION('',(0.,0.,1.));
#2547 = PCURVE('',#1738,#2548);
#2548 = DEFINITIONAL_REPRESENTATION('',(#2549),#2553);
#2549 = LINE('',#2550,#2551);
#2550 = CARTESIAN_POINT('',(0.,0.));
#2551 = VECTOR('',#2552,1.);
#2552 = DIRECTION('',(1.,0.));
#2553 = ( GEOMETRIC_REPRESENTATION_CONTEXT(2) 
PARAMETRIC_REPRESENTATION_CONTEXT() REPRESENTATION_CONTEXT('2D SPACE',''
  ) );
#2554 = PCURVE('',#2405,#2555);
#2555 = DEFINITIONAL_REPRESENTATION('',(#2556),#2560);
#2556 = LINE('',#2557,#2558);
#2557 = CARTESIAN_POINT('',(0.,0.));
#2558 = VECTOR('',#2559,1.);
#2559 = DIRECTION('',(1.,0.));
#2560 = ( GEOMETRIC_REPRESENTATION_CONTEXT(2) 
PARAMETRIC_REPRESENTATION_CONTEXT() REPRESENTATION_CONTEXT('2D SPACE',''
  ) );
#2561 = ORIENTED_EDGE('',*,*,#2491,.T.);
#2562 = ORIENTED_EDGE('',*,*,#1723,.F.);
#2563 = ADVANCED_FACE('',(#2564),#1819,.T.);
#2564 = FACE_BOUND('',#2565,.T.);
#2565 = EDGE_LOOP('',(#2566,#2591,#2619,#2642,#2670,#2698,#2726,#2747,
    #2748,#2771,#2799,#2827));
#2566 = ORIENTED_EDGE('',*,*,#2567,.F.);
#2567 = EDGE_CURVE('',#2568,#2570,#2572,.T.);
#2568 = VERTEX_POINT('',#2569);
#2569 = CARTESIAN_POINT('',(-75.,-135.,1.95E+03));
#2570 = VERTEX_POINT('',#2571);
#2571 = CARTESIAN_POINT('',(-75.,-61.5,1.95E+03));
#2572 = SURFACE_CURVE('',#2573,(#2577,#2584),.PCURVE_S1.);
#2573 = LINE('',#2574,#2575);
#2574 = CARTESIAN_POINT('',(-75.,-135.,1.95E+03));
#2575 = VECTOR('',#2576,1.);
#2576 = DIRECTION('',(-0.,1.,0.));
#2577 = PCURVE('',#1819,#2578);
#2578 = DEFINITIONAL_REPRESENTATION('',(#2579),#2583);
#2579 = LINE('',#2580,#2581);
#2580 = CARTESIAN_POINT('',(0.,0.));
#2581 = VECTOR('',#2582,1.);
#2582 = DIRECTION('',(0.,1.));
#2583 = ( GEOMETRIC_REPRESENTATION_CONTEXT(2) 
PARAMETRIC_REPRESENTATION_CONTEXT() REPRESENTATION_CONTEXT('2D SPACE',''
  ) );
#2584 = PCURVE('',#1847,#2585);
#2585 = DEFINITIONAL_REPRESENTATION('',(#2586),#2590);
#2586 = LINE('',#2587,#2588);
#2587 = CARTESIAN_POINT('',(200.,0.));
#2588 = VECTOR('',#2589,1.);
#2589 = DIRECTION('',(0.,-1.));
#2590 = ( GEOMETRIC_REPRESENTATION_CONTEXT(2) 
PARAMETRIC_REPRESENTATION_CONTEXT() REPRESENTATION_CONTEXT('2D SPACE',''
  ) );
#2591 = ORIENTED_EDGE('',*,*,#2592,.T.);
#2592 = EDGE_CURVE('',#2568,#2593,#2595,.T.);
#2593 = VERTEX_POINT('',#2594);
#2594 = CARTESIAN_POINT('',(75.,-135.,1.95E+03));
#2595 = SURFACE_CURVE('',#2596,(#2600,#2607),.PCURVE_S1.);
#2596 = LINE('',#2597,#2598);
#2597 = CARTESIAN_POINT('',(-75.,-135.,1.95E+03));
#2598 = VECTOR('',#2599,1.);
#2599 = DIRECTION('',(1.,0.,-0.));
#2600 = PCURVE('',#1819,#2601);
#2601 = DEFINITIONAL_REPRESENTATION('',(#2602),#2606);
#2602 = LINE('',#2603,#2604);
#2603 = CARTESIAN_POINT('',(0.,0.));
#2604 = VECTOR('',#2605,1.);
#2605 = DIRECTION('',(1.,0.));
#2606 = ( GEOMETRIC_REPRESENTATION_CONTEXT(2) 
PARAMETRIC_REPRESENTATION_CONTEXT() REPRESENTATION_CONTEXT('2D SPACE',''
  ) );
#2607 = PCURVE('',#2608,#2613);
#2608 = PLANE('',#2609);
#2609 = AXIS2_PLACEMENT_3D('',#2610,#2611,#2612);
#2610 = CARTESIAN_POINT('',(-75.,-135.,1.75E+03));
#2611 = DIRECTION('',(-0.,1.,0.));
#2612 = DIRECTION('',(0.,0.,1.));
#2613 = DEFINITIONAL_REPRESENTATION('',(#2614),#2618);
#2614 = LINE('',#2615,#2616);
#2615 = CARTESIAN_POINT('',(200.,0.));
#2616 = VECTOR('',#2617,1.);
#2617 = DIRECTION('',(0.,1.));
#2618 = ( GEOMETRIC_REPRESENTATION_CONTEXT(2) 
PARAMETRIC_REPRESENTATION_CONTEXT() REPRESENTATION_CONTEXT('2D SPACE',''
  ) );
#2619 = ORIENTED_EDGE('',*,*,#2620,.T.);
#2620 = EDGE_CURVE('',#2593,#2621,#2623,.T.);
#2621 = VERTEX_POINT('',#2622);
#2622 = CARTESIAN_POINT('',(75.,-61.5,1.95E+03));
#2623 = SURFACE_CURVE('',#2624,(#2628,#2635),.PCURVE_S1.);
#2624 = LINE('',#2625,#2626);
#2625 = CARTESIAN_POINT('',(75.,-135.,1.95E+03));
#2626 = VECTOR('',#2627,1.);
#2627 = DIRECTION('',(-0.,1.,0.));
#2628 = PCURVE('',#1819,#2629);
#2629 = DEFINITIONAL_REPRESENTATION('',(#2630),#2634);
#2630 = LINE('',#2631,#2632);
#2631 = CARTESIAN_POINT('',(150.,0.));
#2632 = VECTOR('',#2633,1.);
#2633 = DIRECTION('',(0.,1.));
#2634 = ( GEOMETRIC_REPRESENTATION_CONTEXT(2) 
PARAMETRIC_REPRESENTATION_CONTEXT() REPRESENTATION_CONTEXT('2D SPACE',''
  ) );
#2635 = PCURVE('',#1901,#2636);
#2636 = DEFINITIONAL_REPRESENTATION('',(#2637),#2641);
#2637 = LINE('',#2638,#2639);
#2638 = CARTESIAN_POINT('',(200.,0.));
#2639 = VECTOR('',#2640,1.);
#2640 = DIRECTION('',(0.,-1.));
#2641 = ( GEOMETRIC_REPRESENTATION_CONTEXT(2) 
PARAMETRIC_REPRESENTATION_CONTEXT() REPRESENTATION_CONTEXT('2D SPACE',''
  ) );
#2642 = ORIENTED_EDGE('',*,*,#2643,.F.);
#2643 = EDGE_CURVE('',#2644,#2621,#2646,.T.);
#2644 = VERTEX_POINT('',#2645);
#2645 = CARTESIAN_POINT('',(67.5,-61.5,1.95E+03));
#2646 = SURFACE_CURVE('',#2647,(#2651,#2658),.PCURVE_S1.);
#2647 = LINE('',#2648,#2649);
#2648 = CARTESIAN_POINT('',(67.5,-61.5,1.95E+03));
#2649 = VECTOR('',#2650,1.);
#2650 = DIRECTION('',(1.,0.,-0.));
#2651 = PCURVE('',#1819,#2652);
#2652 = DEFINITIONAL_REPRESENTATION('',(#2653),#2657);
#2653 = LINE('',#2654,#2655);
#2654 = CARTESIAN_POINT('',(142.5,73.5));
#2655 = VECTOR('',#2656,1.);
#2656 = DIRECTION('',(1.,0.));
#2657 = ( GEOMETRIC_REPRESENTATION_CONTEXT(2) 
PARAMETRIC_REPRESENTATION_CONTEXT() REPRESENTATION_CONTEXT('2D SPACE',''
  ) );
#2658 = PCURVE('',#2659,#2664);
#2659 = PLANE('',#2660);
#2660 = AXIS2_PLACEMENT_3D('',#2661,#2662,#2663);
#2661 = CARTESIAN_POINT('',(67.5,-61.5,1.95E+03));
#2662 = DIRECTION('',(-0.,1.,0.));
#2663 = DIRECTION('',(0.,0.,1.));
#2664 = DEFINITIONAL_REPRESENTATION('',(#2665),#2669);
#2665 = LINE('',#2666,#2667);
#2666 = CARTESIAN_POINT('',(0.,0.));
#2667 = VECTOR('',#2668,1.);
#2668 = DIRECTION('',(0.,1.));
#2669 = ( GEOMETRIC_REPRESENTATION_CONTEXT(2) 
PARAMETRIC_REPRESENTATION_CONTEXT() REPRESENTATION_CONTEXT('2D SPACE',''
  ) );
#2670 = ORIENTED_EDGE('',*,*,#2671,.T.);
#2671 = EDGE_CURVE('',#2644,#2672,#2674,.T.);
#2672 = VERTEX_POINT('',#2673);
#2673 = CARTESIAN_POINT('',(67.5,-58.5,1.95E+03));
#2674 = SURFACE_CURVE('',#2675,(#2679,#2686),.PCURVE_S1.);
#2675 = LINE('',#2676,#2677);
#2676 = CARTESIAN_POINT('',(67.5,-61.5,1.95E+03));
#2677 = VECTOR('',#2678,1.);
#2678 = DIRECTION('',(-0.,1.,0.));
#2679 = PCURVE('',#1819,#2680);
#2680 = DEFINITIONAL_REPRESENTATION('',(#2681),#2685);
#2681 = LINE('',#2682,#2683);
#2682 = CARTESIAN_POINT('',(142.5,73.5));
#2683 = VECTOR('',#2684,1.);
#2684 = DIRECTION('',(0.,1.));
#2685 = ( GEOMETRIC_REPRESENTATION_CONTEXT(2) 
PARAMETRIC_REPRESENTATION_CONTEXT() REPRESENTATION_CONTEXT('2D SPACE',''
  ) );
#2686 = PCURVE('',#2687,#2692);
#2687 = PLANE('',#2688);
#2688 = AXIS2_PLACEMENT_3D('',#2689,#2690,#2691);
#2689 = CARTESIAN_POINT('',(67.5,-61.5,1.95E+03));
#2690 = DIRECTION('',(1.,0.,-0.));
#2691 = DIRECTION('',(0.,0.,1.));
#2692 = DEFINITIONAL_REPRESENTATION('',(#2693),#2697);
#2693 = LINE('',#2694,#2695);
#2694 = CARTESIAN_POINT('',(0.,0.));
#2695 = VECTOR('',#2696,1.);
#2696 = DIRECTION('',(0.,-1.));
#2697 = ( GEOMETRIC_REPRESENTATION_CONTEXT(2) 
PARAMETRIC_REPRESENTATION_CONTEXT() REPRESENTATION_CONTEXT('2D SPACE',''
  ) );
#2698 = ORIENTED_EDGE('',*,*,#2699,.T.);
#2699 = EDGE_CURVE('',#2672,#2700,#2702,.T.);
#2700 = VERTEX_POINT('',#2701);
#2701 = CARTESIAN_POINT('',(75.,-58.5,1.95E+03));
#2702 = SURFACE_CURVE('',#2703,(#2707,#2714),.PCURVE_S1.);
#2703 = LINE('',#2704,#2705);
#2704 = CARTESIAN_POINT('',(67.5,-58.5,1.95E+03));
#2705 = VECTOR('',#2706,1.);
#2706 = DIRECTION('',(1.,0.,-0.));
#2707 = PCURVE('',#1819,#2708);
#2708 = DEFINITIONAL_REPRESENTATION('',(#2709),#2713);
#2709 = LINE('',#2710,#2711);
#2710 = CARTESIAN_POINT('',(142.5,76.5));
#2711 = VECTOR('',#2712,1.);
#2712 = DIRECTION('',(1.,0.));
#2713 = ( GEOMETRIC_REPRESENTATION_CONTEXT(2) 
PARAMETRIC_REPRESENTATION_CONTEXT() REPRESENTATION_CONTEXT('2D SPACE',''
  ) );
#2714 = PCURVE('',#2715,#2720);
#2715 = PLANE('',#2716);
#2716 = AXIS2_PLACEMENT_3D('',#2717,#2718,#2719);
#2717 = CARTESIAN_POINT('',(67.5,-58.5,1.95E+03));
#2718 = DIRECTION('',(-0.,1.,0.));
#2719 = DIRECTION('',(0.,0.,1.));
#2720 = DEFINITIONAL_REPRESENTATION('',(#2721),#2725);
#2721 = LINE('',#2722,#2723);
#2722 = CARTESIAN_POINT('',(0.,0.));
#2723 = VECTOR('',#2724,1.);
#2724 = DIRECTION('',(0.,1.));
#2725 = ( GEOMETRIC_REPRESENTATION_CONTEXT(2) 
PARAMETRIC_REPRESENTATION_CONTEXT() REPRESENTATION_CONTEXT('2D SPACE',''
  ) );
#2726 = ORIENTED_EDGE('',*,*,#2727,.T.);
#2727 = EDGE_CURVE('',#2700,#1804,#2728,.T.);
#2728 = SURFACE_CURVE('',#2729,(#2733,#2740),.PCURVE_S1.);
#2729 = LINE('',#2730,#2731);
#2730 = CARTESIAN_POINT('',(75.,-135.,1.95E+03));
#2731 = VECTOR('',#2732,1.);
#2732 = DIRECTION('',(-0.,1.,0.));
#2733 = PCURVE('',#1819,#2734);
#2734 = DEFINITIONAL_REPRESENTATION('',(#2735),#2739);
#2735 = LINE('',#2736,#2737);
#2736 = CARTESIAN_POINT('',(150.,0.));
#2737 = VECTOR('',#2738,1.);
#2738 = DIRECTION('',(0.,1.));
#2739 = ( GEOMETRIC_REPRESENTATION_CONTEXT(2) 
PARAMETRIC_REPRESENTATION_CONTEXT() REPRESENTATION_CONTEXT('2D SPACE',''
  ) );
#2740 = PCURVE('',#1901,#2741);
#2741 = DEFINITIONAL_REPRESENTATION('',(#2742),#2746);
#2742 = LINE('',#2743,#2744);
#2743 = CARTESIAN_POINT('',(200.,0.));
#2744 = VECTOR('',#2745,1.);
#2745 = DIRECTION('',(0.,-1.));
#2746 = ( GEOMETRIC_REPRESENTATION_CONTEXT(2) 
PARAMETRIC_REPRESENTATION_CONTEXT() REPRESENTATION_CONTEXT('2D SPACE',''
  ) );
#2747 = ORIENTED_EDGE('',*,*,#1801,.F.);
#2748 = ORIENTED_EDGE('',*,*,#2749,.F.);
#2749 = EDGE_CURVE('',#2750,#1802,#2752,.T.);
#2750 = VERTEX_POINT('',#2751);
#2751 = CARTESIAN_POINT('',(-75.,-58.5,1.95E+03));
#2752 = SURFACE_CURVE('',#2753,(#2757,#2764),.PCURVE_S1.);
#2753 = LINE('',#2754,#2755);
#2754 = CARTESIAN_POINT('',(-75.,-135.,1.95E+03));
#2755 = VECTOR('',#2756,1.);
#2756 = DIRECTION('',(-0.,1.,0.));
#2757 = PCURVE('',#1819,#2758);
#2758 = DEFINITIONAL_REPRESENTATION('',(#2759),#2763);
#2759 = LINE('',#2760,#2761);
#2760 = CARTESIAN_POINT('',(0.,0.));
#2761 = VECTOR('',#2762,1.);
#2762 = DIRECTION('',(0.,1.));
#2763 = ( GEOMETRIC_REPRESENTATION_CONTEXT(2) 
PARAMETRIC_REPRESENTATION_CONTEXT() REPRESENTATION_CONTEXT('2D SPACE',''
  ) );
#2764 = PCURVE('',#1847,#2765);
#2765 = DEFINITIONAL_REPRESENTATION('',(#2766),#2770);
#2766 = LINE('',#2767,#2768);
#2767 = CARTESIAN_POINT('',(200.,0.));
#2768 = VECTOR('',#2769,1.);
#2769 = DIRECTION('',(0.,-1.));
#2770 = ( GEOMETRIC_REPRESENTATION_CONTEXT(2) 
PARAMETRIC_REPRESENTATION_CONTEXT() REPRESENTATION_CONTEXT('2D SPACE',''
  ) );
#2771 = ORIENTED_EDGE('',*,*,#2772,.T.);
#2772 = EDGE_CURVE('',#2750,#2773,#2775,.T.);
#2773 = VERTEX_POINT('',#2774);
#2774 = CARTESIAN_POINT('',(-67.5,-58.5,1.95E+03));
#2775 = SURFACE_CURVE('',#2776,(#2780,#2787),.PCURVE_S1.);
#2776 = LINE('',#2777,#2778);
#2777 = CARTESIAN_POINT('',(-92.5,-58.5,1.95E+03));
#2778 = VECTOR('',#2779,1.);
#2779 = DIRECTION('',(1.,0.,-0.));
#2780 = PCURVE('',#1819,#2781);
#2781 = DEFINITIONAL_REPRESENTATION('',(#2782),#2786);
#2782 = LINE('',#2783,#2784);
#2783 = CARTESIAN_POINT('',(-17.5,76.5));
#2784 = VECTOR('',#2785,1.);
#2785 = DIRECTION('',(1.,0.));
#2786 = ( GEOMETRIC_REPRESENTATION_CONTEXT(2) 
PARAMETRIC_REPRESENTATION_CONTEXT() REPRESENTATION_CONTEXT('2D SPACE',''
  ) );
#2787 = PCURVE('',#2788,#2793);
#2788 = PLANE('',#2789);
#2789 = AXIS2_PLACEMENT_3D('',#2790,#2791,#2792);
#2790 = CARTESIAN_POINT('',(-92.5,-58.5,1.95E+03));
#2791 = DIRECTION('',(-0.,1.,0.));
#2792 = DIRECTION('',(0.,0.,1.));
#2793 = DEFINITIONAL_REPRESENTATION('',(#2794),#2798);
#2794 = LINE('',#2795,#2796);
#2795 = CARTESIAN_POINT('',(0.,0.));
#2796 = VECTOR('',#2797,1.);
#2797 = DIRECTION('',(0.,1.));
#2798 = ( GEOMETRIC_REPRESENTATION_CONTEXT(2) 
PARAMETRIC_REPRESENTATION_CONTEXT() REPRESENTATION_CONTEXT('2D SPACE',''
  ) );
#2799 = ORIENTED_EDGE('',*,*,#2800,.F.);
#2800 = EDGE_CURVE('',#2801,#2773,#2803,.T.);
#2801 = VERTEX_POINT('',#2802);
#2802 = CARTESIAN_POINT('',(-67.5,-61.5,1.95E+03));
#2803 = SURFACE_CURVE('',#2804,(#2808,#2815),.PCURVE_S1.);
#2804 = LINE('',#2805,#2806);
#2805 = CARTESIAN_POINT('',(-67.5,-61.5,1.95E+03));
#2806 = VECTOR('',#2807,1.);
#2807 = DIRECTION('',(-0.,1.,0.));
#2808 = PCURVE('',#1819,#2809);
#2809 = DEFINITIONAL_REPRESENTATION('',(#2810),#2814);
#2810 = LINE('',#2811,#2812);
#2811 = CARTESIAN_POINT('',(7.5,73.5));
#2812 = VECTOR('',#2813,1.);
#2813 = DIRECTION('',(0.,1.));
#2814 = ( GEOMETRIC_REPRESENTATION_CONTEXT(2) 
PARAMETRIC_REPRESENTATION_CONTEXT() REPRESENTATION_CONTEXT('2D SPACE',''
  ) );
#2815 = PCURVE('',#2816,#2821);
#2816 = PLANE('',#2817);
#2817 = AXIS2_PLACEMENT_3D('',#2818,#2819,#2820);
#2818 = CARTESIAN_POINT('',(-67.5,-61.5,1.95E+03));
#2819 = DIRECTION('',(1.,0.,-0.));
#2820 = DIRECTION('',(0.,0.,1.));
#2821 = DEFINITIONAL_REPRESENTATION('',(#2822),#2826);
#2822 = LINE('',#2823,#2824);
#2823 = CARTESIAN_POINT('',(0.,0.));
#2824 = VECTOR('',#2825,1.);
#2825 = DIRECTION('',(0.,-1.));
#2826 = ( GEOMETRIC_REPRESENTATION_CONTEXT(2) 
PARAMETRIC_REPRESENTATION_CONTEXT() REPRESENTATION_CONTEXT('2D SPACE',''
  ) );
#2827 = ORIENTED_EDGE('',*,*,#2828,.F.);
#2828 = EDGE_CURVE('',#2570,#2801,#2829,.T.);
#2829 = SURFACE_CURVE('',#2830,(#2834,#2841),.PCURVE_S1.);
#2830 = LINE('',#2831,#2832);
#2831 = CARTESIAN_POINT('',(-92.5,-61.5,1.95E+03));
#2832 = VECTOR('',#2833,1.);
#2833 = DIRECTION('',(1.,0.,-0.));
#2834 = PCURVE('',#1819,#2835);
#2835 = DEFINITIONAL_REPRESENTATION('',(#2836),#2840);
#2836 = LINE('',#2837,#2838);
#2837 = CARTESIAN_POINT('',(-17.5,73.5));
#2838 = VECTOR('',#2839,1.);
#2839 = DIRECTION('',(1.,0.));
#2840 = ( GEOMETRIC_REPRESENTATION_CONTEXT(2) 
PARAMETRIC_REPRESENTATION_CONTEXT() REPRESENTATION_CONTEXT('2D SPACE',''
  ) );
#2841 = PCURVE('',#2842,#2847);
#2842 = PLANE('',#2843);
#2843 = AXIS2_PLACEMENT_3D('',#2844,#2845,#2846);
#2844 = CARTESIAN_POINT('',(-92.5,-61.5,1.95E+03));
#2845 = DIRECTION('',(-0.,1.,0.));
#2846 = DIRECTION('',(0.,0.,1.));
#2847 = DEFINITIONAL_REPRESENTATION('',(#2848),#2852);
#2848 = LINE('',#2849,#2850);
#2849 = CARTESIAN_POINT('',(0.,0.));
#2850 = VECTOR('',#2851,1.);
#2851 = DIRECTION('',(0.,1.));
#2852 = ( GEOMETRIC_REPRESENTATION_CONTEXT(2) 
PARAMETRIC_REPRESENTATION_CONTEXT() REPRESENTATION_CONTEXT('2D SPACE',''
  ) );
#2853 = ADVANCED_FACE('',(#2854),#1901,.T.);
#2854 = FACE_BOUND('',#2855,.T.);
#2855 = EDGE_LOOP('',(#2856,#2879,#2900,#2901,#2902,#2928));
#2856 = ORIENTED_EDGE('',*,*,#2857,.F.);
#2857 = EDGE_CURVE('',#2858,#2593,#2860,.T.);
#2858 = VERTEX_POINT('',#2859);
#2859 = CARTESIAN_POINT('',(75.,-135.,1.75E+03));
#2860 = SURFACE_CURVE('',#2861,(#2865,#2872),.PCURVE_S1.);
#2861 = LINE('',#2862,#2863);
#2862 = CARTESIAN_POINT('',(75.,-135.,1.75E+03));
#2863 = VECTOR('',#2864,1.);
#2864 = DIRECTION('',(0.,0.,1.));
#2865 = PCURVE('',#1901,#2866);
#2866 = DEFINITIONAL_REPRESENTATION('',(#2867),#2871);
#2867 = LINE('',#2868,#2869);
#2868 = CARTESIAN_POINT('',(0.,0.));
#2869 = VECTOR('',#2870,1.);
#2870 = DIRECTION('',(1.,0.));
#2871 = ( GEOMETRIC_REPRESENTATION_CONTEXT(2) 
PARAMETRIC_REPRESENTATION_CONTEXT() REPRESENTATION_CONTEXT('2D SPACE',''
  ) );
#2872 = PCURVE('',#2608,#2873);
#2873 = DEFINITIONAL_REPRESENTATION('',(#2874),#2878);
#2874 = LINE('',#2875,#2876);
#2875 = CARTESIAN_POINT('',(0.,150.));
#2876 = VECTOR('',#2877,1.);
#2877 = DIRECTION('',(1.,0.));
#2878 = ( GEOMETRIC_REPRESENTATION_CONTEXT(2) 
PARAMETRIC_REPRESENTATION_CONTEXT() REPRESENTATION_CONTEXT('2D SPACE',''
  ) );
#2879 = ORIENTED_EDGE('',*,*,#2880,.T.);
#2880 = EDGE_CURVE('',#2858,#1860,#2881,.T.);
#2881 = SURFACE_CURVE('',#2882,(#2886,#2893),.PCURVE_S1.);
#2882 = LINE('',#2883,#2884);
#2883 = CARTESIAN_POINT('',(75.,-135.,1.75E+03));
#2884 = VECTOR('',#2885,1.);
#2885 = DIRECTION('',(-0.,1.,0.));
#2886 = PCURVE('',#1901,#2887);
#2887 = DEFINITIONAL_REPRESENTATION('',(#2888),#2892);
#2888 = LINE('',#2889,#2890);
#2889 = CARTESIAN_POINT('',(0.,0.));
#2890 = VECTOR('',#2891,1.);
#2891 = DIRECTION('',(0.,-1.));
#2892 = ( GEOMETRIC_REPRESENTATION_CONTEXT(2) 
PARAMETRIC_REPRESENTATION_CONTEXT() REPRESENTATION_CONTEXT('2D SPACE',''
  ) );
#2893 = PCURVE('',#1875,#2894);
#2894 = DEFINITIONAL_REPRESENTATION('',(#2895),#2899);
#2895 = LINE('',#2896,#2897);
#2896 = CARTESIAN_POINT('',(150.,0.));
#2897 = VECTOR('',#2898,1.);
#2898 = DIRECTION('',(0.,1.));
#2899 = ( GEOMETRIC_REPRESENTATION_CONTEXT(2) 
PARAMETRIC_REPRESENTATION_CONTEXT() REPRESENTATION_CONTEXT('2D SPACE',''
  ) );
#2900 = ORIENTED_EDGE('',*,*,#1887,.T.);
#2901 = ORIENTED_EDGE('',*,*,#2727,.F.);
#2902 = ORIENTED_EDGE('',*,*,#2903,.F.);
#2903 = EDGE_CURVE('',#2621,#2700,#2904,.T.);
#2904 = SURFACE_CURVE('',#2905,(#2909,#2916),.PCURVE_S1.);
#2905 = LINE('',#2906,#2907);
#2906 = CARTESIAN_POINT('',(75.,-135.,1.95E+03));
#2907 = VECTOR('',#2908,1.);
#2908 = DIRECTION('',(-0.,1.,0.));
#2909 = PCURVE('',#1901,#2910);
#2910 = DEFINITIONAL_REPRESENTATION('',(#2911),#2915);
#2911 = LINE('',#2912,#2913);
#2912 = CARTESIAN_POINT('',(200.,0.));
#2913 = VECTOR('',#2914,1.);
#2914 = DIRECTION('',(0.,-1.));
#2915 = ( GEOMETRIC_REPRESENTATION_CONTEXT(2) 
PARAMETRIC_REPRESENTATION_CONTEXT() REPRESENTATION_CONTEXT('2D SPACE',''
  ) );
#2916 = PCURVE('',#2917,#2922);
#2917 = PLANE('',#2918);
#2918 = AXIS2_PLACEMENT_3D('',#2919,#2920,#2921);
#2919 = CARTESIAN_POINT('',(67.5,-61.5,1.95E+03));
#2920 = DIRECTION('',(0.,0.,1.));
#2921 = DIRECTION('',(1.,0.,-0.));
#2922 = DEFINITIONAL_REPRESENTATION('',(#2923),#2927);
#2923 = LINE('',#2924,#2925);
#2924 = CARTESIAN_POINT('',(7.5,-73.5));
#2925 = VECTOR('',#2926,1.);
#2926 = DIRECTION('',(0.,1.));
#2927 = ( GEOMETRIC_REPRESENTATION_CONTEXT(2) 
PARAMETRIC_REPRESENTATION_CONTEXT() REPRESENTATION_CONTEXT('2D SPACE',''
  ) );
#2928 = ORIENTED_EDGE('',*,*,#2620,.F.);
#2929 = ADVANCED_FACE('',(#2930),#1847,.F.);
#2930 = FACE_BOUND('',#2931,.F.);
#2931 = EDGE_LOOP('',(#2932,#2955,#2976,#2977,#2978,#3004));
#2932 = ORIENTED_EDGE('',*,*,#2933,.F.);
#2933 = EDGE_CURVE('',#2934,#2568,#2936,.T.);
#2934 = VERTEX_POINT('',#2935);
#2935 = CARTESIAN_POINT('',(-75.,-135.,1.75E+03));
#2936 = SURFACE_CURVE('',#2937,(#2941,#2948),.PCURVE_S1.);
#2937 = LINE('',#2938,#2939);
#2938 = CARTESIAN_POINT('',(-75.,-135.,1.75E+03));
#2939 = VECTOR('',#2940,1.);
#2940 = DIRECTION('',(0.,0.,1.));
#2941 = PCURVE('',#1847,#2942);
#2942 = DEFINITIONAL_REPRESENTATION('',(#2943),#2947);
#2943 = LINE('',#2944,#2945);
#2944 = CARTESIAN_POINT('',(0.,0.));
#2945 = VECTOR('',#2946,1.);
#2946 = DIRECTION('',(1.,0.));
#2947 = ( GEOMETRIC_REPRESENTATION_CONTEXT(2) 
PARAMETRIC_REPRESENTATION_CONTEXT() REPRESENTATION_CONTEXT('2D SPACE',''
  ) );
#2948 = PCURVE('',#2608,#2949);
#2949 = DEFINITIONAL_REPRESENTATION('',(#2950),#2954);
#2950 = LINE('',#2951,#2952);
#2951 = CARTESIAN_POINT('',(0.,0.));
#2952 = VECTOR('',#2953,1.);
#2953 = DIRECTION('',(1.,0.));
#2954 = ( GEOMETRIC_REPRESENTATION_CONTEXT(2) 
PARAMETRIC_REPRESENTATION_CONTEXT() REPRESENTATION_CONTEXT('2D SPACE',''
  ) );
#2955 = ORIENTED_EDGE('',*,*,#2956,.T.);
#2956 = EDGE_CURVE('',#2934,#1832,#2957,.T.);
#2957 = SURFACE_CURVE('',#2958,(#2962,#2969),.PCURVE_S1.);
#2958 = LINE('',#2959,#2960);
#2959 = CARTESIAN_POINT('',(-75.,-135.,1.75E+03));
#2960 = VECTOR('',#2961,1.);
#2961 = DIRECTION('',(-0.,1.,0.));
#2962 = PCURVE('',#1847,#2963);
#2963 = DEFINITIONAL_REPRESENTATION('',(#2964),#2968);
#2964 = LINE('',#2965,#2966);
#2965 = CARTESIAN_POINT('',(0.,0.));
#2966 = VECTOR('',#2967,1.);
#2967 = DIRECTION('',(0.,-1.));
#2968 = ( GEOMETRIC_REPRESENTATION_CONTEXT(2) 
PARAMETRIC_REPRESENTATION_CONTEXT() REPRESENTATION_CONTEXT('2D SPACE',''
  ) );
#2969 = PCURVE('',#1875,#2970);
#2970 = DEFINITIONAL_REPRESENTATION('',(#2971),#2975);
#2971 = LINE('',#2972,#2973);
#2972 = CARTESIAN_POINT('',(0.,0.));
#2973 = VECTOR('',#2974,1.);
#2974 = DIRECTION('',(0.,1.));
#2975 = ( GEOMETRIC_REPRESENTATION_CONTEXT(2) 
PARAMETRIC_REPRESENTATION_CONTEXT() REPRESENTATION_CONTEXT('2D SPACE',''
  ) );
#2976 = ORIENTED_EDGE('',*,*,#1831,.T.);
#2977 = ORIENTED_EDGE('',*,*,#2749,.F.);
#2978 = ORIENTED_EDGE('',*,*,#2979,.F.);
#2979 = EDGE_CURVE('',#2570,#2750,#2980,.T.);
#2980 = SURFACE_CURVE('',#2981,(#2985,#2992),.PCURVE_S1.);
#2981 = LINE('',#2982,#2983);
#2982 = CARTESIAN_POINT('',(-75.,-135.,1.95E+03));
#2983 = VECTOR('',#2984,1.);
#2984 = DIRECTION('',(-0.,1.,0.));
#2985 = PCURVE('',#1847,#2986);
#2986 = DEFINITIONAL_REPRESENTATION('',(#2987),#2991);
#2987 = LINE('',#2988,#2989);
#2988 = CARTESIAN_POINT('',(200.,0.));
#2989 = VECTOR('',#2990,1.);
#2990 = DIRECTION('',(0.,-1.));
#2991 = ( GEOMETRIC_REPRESENTATION_CONTEXT(2) 
PARAMETRIC_REPRESENTATION_CONTEXT() REPRESENTATION_CONTEXT('2D SPACE',''
  ) );
#2992 = PCURVE('',#2993,#2998);
#2993 = PLANE('',#2994);
#2994 = AXIS2_PLACEMENT_3D('',#2995,#2996,#2997);
#2995 = CARTESIAN_POINT('',(-92.5,-61.5,1.95E+03));
#2996 = DIRECTION('',(0.,0.,1.));
#2997 = DIRECTION('',(1.,0.,-0.));
#2998 = DEFINITIONAL_REPRESENTATION('',(#2999),#3003);
#2999 = LINE('',#3000,#3001);
#3000 = CARTESIAN_POINT('',(17.5,-73.5));
#3001 = VECTOR('',#3002,1.);
#3002 = DIRECTION('',(0.,1.));
#3003 = ( GEOMETRIC_REPRESENTATION_CONTEXT(2) 
PARAMETRIC_REPRESENTATION_CONTEXT() REPRESENTATION_CONTEXT('2D SPACE',''
  ) );
#3004 = ORIENTED_EDGE('',*,*,#2567,.F.);
#3005 = ADVANCED_FACE('',(#3006,#3032),#1875,.F.);
#3006 = FACE_BOUND('',#3007,.F.);
#3007 = EDGE_LOOP('',(#3008,#3009,#3030,#3031));
#3008 = ORIENTED_EDGE('',*,*,#2956,.F.);
#3009 = ORIENTED_EDGE('',*,*,#3010,.T.);
#3010 = EDGE_CURVE('',#2934,#2858,#3011,.T.);
#3011 = SURFACE_CURVE('',#3012,(#3016,#3023),.PCURVE_S1.);
#3012 = LINE('',#3013,#3014);
#3013 = CARTESIAN_POINT('',(-75.,-135.,1.75E+03));
#3014 = VECTOR('',#3015,1.);
#3015 = DIRECTION('',(1.,0.,-0.));
#3016 = PCURVE('',#1875,#3017);
#3017 = DEFINITIONAL_REPRESENTATION('',(#3018),#3022);
#3018 = LINE('',#3019,#3020);
#3019 = CARTESIAN_POINT('',(0.,0.));
#3020 = VECTOR('',#3021,1.);
#3021 = DIRECTION('',(1.,0.));
#3022 = ( GEOMETRIC_REPRESENTATION_CONTEXT(2) 
PARAMETRIC_REPRESENTATION_CONTEXT() REPRESENTATION_CONTEXT('2D SPACE',''
  ) );
#3023 = PCURVE('',#2608,#3024);
#3024 = DEFINITIONAL_REPRESENTATION('',(#3025),#3029);
#3025 = LINE('',#3026,#3027);
#3026 = CARTESIAN_POINT('',(0.,0.));
#3027 = VECTOR('',#3028,1.);
#3028 = DIRECTION('',(0.,1.));
#3029 = ( GEOMETRIC_REPRESENTATION_CONTEXT(2) 
PARAMETRIC_REPRESENTATION_CONTEXT() REPRESENTATION_CONTEXT('2D SPACE',''
  ) );
#3030 = ORIENTED_EDGE('',*,*,#2880,.T.);
#3031 = ORIENTED_EDGE('',*,*,#1859,.F.);
#3032 = FACE_BOUND('',#3033,.F.);
#3033 = EDGE_LOOP('',(#3034));
#3034 = ORIENTED_EDGE('',*,*,#3035,.F.);
#3035 = EDGE_CURVE('',#3036,#3036,#3038,.T.);
#3036 = VERTEX_POINT('',#3037);
#3037 = CARTESIAN_POINT('',(63.,-90.,1.75E+03));
#3038 = SURFACE_CURVE('',#3039,(#3044,#3051),.PCURVE_S1.);
#3039 = CIRCLE('',#3040,5.);
#3040 = AXIS2_PLACEMENT_3D('',#3041,#3042,#3043);
#3041 = CARTESIAN_POINT('',(58.,-90.,1.75E+03));
#3042 = DIRECTION('',(0.,0.,1.));
#3043 = DIRECTION('',(1.,0.,-0.));
#3044 = PCURVE('',#1875,#3045);
#3045 = DEFINITIONAL_REPRESENTATION('',(#3046),#3050);
#3046 = CIRCLE('',#3047,5.);
#3047 = AXIS2_PLACEMENT_2D('',#3048,#3049);
#3048 = CARTESIAN_POINT('',(133.,45.));
#3049 = DIRECTION('',(1.,0.));
#3050 = ( GEOMETRIC_REPRESENTATION_CONTEXT(2) 
PARAMETRIC_REPRESENTATION_CONTEXT() REPRESENTATION_CONTEXT('2D SPACE',''
  ) );
#3051 = PCURVE('',#3052,#3057);
#3052 = CYLINDRICAL_SURFACE('',#3053,5.);
#3053 = AXIS2_PLACEMENT_3D('',#3054,#3055,#3056);
#3054 = CARTESIAN_POINT('',(58.,-90.,1.56E+03));
#3055 = DIRECTION('',(0.,0.,1.));
#3056 = DIRECTION('',(1.,0.,-0.));
#3057 = DEFINITIONAL_REPRESENTATION('',(#3058),#3062);
#3058 = LINE('',#3059,#3060);
#3059 = CARTESIAN_POINT('',(0.,190.));
#3060 = VECTOR('',#3061,1.);
#3061 = DIRECTION('',(1.,0.));
#3062 = ( GEOMETRIC_REPRESENTATION_CONTEXT(2) 
PARAMETRIC_REPRESENTATION_CONTEXT() REPRESENTATION_CONTEXT('2D SPACE',''
  ) );
#3063 = ADVANCED_FACE('',(#3064),#1932,.T.);
#3064 = FACE_BOUND('',#3065,.T.);
#3065 = EDGE_LOOP('',(#3066,#3089,#3117,#3138));
#3066 = ORIENTED_EDGE('',*,*,#3067,.F.);
#3067 = EDGE_CURVE('',#3068,#1916,#3070,.T.);
#3068 = VERTEX_POINT('',#3069);
#3069 = CARTESIAN_POINT('',(-25.,-45.075,1.995E+03));
#3070 = SURFACE_CURVE('',#3071,(#3075,#3082),.PCURVE_S1.);
#3071 = LINE('',#3072,#3073);
#3072 = CARTESIAN_POINT('',(-25.,-45.075,1.995E+03));
#3073 = VECTOR('',#3074,1.);
#3074 = DIRECTION('',(-0.,1.,0.));
#3075 = PCURVE('',#1932,#3076);
#3076 = DEFINITIONAL_REPRESENTATION('',(#3077),#3081);
#3077 = LINE('',#3078,#3079);
#3078 = CARTESIAN_POINT('',(0.,0.));
#3079 = VECTOR('',#3080,1.);
#3080 = DIRECTION('',(0.,1.));
#3081 = ( GEOMETRIC_REPRESENTATION_CONTEXT(2) 
PARAMETRIC_REPRESENTATION_CONTEXT() REPRESENTATION_CONTEXT('2D SPACE',''
  ) );
#3082 = PCURVE('',#1958,#3083);
#3083 = DEFINITIONAL_REPRESENTATION('',(#3084),#3088);
#3084 = LINE('',#3085,#3086);
#3085 = CARTESIAN_POINT('',(30.,0.));
#3086 = VECTOR('',#3087,1.);
#3087 = DIRECTION('',(0.,-1.));
#3088 = ( GEOMETRIC_REPRESENTATION_CONTEXT(2) 
PARAMETRIC_REPRESENTATION_CONTEXT() REPRESENTATION_CONTEXT('2D SPACE',''
  ) );
#3089 = ORIENTED_EDGE('',*,*,#3090,.T.);
#3090 = EDGE_CURVE('',#3068,#3091,#3093,.T.);
#3091 = VERTEX_POINT('',#3092);
#3092 = CARTESIAN_POINT('',(25.,-45.075,1.995E+03));
#3093 = SURFACE_CURVE('',#3094,(#3098,#3105),.PCURVE_S1.);
#3094 = LINE('',#3095,#3096);
#3095 = CARTESIAN_POINT('',(-25.,-45.075,1.995E+03));
#3096 = VECTOR('',#3097,1.);
#3097 = DIRECTION('',(1.,0.,-0.));
#3098 = PCURVE('',#1932,#3099);
#3099 = DEFINITIONAL_REPRESENTATION('',(#3100),#3104);
#3100 = LINE('',#3101,#3102);
#3101 = CARTESIAN_POINT('',(0.,0.));
#3102 = VECTOR('',#3103,1.);
#3103 = DIRECTION('',(1.,0.));
#3104 = ( GEOMETRIC_REPRESENTATION_CONTEXT(2) 
PARAMETRIC_REPRESENTATION_CONTEXT() REPRESENTATION_CONTEXT('2D SPACE',''
  ) );
#3105 = PCURVE('',#3106,#3111);
#3106 = PLANE('',#3107);
#3107 = AXIS2_PLACEMENT_3D('',#3108,#3109,#3110);
#3108 = CARTESIAN_POINT('',(-25.,-45.075,1.965E+03));
#3109 = DIRECTION('',(-0.,1.,0.));
#3110 = DIRECTION('',(0.,0.,1.));
#3111 = DEFINITIONAL_REPRESENTATION('',(#3112),#3116);
#3112 = LINE('',#3113,#3114);
#3113 = CARTESIAN_POINT('',(30.,0.));
#3114 = VECTOR('',#3115,1.);
#3115 = DIRECTION('',(0.,1.));
#3116 = ( GEOMETRIC_REPRESENTATION_CONTEXT(2) 
PARAMETRIC_REPRESENTATION_CONTEXT() REPRESENTATION_CONTEXT('2D SPACE',''
  ) );
#3117 = ORIENTED_EDGE('',*,*,#3118,.T.);
#3118 = EDGE_CURVE('',#3091,#1918,#3119,.T.);
#3119 = SURFACE_CURVE('',#3120,(#3124,#3131),.PCURVE_S1.);
#3120 = LINE('',#3121,#3122);
#3121 = CARTESIAN_POINT('',(25.,-45.075,1.995E+03));
#3122 = VECTOR('',#3123,1.);
#3123 = DIRECTION('',(-0.,1.,0.));
#3124 = PCURVE('',#1932,#3125);
#3125 = DEFINITIONAL_REPRESENTATION('',(#3126),#3130);
#3126 = LINE('',#3127,#3128);
#3127 = CARTESIAN_POINT('',(50.,0.));
#3128 = VECTOR('',#3129,1.);
#3129 = DIRECTION('',(0.,1.));
#3130 = ( GEOMETRIC_REPRESENTATION_CONTEXT(2) 
PARAMETRIC_REPRESENTATION_CONTEXT() REPRESENTATION_CONTEXT('2D SPACE',''
  ) );
#3131 = PCURVE('',#2008,#3132);
#3132 = DEFINITIONAL_REPRESENTATION('',(#3133),#3137);
#3133 = LINE('',#3134,#3135);
#3134 = CARTESIAN_POINT('',(30.,0.));
#3135 = VECTOR('',#3136,1.);
#3136 = DIRECTION('',(0.,-1.));
#3137 = ( GEOMETRIC_REPRESENTATION_CONTEXT(2) 
PARAMETRIC_REPRESENTATION_CONTEXT() REPRESENTATION_CONTEXT('2D SPACE',''
  ) );
#3138 = ORIENTED_EDGE('',*,*,#1915,.F.);
#3139 = ADVANCED_FACE('',(#3140),#2008,.T.);
#3140 = FACE_BOUND('',#3141,.T.);
#3141 = EDGE_LOOP('',(#3142,#3143,#3166,#3187));
#3142 = ORIENTED_EDGE('',*,*,#3118,.F.);
#3143 = ORIENTED_EDGE('',*,*,#3144,.F.);
#3144 = EDGE_CURVE('',#3145,#3091,#3147,.T.);
#3145 = VERTEX_POINT('',#3146);
#3146 = CARTESIAN_POINT('',(25.,-45.075,1.965E+03));
#3147 = SURFACE_CURVE('',#3148,(#3152,#3159),.PCURVE_S1.);
#3148 = LINE('',#3149,#3150);
#3149 = CARTESIAN_POINT('',(25.,-45.075,1.965E+03));
#3150 = VECTOR('',#3151,1.);
#3151 = DIRECTION('',(0.,0.,1.));
#3152 = PCURVE('',#2008,#3153);
#3153 = DEFINITIONAL_REPRESENTATION('',(#3154),#3158);
#3154 = LINE('',#3155,#3156);
#3155 = CARTESIAN_POINT('',(0.,0.));
#3156 = VECTOR('',#3157,1.);
#3157 = DIRECTION('',(1.,0.));
#3158 = ( GEOMETRIC_REPRESENTATION_CONTEXT(2) 
PARAMETRIC_REPRESENTATION_CONTEXT() REPRESENTATION_CONTEXT('2D SPACE',''
  ) );
#3159 = PCURVE('',#3106,#3160);
#3160 = DEFINITIONAL_REPRESENTATION('',(#3161),#3165);
#3161 = LINE('',#3162,#3163);
#3162 = CARTESIAN_POINT('',(0.,50.));
#3163 = VECTOR('',#3164,1.);
#3164 = DIRECTION('',(1.,0.));
#3165 = ( GEOMETRIC_REPRESENTATION_CONTEXT(2) 
PARAMETRIC_REPRESENTATION_CONTEXT() REPRESENTATION_CONTEXT('2D SPACE',''
  ) );
#3166 = ORIENTED_EDGE('',*,*,#3167,.T.);
#3167 = EDGE_CURVE('',#3145,#1970,#3168,.T.);
#3168 = SURFACE_CURVE('',#3169,(#3173,#3180),.PCURVE_S1.);
#3169 = LINE('',#3170,#3171);
#3170 = CARTESIAN_POINT('',(25.,-45.075,1.965E+03));
#3171 = VECTOR('',#3172,1.);
#3172 = DIRECTION('',(-0.,1.,0.));
#3173 = PCURVE('',#2008,#3174);
#3174 = DEFINITIONAL_REPRESENTATION('',(#3175),#3179);
#3175 = LINE('',#3176,#3177);
#3176 = CARTESIAN_POINT('',(0.,0.));
#3177 = VECTOR('',#3178,1.);
#3178 = DIRECTION('',(0.,-1.));
#3179 = ( GEOMETRIC_REPRESENTATION_CONTEXT(2) 
PARAMETRIC_REPRESENTATION_CONTEXT() REPRESENTATION_CONTEXT('2D SPACE',''
  ) );
#3180 = PCURVE('',#1984,#3181);
#3181 = DEFINITIONAL_REPRESENTATION('',(#3182),#3186);
#3182 = LINE('',#3183,#3184);
#3183 = CARTESIAN_POINT('',(50.,0.));
#3184 = VECTOR('',#3185,1.);
#3185 = DIRECTION('',(0.,1.));
#3186 = ( GEOMETRIC_REPRESENTATION_CONTEXT(2) 
PARAMETRIC_REPRESENTATION_CONTEXT() REPRESENTATION_CONTEXT('2D SPACE',''
  ) );
#3187 = ORIENTED_EDGE('',*,*,#1995,.F.);
#3188 = ADVANCED_FACE('',(#3189),#1984,.F.);
#3189 = FACE_BOUND('',#3190,.F.);
#3190 = EDGE_LOOP('',(#3191,#3214,#3235,#3236));
#3191 = ORIENTED_EDGE('',*,*,#3192,.F.);
#3192 = EDGE_CURVE('',#3193,#1944,#3195,.T.);
#3193 = VERTEX_POINT('',#3194);
#3194 = CARTESIAN_POINT('',(-25.,-45.075,1.965E+03));
#3195 = SURFACE_CURVE('',#3196,(#3200,#3207),.PCURVE_S1.);
#3196 = LINE('',#3197,#3198);
#3197 = CARTESIAN_POINT('',(-25.,-45.075,1.965E+03));
#3198 = VECTOR('',#3199,1.);
#3199 = DIRECTION('',(-0.,1.,0.));
#3200 = PCURVE('',#1984,#3201);
#3201 = DEFINITIONAL_REPRESENTATION('',(#3202),#3206);
#3202 = LINE('',#3203,#3204);
#3203 = CARTESIAN_POINT('',(0.,0.));
#3204 = VECTOR('',#3205,1.);
#3205 = DIRECTION('',(0.,1.));
#3206 = ( GEOMETRIC_REPRESENTATION_CONTEXT(2) 
PARAMETRIC_REPRESENTATION_CONTEXT() REPRESENTATION_CONTEXT('2D SPACE',''
  ) );
#3207 = PCURVE('',#1958,#3208);
#3208 = DEFINITIONAL_REPRESENTATION('',(#3209),#3213);
#3209 = LINE('',#3210,#3211);
#3210 = CARTESIAN_POINT('',(0.,0.));
#3211 = VECTOR('',#3212,1.);
#3212 = DIRECTION('',(0.,-1.));
#3213 = ( GEOMETRIC_REPRESENTATION_CONTEXT(2) 
PARAMETRIC_REPRESENTATION_CONTEXT() REPRESENTATION_CONTEXT('2D SPACE',''
  ) );
#3214 = ORIENTED_EDGE('',*,*,#3215,.T.);
#3215 = EDGE_CURVE('',#3193,#3145,#3216,.T.);
#3216 = SURFACE_CURVE('',#3217,(#3221,#3228),.PCURVE_S1.);
#3217 = LINE('',#3218,#3219);
#3218 = CARTESIAN_POINT('',(-25.,-45.075,1.965E+03));
#3219 = VECTOR('',#3220,1.);
#3220 = DIRECTION('',(1.,0.,-0.));
#3221 = PCURVE('',#1984,#3222);
#3222 = DEFINITIONAL_REPRESENTATION('',(#3223),#3227);
#3223 = LINE('',#3224,#3225);
#3224 = CARTESIAN_POINT('',(0.,0.));
#3225 = VECTOR('',#3226,1.);
#3226 = DIRECTION('',(1.,0.));
#3227 = ( GEOMETRIC_REPRESENTATION_CONTEXT(2) 
PARAMETRIC_REPRESENTATION_CONTEXT() REPRESENTATION_CONTEXT('2D SPACE',''
  ) );
#3228 = PCURVE('',#3106,#3229);
#3229 = DEFINITIONAL_REPRESENTATION('',(#3230),#3234);
#3230 = LINE('',#3231,#3232);
#3231 = CARTESIAN_POINT('',(0.,0.));
#3232 = VECTOR('',#3233,1.);
#3233 = DIRECTION('',(0.,1.));
#3234 = ( GEOMETRIC_REPRESENTATION_CONTEXT(2) 
PARAMETRIC_REPRESENTATION_CONTEXT() REPRESENTATION_CONTEXT('2D SPACE',''
  ) );
#3235 = ORIENTED_EDGE('',*,*,#3167,.T.);
#3236 = ORIENTED_EDGE('',*,*,#1969,.F.);
#3237 = ADVANCED_FACE('',(#3238),#1958,.F.);
#3238 = FACE_BOUND('',#3239,.F.);
#3239 = EDGE_LOOP('',(#3240,#3241,#3262,#3263));
#3240 = ORIENTED_EDGE('',*,*,#3067,.F.);
#3241 = ORIENTED_EDGE('',*,*,#3242,.F.);
#3242 = EDGE_CURVE('',#3193,#3068,#3243,.T.);
#3243 = SURFACE_CURVE('',#3244,(#3248,#3255),.PCURVE_S1.);
#3244 = LINE('',#3245,#3246);
#3245 = CARTESIAN_POINT('',(-25.,-45.075,1.965E+03));
#3246 = VECTOR('',#3247,1.);
#3247 = DIRECTION('',(0.,0.,1.));
#3248 = PCURVE('',#1958,#3249);
#3249 = DEFINITIONAL_REPRESENTATION('',(#3250),#3254);
#3250 = LINE('',#3251,#3252);
#3251 = CARTESIAN_POINT('',(0.,0.));
#3252 = VECTOR('',#3253,1.);
#3253 = DIRECTION('',(1.,0.));
#3254 = ( GEOMETRIC_REPRESENTATION_CONTEXT(2) 
PARAMETRIC_REPRESENTATION_CONTEXT() REPRESENTATION_CONTEXT('2D SPACE',''
  ) );
#3255 = PCURVE('',#3106,#3256);
#3256 = DEFINITIONAL_REPRESENTATION('',(#3257),#3261);
#3257 = LINE('',#3258,#3259);
#3258 = CARTESIAN_POINT('',(0.,0.));
#3259 = VECTOR('',#3260,1.);
#3260 = DIRECTION('',(1.,0.));
#3261 = ( GEOMETRIC_REPRESENTATION_CONTEXT(2) 
PARAMETRIC_REPRESENTATION_CONTEXT() REPRESENTATION_CONTEXT('2D SPACE',''
  ) );
#3262 = ORIENTED_EDGE('',*,*,#3192,.T.);
#3263 = ORIENTED_EDGE('',*,*,#1943,.F.);
#3264 = ADVANCED_FACE('',(#3265),#2136,.T.);
#3265 = FACE_BOUND('',#3266,.T.);
#3266 = EDGE_LOOP('',(#3267,#3290,#3291,#3314));
#3267 = ORIENTED_EDGE('',*,*,#3268,.F.);
#3268 = EDGE_CURVE('',#2120,#3269,#3271,.T.);
#3269 = VERTEX_POINT('',#3270);
#3270 = CARTESIAN_POINT('',(-25.,-25.075,1.745E+03));
#3271 = SURFACE_CURVE('',#3272,(#3276,#3283),.PCURVE_S1.);
#3272 = LINE('',#3273,#3274);
#3273 = CARTESIAN_POINT('',(-25.,-45.075,1.745E+03));
#3274 = VECTOR('',#3275,1.);
#3275 = DIRECTION('',(-0.,1.,0.));
#3276 = PCURVE('',#2136,#3277);
#3277 = DEFINITIONAL_REPRESENTATION('',(#3278),#3282);
#3278 = LINE('',#3279,#3280);
#3279 = CARTESIAN_POINT('',(0.,0.));
#3280 = VECTOR('',#3281,1.);
#3281 = DIRECTION('',(0.,1.));
#3282 = ( GEOMETRIC_REPRESENTATION_CONTEXT(2) 
PARAMETRIC_REPRESENTATION_CONTEXT() REPRESENTATION_CONTEXT('2D SPACE',''
  ) );
#3283 = PCURVE('',#2162,#3284);
#3284 = DEFINITIONAL_REPRESENTATION('',(#3285),#3289);
#3285 = LINE('',#3286,#3287);
#3286 = CARTESIAN_POINT('',(30.,0.));
#3287 = VECTOR('',#3288,1.);
#3288 = DIRECTION('',(0.,-1.));
#3289 = ( GEOMETRIC_REPRESENTATION_CONTEXT(2) 
PARAMETRIC_REPRESENTATION_CONTEXT() REPRESENTATION_CONTEXT('2D SPACE',''
  ) );
#3290 = ORIENTED_EDGE('',*,*,#2119,.T.);
#3291 = ORIENTED_EDGE('',*,*,#3292,.T.);
#3292 = EDGE_CURVE('',#2122,#3293,#3295,.T.);
#3293 = VERTEX_POINT('',#3294);
#3294 = CARTESIAN_POINT('',(25.,-25.075,1.745E+03));
#3295 = SURFACE_CURVE('',#3296,(#3300,#3307),.PCURVE_S1.);
#3296 = LINE('',#3297,#3298);
#3297 = CARTESIAN_POINT('',(25.,-45.075,1.745E+03));
#3298 = VECTOR('',#3299,1.);
#3299 = DIRECTION('',(-0.,1.,0.));
#3300 = PCURVE('',#2136,#3301);
#3301 = DEFINITIONAL_REPRESENTATION('',(#3302),#3306);
#3302 = LINE('',#3303,#3304);
#3303 = CARTESIAN_POINT('',(50.,0.));
#3304 = VECTOR('',#3305,1.);
#3305 = DIRECTION('',(0.,1.));
#3306 = ( GEOMETRIC_REPRESENTATION_CONTEXT(2) 
PARAMETRIC_REPRESENTATION_CONTEXT() REPRESENTATION_CONTEXT('2D SPACE',''
  ) );
#3307 = PCURVE('',#2212,#3308);
#3308 = DEFINITIONAL_REPRESENTATION('',(#3309),#3313);
#3309 = LINE('',#3310,#3311);
#3310 = CARTESIAN_POINT('',(30.,0.));
#3311 = VECTOR('',#3312,1.);
#3312 = DIRECTION('',(0.,-1.));
#3313 = ( GEOMETRIC_REPRESENTATION_CONTEXT(2) 
PARAMETRIC_REPRESENTATION_CONTEXT() REPRESENTATION_CONTEXT('2D SPACE',''
  ) );
#3314 = ORIENTED_EDGE('',*,*,#3315,.F.);
#3315 = EDGE_CURVE('',#3269,#3293,#3316,.T.);
#3316 = SURFACE_CURVE('',#3317,(#3321,#3328),.PCURVE_S1.);
#3317 = LINE('',#3318,#3319);
#3318 = CARTESIAN_POINT('',(-25.,-25.075,1.745E+03));
#3319 = VECTOR('',#3320,1.);
#3320 = DIRECTION('',(1.,0.,-0.));
#3321 = PCURVE('',#2136,#3322);
#3322 = DEFINITIONAL_REPRESENTATION('',(#3323),#3327);
#3323 = LINE('',#3324,#3325);
#3324 = CARTESIAN_POINT('',(0.,20.));
#3325 = VECTOR('',#3326,1.);
#3326 = DIRECTION('',(1.,0.));
#3327 = ( GEOMETRIC_REPRESENTATION_CONTEXT(2) 
PARAMETRIC_REPRESENTATION_CONTEXT() REPRESENTATION_CONTEXT('2D SPACE',''
  ) );
#3328 = PCURVE('',#3329,#3334);
#3329 = PLANE('',#3330);
#3330 = AXIS2_PLACEMENT_3D('',#3331,#3332,#3333);
#3331 = CARTESIAN_POINT('',(-25.,-25.075,1.715E+03));
#3332 = DIRECTION('',(-0.,1.,0.));
#3333 = DIRECTION('',(0.,0.,1.));
#3334 = DEFINITIONAL_REPRESENTATION('',(#3335),#3339);
#3335 = LINE('',#3336,#3337);
#3336 = CARTESIAN_POINT('',(30.,0.));
#3337 = VECTOR('',#3338,1.);
#3338 = DIRECTION('',(0.,1.));
#3339 = ( GEOMETRIC_REPRESENTATION_CONTEXT(2) 
PARAMETRIC_REPRESENTATION_CONTEXT() REPRESENTATION_CONTEXT('2D SPACE',''
  ) );
#3340 = ADVANCED_FACE('',(#3341),#2212,.T.);
#3341 = FACE_BOUND('',#3342,.T.);
#3342 = EDGE_LOOP('',(#3343,#3344,#3345,#3368));
#3343 = ORIENTED_EDGE('',*,*,#3292,.F.);
#3344 = ORIENTED_EDGE('',*,*,#2199,.T.);
#3345 = ORIENTED_EDGE('',*,*,#3346,.T.);
#3346 = EDGE_CURVE('',#2174,#3347,#3349,.T.);
#3347 = VERTEX_POINT('',#3348);
#3348 = CARTESIAN_POINT('',(25.,-25.075,1.715E+03));
#3349 = SURFACE_CURVE('',#3350,(#3354,#3361),.PCURVE_S1.);
#3350 = LINE('',#3351,#3352);
#3351 = CARTESIAN_POINT('',(25.,-45.075,1.715E+03));
#3352 = VECTOR('',#3353,1.);
#3353 = DIRECTION('',(-0.,1.,0.));
#3354 = PCURVE('',#2212,#3355);
#3355 = DEFINITIONAL_REPRESENTATION('',(#3356),#3360);
#3356 = LINE('',#3357,#3358);
#3357 = CARTESIAN_POINT('',(0.,0.));
#3358 = VECTOR('',#3359,1.);
#3359 = DIRECTION('',(0.,-1.));
#3360 = ( GEOMETRIC_REPRESENTATION_CONTEXT(2) 
PARAMETRIC_REPRESENTATION_CONTEXT() REPRESENTATION_CONTEXT('2D SPACE',''
  ) );
#3361 = PCURVE('',#2188,#3362);
#3362 = DEFINITIONAL_REPRESENTATION('',(#3363),#3367);
#3363 = LINE('',#3364,#3365);
#3364 = CARTESIAN_POINT('',(50.,0.));
#3365 = VECTOR('',#3366,1.);
#3366 = DIRECTION('',(0.,1.));
#3367 = ( GEOMETRIC_REPRESENTATION_CONTEXT(2) 
PARAMETRIC_REPRESENTATION_CONTEXT() REPRESENTATION_CONTEXT('2D SPACE',''
  ) );
#3368 = ORIENTED_EDGE('',*,*,#3369,.T.);
#3369 = EDGE_CURVE('',#3347,#3293,#3370,.T.);
#3370 = SURFACE_CURVE('',#3371,(#3375,#3382),.PCURVE_S1.);
#3371 = LINE('',#3372,#3373);
#3372 = CARTESIAN_POINT('',(25.,-25.075,1.715E+03));
#3373 = VECTOR('',#3374,1.);
#3374 = DIRECTION('',(0.,0.,1.));
#3375 = PCURVE('',#2212,#3376);
#3376 = DEFINITIONAL_REPRESENTATION('',(#3377),#3381);
#3377 = LINE('',#3378,#3379);
#3378 = CARTESIAN_POINT('',(0.,-20.));
#3379 = VECTOR('',#3380,1.);
#3380 = DIRECTION('',(1.,0.));
#3381 = ( GEOMETRIC_REPRESENTATION_CONTEXT(2) 
PARAMETRIC_REPRESENTATION_CONTEXT() REPRESENTATION_CONTEXT('2D SPACE',''
  ) );
#3382 = PCURVE('',#3329,#3383);
#3383 = DEFINITIONAL_REPRESENTATION('',(#3384),#3388);
#3384 = LINE('',#3385,#3386);
#3385 = CARTESIAN_POINT('',(0.,50.));
#3386 = VECTOR('',#3387,1.);
#3387 = DIRECTION('',(1.,0.));
#3388 = ( GEOMETRIC_REPRESENTATION_CONTEXT(2) 
PARAMETRIC_REPRESENTATION_CONTEXT() REPRESENTATION_CONTEXT('2D SPACE',''
  ) );
#3389 = ADVANCED_FACE('',(#3390),#2188,.F.);
#3390 = FACE_BOUND('',#3391,.F.);
#3391 = EDGE_LOOP('',(#3392,#3415,#3416,#3417));
#3392 = ORIENTED_EDGE('',*,*,#3393,.F.);
#3393 = EDGE_CURVE('',#2148,#3394,#3396,.T.);
#3394 = VERTEX_POINT('',#3395);
#3395 = CARTESIAN_POINT('',(-25.,-25.075,1.715E+03));
#3396 = SURFACE_CURVE('',#3397,(#3401,#3408),.PCURVE_S1.);
#3397 = LINE('',#3398,#3399);
#3398 = CARTESIAN_POINT('',(-25.,-45.075,1.715E+03));
#3399 = VECTOR('',#3400,1.);
#3400 = DIRECTION('',(-0.,1.,0.));
#3401 = PCURVE('',#2188,#3402);
#3402 = DEFINITIONAL_REPRESENTATION('',(#3403),#3407);
#3403 = LINE('',#3404,#3405);
#3404 = CARTESIAN_POINT('',(0.,0.));
#3405 = VECTOR('',#3406,1.);
#3406 = DIRECTION('',(0.,1.));
#3407 = ( GEOMETRIC_REPRESENTATION_CONTEXT(2) 
PARAMETRIC_REPRESENTATION_CONTEXT() REPRESENTATION_CONTEXT('2D SPACE',''
  ) );
#3408 = PCURVE('',#2162,#3409);
#3409 = DEFINITIONAL_REPRESENTATION('',(#3410),#3414);
#3410 = LINE('',#3411,#3412);
#3411 = CARTESIAN_POINT('',(0.,0.));
#3412 = VECTOR('',#3413,1.);
#3413 = DIRECTION('',(0.,-1.));
#3414 = ( GEOMETRIC_REPRESENTATION_CONTEXT(2) 
PARAMETRIC_REPRESENTATION_CONTEXT() REPRESENTATION_CONTEXT('2D SPACE',''
  ) );
#3415 = ORIENTED_EDGE('',*,*,#2173,.T.);
#3416 = ORIENTED_EDGE('',*,*,#3346,.T.);
#3417 = ORIENTED_EDGE('',*,*,#3418,.F.);
#3418 = EDGE_CURVE('',#3394,#3347,#3419,.T.);
#3419 = SURFACE_CURVE('',#3420,(#3424,#3431),.PCURVE_S1.);
#3420 = LINE('',#3421,#3422);
#3421 = CARTESIAN_POINT('',(-25.,-25.075,1.715E+03));
#3422 = VECTOR('',#3423,1.);
#3423 = DIRECTION('',(1.,0.,-0.));
#3424 = PCURVE('',#2188,#3425);
#3425 = DEFINITIONAL_REPRESENTATION('',(#3426),#3430);
#3426 = LINE('',#3427,#3428);
#3427 = CARTESIAN_POINT('',(0.,20.));
#3428 = VECTOR('',#3429,1.);
#3429 = DIRECTION('',(1.,0.));
#3430 = ( GEOMETRIC_REPRESENTATION_CONTEXT(2) 
PARAMETRIC_REPRESENTATION_CONTEXT() REPRESENTATION_CONTEXT('2D SPACE',''
  ) );
#3431 = PCURVE('',#3329,#3432);
#3432 = DEFINITIONAL_REPRESENTATION('',(#3433),#3437);
#3433 = LINE('',#3434,#3435);
#3434 = CARTESIAN_POINT('',(0.,0.));
#3435 = VECTOR('',#3436,1.);
#3436 = DIRECTION('',(0.,1.));
#3437 = ( GEOMETRIC_REPRESENTATION_CONTEXT(2) 
PARAMETRIC_REPRESENTATION_CONTEXT() REPRESENTATION_CONTEXT('2D SPACE',''
  ) );
#3438 = ADVANCED_FACE('',(#3439),#2162,.F.);
#3439 = FACE_BOUND('',#3440,.F.);
#3440 = EDGE_LOOP('',(#3441,#3442,#3443,#3444));
#3441 = ORIENTED_EDGE('',*,*,#3268,.F.);
#3442 = ORIENTED_EDGE('',*,*,#2147,.T.);
#3443 = ORIENTED_EDGE('',*,*,#3393,.T.);
#3444 = ORIENTED_EDGE('',*,*,#3445,.T.);
#3445 = EDGE_CURVE('',#3394,#3269,#3446,.T.);
#3446 = SURFACE_CURVE('',#3447,(#3451,#3458),.PCURVE_S1.);
#3447 = LINE('',#3448,#3449);
#3448 = CARTESIAN_POINT('',(-25.,-25.075,1.715E+03));
#3449 = VECTOR('',#3450,1.);
#3450 = DIRECTION('',(0.,0.,1.));
#3451 = PCURVE('',#2162,#3452);
#3452 = DEFINITIONAL_REPRESENTATION('',(#3453),#3457);
#3453 = LINE('',#3454,#3455);
#3454 = CARTESIAN_POINT('',(0.,-20.));
#3455 = VECTOR('',#3456,1.);
#3456 = DIRECTION('',(1.,0.));
#3457 = ( GEOMETRIC_REPRESENTATION_CONTEXT(2) 
PARAMETRIC_REPRESENTATION_CONTEXT() REPRESENTATION_CONTEXT('2D SPACE',''
  ) );
#3458 = PCURVE('',#3329,#3459);
#3459 = DEFINITIONAL_REPRESENTATION('',(#3460),#3464);
#3460 = LINE('',#3461,#3462);
#3461 = CARTESIAN_POINT('',(0.,0.));
#3462 = VECTOR('',#3463,1.);
#3463 = DIRECTION('',(1.,0.));
#3464 = ( GEOMETRIC_REPRESENTATION_CONTEXT(2) 
PARAMETRIC_REPRESENTATION_CONTEXT() REPRESENTATION_CONTEXT('2D SPACE',''
  ) );
#3465 = ADVANCED_FACE('',(#3466),#2242,.T.);
#3466 = FACE_BOUND('',#3467,.T.);
#3467 = EDGE_LOOP('',(#3468,#3491,#3492,#3515));
#3468 = ORIENTED_EDGE('',*,*,#3469,.F.);
#3469 = EDGE_CURVE('',#2226,#3470,#3472,.T.);
#3470 = VERTEX_POINT('',#3471);
#3471 = CARTESIAN_POINT('',(-25.,-25.075,1.995E+03));
#3472 = SURFACE_CURVE('',#3473,(#3477,#3484),.PCURVE_S1.);
#3473 = LINE('',#3474,#3475);
#3474 = CARTESIAN_POINT('',(-25.,-45.075,1.995E+03));
#3475 = VECTOR('',#3476,1.);
#3476 = DIRECTION('',(-0.,1.,0.));
#3477 = PCURVE('',#2242,#3478);
#3478 = DEFINITIONAL_REPRESENTATION('',(#3479),#3483);
#3479 = LINE('',#3480,#3481);
#3480 = CARTESIAN_POINT('',(0.,0.));
#3481 = VECTOR('',#3482,1.);
#3482 = DIRECTION('',(0.,1.));
#3483 = ( GEOMETRIC_REPRESENTATION_CONTEXT(2) 
PARAMETRIC_REPRESENTATION_CONTEXT() REPRESENTATION_CONTEXT('2D SPACE',''
  ) );
#3484 = PCURVE('',#2268,#3485);
#3485 = DEFINITIONAL_REPRESENTATION('',(#3486),#3490);
#3486 = LINE('',#3487,#3488);
#3487 = CARTESIAN_POINT('',(30.,0.));
#3488 = VECTOR('',#3489,1.);
#3489 = DIRECTION('',(0.,-1.));
#3490 = ( GEOMETRIC_REPRESENTATION_CONTEXT(2) 
PARAMETRIC_REPRESENTATION_CONTEXT() REPRESENTATION_CONTEXT('2D SPACE',''
  ) );
#3491 = ORIENTED_EDGE('',*,*,#2225,.T.);
#3492 = ORIENTED_EDGE('',*,*,#3493,.T.);
#3493 = EDGE_CURVE('',#2228,#3494,#3496,.T.);
#3494 = VERTEX_POINT('',#3495);
#3495 = CARTESIAN_POINT('',(25.,-25.075,1.995E+03));
#3496 = SURFACE_CURVE('',#3497,(#3501,#3508),.PCURVE_S1.);
#3497 = LINE('',#3498,#3499);
#3498 = CARTESIAN_POINT('',(25.,-45.075,1.995E+03));
#3499 = VECTOR('',#3500,1.);
#3500 = DIRECTION('',(-0.,1.,0.));
#3501 = PCURVE('',#2242,#3502);
#3502 = DEFINITIONAL_REPRESENTATION('',(#3503),#3507);
#3503 = LINE('',#3504,#3505);
#3504 = CARTESIAN_POINT('',(50.,0.));
#3505 = VECTOR('',#3506,1.);
#3506 = DIRECTION('',(0.,1.));
#3507 = ( GEOMETRIC_REPRESENTATION_CONTEXT(2) 
PARAMETRIC_REPRESENTATION_CONTEXT() REPRESENTATION_CONTEXT('2D SPACE',''
  ) );
#3508 = PCURVE('',#2318,#3509);
#3509 = DEFINITIONAL_REPRESENTATION('',(#3510),#3514);
#3510 = LINE('',#3511,#3512);
#3511 = CARTESIAN_POINT('',(30.,0.));
#3512 = VECTOR('',#3513,1.);
#3513 = DIRECTION('',(0.,-1.));
#3514 = ( GEOMETRIC_REPRESENTATION_CONTEXT(2) 
PARAMETRIC_REPRESENTATION_CONTEXT() REPRESENTATION_CONTEXT('2D SPACE',''
  ) );
#3515 = ORIENTED_EDGE('',*,*,#3516,.F.);
#3516 = EDGE_CURVE('',#3470,#3494,#3517,.T.);
#3517 = SURFACE_CURVE('',#3518,(#3522,#3529),.PCURVE_S1.);
#3518 = LINE('',#3519,#3520);
#3519 = CARTESIAN_POINT('',(-25.,-25.075,1.995E+03));
#3520 = VECTOR('',#3521,1.);
#3521 = DIRECTION('',(1.,0.,-0.));
#3522 = PCURVE('',#2242,#3523);
#3523 = DEFINITIONAL_REPRESENTATION('',(#3524),#3528);
#3524 = LINE('',#3525,#3526);
#3525 = CARTESIAN_POINT('',(0.,20.));
#3526 = VECTOR('',#3527,1.);
#3527 = DIRECTION('',(1.,0.));
#3528 = ( GEOMETRIC_REPRESENTATION_CONTEXT(2) 
PARAMETRIC_REPRESENTATION_CONTEXT() REPRESENTATION_CONTEXT('2D SPACE',''
  ) );
#3529 = PCURVE('',#3530,#3535);
#3530 = PLANE('',#3531);
#3531 = AXIS2_PLACEMENT_3D('',#3532,#3533,#3534);
#3532 = CARTESIAN_POINT('',(-25.,-25.075,1.965E+03));
#3533 = DIRECTION('',(-0.,1.,0.));
#3534 = DIRECTION('',(0.,0.,1.));
#3535 = DEFINITIONAL_REPRESENTATION('',(#3536),#3540);
#3536 = LINE('',#3537,#3538);
#3537 = CARTESIAN_POINT('',(30.,0.));
#3538 = VECTOR('',#3539,1.);
#3539 = DIRECTION('',(0.,1.));
#3540 = ( GEOMETRIC_REPRESENTATION_CONTEXT(2) 
PARAMETRIC_REPRESENTATION_CONTEXT() REPRESENTATION_CONTEXT('2D SPACE',''
  ) );
#3541 = ADVANCED_FACE('',(#3542),#2318,.T.);
#3542 = FACE_BOUND('',#3543,.T.);
#3543 = EDGE_LOOP('',(#3544,#3545,#3546,#3569));
#3544 = ORIENTED_EDGE('',*,*,#3493,.F.);
#3545 = ORIENTED_EDGE('',*,*,#2305,.T.);
#3546 = ORIENTED_EDGE('',*,*,#3547,.T.);
#3547 = EDGE_CURVE('',#2280,#3548,#3550,.T.);
#3548 = VERTEX_POINT('',#3549);
#3549 = CARTESIAN_POINT('',(25.,-25.075,1.965E+03));
#3550 = SURFACE_CURVE('',#3551,(#3555,#3562),.PCURVE_S1.);
#3551 = LINE('',#3552,#3553);
#3552 = CARTESIAN_POINT('',(25.,-45.075,1.965E+03));
#3553 = VECTOR('',#3554,1.);
#3554 = DIRECTION('',(-0.,1.,0.));
#3555 = PCURVE('',#2318,#3556);
#3556 = DEFINITIONAL_REPRESENTATION('',(#3557),#3561);
#3557 = LINE('',#3558,#3559);
#3558 = CARTESIAN_POINT('',(0.,0.));
#3559 = VECTOR('',#3560,1.);
#3560 = DIRECTION('',(0.,-1.));
#3561 = ( GEOMETRIC_REPRESENTATION_CONTEXT(2) 
PARAMETRIC_REPRESENTATION_CONTEXT() REPRESENTATION_CONTEXT('2D SPACE',''
  ) );
#3562 = PCURVE('',#2294,#3563);
#3563 = DEFINITIONAL_REPRESENTATION('',(#3564),#3568);
#3564 = LINE('',#3565,#3566);
#3565 = CARTESIAN_POINT('',(50.,0.));
#3566 = VECTOR('',#3567,1.);
#3567 = DIRECTION('',(0.,1.));
#3568 = ( GEOMETRIC_REPRESENTATION_CONTEXT(2) 
PARAMETRIC_REPRESENTATION_CONTEXT() REPRESENTATION_CONTEXT('2D SPACE',''
  ) );
#3569 = ORIENTED_EDGE('',*,*,#3570,.T.);
#3570 = EDGE_CURVE('',#3548,#3494,#3571,.T.);
#3571 = SURFACE_CURVE('',#3572,(#3576,#3583),.PCURVE_S1.);
#3572 = LINE('',#3573,#3574);
#3573 = CARTESIAN_POINT('',(25.,-25.075,1.965E+03));
#3574 = VECTOR('',#3575,1.);
#3575 = DIRECTION('',(0.,0.,1.));
#3576 = PCURVE('',#2318,#3577);
#3577 = DEFINITIONAL_REPRESENTATION('',(#3578),#3582);
#3578 = LINE('',#3579,#3580);
#3579 = CARTESIAN_POINT('',(0.,-20.));
#3580 = VECTOR('',#3581,1.);
#3581 = DIRECTION('',(1.,0.));
#3582 = ( GEOMETRIC_REPRESENTATION_CONTEXT(2) 
PARAMETRIC_REPRESENTATION_CONTEXT() REPRESENTATION_CONTEXT('2D SPACE',''
  ) );
#3583 = PCURVE('',#3530,#3584);
#3584 = DEFINITIONAL_REPRESENTATION('',(#3585),#3589);
#3585 = LINE('',#3586,#3587);
#3586 = CARTESIAN_POINT('',(0.,50.));
#3587 = VECTOR('',#3588,1.);
#3588 = DIRECTION('',(1.,0.));
#3589 = ( GEOMETRIC_REPRESENTATION_CONTEXT(2) 
PARAMETRIC_REPRESENTATION_CONTEXT() REPRESENTATION_CONTEXT('2D SPACE',''
  ) );
#3590 = ADVANCED_FACE('',(#3591),#2294,.F.);
#3591 = FACE_BOUND('',#3592,.F.);
#3592 = EDGE_LOOP('',(#3593,#3616,#3617,#3618));
#3593 = ORIENTED_EDGE('',*,*,#3594,.F.);
#3594 = EDGE_CURVE('',#2254,#3595,#3597,.T.);
#3595 = VERTEX_POINT('',#3596);
#3596 = CARTESIAN_POINT('',(-25.,-25.075,1.965E+03));
#3597 = SURFACE_CURVE('',#3598,(#3602,#3609),.PCURVE_S1.);
#3598 = LINE('',#3599,#3600);
#3599 = CARTESIAN_POINT('',(-25.,-45.075,1.965E+03));
#3600 = VECTOR('',#3601,1.);
#3601 = DIRECTION('',(-0.,1.,0.));
#3602 = PCURVE('',#2294,#3603);
#3603 = DEFINITIONAL_REPRESENTATION('',(#3604),#3608);
#3604 = LINE('',#3605,#3606);
#3605 = CARTESIAN_POINT('',(0.,0.));
#3606 = VECTOR('',#3607,1.);
#3607 = DIRECTION('',(0.,1.));
#3608 = ( GEOMETRIC_REPRESENTATION_CONTEXT(2) 
PARAMETRIC_REPRESENTATION_CONTEXT() REPRESENTATION_CONTEXT('2D SPACE',''
  ) );
#3609 = PCURVE('',#2268,#3610);
#3610 = DEFINITIONAL_REPRESENTATION('',(#3611),#3615);
#3611 = LINE('',#3612,#3613);
#3612 = CARTESIAN_POINT('',(0.,0.));
#3613 = VECTOR('',#3614,1.);
#3614 = DIRECTION('',(0.,-1.));
#3615 = ( GEOMETRIC_REPRESENTATION_CONTEXT(2) 
PARAMETRIC_REPRESENTATION_CONTEXT() REPRESENTATION_CONTEXT('2D SPACE',''
  ) );
#3616 = ORIENTED_EDGE('',*,*,#2279,.T.);
#3617 = ORIENTED_EDGE('',*,*,#3547,.T.);
#3618 = ORIENTED_EDGE('',*,*,#3619,.F.);
#3619 = EDGE_CURVE('',#3595,#3548,#3620,.T.);
#3620 = SURFACE_CURVE('',#3621,(#3625,#3632),.PCURVE_S1.);
#3621 = LINE('',#3622,#3623);
#3622 = CARTESIAN_POINT('',(-25.,-25.075,1.965E+03));
#3623 = VECTOR('',#3624,1.);
#3624 = DIRECTION('',(1.,0.,-0.));
#3625 = PCURVE('',#2294,#3626);
#3626 = DEFINITIONAL_REPRESENTATION('',(#3627),#3631);
#3627 = LINE('',#3628,#3629);
#3628 = CARTESIAN_POINT('',(0.,20.));
#3629 = VECTOR('',#3630,1.);
#3630 = DIRECTION('',(1.,0.));
#3631 = ( GEOMETRIC_REPRESENTATION_CONTEXT(2) 
PARAMETRIC_REPRESENTATION_CONTEXT() REPRESENTATION_CONTEXT('2D SPACE',''
  ) );
#3632 = PCURVE('',#3530,#3633);
#3633 = DEFINITIONAL_REPRESENTATION('',(#3634),#3638);
#3634 = LINE('',#3635,#3636);
#3635 = CARTESIAN_POINT('',(0.,0.));
#3636 = VECTOR('',#3637,1.);
#3637 = DIRECTION('',(0.,1.));
#3638 = ( GEOMETRIC_REPRESENTATION_CONTEXT(2) 
PARAMETRIC_REPRESENTATION_CONTEXT() REPRESENTATION_CONTEXT('2D SPACE',''
  ) );
#3639 = ADVANCED_FACE('',(#3640),#2268,.F.);
#3640 = FACE_BOUND('',#3641,.F.);
#3641 = EDGE_LOOP('',(#3642,#3643,#3644,#3645));
#3642 = ORIENTED_EDGE('',*,*,#3469,.F.);
#3643 = ORIENTED_EDGE('',*,*,#2253,.T.);
#3644 = ORIENTED_EDGE('',*,*,#3594,.T.);
#3645 = ORIENTED_EDGE('',*,*,#3646,.T.);
#3646 = EDGE_CURVE('',#3595,#3470,#3647,.T.);
#3647 = SURFACE_CURVE('',#3648,(#3652,#3659),.PCURVE_S1.);
#3648 = LINE('',#3649,#3650);
#3649 = CARTESIAN_POINT('',(-25.,-25.075,1.965E+03));
#3650 = VECTOR('',#3651,1.);
#3651 = DIRECTION('',(0.,0.,1.));
#3652 = PCURVE('',#2268,#3653);
#3653 = DEFINITIONAL_REPRESENTATION('',(#3654),#3658);
#3654 = LINE('',#3655,#3656);
#3655 = CARTESIAN_POINT('',(0.,-20.));
#3656 = VECTOR('',#3657,1.);
#3657 = DIRECTION('',(1.,0.));
#3658 = ( GEOMETRIC_REPRESENTATION_CONTEXT(2) 
PARAMETRIC_REPRESENTATION_CONTEXT() REPRESENTATION_CONTEXT('2D SPACE',''
  ) );
#3659 = PCURVE('',#3530,#3660);
#3660 = DEFINITIONAL_REPRESENTATION('',(#3661),#3665);
#3661 = LINE('',#3662,#3663);
#3662 = CARTESIAN_POINT('',(0.,0.));
#3663 = VECTOR('',#3664,1.);
#3664 = DIRECTION('',(1.,0.));
#3665 = ( GEOMETRIC_REPRESENTATION_CONTEXT(2) 
PARAMETRIC_REPRESENTATION_CONTEXT() REPRESENTATION_CONTEXT('2D SPACE',''
  ) );
#3666 = ADVANCED_FACE('',(#3667),#2405,.F.);
#3667 = FACE_BOUND('',#3668,.F.);
#3668 = EDGE_LOOP('',(#3669,#3670,#3671,#3672));
#3669 = ORIENTED_EDGE('',*,*,#2514,.F.);
#3670 = ORIENTED_EDGE('',*,*,#2541,.T.);
#3671 = ORIENTED_EDGE('',*,*,#2389,.T.);
#3672 = ORIENTED_EDGE('',*,*,#2443,.F.);
#3673 = ADVANCED_FACE('',(#3674),#2842,.F.);
#3674 = FACE_BOUND('',#3675,.F.);
#3675 = EDGE_LOOP('',(#3676,#3699,#3727,#3753,#3774));
#3676 = ORIENTED_EDGE('',*,*,#3677,.F.);
#3677 = EDGE_CURVE('',#3678,#2570,#3680,.T.);
#3678 = VERTEX_POINT('',#3679);
#3679 = CARTESIAN_POINT('',(-92.5,-61.5,1.95E+03));
#3680 = SURFACE_CURVE('',#3681,(#3685,#3692),.PCURVE_S1.);
#3681 = LINE('',#3682,#3683);
#3682 = CARTESIAN_POINT('',(-92.5,-61.5,1.95E+03));
#3683 = VECTOR('',#3684,1.);
#3684 = DIRECTION('',(1.,0.,-0.));
#3685 = PCURVE('',#2842,#3686);
#3686 = DEFINITIONAL_REPRESENTATION('',(#3687),#3691);
#3687 = LINE('',#3688,#3689);
#3688 = CARTESIAN_POINT('',(0.,0.));
#3689 = VECTOR('',#3690,1.);
#3690 = DIRECTION('',(0.,1.));
#3691 = ( GEOMETRIC_REPRESENTATION_CONTEXT(2) 
PARAMETRIC_REPRESENTATION_CONTEXT() REPRESENTATION_CONTEXT('2D SPACE',''
  ) );
#3692 = PCURVE('',#2993,#3693);
#3693 = DEFINITIONAL_REPRESENTATION('',(#3694),#3698);
#3694 = LINE('',#3695,#3696);
#3695 = CARTESIAN_POINT('',(0.,0.));
#3696 = VECTOR('',#3697,1.);
#3697 = DIRECTION('',(1.,0.));
#3698 = ( GEOMETRIC_REPRESENTATION_CONTEXT(2) 
PARAMETRIC_REPRESENTATION_CONTEXT() REPRESENTATION_CONTEXT('2D SPACE',''
  ) );
#3699 = ORIENTED_EDGE('',*,*,#3700,.T.);
#3700 = EDGE_CURVE('',#3678,#3701,#3703,.T.);
#3701 = VERTEX_POINT('',#3702);
#3702 = CARTESIAN_POINT('',(-92.5,-61.5,2.079012207773E+03));
#3703 = SURFACE_CURVE('',#3704,(#3708,#3715),.PCURVE_S1.);
#3704 = LINE('',#3705,#3706);
#3705 = CARTESIAN_POINT('',(-92.5,-61.5,1.95E+03));
#3706 = VECTOR('',#3707,1.);
#3707 = DIRECTION('',(0.,0.,1.));
#3708 = PCURVE('',#2842,#3709);
#3709 = DEFINITIONAL_REPRESENTATION('',(#3710),#3714);
#3710 = LINE('',#3711,#3712);
#3711 = CARTESIAN_POINT('',(0.,0.));
#3712 = VECTOR('',#3713,1.);
#3713 = DIRECTION('',(1.,0.));
#3714 = ( GEOMETRIC_REPRESENTATION_CONTEXT(2) 
PARAMETRIC_REPRESENTATION_CONTEXT() REPRESENTATION_CONTEXT('2D SPACE',''
  ) );
#3715 = PCURVE('',#3716,#3721);
#3716 = PLANE('',#3717);
#3717 = AXIS2_PLACEMENT_3D('',#3718,#3719,#3720);
#3718 = CARTESIAN_POINT('',(-92.5,-61.5,1.95E+03));
#3719 = DIRECTION('',(1.,0.,-0.));
#3720 = DIRECTION('',(0.,0.,1.));
#3721 = DEFINITIONAL_REPRESENTATION('',(#3722),#3726);
#3722 = LINE('',#3723,#3724);
#3723 = CARTESIAN_POINT('',(0.,0.));
#3724 = VECTOR('',#3725,1.);
#3725 = DIRECTION('',(1.,0.));
#3726 = ( GEOMETRIC_REPRESENTATION_CONTEXT(2) 
PARAMETRIC_REPRESENTATION_CONTEXT() REPRESENTATION_CONTEXT('2D SPACE',''
  ) );
#3727 = ORIENTED_EDGE('',*,*,#3728,.F.);
#3728 = EDGE_CURVE('',#3729,#3701,#3731,.T.);
#3729 = VERTEX_POINT('',#3730);
#3730 = CARTESIAN_POINT('',(-67.5,-61.5,2.079012207773E+03));
#3731 = SURFACE_CURVE('',#3732,(#3736,#3742),.PCURVE_S1.);
#3732 = LINE('',#3733,#3734);
#3733 = CARTESIAN_POINT('',(-118.75,-61.5,2.079012207773E+03));
#3734 = VECTOR('',#3735,1.);
#3735 = DIRECTION('',(-1.,-0.,0.));
#3736 = PCURVE('',#2842,#3737);
#3737 = DEFINITIONAL_REPRESENTATION('',(#3738),#3741);
#3738 = B_SPLINE_CURVE_WITH_KNOTS('',1,(#3739,#3740),.UNSPECIFIED.,.F.,
  .F.,(2,2),(-51.25,-26.25),.PIECEWISE_BEZIER_KNOTS.);
#3739 = CARTESIAN_POINT('',(129.01220777269,25.));
#3740 = CARTESIAN_POINT('',(129.01220777269,0.));
#3741 = ( GEOMETRIC_REPRESENTATION_CONTEXT(2) 
PARAMETRIC_REPRESENTATION_CONTEXT() REPRESENTATION_CONTEXT('2D SPACE',''
  ) );
#3742 = PCURVE('',#3743,#3748);
#3743 = PLANE('',#3744);
#3744 = AXIS2_PLACEMENT_3D('',#3745,#3746,#3747);
#3745 = CARTESIAN_POINT('',(-145.,-197.0681389942,2.192767383202E+03));
#3746 = DIRECTION('',(0.,0.642787609687,0.766044443119));
#3747 = DIRECTION('',(1.,0.,-0.));
#3748 = DEFINITIONAL_REPRESENTATION('',(#3749),#3752);
#3749 = B_SPLINE_CURVE_WITH_KNOTS('',1,(#3750,#3751),.UNSPECIFIED.,.F.,
  .F.,(2,2),(-51.25,-26.25),.PIECEWISE_BEZIER_KNOTS.);
#3750 = CARTESIAN_POINT('',(77.5,176.97163684428));
#3751 = CARTESIAN_POINT('',(52.5,176.97163684428));
#3752 = ( GEOMETRIC_REPRESENTATION_CONTEXT(2) 
PARAMETRIC_REPRESENTATION_CONTEXT() REPRESENTATION_CONTEXT('2D SPACE',''
  ) );
#3753 = ORIENTED_EDGE('',*,*,#3754,.F.);
#3754 = EDGE_CURVE('',#2801,#3729,#3755,.T.);
#3755 = SURFACE_CURVE('',#3756,(#3760,#3767),.PCURVE_S1.);
#3756 = LINE('',#3757,#3758);
#3757 = CARTESIAN_POINT('',(-67.5,-61.5,1.95E+03));
#3758 = VECTOR('',#3759,1.);
#3759 = DIRECTION('',(0.,0.,1.));
#3760 = PCURVE('',#2842,#3761);
#3761 = DEFINITIONAL_REPRESENTATION('',(#3762),#3766);
#3762 = LINE('',#3763,#3764);
#3763 = CARTESIAN_POINT('',(0.,25.));
#3764 = VECTOR('',#3765,1.);
#3765 = DIRECTION('',(1.,0.));
#3766 = ( GEOMETRIC_REPRESENTATION_CONTEXT(2) 
PARAMETRIC_REPRESENTATION_CONTEXT() REPRESENTATION_CONTEXT('2D SPACE',''
  ) );
#3767 = PCURVE('',#2816,#3768);
#3768 = DEFINITIONAL_REPRESENTATION('',(#3769),#3773);
#3769 = LINE('',#3770,#3771);
#3770 = CARTESIAN_POINT('',(0.,0.));
#3771 = VECTOR('',#3772,1.);
#3772 = DIRECTION('',(1.,0.));
#3773 = ( GEOMETRIC_REPRESENTATION_CONTEXT(2) 
PARAMETRIC_REPRESENTATION_CONTEXT() REPRESENTATION_CONTEXT('2D SPACE',''
  ) );
#3774 = ORIENTED_EDGE('',*,*,#2828,.F.);
#3775 = ADVANCED_FACE('',(#3776),#2816,.T.);
#3776 = FACE_BOUND('',#3777,.T.);
#3777 = EDGE_LOOP('',(#3778,#3779,#3780,#3803));
#3778 = ORIENTED_EDGE('',*,*,#3754,.F.);
#3779 = ORIENTED_EDGE('',*,*,#2800,.T.);
#3780 = ORIENTED_EDGE('',*,*,#3781,.T.);
#3781 = EDGE_CURVE('',#2773,#3782,#3784,.T.);
#3782 = VERTEX_POINT('',#3783);
#3783 = CARTESIAN_POINT('',(-67.5,-58.5,2.076494908879E+03));
#3784 = SURFACE_CURVE('',#3785,(#3789,#3796),.PCURVE_S1.);
#3785 = LINE('',#3786,#3787);
#3786 = CARTESIAN_POINT('',(-67.5,-58.5,1.95E+03));
#3787 = VECTOR('',#3788,1.);
#3788 = DIRECTION('',(0.,0.,1.));
#3789 = PCURVE('',#2816,#3790);
#3790 = DEFINITIONAL_REPRESENTATION('',(#3791),#3795);
#3791 = LINE('',#3792,#3793);
#3792 = CARTESIAN_POINT('',(0.,-3.));
#3793 = VECTOR('',#3794,1.);
#3794 = DIRECTION('',(1.,0.));
#3795 = ( GEOMETRIC_REPRESENTATION_CONTEXT(2) 
PARAMETRIC_REPRESENTATION_CONTEXT() REPRESENTATION_CONTEXT('2D SPACE',''
  ) );
#3796 = PCURVE('',#2788,#3797);
#3797 = DEFINITIONAL_REPRESENTATION('',(#3798),#3802);
#3798 = LINE('',#3799,#3800);
#3799 = CARTESIAN_POINT('',(0.,25.));
#3800 = VECTOR('',#3801,1.);
#3801 = DIRECTION('',(1.,0.));
#3802 = ( GEOMETRIC_REPRESENTATION_CONTEXT(2) 
PARAMETRIC_REPRESENTATION_CONTEXT() REPRESENTATION_CONTEXT('2D SPACE',''
  ) );
#3803 = ORIENTED_EDGE('',*,*,#3804,.F.);
#3804 = EDGE_CURVE('',#3729,#3782,#3805,.T.);
#3805 = SURFACE_CURVE('',#3806,(#3810,#3816),.PCURVE_S1.);
#3806 = LINE('',#3807,#3808);
#3807 = CARTESIAN_POINT('',(-67.5,-97.52101388517,2.109237427238E+03));
#3808 = VECTOR('',#3809,1.);
#3809 = DIRECTION('',(-0.,0.766044443119,-0.642787609687));
#3810 = PCURVE('',#2816,#3811);
#3811 = DEFINITIONAL_REPRESENTATION('',(#3812),#3815);
#3812 = B_SPLINE_CURVE_WITH_KNOTS('',1,(#3813,#3814),.UNSPECIFIED.,.F.,
  .F.,(2,2),(47.022094094846,50.938315962843),.PIECEWISE_BEZIER_KNOTS.);
#3813 = CARTESIAN_POINT('',(129.01220777269,-1.42108547152E-14));
#3814 = CARTESIAN_POINT('',(126.49490887916,-3.));
#3815 = ( GEOMETRIC_REPRESENTATION_CONTEXT(2) 
PARAMETRIC_REPRESENTATION_CONTEXT() REPRESENTATION_CONTEXT('2D SPACE',''
  ) );
#3816 = PCURVE('',#3743,#3817);
#3817 = DEFINITIONAL_REPRESENTATION('',(#3818),#3821);
#3818 = B_SPLINE_CURVE_WITH_KNOTS('',1,(#3819,#3820),.UNSPECIFIED.,.F.,
  .F.,(2,2),(47.022094094846,50.938315962843),.PIECEWISE_BEZIER_KNOTS.);
#3819 = CARTESIAN_POINT('',(77.5,176.97163684428));
#3820 = CARTESIAN_POINT('',(77.5,180.88785871228));
#3821 = ( GEOMETRIC_REPRESENTATION_CONTEXT(2) 
PARAMETRIC_REPRESENTATION_CONTEXT() REPRESENTATION_CONTEXT('2D SPACE',''
  ) );
#3822 = ADVANCED_FACE('',(#3823),#2788,.T.);
#3823 = FACE_BOUND('',#3824,.T.);
#3824 = EDGE_LOOP('',(#3825,#3848,#3871,#3890,#3891));
#3825 = ORIENTED_EDGE('',*,*,#3826,.F.);
#3826 = EDGE_CURVE('',#3827,#2750,#3829,.T.);
#3827 = VERTEX_POINT('',#3828);
#3828 = CARTESIAN_POINT('',(-92.5,-58.5,1.95E+03));
#3829 = SURFACE_CURVE('',#3830,(#3834,#3841),.PCURVE_S1.);
#3830 = LINE('',#3831,#3832);
#3831 = CARTESIAN_POINT('',(-92.5,-58.5,1.95E+03));
#3832 = VECTOR('',#3833,1.);
#3833 = DIRECTION('',(1.,0.,-0.));
#3834 = PCURVE('',#2788,#3835);
#3835 = DEFINITIONAL_REPRESENTATION('',(#3836),#3840);
#3836 = LINE('',#3837,#3838);
#3837 = CARTESIAN_POINT('',(0.,0.));
#3838 = VECTOR('',#3839,1.);
#3839 = DIRECTION('',(0.,1.));
#3840 = ( GEOMETRIC_REPRESENTATION_CONTEXT(2) 
PARAMETRIC_REPRESENTATION_CONTEXT() REPRESENTATION_CONTEXT('2D SPACE',''
  ) );
#3841 = PCURVE('',#2993,#3842);
#3842 = DEFINITIONAL_REPRESENTATION('',(#3843),#3847);
#3843 = LINE('',#3844,#3845);
#3844 = CARTESIAN_POINT('',(0.,3.));
#3845 = VECTOR('',#3846,1.);
#3846 = DIRECTION('',(1.,0.));
#3847 = ( GEOMETRIC_REPRESENTATION_CONTEXT(2) 
PARAMETRIC_REPRESENTATION_CONTEXT() REPRESENTATION_CONTEXT('2D SPACE',''
  ) );
#3848 = ORIENTED_EDGE('',*,*,#3849,.T.);
#3849 = EDGE_CURVE('',#3827,#3850,#3852,.T.);
#3850 = VERTEX_POINT('',#3851);
#3851 = CARTESIAN_POINT('',(-92.5,-58.5,2.076494908879E+03));
#3852 = SURFACE_CURVE('',#3853,(#3857,#3864),.PCURVE_S1.);
#3853 = LINE('',#3854,#3855);
#3854 = CARTESIAN_POINT('',(-92.5,-58.5,1.95E+03));
#3855 = VECTOR('',#3856,1.);
#3856 = DIRECTION('',(0.,0.,1.));
#3857 = PCURVE('',#2788,#3858);
#3858 = DEFINITIONAL_REPRESENTATION('',(#3859),#3863);
#3859 = LINE('',#3860,#3861);
#3860 = CARTESIAN_POINT('',(0.,0.));
#3861 = VECTOR('',#3862,1.);
#3862 = DIRECTION('',(1.,0.));
#3863 = ( GEOMETRIC_REPRESENTATION_CONTEXT(2) 
PARAMETRIC_REPRESENTATION_CONTEXT() REPRESENTATION_CONTEXT('2D SPACE',''
  ) );
#3864 = PCURVE('',#3716,#3865);
#3865 = DEFINITIONAL_REPRESENTATION('',(#3866),#3870);
#3866 = LINE('',#3867,#3868);
#3867 = CARTESIAN_POINT('',(0.,-3.));
#3868 = VECTOR('',#3869,1.);
#3869 = DIRECTION('',(1.,0.));
#3870 = ( GEOMETRIC_REPRESENTATION_CONTEXT(2) 
PARAMETRIC_REPRESENTATION_CONTEXT() REPRESENTATION_CONTEXT('2D SPACE',''
  ) );
#3871 = ORIENTED_EDGE('',*,*,#3872,.F.);
#3872 = EDGE_CURVE('',#3782,#3850,#3873,.T.);
#3873 = SURFACE_CURVE('',#3874,(#3878,#3884),.PCURVE_S1.);
#3874 = LINE('',#3875,#3876);
#3875 = CARTESIAN_POINT('',(-118.75,-58.5,2.076494908879E+03));
#3876 = VECTOR('',#3877,1.);
#3877 = DIRECTION('',(-1.,-0.,0.));
#3878 = PCURVE('',#2788,#3879);
#3879 = DEFINITIONAL_REPRESENTATION('',(#3880),#3883);
#3880 = B_SPLINE_CURVE_WITH_KNOTS('',1,(#3881,#3882),.UNSPECIFIED.,.F.,
  .F.,(2,2),(-51.25,-26.25),.PIECEWISE_BEZIER_KNOTS.);
#3881 = CARTESIAN_POINT('',(126.49490887916,25.));
#3882 = CARTESIAN_POINT('',(126.49490887916,0.));
#3883 = ( GEOMETRIC_REPRESENTATION_CONTEXT(2) 
PARAMETRIC_REPRESENTATION_CONTEXT() REPRESENTATION_CONTEXT('2D SPACE',''
  ) );
#3884 = PCURVE('',#3743,#3885);
#3885 = DEFINITIONAL_REPRESENTATION('',(#3886),#3889);
#3886 = B_SPLINE_CURVE_WITH_KNOTS('',1,(#3887,#3888),.UNSPECIFIED.,.F.,
  .F.,(2,2),(-51.25,-26.25),.PIECEWISE_BEZIER_KNOTS.);
#3887 = CARTESIAN_POINT('',(77.5,180.88785871228));
#3888 = CARTESIAN_POINT('',(52.5,180.88785871228));
#3889 = ( GEOMETRIC_REPRESENTATION_CONTEXT(2) 
PARAMETRIC_REPRESENTATION_CONTEXT() REPRESENTATION_CONTEXT('2D SPACE',''
  ) );
#3890 = ORIENTED_EDGE('',*,*,#3781,.F.);
#3891 = ORIENTED_EDGE('',*,*,#2772,.F.);
#3892 = ADVANCED_FACE('',(#3893),#2715,.T.);
#3893 = FACE_BOUND('',#3894,.T.);
#3894 = EDGE_LOOP('',(#3895,#3896,#3919,#3940,#3968));
#3895 = ORIENTED_EDGE('',*,*,#2699,.F.);
#3896 = ORIENTED_EDGE('',*,*,#3897,.T.);
#3897 = EDGE_CURVE('',#2672,#3898,#3900,.T.);
#3898 = VERTEX_POINT('',#3899);
#3899 = CARTESIAN_POINT('',(67.5,-58.5,2.076494908879E+03));
#3900 = SURFACE_CURVE('',#3901,(#3905,#3912),.PCURVE_S1.);
#3901 = LINE('',#3902,#3903);
#3902 = CARTESIAN_POINT('',(67.5,-58.5,1.95E+03));
#3903 = VECTOR('',#3904,1.);
#3904 = DIRECTION('',(0.,0.,1.));
#3905 = PCURVE('',#2715,#3906);
#3906 = DEFINITIONAL_REPRESENTATION('',(#3907),#3911);
#3907 = LINE('',#3908,#3909);
#3908 = CARTESIAN_POINT('',(0.,0.));
#3909 = VECTOR('',#3910,1.);
#3910 = DIRECTION('',(1.,0.));
#3911 = ( GEOMETRIC_REPRESENTATION_CONTEXT(2) 
PARAMETRIC_REPRESENTATION_CONTEXT() REPRESENTATION_CONTEXT('2D SPACE',''
  ) );
#3912 = PCURVE('',#2687,#3913);
#3913 = DEFINITIONAL_REPRESENTATION('',(#3914),#3918);
#3914 = LINE('',#3915,#3916);
#3915 = CARTESIAN_POINT('',(0.,-3.));
#3916 = VECTOR('',#3917,1.);
#3917 = DIRECTION('',(1.,0.));
#3918 = ( GEOMETRIC_REPRESENTATION_CONTEXT(2) 
PARAMETRIC_REPRESENTATION_CONTEXT() REPRESENTATION_CONTEXT('2D SPACE',''
  ) );
#3919 = ORIENTED_EDGE('',*,*,#3920,.F.);
#3920 = EDGE_CURVE('',#3921,#3898,#3923,.T.);
#3921 = VERTEX_POINT('',#3922);
#3922 = CARTESIAN_POINT('',(92.5,-58.5,2.076494908879E+03));
#3923 = SURFACE_CURVE('',#3924,(#3928,#3934),.PCURVE_S1.);
#3924 = LINE('',#3925,#3926);
#3925 = CARTESIAN_POINT('',(-38.75,-58.5,2.076494908879E+03));
#3926 = VECTOR('',#3927,1.);
#3927 = DIRECTION('',(-1.,-0.,0.));
#3928 = PCURVE('',#2715,#3929);
#3929 = DEFINITIONAL_REPRESENTATION('',(#3930),#3933);
#3930 = B_SPLINE_CURVE_WITH_KNOTS('',1,(#3931,#3932),.UNSPECIFIED.,.F.,
  .F.,(2,2),(-131.25,-106.25),.PIECEWISE_BEZIER_KNOTS.);
#3931 = CARTESIAN_POINT('',(126.49490887916,25.));
#3932 = CARTESIAN_POINT('',(126.49490887916,0.));
#3933 = ( GEOMETRIC_REPRESENTATION_CONTEXT(2) 
PARAMETRIC_REPRESENTATION_CONTEXT() REPRESENTATION_CONTEXT('2D SPACE',''
  ) );
#3934 = PCURVE('',#3743,#3935);
#3935 = DEFINITIONAL_REPRESENTATION('',(#3936),#3939);
#3936 = B_SPLINE_CURVE_WITH_KNOTS('',1,(#3937,#3938),.UNSPECIFIED.,.F.,
  .F.,(2,2),(-131.25,-106.25),.PIECEWISE_BEZIER_KNOTS.);
#3937 = CARTESIAN_POINT('',(237.5,180.88785871228));
#3938 = CARTESIAN_POINT('',(212.5,180.88785871228));
#3939 = ( GEOMETRIC_REPRESENTATION_CONTEXT(2) 
PARAMETRIC_REPRESENTATION_CONTEXT() REPRESENTATION_CONTEXT('2D SPACE',''
  ) );
#3940 = ORIENTED_EDGE('',*,*,#3941,.F.);
#3941 = EDGE_CURVE('',#3942,#3921,#3944,.T.);
#3942 = VERTEX_POINT('',#3943);
#3943 = CARTESIAN_POINT('',(92.5,-58.5,1.95E+03));
#3944 = SURFACE_CURVE('',#3945,(#3949,#3956),.PCURVE_S1.);
#3945 = LINE('',#3946,#3947);
#3946 = CARTESIAN_POINT('',(92.5,-58.5,1.95E+03));
#3947 = VECTOR('',#3948,1.);
#3948 = DIRECTION('',(0.,0.,1.));
#3949 = PCURVE('',#2715,#3950);
#3950 = DEFINITIONAL_REPRESENTATION('',(#3951),#3955);
#3951 = LINE('',#3952,#3953);
#3952 = CARTESIAN_POINT('',(0.,25.));
#3953 = VECTOR('',#3954,1.);
#3954 = DIRECTION('',(1.,0.));
#3955 = ( GEOMETRIC_REPRESENTATION_CONTEXT(2) 
PARAMETRIC_REPRESENTATION_CONTEXT() REPRESENTATION_CONTEXT('2D SPACE',''
  ) );
#3956 = PCURVE('',#3957,#3962);
#3957 = PLANE('',#3958);
#3958 = AXIS2_PLACEMENT_3D('',#3959,#3960,#3961);
#3959 = CARTESIAN_POINT('',(92.5,-61.5,1.95E+03));
#3960 = DIRECTION('',(1.,0.,-0.));
#3961 = DIRECTION('',(0.,0.,1.));
#3962 = DEFINITIONAL_REPRESENTATION('',(#3963),#3967);
#3963 = LINE('',#3964,#3965);
#3964 = CARTESIAN_POINT('',(0.,-3.));
#3965 = VECTOR('',#3966,1.);
#3966 = DIRECTION('',(1.,0.));
#3967 = ( GEOMETRIC_REPRESENTATION_CONTEXT(2) 
PARAMETRIC_REPRESENTATION_CONTEXT() REPRESENTATION_CONTEXT('2D SPACE',''
  ) );
#3968 = ORIENTED_EDGE('',*,*,#3969,.F.);
#3969 = EDGE_CURVE('',#2700,#3942,#3970,.T.);
#3970 = SURFACE_CURVE('',#3971,(#3975,#3982),.PCURVE_S1.);
#3971 = LINE('',#3972,#3973);
#3972 = CARTESIAN_POINT('',(67.5,-58.5,1.95E+03));
#3973 = VECTOR('',#3974,1.);
#3974 = DIRECTION('',(1.,0.,-0.));
#3975 = PCURVE('',#2715,#3976);
#3976 = DEFINITIONAL_REPRESENTATION('',(#3977),#3981);
#3977 = LINE('',#3978,#3979);
#3978 = CARTESIAN_POINT('',(0.,0.));
#3979 = VECTOR('',#3980,1.);
#3980 = DIRECTION('',(0.,1.));
#3981 = ( GEOMETRIC_REPRESENTATION_CONTEXT(2) 
PARAMETRIC_REPRESENTATION_CONTEXT() REPRESENTATION_CONTEXT('2D SPACE',''
  ) );
#3982 = PCURVE('',#2917,#3983);
#3983 = DEFINITIONAL_REPRESENTATION('',(#3984),#3988);
#3984 = LINE('',#3985,#3986);
#3985 = CARTESIAN_POINT('',(0.,3.));
#3986 = VECTOR('',#3987,1.);
#3987 = DIRECTION('',(1.,0.));
#3988 = ( GEOMETRIC_REPRESENTATION_CONTEXT(2) 
PARAMETRIC_REPRESENTATION_CONTEXT() REPRESENTATION_CONTEXT('2D SPACE',''
  ) );
#3989 = ADVANCED_FACE('',(#3990),#2687,.F.);
#3990 = FACE_BOUND('',#3991,.F.);
#3991 = EDGE_LOOP('',(#3992,#4015,#4016,#4017));
#3992 = ORIENTED_EDGE('',*,*,#3993,.F.);
#3993 = EDGE_CURVE('',#2644,#3994,#3996,.T.);
#3994 = VERTEX_POINT('',#3995);
#3995 = CARTESIAN_POINT('',(67.5,-61.5,2.079012207773E+03));
#3996 = SURFACE_CURVE('',#3997,(#4001,#4008),.PCURVE_S1.);
#3997 = LINE('',#3998,#3999);
#3998 = CARTESIAN_POINT('',(67.5,-61.5,1.95E+03));
#3999 = VECTOR('',#4000,1.);
#4000 = DIRECTION('',(0.,0.,1.));
#4001 = PCURVE('',#2687,#4002);
#4002 = DEFINITIONAL_REPRESENTATION('',(#4003),#4007);
#4003 = LINE('',#4004,#4005);
#4004 = CARTESIAN_POINT('',(0.,0.));
#4005 = VECTOR('',#4006,1.);
#4006 = DIRECTION('',(1.,0.));
#4007 = ( GEOMETRIC_REPRESENTATION_CONTEXT(2) 
PARAMETRIC_REPRESENTATION_CONTEXT() REPRESENTATION_CONTEXT('2D SPACE',''
  ) );
#4008 = PCURVE('',#2659,#4009);
#4009 = DEFINITIONAL_REPRESENTATION('',(#4010),#4014);
#4010 = LINE('',#4011,#4012);
#4011 = CARTESIAN_POINT('',(0.,0.));
#4012 = VECTOR('',#4013,1.);
#4013 = DIRECTION('',(1.,0.));
#4014 = ( GEOMETRIC_REPRESENTATION_CONTEXT(2) 
PARAMETRIC_REPRESENTATION_CONTEXT() REPRESENTATION_CONTEXT('2D SPACE',''
  ) );
#4015 = ORIENTED_EDGE('',*,*,#2671,.T.);
#4016 = ORIENTED_EDGE('',*,*,#3897,.T.);
#4017 = ORIENTED_EDGE('',*,*,#4018,.F.);
#4018 = EDGE_CURVE('',#3994,#3898,#4019,.T.);
#4019 = SURFACE_CURVE('',#4020,(#4024,#4030),.PCURVE_S1.);
#4020 = LINE('',#4021,#4022);
#4021 = CARTESIAN_POINT('',(67.5,-97.52101388517,2.109237427238E+03));
#4022 = VECTOR('',#4023,1.);
#4023 = DIRECTION('',(-0.,0.766044443119,-0.642787609687));
#4024 = PCURVE('',#2687,#4025);
#4025 = DEFINITIONAL_REPRESENTATION('',(#4026),#4029);
#4026 = B_SPLINE_CURVE_WITH_KNOTS('',1,(#4027,#4028),.UNSPECIFIED.,.F.,
  .F.,(2,2),(47.022094094846,50.938315962843),.PIECEWISE_BEZIER_KNOTS.);
#4027 = CARTESIAN_POINT('',(129.01220777269,-1.42108547152E-14));
#4028 = CARTESIAN_POINT('',(126.49490887916,-3.));
#4029 = ( GEOMETRIC_REPRESENTATION_CONTEXT(2) 
PARAMETRIC_REPRESENTATION_CONTEXT() REPRESENTATION_CONTEXT('2D SPACE',''
  ) );
#4030 = PCURVE('',#3743,#4031);
#4031 = DEFINITIONAL_REPRESENTATION('',(#4032),#4035);
#4032 = B_SPLINE_CURVE_WITH_KNOTS('',1,(#4033,#4034),.UNSPECIFIED.,.F.,
  .F.,(2,2),(47.022094094846,50.938315962843),.PIECEWISE_BEZIER_KNOTS.);
#4033 = CARTESIAN_POINT('',(212.5,176.97163684428));
#4034 = CARTESIAN_POINT('',(212.5,180.88785871228));
#4035 = ( GEOMETRIC_REPRESENTATION_CONTEXT(2) 
PARAMETRIC_REPRESENTATION_CONTEXT() REPRESENTATION_CONTEXT('2D SPACE',''
  ) );
#4036 = ADVANCED_FACE('',(#4037),#2659,.F.);
#4037 = FACE_BOUND('',#4038,.F.);
#4038 = EDGE_LOOP('',(#4039,#4040,#4041,#4062,#4085));
#4039 = ORIENTED_EDGE('',*,*,#2643,.F.);
#4040 = ORIENTED_EDGE('',*,*,#3993,.T.);
#4041 = ORIENTED_EDGE('',*,*,#4042,.F.);
#4042 = EDGE_CURVE('',#4043,#3994,#4045,.T.);
#4043 = VERTEX_POINT('',#4044);
#4044 = CARTESIAN_POINT('',(92.5,-61.5,2.079012207773E+03));
#4045 = SURFACE_CURVE('',#4046,(#4050,#4056),.PCURVE_S1.);
#4046 = LINE('',#4047,#4048);
#4047 = CARTESIAN_POINT('',(-38.75,-61.5,2.079012207773E+03));
#4048 = VECTOR('',#4049,1.);
#4049 = DIRECTION('',(-1.,-0.,0.));
#4050 = PCURVE('',#2659,#4051);
#4051 = DEFINITIONAL_REPRESENTATION('',(#4052),#4055);
#4052 = B_SPLINE_CURVE_WITH_KNOTS('',1,(#4053,#4054),.UNSPECIFIED.,.F.,
  .F.,(2,2),(-131.25,-106.25),.PIECEWISE_BEZIER_KNOTS.);
#4053 = CARTESIAN_POINT('',(129.01220777269,25.));
#4054 = CARTESIAN_POINT('',(129.01220777269,0.));
#4055 = ( GEOMETRIC_REPRESENTATION_CONTEXT(2) 
PARAMETRIC_REPRESENTATION_CONTEXT() REPRESENTATION_CONTEXT('2D SPACE',''
  ) );
#4056 = PCURVE('',#3743,#4057);
#4057 = DEFINITIONAL_REPRESENTATION('',(#4058),#4061);
#4058 = B_SPLINE_CURVE_WITH_KNOTS('',1,(#4059,#4060),.UNSPECIFIED.,.F.,
  .F.,(2,2),(-131.25,-106.25),.PIECEWISE_BEZIER_KNOTS.);
#4059 = CARTESIAN_POINT('',(237.5,176.97163684428));
#4060 = CARTESIAN_POINT('',(212.5,176.97163684428));
#4061 = ( GEOMETRIC_REPRESENTATION_CONTEXT(2) 
PARAMETRIC_REPRESENTATION_CONTEXT() REPRESENTATION_CONTEXT('2D SPACE',''
  ) );
#4062 = ORIENTED_EDGE('',*,*,#4063,.F.);
#4063 = EDGE_CURVE('',#4064,#4043,#4066,.T.);
#4064 = VERTEX_POINT('',#4065);
#4065 = CARTESIAN_POINT('',(92.5,-61.5,1.95E+03));
#4066 = SURFACE_CURVE('',#4067,(#4071,#4078),.PCURVE_S1.);
#4067 = LINE('',#4068,#4069);
#4068 = CARTESIAN_POINT('',(92.5,-61.5,1.95E+03));
#4069 = VECTOR('',#4070,1.);
#4070 = DIRECTION('',(0.,0.,1.));
#4071 = PCURVE('',#2659,#4072);
#4072 = DEFINITIONAL_REPRESENTATION('',(#4073),#4077);
#4073 = LINE('',#4074,#4075);
#4074 = CARTESIAN_POINT('',(0.,25.));
#4075 = VECTOR('',#4076,1.);
#4076 = DIRECTION('',(1.,0.));
#4077 = ( GEOMETRIC_REPRESENTATION_CONTEXT(2) 
PARAMETRIC_REPRESENTATION_CONTEXT() REPRESENTATION_CONTEXT('2D SPACE',''
  ) );
#4078 = PCURVE('',#3957,#4079);
#4079 = DEFINITIONAL_REPRESENTATION('',(#4080),#4084);
#4080 = LINE('',#4081,#4082);
#4081 = CARTESIAN_POINT('',(0.,0.));
#4082 = VECTOR('',#4083,1.);
#4083 = DIRECTION('',(1.,0.));
#4084 = ( GEOMETRIC_REPRESENTATION_CONTEXT(2) 
PARAMETRIC_REPRESENTATION_CONTEXT() REPRESENTATION_CONTEXT('2D SPACE',''
  ) );
#4085 = ORIENTED_EDGE('',*,*,#4086,.F.);
#4086 = EDGE_CURVE('',#2621,#4064,#4087,.T.);
#4087 = SURFACE_CURVE('',#4088,(#4092,#4099),.PCURVE_S1.);
#4088 = LINE('',#4089,#4090);
#4089 = CARTESIAN_POINT('',(67.5,-61.5,1.95E+03));
#4090 = VECTOR('',#4091,1.);
#4091 = DIRECTION('',(1.,0.,-0.));
#4092 = PCURVE('',#2659,#4093);
#4093 = DEFINITIONAL_REPRESENTATION('',(#4094),#4098);
#4094 = LINE('',#4095,#4096);
#4095 = CARTESIAN_POINT('',(0.,0.));
#4096 = VECTOR('',#4097,1.);
#4097 = DIRECTION('',(0.,1.));
#4098 = ( GEOMETRIC_REPRESENTATION_CONTEXT(2) 
PARAMETRIC_REPRESENTATION_CONTEXT() REPRESENTATION_CONTEXT('2D SPACE',''
  ) );
#4099 = PCURVE('',#2917,#4100);
#4100 = DEFINITIONAL_REPRESENTATION('',(#4101),#4105);
#4101 = LINE('',#4102,#4103);
#4102 = CARTESIAN_POINT('',(0.,0.));
#4103 = VECTOR('',#4104,1.);
#4104 = DIRECTION('',(1.,0.));
#4105 = ( GEOMETRIC_REPRESENTATION_CONTEXT(2) 
PARAMETRIC_REPRESENTATION_CONTEXT() REPRESENTATION_CONTEXT('2D SPACE',''
  ) );
#4106 = ADVANCED_FACE('',(#4107),#2608,.F.);
#4107 = FACE_BOUND('',#4108,.F.);
#4108 = EDGE_LOOP('',(#4109,#4110,#4111,#4112));
#4109 = ORIENTED_EDGE('',*,*,#3010,.F.);
#4110 = ORIENTED_EDGE('',*,*,#2933,.T.);
#4111 = ORIENTED_EDGE('',*,*,#2592,.T.);
#4112 = ORIENTED_EDGE('',*,*,#2857,.F.);
#4113 = ADVANCED_FACE('',(#4114),#2917,.F.);
#4114 = FACE_BOUND('',#4115,.F.);
#4115 = EDGE_LOOP('',(#4116,#4117,#4118,#4119));
#4116 = ORIENTED_EDGE('',*,*,#3969,.F.);
#4117 = ORIENTED_EDGE('',*,*,#2903,.F.);
#4118 = ORIENTED_EDGE('',*,*,#4086,.T.);
#4119 = ORIENTED_EDGE('',*,*,#4120,.T.);
#4120 = EDGE_CURVE('',#4064,#3942,#4121,.T.);
#4121 = SURFACE_CURVE('',#4122,(#4126,#4133),.PCURVE_S1.);
#4122 = LINE('',#4123,#4124);
#4123 = CARTESIAN_POINT('',(92.5,-61.5,1.95E+03));
#4124 = VECTOR('',#4125,1.);
#4125 = DIRECTION('',(-0.,1.,0.));
#4126 = PCURVE('',#2917,#4127);
#4127 = DEFINITIONAL_REPRESENTATION('',(#4128),#4132);
#4128 = LINE('',#4129,#4130);
#4129 = CARTESIAN_POINT('',(25.,0.));
#4130 = VECTOR('',#4131,1.);
#4131 = DIRECTION('',(0.,1.));
#4132 = ( GEOMETRIC_REPRESENTATION_CONTEXT(2) 
PARAMETRIC_REPRESENTATION_CONTEXT() REPRESENTATION_CONTEXT('2D SPACE',''
  ) );
#4133 = PCURVE('',#3957,#4134);
#4134 = DEFINITIONAL_REPRESENTATION('',(#4135),#4139);
#4135 = LINE('',#4136,#4137);
#4136 = CARTESIAN_POINT('',(0.,0.));
#4137 = VECTOR('',#4138,1.);
#4138 = DIRECTION('',(0.,-1.));
#4139 = ( GEOMETRIC_REPRESENTATION_CONTEXT(2) 
PARAMETRIC_REPRESENTATION_CONTEXT() REPRESENTATION_CONTEXT('2D SPACE',''
  ) );
#4140 = ADVANCED_FACE('',(#4141),#2993,.F.);
#4141 = FACE_BOUND('',#4142,.F.);
#4142 = EDGE_LOOP('',(#4143,#4144,#4165,#4166));
#4143 = ORIENTED_EDGE('',*,*,#3826,.F.);
#4144 = ORIENTED_EDGE('',*,*,#4145,.F.);
#4145 = EDGE_CURVE('',#3678,#3827,#4146,.T.);
#4146 = SURFACE_CURVE('',#4147,(#4151,#4158),.PCURVE_S1.);
#4147 = LINE('',#4148,#4149);
#4148 = CARTESIAN_POINT('',(-92.5,-61.5,1.95E+03));
#4149 = VECTOR('',#4150,1.);
#4150 = DIRECTION('',(-0.,1.,0.));
#4151 = PCURVE('',#2993,#4152);
#4152 = DEFINITIONAL_REPRESENTATION('',(#4153),#4157);
#4153 = LINE('',#4154,#4155);
#4154 = CARTESIAN_POINT('',(0.,0.));
#4155 = VECTOR('',#4156,1.);
#4156 = DIRECTION('',(0.,1.));
#4157 = ( GEOMETRIC_REPRESENTATION_CONTEXT(2) 
PARAMETRIC_REPRESENTATION_CONTEXT() REPRESENTATION_CONTEXT('2D SPACE',''
  ) );
#4158 = PCURVE('',#3716,#4159);
#4159 = DEFINITIONAL_REPRESENTATION('',(#4160),#4164);
#4160 = LINE('',#4161,#4162);
#4161 = CARTESIAN_POINT('',(0.,0.));
#4162 = VECTOR('',#4163,1.);
#4163 = DIRECTION('',(0.,-1.));
#4164 = ( GEOMETRIC_REPRESENTATION_CONTEXT(2) 
PARAMETRIC_REPRESENTATION_CONTEXT() REPRESENTATION_CONTEXT('2D SPACE',''
  ) );
#4165 = ORIENTED_EDGE('',*,*,#3677,.T.);
#4166 = ORIENTED_EDGE('',*,*,#2979,.T.);
#4167 = ADVANCED_FACE('',(#4168),#3052,.T.);
#4168 = FACE_BOUND('',#4169,.T.);
#4169 = EDGE_LOOP('',(#4170,#4171,#4194,#4221));
#4170 = ORIENTED_EDGE('',*,*,#3035,.F.);
#4171 = ORIENTED_EDGE('',*,*,#4172,.F.);
#4172 = EDGE_CURVE('',#4173,#3036,#4175,.T.);
#4173 = VERTEX_POINT('',#4174);
#4174 = CARTESIAN_POINT('',(63.,-90.,1.56E+03));
#4175 = SEAM_CURVE('',#4176,(#4180,#4187),.PCURVE_S1.);
#4176 = LINE('',#4177,#4178);
#4177 = CARTESIAN_POINT('',(63.,-90.,1.56E+03));
#4178 = VECTOR('',#4179,1.);
#4179 = DIRECTION('',(0.,0.,1.));
#4180 = PCURVE('',#3052,#4181);
#4181 = DEFINITIONAL_REPRESENTATION('',(#4182),#4186);
#4182 = LINE('',#4183,#4184);
#4183 = CARTESIAN_POINT('',(6.28318530718,-0.));
#4184 = VECTOR('',#4185,1.);
#4185 = DIRECTION('',(0.,1.));
#4186 = ( GEOMETRIC_REPRESENTATION_CONTEXT(2) 
PARAMETRIC_REPRESENTATION_CONTEXT() REPRESENTATION_CONTEXT('2D SPACE',''
  ) );
#4187 = PCURVE('',#3052,#4188);
#4188 = DEFINITIONAL_REPRESENTATION('',(#4189),#4193);
#4189 = LINE('',#4190,#4191);
#4190 = CARTESIAN_POINT('',(0.,-0.));
#4191 = VECTOR('',#4192,1.);
#4192 = DIRECTION('',(0.,1.));
#4193 = ( GEOMETRIC_REPRESENTATION_CONTEXT(2) 
PARAMETRIC_REPRESENTATION_CONTEXT() REPRESENTATION_CONTEXT('2D SPACE',''
  ) );
#4194 = ORIENTED_EDGE('',*,*,#4195,.T.);
#4195 = EDGE_CURVE('',#4173,#4173,#4196,.T.);
#4196 = SURFACE_CURVE('',#4197,(#4202,#4209),.PCURVE_S1.);
#4197 = CIRCLE('',#4198,5.);
#4198 = AXIS2_PLACEMENT_3D('',#4199,#4200,#4201);
#4199 = CARTESIAN_POINT('',(58.,-90.,1.56E+03));
#4200 = DIRECTION('',(0.,0.,1.));
#4201 = DIRECTION('',(1.,0.,-0.));
#4202 = PCURVE('',#3052,#4203);
#4203 = DEFINITIONAL_REPRESENTATION('',(#4204),#4208);
#4204 = LINE('',#4205,#4206);
#4205 = CARTESIAN_POINT('',(0.,0.));
#4206 = VECTOR('',#4207,1.);
#4207 = DIRECTION('',(1.,0.));
#4208 = ( GEOMETRIC_REPRESENTATION_CONTEXT(2) 
PARAMETRIC_REPRESENTATION_CONTEXT() REPRESENTATION_CONTEXT('2D SPACE',''
  ) );
#4209 = PCURVE('',#4210,#4215);
#4210 = PLANE('',#4211);
#4211 = AXIS2_PLACEMENT_3D('',#4212,#4213,#4214);
#4212 = CARTESIAN_POINT('',(58.,-90.,1.56E+03));
#4213 = DIRECTION('',(0.,0.,1.));
#4214 = DIRECTION('',(1.,0.,-0.));
#4215 = DEFINITIONAL_REPRESENTATION('',(#4216),#4220);
#4216 = CIRCLE('',#4217,5.);
#4217 = AXIS2_PLACEMENT_2D('',#4218,#4219);
#4218 = CARTESIAN_POINT('',(0.,0.));
#4219 = DIRECTION('',(1.,0.));
#4220 = ( GEOMETRIC_REPRESENTATION_CONTEXT(2) 
PARAMETRIC_REPRESENTATION_CONTEXT() REPRESENTATION_CONTEXT('2D SPACE',''
  ) );
#4221 = ORIENTED_EDGE('',*,*,#4172,.T.);
#4222 = ADVANCED_FACE('',(#4223),#3106,.F.);
#4223 = FACE_BOUND('',#4224,.F.);
#4224 = EDGE_LOOP('',(#4225,#4226,#4227,#4228));
#4225 = ORIENTED_EDGE('',*,*,#3215,.F.);
#4226 = ORIENTED_EDGE('',*,*,#3242,.T.);
#4227 = ORIENTED_EDGE('',*,*,#3090,.T.);
#4228 = ORIENTED_EDGE('',*,*,#3144,.F.);
#4229 = ADVANCED_FACE('',(#4230),#3329,.T.);
#4230 = FACE_BOUND('',#4231,.T.);
#4231 = EDGE_LOOP('',(#4232,#4233,#4234,#4235));
#4232 = ORIENTED_EDGE('',*,*,#3418,.F.);
#4233 = ORIENTED_EDGE('',*,*,#3445,.T.);
#4234 = ORIENTED_EDGE('',*,*,#3315,.T.);
#4235 = ORIENTED_EDGE('',*,*,#3369,.F.);
#4236 = ADVANCED_FACE('',(#4237),#3530,.T.);
#4237 = FACE_BOUND('',#4238,.T.);
#4238 = EDGE_LOOP('',(#4239,#4240,#4241,#4242));
#4239 = ORIENTED_EDGE('',*,*,#3619,.F.);
#4240 = ORIENTED_EDGE('',*,*,#3646,.T.);
#4241 = ORIENTED_EDGE('',*,*,#3516,.T.);
#4242 = ORIENTED_EDGE('',*,*,#3570,.F.);
#4243 = ADVANCED_FACE('',(#4244,#4358,#4382),#3743,.F.);
#4244 = FACE_BOUND('',#4245,.F.);
#4245 = EDGE_LOOP('',(#4246,#4276,#4304,#4332));
#4246 = ORIENTED_EDGE('',*,*,#4247,.F.);
#4247 = EDGE_CURVE('',#4248,#4250,#4252,.T.);
#4248 = VERTEX_POINT('',#4249);
#4249 = CARTESIAN_POINT('',(-145.,-197.0681389942,2.192767383202E+03));
#4250 = VERTEX_POINT('',#4251);
#4251 = CARTESIAN_POINT('',(-145.,-43.85925037043,2.064209861265E+03));
#4252 = SURFACE_CURVE('',#4253,(#4257,#4264),.PCURVE_S1.);
#4253 = LINE('',#4254,#4255);
#4254 = CARTESIAN_POINT('',(-145.,-197.0681389942,2.192767383202E+03));
#4255 = VECTOR('',#4256,1.);
#4256 = DIRECTION('',(0.,0.766044443119,-0.642787609687));
#4257 = PCURVE('',#3743,#4258);
#4258 = DEFINITIONAL_REPRESENTATION('',(#4259),#4263);
#4259 = LINE('',#4260,#4261);
#4260 = CARTESIAN_POINT('',(0.,0.));
#4261 = VECTOR('',#4262,1.);
#4262 = DIRECTION('',(0.,1.));
#4263 = ( GEOMETRIC_REPRESENTATION_CONTEXT(2) 
PARAMETRIC_REPRESENTATION_CONTEXT() REPRESENTATION_CONTEXT('2D SPACE',''
  ) );
#4264 = PCURVE('',#4265,#4270);
#4265 = PLANE('',#4266);
#4266 = AXIS2_PLACEMENT_3D('',#4267,#4268,#4269);
#4267 = CARTESIAN_POINT('',(-145.,-197.0681389942,2.192767383202E+03));
#4268 = DIRECTION('',(1.,0.,-0.));
#4269 = DIRECTION('',(0.,0.642787609687,0.766044443119));
#4270 = DEFINITIONAL_REPRESENTATION('',(#4271),#4275);
#4271 = LINE('',#4272,#4273);
#4272 = CARTESIAN_POINT('',(0.,0.));
#4273 = VECTOR('',#4274,1.);
#4274 = DIRECTION('',(0.,-1.));
#4275 = ( GEOMETRIC_REPRESENTATION_CONTEXT(2) 
PARAMETRIC_REPRESENTATION_CONTEXT() REPRESENTATION_CONTEXT('2D SPACE',''
  ) );
#4276 = ORIENTED_EDGE('',*,*,#4277,.T.);
#4277 = EDGE_CURVE('',#4248,#4278,#4280,.T.);
#4278 = VERTEX_POINT('',#4279);
#4279 = CARTESIAN_POINT('',(145.,-197.0681389942,2.192767383202E+03));
#4280 = SURFACE_CURVE('',#4281,(#4285,#4292),.PCURVE_S1.);
#4281 = LINE('',#4282,#4283);
#4282 = CARTESIAN_POINT('',(-145.,-197.0681389942,2.192767383202E+03));
#4283 = VECTOR('',#4284,1.);
#4284 = DIRECTION('',(1.,0.,-0.));
#4285 = PCURVE('',#3743,#4286);
#4286 = DEFINITIONAL_REPRESENTATION('',(#4287),#4291);
#4287 = LINE('',#4288,#4289);
#4288 = CARTESIAN_POINT('',(0.,0.));
#4289 = VECTOR('',#4290,1.);
#4290 = DIRECTION('',(1.,0.));
#4291 = ( GEOMETRIC_REPRESENTATION_CONTEXT(2) 
PARAMETRIC_REPRESENTATION_CONTEXT() REPRESENTATION_CONTEXT('2D SPACE',''
  ) );
#4292 = PCURVE('',#4293,#4298);
#4293 = PLANE('',#4294);
#4294 = AXIS2_PLACEMENT_3D('',#4295,#4296,#4297);
#4295 = CARTESIAN_POINT('',(-145.,-197.0681389942,2.192767383202E+03));
#4296 = DIRECTION('',(0.,0.766044443119,-0.642787609687));
#4297 = DIRECTION('',(0.,0.642787609687,0.766044443119));
#4298 = DEFINITIONAL_REPRESENTATION('',(#4299),#4303);
#4299 = LINE('',#4300,#4301);
#4300 = CARTESIAN_POINT('',(0.,0.));
#4301 = VECTOR('',#4302,1.);
#4302 = DIRECTION('',(0.,1.));
#4303 = ( GEOMETRIC_REPRESENTATION_CONTEXT(2) 
PARAMETRIC_REPRESENTATION_CONTEXT() REPRESENTATION_CONTEXT('2D SPACE',''
  ) );
#4304 = ORIENTED_EDGE('',*,*,#4305,.T.);
#4305 = EDGE_CURVE('',#4278,#4306,#4308,.T.);
#4306 = VERTEX_POINT('',#4307);
#4307 = CARTESIAN_POINT('',(145.,-43.85925037043,2.064209861265E+03));
#4308 = SURFACE_CURVE('',#4309,(#4313,#4320),.PCURVE_S1.);
#4309 = LINE('',#4310,#4311);
#4310 = CARTESIAN_POINT('',(145.,-197.0681389942,2.192767383202E+03));
#4311 = VECTOR('',#4312,1.);
#4312 = DIRECTION('',(0.,0.766044443119,-0.642787609687));
#4313 = PCURVE('',#3743,#4314);
#4314 = DEFINITIONAL_REPRESENTATION('',(#4315),#4319);
#4315 = LINE('',#4316,#4317);
#4316 = CARTESIAN_POINT('',(290.,0.));
#4317 = VECTOR('',#4318,1.);
#4318 = DIRECTION('',(0.,1.));
#4319 = ( GEOMETRIC_REPRESENTATION_CONTEXT(2) 
PARAMETRIC_REPRESENTATION_CONTEXT() REPRESENTATION_CONTEXT('2D SPACE',''
  ) );
#4320 = PCURVE('',#4321,#4326);
#4321 = PLANE('',#4322);
#4322 = AXIS2_PLACEMENT_3D('',#4323,#4324,#4325);
#4323 = CARTESIAN_POINT('',(145.,-197.0681389942,2.192767383202E+03));
#4324 = DIRECTION('',(1.,0.,-0.));
#4325 = DIRECTION('',(0.,0.642787609687,0.766044443119));
#4326 = DEFINITIONAL_REPRESENTATION('',(#4327),#4331);
#4327 = LINE('',#4328,#4329);
#4328 = CARTESIAN_POINT('',(0.,0.));
#4329 = VECTOR('',#4330,1.);
#4330 = DIRECTION('',(0.,-1.));
#4331 = ( GEOMETRIC_REPRESENTATION_CONTEXT(2) 
PARAMETRIC_REPRESENTATION_CONTEXT() REPRESENTATION_CONTEXT('2D SPACE',''
  ) );
#4332 = ORIENTED_EDGE('',*,*,#4333,.F.);
#4333 = EDGE_CURVE('',#4250,#4306,#4334,.T.);
#4334 = SURFACE_CURVE('',#4335,(#4339,#4346),.PCURVE_S1.);
#4335 = LINE('',#4336,#4337);
#4336 = CARTESIAN_POINT('',(-145.,-43.85925037043,2.064209861265E+03));
#4337 = VECTOR('',#4338,1.);
#4338 = DIRECTION('',(1.,0.,-0.));
#4339 = PCURVE('',#3743,#4340);
#4340 = DEFINITIONAL_REPRESENTATION('',(#4341),#4345);
#4341 = LINE('',#4342,#4343);
#4342 = CARTESIAN_POINT('',(0.,200.));
#4343 = VECTOR('',#4344,1.);
#4344 = DIRECTION('',(1.,0.));
#4345 = ( GEOMETRIC_REPRESENTATION_CONTEXT(2) 
PARAMETRIC_REPRESENTATION_CONTEXT() REPRESENTATION_CONTEXT('2D SPACE',''
  ) );
#4346 = PCURVE('',#4347,#4352);
#4347 = PLANE('',#4348);
#4348 = AXIS2_PLACEMENT_3D('',#4349,#4350,#4351);
#4349 = CARTESIAN_POINT('',(-145.,-43.85925037043,2.064209861265E+03));
#4350 = DIRECTION('',(0.,0.766044443119,-0.642787609687));
#4351 = DIRECTION('',(0.,0.642787609687,0.766044443119));
#4352 = DEFINITIONAL_REPRESENTATION('',(#4353),#4357);
#4353 = LINE('',#4354,#4355);
#4354 = CARTESIAN_POINT('',(0.,0.));
#4355 = VECTOR('',#4356,1.);
#4356 = DIRECTION('',(0.,1.));
#4357 = ( GEOMETRIC_REPRESENTATION_CONTEXT(2) 
PARAMETRIC_REPRESENTATION_CONTEXT() REPRESENTATION_CONTEXT('2D SPACE',''
  ) );
#4358 = FACE_BOUND('',#4359,.F.);
#4359 = EDGE_LOOP('',(#4360,#4361,#4380,#4381));
#4360 = ORIENTED_EDGE('',*,*,#3728,.T.);
#4361 = ORIENTED_EDGE('',*,*,#4362,.T.);
#4362 = EDGE_CURVE('',#3701,#3850,#4363,.T.);
#4363 = SURFACE_CURVE('',#4364,(#4368,#4374),.PCURVE_S1.);
#4364 = LINE('',#4365,#4366);
#4365 = CARTESIAN_POINT('',(-92.5,-97.52101388517,2.109237427238E+03));
#4366 = VECTOR('',#4367,1.);
#4367 = DIRECTION('',(-0.,0.766044443119,-0.642787609687));
#4368 = PCURVE('',#3743,#4369);
#4369 = DEFINITIONAL_REPRESENTATION('',(#4370),#4373);
#4370 = B_SPLINE_CURVE_WITH_KNOTS('',1,(#4371,#4372),.UNSPECIFIED.,.F.,
  .F.,(2,2),(47.022094094846,50.938315962843),.PIECEWISE_BEZIER_KNOTS.);
#4371 = CARTESIAN_POINT('',(52.5,176.97163684428));
#4372 = CARTESIAN_POINT('',(52.5,180.88785871228));
#4373 = ( GEOMETRIC_REPRESENTATION_CONTEXT(2) 
PARAMETRIC_REPRESENTATION_CONTEXT() REPRESENTATION_CONTEXT('2D SPACE',''
  ) );
#4374 = PCURVE('',#3716,#4375);
#4375 = DEFINITIONAL_REPRESENTATION('',(#4376),#4379);
#4376 = B_SPLINE_CURVE_WITH_KNOTS('',1,(#4377,#4378),.UNSPECIFIED.,.F.,
  .F.,(2,2),(47.022094094846,50.938315962843),.PIECEWISE_BEZIER_KNOTS.);
#4377 = CARTESIAN_POINT('',(129.01220777269,-1.42108547152E-14));
#4378 = CARTESIAN_POINT('',(126.49490887916,-3.));
#4379 = ( GEOMETRIC_REPRESENTATION_CONTEXT(2) 
PARAMETRIC_REPRESENTATION_CONTEXT() REPRESENTATION_CONTEXT('2D SPACE',''
  ) );
#4380 = ORIENTED_EDGE('',*,*,#3872,.F.);
#4381 = ORIENTED_EDGE('',*,*,#3804,.F.);
#4382 = FACE_BOUND('',#4383,.F.);
#4383 = EDGE_LOOP('',(#4384,#4385,#4386,#4387));
#4384 = ORIENTED_EDGE('',*,*,#4042,.T.);
#4385 = ORIENTED_EDGE('',*,*,#4018,.T.);
#4386 = ORIENTED_EDGE('',*,*,#3920,.F.);
#4387 = ORIENTED_EDGE('',*,*,#4388,.F.);
#4388 = EDGE_CURVE('',#4043,#3921,#4389,.T.);
#4389 = SURFACE_CURVE('',#4390,(#4394,#4400),.PCURVE_S1.);
#4390 = LINE('',#4391,#4392);
#4391 = CARTESIAN_POINT('',(92.5,-97.52101388517,2.109237427238E+03));
#4392 = VECTOR('',#4393,1.);
#4393 = DIRECTION('',(-0.,0.766044443119,-0.642787609687));
#4394 = PCURVE('',#3743,#4395);
#4395 = DEFINITIONAL_REPRESENTATION('',(#4396),#4399);
#4396 = B_SPLINE_CURVE_WITH_KNOTS('',1,(#4397,#4398),.UNSPECIFIED.,.F.,
  .F.,(2,2),(47.022094094846,50.938315962843),.PIECEWISE_BEZIER_KNOTS.);
#4397 = CARTESIAN_POINT('',(237.5,176.97163684428));
#4398 = CARTESIAN_POINT('',(237.5,180.88785871228));
#4399 = ( GEOMETRIC_REPRESENTATION_CONTEXT(2) 
PARAMETRIC_REPRESENTATION_CONTEXT() REPRESENTATION_CONTEXT('2D SPACE',''
  ) );
#4400 = PCURVE('',#3957,#4401);
#4401 = DEFINITIONAL_REPRESENTATION('',(#4402),#4405);
#4402 = B_SPLINE_CURVE_WITH_KNOTS('',1,(#4403,#4404),.UNSPECIFIED.,.F.,
  .F.,(2,2),(47.022094094846,50.938315962843),.PIECEWISE_BEZIER_KNOTS.);
#4403 = CARTESIAN_POINT('',(129.01220777269,-1.42108547152E-14));
#4404 = CARTESIAN_POINT('',(126.49490887916,-3.));
#4405 = ( GEOMETRIC_REPRESENTATION_CONTEXT(2) 
PARAMETRIC_REPRESENTATION_CONTEXT() REPRESENTATION_CONTEXT('2D SPACE',''
  ) );
#4406 = ADVANCED_FACE('',(#4407),#3716,.F.);
#4407 = FACE_BOUND('',#4408,.F.);
#4408 = EDGE_LOOP('',(#4409,#4410,#4411,#4412));
#4409 = ORIENTED_EDGE('',*,*,#3700,.F.);
#4410 = ORIENTED_EDGE('',*,*,#4145,.T.);
#4411 = ORIENTED_EDGE('',*,*,#3849,.T.);
#4412 = ORIENTED_EDGE('',*,*,#4362,.F.);
#4413 = ADVANCED_FACE('',(#4414),#3957,.T.);
#4414 = FACE_BOUND('',#4415,.T.);
#4415 = EDGE_LOOP('',(#4416,#4417,#4418,#4419));
#4416 = ORIENTED_EDGE('',*,*,#4063,.F.);
#4417 = ORIENTED_EDGE('',*,*,#4120,.T.);
#4418 = ORIENTED_EDGE('',*,*,#3941,.T.);
#4419 = ORIENTED_EDGE('',*,*,#4388,.F.);
#4420 = ADVANCED_FACE('',(#4421),#4210,.F.);
#4421 = FACE_BOUND('',#4422,.T.);
#4422 = EDGE_LOOP('',(#4423));
#4423 = ORIENTED_EDGE('',*,*,#4195,.F.);
#4424 = ADVANCED_FACE('',(#4425),#4265,.F.);
#4425 = FACE_BOUND('',#4426,.F.);
#4426 = EDGE_LOOP('',(#4427,#4450,#4451,#4474));
#4427 = ORIENTED_EDGE('',*,*,#4428,.F.);
#4428 = EDGE_CURVE('',#4248,#4429,#4431,.T.);
#4429 = VERTEX_POINT('',#4430);
#4430 = CARTESIAN_POINT('',(-145.,-186.1407496295,2.205790138735E+03));
#4431 = SURFACE_CURVE('',#4432,(#4436,#4443),.PCURVE_S1.);
#4432 = LINE('',#4433,#4434);
#4433 = CARTESIAN_POINT('',(-145.,-197.0681389942,2.192767383202E+03));
#4434 = VECTOR('',#4435,1.);
#4435 = DIRECTION('',(0.,0.642787609687,0.766044443119));
#4436 = PCURVE('',#4265,#4437);
#4437 = DEFINITIONAL_REPRESENTATION('',(#4438),#4442);
#4438 = LINE('',#4439,#4440);
#4439 = CARTESIAN_POINT('',(0.,0.));
#4440 = VECTOR('',#4441,1.);
#4441 = DIRECTION('',(1.,0.));
#4442 = ( GEOMETRIC_REPRESENTATION_CONTEXT(2) 
PARAMETRIC_REPRESENTATION_CONTEXT() REPRESENTATION_CONTEXT('2D SPACE',''
  ) );
#4443 = PCURVE('',#4293,#4444);
#4444 = DEFINITIONAL_REPRESENTATION('',(#4445),#4449);
#4445 = LINE('',#4446,#4447);
#4446 = CARTESIAN_POINT('',(0.,0.));
#4447 = VECTOR('',#4448,1.);
#4448 = DIRECTION('',(1.,0.));
#4449 = ( GEOMETRIC_REPRESENTATION_CONTEXT(2) 
PARAMETRIC_REPRESENTATION_CONTEXT() REPRESENTATION_CONTEXT('2D SPACE',''
  ) );
#4450 = ORIENTED_EDGE('',*,*,#4247,.T.);
#4451 = ORIENTED_EDGE('',*,*,#4452,.T.);
#4452 = EDGE_CURVE('',#4250,#4453,#4455,.T.);
#4453 = VERTEX_POINT('',#4454);
#4454 = CARTESIAN_POINT('',(-145.,-32.93186100576,2.077232616798E+03));
#4455 = SURFACE_CURVE('',#4456,(#4460,#4467),.PCURVE_S1.);
#4456 = LINE('',#4457,#4458);
#4457 = CARTESIAN_POINT('',(-145.,-43.85925037043,2.064209861265E+03));
#4458 = VECTOR('',#4459,1.);
#4459 = DIRECTION('',(0.,0.642787609687,0.766044443119));
#4460 = PCURVE('',#4265,#4461);
#4461 = DEFINITIONAL_REPRESENTATION('',(#4462),#4466);
#4462 = LINE('',#4463,#4464);
#4463 = CARTESIAN_POINT('',(0.,-200.));
#4464 = VECTOR('',#4465,1.);
#4465 = DIRECTION('',(1.,0.));
#4466 = ( GEOMETRIC_REPRESENTATION_CONTEXT(2) 
PARAMETRIC_REPRESENTATION_CONTEXT() REPRESENTATION_CONTEXT('2D SPACE',''
  ) );
#4467 = PCURVE('',#4347,#4468);
#4468 = DEFINITIONAL_REPRESENTATION('',(#4469),#4473);
#4469 = LINE('',#4470,#4471);
#4470 = CARTESIAN_POINT('',(0.,0.));
#4471 = VECTOR('',#4472,1.);
#4472 = DIRECTION('',(1.,0.));
#4473 = ( GEOMETRIC_REPRESENTATION_CONTEXT(2) 
PARAMETRIC_REPRESENTATION_CONTEXT() REPRESENTATION_CONTEXT('2D SPACE',''
  ) );
#4474 = ORIENTED_EDGE('',*,*,#4475,.F.);
#4475 = EDGE_CURVE('',#4429,#4453,#4476,.T.);
#4476 = SURFACE_CURVE('',#4477,(#4481,#4488),.PCURVE_S1.);
#4477 = LINE('',#4478,#4479);
#4478 = CARTESIAN_POINT('',(-145.,-186.1407496295,2.205790138735E+03));
#4479 = VECTOR('',#4480,1.);
#4480 = DIRECTION('',(0.,0.766044443119,-0.642787609687));
#4481 = PCURVE('',#4265,#4482);
#4482 = DEFINITIONAL_REPRESENTATION('',(#4483),#4487);
#4483 = LINE('',#4484,#4485);
#4484 = CARTESIAN_POINT('',(17.,0.));
#4485 = VECTOR('',#4486,1.);
#4486 = DIRECTION('',(0.,-1.));
#4487 = ( GEOMETRIC_REPRESENTATION_CONTEXT(2) 
PARAMETRIC_REPRESENTATION_CONTEXT() REPRESENTATION_CONTEXT('2D SPACE',''
  ) );
#4488 = PCURVE('',#4489,#4494);
#4489 = PLANE('',#4490);
#4490 = AXIS2_PLACEMENT_3D('',#4491,#4492,#4493);
#4491 = CARTESIAN_POINT('',(-145.,-186.1407496295,2.205790138735E+03));
#4492 = DIRECTION('',(0.,0.642787609687,0.766044443119));
#4493 = DIRECTION('',(1.,0.,-0.));
#4494 = DEFINITIONAL_REPRESENTATION('',(#4495),#4499);
#4495 = LINE('',#4496,#4497);
#4496 = CARTESIAN_POINT('',(0.,0.));
#4497 = VECTOR('',#4498,1.);
#4498 = DIRECTION('',(0.,1.));
#4499 = ( GEOMETRIC_REPRESENTATION_CONTEXT(2) 
PARAMETRIC_REPRESENTATION_CONTEXT() REPRESENTATION_CONTEXT('2D SPACE',''
  ) );
#4500 = ADVANCED_FACE('',(#4501),#4347,.T.);
#4501 = FACE_BOUND('',#4502,.T.);
#4502 = EDGE_LOOP('',(#4503,#4504,#4505,#4528));
#4503 = ORIENTED_EDGE('',*,*,#4333,.F.);
#4504 = ORIENTED_EDGE('',*,*,#4452,.T.);
#4505 = ORIENTED_EDGE('',*,*,#4506,.T.);
#4506 = EDGE_CURVE('',#4453,#4507,#4509,.T.);
#4507 = VERTEX_POINT('',#4508);
#4508 = CARTESIAN_POINT('',(145.,-32.93186100576,2.077232616798E+03));
#4509 = SURFACE_CURVE('',#4510,(#4514,#4521),.PCURVE_S1.);
#4510 = LINE('',#4511,#4512);
#4511 = CARTESIAN_POINT('',(-145.,-32.93186100576,2.077232616798E+03));
#4512 = VECTOR('',#4513,1.);
#4513 = DIRECTION('',(1.,0.,-0.));
#4514 = PCURVE('',#4347,#4515);
#4515 = DEFINITIONAL_REPRESENTATION('',(#4516),#4520);
#4516 = LINE('',#4517,#4518);
#4517 = CARTESIAN_POINT('',(17.,0.));
#4518 = VECTOR('',#4519,1.);
#4519 = DIRECTION('',(0.,1.));
#4520 = ( GEOMETRIC_REPRESENTATION_CONTEXT(2) 
PARAMETRIC_REPRESENTATION_CONTEXT() REPRESENTATION_CONTEXT('2D SPACE',''
  ) );
#4521 = PCURVE('',#4489,#4522);
#4522 = DEFINITIONAL_REPRESENTATION('',(#4523),#4527);
#4523 = LINE('',#4524,#4525);
#4524 = CARTESIAN_POINT('',(0.,200.));
#4525 = VECTOR('',#4526,1.);
#4526 = DIRECTION('',(1.,0.));
#4527 = ( GEOMETRIC_REPRESENTATION_CONTEXT(2) 
PARAMETRIC_REPRESENTATION_CONTEXT() REPRESENTATION_CONTEXT('2D SPACE',''
  ) );
#4528 = ORIENTED_EDGE('',*,*,#4529,.F.);
#4529 = EDGE_CURVE('',#4306,#4507,#4530,.T.);
#4530 = SURFACE_CURVE('',#4531,(#4535,#4542),.PCURVE_S1.);
#4531 = LINE('',#4532,#4533);
#4532 = CARTESIAN_POINT('',(145.,-43.85925037043,2.064209861265E+03));
#4533 = VECTOR('',#4534,1.);
#4534 = DIRECTION('',(0.,0.642787609687,0.766044443119));
#4535 = PCURVE('',#4347,#4536);
#4536 = DEFINITIONAL_REPRESENTATION('',(#4537),#4541);
#4537 = LINE('',#4538,#4539);
#4538 = CARTESIAN_POINT('',(0.,290.));
#4539 = VECTOR('',#4540,1.);
#4540 = DIRECTION('',(1.,0.));
#4541 = ( GEOMETRIC_REPRESENTATION_CONTEXT(2) 
PARAMETRIC_REPRESENTATION_CONTEXT() REPRESENTATION_CONTEXT('2D SPACE',''
  ) );
#4542 = PCURVE('',#4321,#4543);
#4543 = DEFINITIONAL_REPRESENTATION('',(#4544),#4548);
#4544 = LINE('',#4545,#4546);
#4545 = CARTESIAN_POINT('',(0.,-200.));
#4546 = VECTOR('',#4547,1.);
#4547 = DIRECTION('',(1.,0.));
#4548 = ( GEOMETRIC_REPRESENTATION_CONTEXT(2) 
PARAMETRIC_REPRESENTATION_CONTEXT() REPRESENTATION_CONTEXT('2D SPACE',''
  ) );
#4549 = ADVANCED_FACE('',(#4550),#4293,.F.);
#4550 = FACE_BOUND('',#4551,.F.);
#4551 = EDGE_LOOP('',(#4552,#4553,#4554,#4577));
#4552 = ORIENTED_EDGE('',*,*,#4277,.F.);
#4553 = ORIENTED_EDGE('',*,*,#4428,.T.);
#4554 = ORIENTED_EDGE('',*,*,#4555,.T.);
#4555 = EDGE_CURVE('',#4429,#4556,#4558,.T.);
#4556 = VERTEX_POINT('',#4557);
#4557 = CARTESIAN_POINT('',(145.,-186.1407496295,2.205790138735E+03));
#4558 = SURFACE_CURVE('',#4559,(#4563,#4570),.PCURVE_S1.);
#4559 = LINE('',#4560,#4561);
#4560 = CARTESIAN_POINT('',(-145.,-186.1407496295,2.205790138735E+03));
#4561 = VECTOR('',#4562,1.);
#4562 = DIRECTION('',(1.,0.,-0.));
#4563 = PCURVE('',#4293,#4564);
#4564 = DEFINITIONAL_REPRESENTATION('',(#4565),#4569);
#4565 = LINE('',#4566,#4567);
#4566 = CARTESIAN_POINT('',(17.,0.));
#4567 = VECTOR('',#4568,1.);
#4568 = DIRECTION('',(0.,1.));
#4569 = ( GEOMETRIC_REPRESENTATION_CONTEXT(2) 
PARAMETRIC_REPRESENTATION_CONTEXT() REPRESENTATION_CONTEXT('2D SPACE',''
  ) );
#4570 = PCURVE('',#4489,#4571);
#4571 = DEFINITIONAL_REPRESENTATION('',(#4572),#4576);
#4572 = LINE('',#4573,#4574);
#4573 = CARTESIAN_POINT('',(0.,0.));
#4574 = VECTOR('',#4575,1.);
#4575 = DIRECTION('',(1.,0.));
#4576 = ( GEOMETRIC_REPRESENTATION_CONTEXT(2) 
PARAMETRIC_REPRESENTATION_CONTEXT() REPRESENTATION_CONTEXT('2D SPACE',''
  ) );
#4577 = ORIENTED_EDGE('',*,*,#4578,.F.);
#4578 = EDGE_CURVE('',#4278,#4556,#4579,.T.);
#4579 = SURFACE_CURVE('',#4580,(#4584,#4591),.PCURVE_S1.);
#4580 = LINE('',#4581,#4582);
#4581 = CARTESIAN_POINT('',(145.,-197.0681389942,2.192767383202E+03));
#4582 = VECTOR('',#4583,1.);
#4583 = DIRECTION('',(0.,0.642787609687,0.766044443119));
#4584 = PCURVE('',#4293,#4585);
#4585 = DEFINITIONAL_REPRESENTATION('',(#4586),#4590);
#4586 = LINE('',#4587,#4588);
#4587 = CARTESIAN_POINT('',(0.,290.));
#4588 = VECTOR('',#4589,1.);
#4589 = DIRECTION('',(1.,0.));
#4590 = ( GEOMETRIC_REPRESENTATION_CONTEXT(2) 
PARAMETRIC_REPRESENTATION_CONTEXT() REPRESENTATION_CONTEXT('2D SPACE',''
  ) );
#4591 = PCURVE('',#4321,#4592);
#4592 = DEFINITIONAL_REPRESENTATION('',(#4593),#4597);
#4593 = LINE('',#4594,#4595);
#4594 = CARTESIAN_POINT('',(0.,0.));
#4595 = VECTOR('',#4596,1.);
#4596 = DIRECTION('',(1.,0.));
#4597 = ( GEOMETRIC_REPRESENTATION_CONTEXT(2) 
PARAMETRIC_REPRESENTATION_CONTEXT() REPRESENTATION_CONTEXT('2D SPACE',''
  ) );
#4598 = ADVANCED_FACE('',(#4599),#4321,.T.);
#4599 = FACE_BOUND('',#4600,.T.);
#4600 = EDGE_LOOP('',(#4601,#4602,#4603,#4604));
#4601 = ORIENTED_EDGE('',*,*,#4578,.F.);
#4602 = ORIENTED_EDGE('',*,*,#4305,.T.);
#4603 = ORIENTED_EDGE('',*,*,#4529,.T.);
#4604 = ORIENTED_EDGE('',*,*,#4605,.F.);
#4605 = EDGE_CURVE('',#4556,#4507,#4606,.T.);
#4606 = SURFACE_CURVE('',#4607,(#4611,#4618),.PCURVE_S1.);
#4607 = LINE('',#4608,#4609);
#4608 = CARTESIAN_POINT('',(145.,-186.1407496295,2.205790138735E+03));
#4609 = VECTOR('',#4610,1.);
#4610 = DIRECTION('',(0.,0.766044443119,-0.642787609687));
#4611 = PCURVE('',#4321,#4612);
#4612 = DEFINITIONAL_REPRESENTATION('',(#4613),#4617);
#4613 = LINE('',#4614,#4615);
#4614 = CARTESIAN_POINT('',(17.,0.));
#4615 = VECTOR('',#4616,1.);
#4616 = DIRECTION('',(0.,-1.));
#4617 = ( GEOMETRIC_REPRESENTATION_CONTEXT(2) 
PARAMETRIC_REPRESENTATION_CONTEXT() REPRESENTATION_CONTEXT('2D SPACE',''
  ) );
#4618 = PCURVE('',#4489,#4619);
#4619 = DEFINITIONAL_REPRESENTATION('',(#4620),#4624);
#4620 = LINE('',#4621,#4622);
#4621 = CARTESIAN_POINT('',(290.,0.));
#4622 = VECTOR('',#4623,1.);
#4623 = DIRECTION('',(0.,1.));
#4624 = ( GEOMETRIC_REPRESENTATION_CONTEXT(2) 
PARAMETRIC_REPRESENTATION_CONTEXT() REPRESENTATION_CONTEXT('2D SPACE',''
  ) );
#4625 = ADVANCED_FACE('',(#4626,#4632,#4738),#4489,.T.);
#4626 = FACE_BOUND('',#4627,.T.);
#4627 = EDGE_LOOP('',(#4628,#4629,#4630,#4631));
#4628 = ORIENTED_EDGE('',*,*,#4475,.F.);
#4629 = ORIENTED_EDGE('',*,*,#4555,.T.);
#4630 = ORIENTED_EDGE('',*,*,#4605,.T.);
#4631 = ORIENTED_EDGE('',*,*,#4506,.F.);
#4632 = FACE_BOUND('',#4633,.T.);
#4633 = EDGE_LOOP('',(#4634,#4662,#4688,#4714));
#4634 = ORIENTED_EDGE('',*,*,#4635,.T.);
#4635 = EDGE_CURVE('',#4636,#4638,#4640,.T.);
#4636 = VERTEX_POINT('',#4637);
#4637 = CARTESIAN_POINT('',(-67.5,-61.5,2.101204131691E+03));
#4638 = VERTEX_POINT('',#4639);
#4639 = CARTESIAN_POINT('',(-92.5,-61.5,2.101204131691E+03));
#4640 = SURFACE_CURVE('',#4641,(#4645,#4651),.PCURVE_S1.);
#4641 = LINE('',#4642,#4643);
#4642 = CARTESIAN_POINT('',(-118.75,-61.5,2.101204131691E+03));
#4643 = VECTOR('',#4644,1.);
#4644 = DIRECTION('',(-1.,-0.,0.));
#4645 = PCURVE('',#4489,#4646);
#4646 = DEFINITIONAL_REPRESENTATION('',(#4647),#4650);
#4647 = B_SPLINE_CURVE_WITH_KNOTS('',1,(#4648,#4649),.UNSPECIFIED.,.F.,
  .F.,(2,2),(-51.25,-26.25),.PIECEWISE_BEZIER_KNOTS.);
#4648 = CARTESIAN_POINT('',(77.5,162.70694311427));
#4649 = CARTESIAN_POINT('',(52.5,162.70694311427));
#4650 = ( GEOMETRIC_REPRESENTATION_CONTEXT(2) 
PARAMETRIC_REPRESENTATION_CONTEXT() REPRESENTATION_CONTEXT('2D SPACE',''
  ) );
#4651 = PCURVE('',#4652,#4657);
#4652 = PLANE('',#4653);
#4653 = AXIS2_PLACEMENT_3D('',#4654,#4655,#4656);
#4654 = CARTESIAN_POINT('',(-92.5,-61.5,1.95E+03));
#4655 = DIRECTION('',(-0.,1.,0.));
#4656 = DIRECTION('',(0.,0.,1.));
#4657 = DEFINITIONAL_REPRESENTATION('',(#4658),#4661);
#4658 = B_SPLINE_CURVE_WITH_KNOTS('',1,(#4659,#4660),.UNSPECIFIED.,.F.,
  .F.,(2,2),(-51.25,-26.25),.PIECEWISE_BEZIER_KNOTS.);
#4659 = CARTESIAN_POINT('',(151.20413169134,25.));
#4660 = CARTESIAN_POINT('',(151.20413169134,0.));
#4661 = ( GEOMETRIC_REPRESENTATION_CONTEXT(2) 
PARAMETRIC_REPRESENTATION_CONTEXT() REPRESENTATION_CONTEXT('2D SPACE',''
  ) );
#4662 = ORIENTED_EDGE('',*,*,#4663,.T.);
#4663 = EDGE_CURVE('',#4638,#4664,#4666,.T.);
#4664 = VERTEX_POINT('',#4665);
#4665 = CARTESIAN_POINT('',(-92.5,-58.5,2.098686832798E+03));
#4666 = SURFACE_CURVE('',#4667,(#4671,#4677),.PCURVE_S1.);
#4667 = LINE('',#4668,#4669);
#4668 = CARTESIAN_POINT('',(-92.5,-86.5936245205,2.122260182771E+03));
#4669 = VECTOR('',#4670,1.);
#4670 = DIRECTION('',(-0.,0.766044443119,-0.642787609687));
#4671 = PCURVE('',#4489,#4672);
#4672 = DEFINITIONAL_REPRESENTATION('',(#4673),#4676);
#4673 = B_SPLINE_CURVE_WITH_KNOTS('',1,(#4674,#4675),.UNSPECIFIED.,.F.,
  .F.,(2,2),(32.757400364832,36.673622232829),.PIECEWISE_BEZIER_KNOTS.);
#4674 = CARTESIAN_POINT('',(52.5,162.70694311427));
#4675 = CARTESIAN_POINT('',(52.5,166.62316498226));
#4676 = ( GEOMETRIC_REPRESENTATION_CONTEXT(2) 
PARAMETRIC_REPRESENTATION_CONTEXT() REPRESENTATION_CONTEXT('2D SPACE',''
  ) );
#4677 = PCURVE('',#4678,#4683);
#4678 = PLANE('',#4679);
#4679 = AXIS2_PLACEMENT_3D('',#4680,#4681,#4682);
#4680 = CARTESIAN_POINT('',(-92.5,-61.5,1.95E+03));
#4681 = DIRECTION('',(1.,0.,-0.));
#4682 = DIRECTION('',(0.,0.,1.));
#4683 = DEFINITIONAL_REPRESENTATION('',(#4684),#4687);
#4684 = B_SPLINE_CURVE_WITH_KNOTS('',1,(#4685,#4686),.UNSPECIFIED.,.F.,
  .F.,(2,2),(32.757400364832,36.673622232829),.PIECEWISE_BEZIER_KNOTS.);
#4685 = CARTESIAN_POINT('',(151.20413169134,-1.06581410364E-14));
#4686 = CARTESIAN_POINT('',(148.6868327978,-3.));
#4687 = ( GEOMETRIC_REPRESENTATION_CONTEXT(2) 
PARAMETRIC_REPRESENTATION_CONTEXT() REPRESENTATION_CONTEXT('2D SPACE',''
  ) );
#4688 = ORIENTED_EDGE('',*,*,#4689,.F.);
#4689 = EDGE_CURVE('',#4690,#4664,#4692,.T.);
#4690 = VERTEX_POINT('',#4691);
#4691 = CARTESIAN_POINT('',(-67.5,-58.5,2.098686832798E+03));
#4692 = SURFACE_CURVE('',#4693,(#4697,#4703),.PCURVE_S1.);
#4693 = LINE('',#4694,#4695);
#4694 = CARTESIAN_POINT('',(-118.75,-58.5,2.098686832798E+03));
#4695 = VECTOR('',#4696,1.);
#4696 = DIRECTION('',(-1.,-0.,0.));
#4697 = PCURVE('',#4489,#4698);
#4698 = DEFINITIONAL_REPRESENTATION('',(#4699),#4702);
#4699 = B_SPLINE_CURVE_WITH_KNOTS('',1,(#4700,#4701),.UNSPECIFIED.,.F.,
  .F.,(2,2),(-51.25,-26.25),.PIECEWISE_BEZIER_KNOTS.);
#4700 = CARTESIAN_POINT('',(77.5,166.62316498226));
#4701 = CARTESIAN_POINT('',(52.5,166.62316498226));
#4702 = ( GEOMETRIC_REPRESENTATION_CONTEXT(2) 
PARAMETRIC_REPRESENTATION_CONTEXT() REPRESENTATION_CONTEXT('2D SPACE',''
  ) );
#4703 = PCURVE('',#4704,#4709);
#4704 = PLANE('',#4705);
#4705 = AXIS2_PLACEMENT_3D('',#4706,#4707,#4708);
#4706 = CARTESIAN_POINT('',(-92.5,-58.5,1.95E+03));
#4707 = DIRECTION('',(-0.,1.,0.));
#4708 = DIRECTION('',(0.,0.,1.));
#4709 = DEFINITIONAL_REPRESENTATION('',(#4710),#4713);
#4710 = B_SPLINE_CURVE_WITH_KNOTS('',1,(#4711,#4712),.UNSPECIFIED.,.F.,
  .F.,(2,2),(-51.25,-26.25),.PIECEWISE_BEZIER_KNOTS.);
#4711 = CARTESIAN_POINT('',(148.6868327978,25.));
#4712 = CARTESIAN_POINT('',(148.6868327978,0.));
#4713 = ( GEOMETRIC_REPRESENTATION_CONTEXT(2) 
PARAMETRIC_REPRESENTATION_CONTEXT() REPRESENTATION_CONTEXT('2D SPACE',''
  ) );
#4714 = ORIENTED_EDGE('',*,*,#4715,.F.);
#4715 = EDGE_CURVE('',#4636,#4690,#4716,.T.);
#4716 = SURFACE_CURVE('',#4717,(#4721,#4727),.PCURVE_S1.);
#4717 = LINE('',#4718,#4719);
#4718 = CARTESIAN_POINT('',(-67.5,-86.5936245205,2.122260182771E+03));
#4719 = VECTOR('',#4720,1.);
#4720 = DIRECTION('',(-0.,0.766044443119,-0.642787609687));
#4721 = PCURVE('',#4489,#4722);
#4722 = DEFINITIONAL_REPRESENTATION('',(#4723),#4726);
#4723 = B_SPLINE_CURVE_WITH_KNOTS('',1,(#4724,#4725),.UNSPECIFIED.,.F.,
  .F.,(2,2),(32.757400364832,36.673622232829),.PIECEWISE_BEZIER_KNOTS.);
#4724 = CARTESIAN_POINT('',(77.5,162.70694311427));
#4725 = CARTESIAN_POINT('',(77.5,166.62316498226));
#4726 = ( GEOMETRIC_REPRESENTATION_CONTEXT(2) 
PARAMETRIC_REPRESENTATION_CONTEXT() REPRESENTATION_CONTEXT('2D SPACE',''
  ) );
#4727 = PCURVE('',#4728,#4733);
#4728 = PLANE('',#4729);
#4729 = AXIS2_PLACEMENT_3D('',#4730,#4731,#4732);
#4730 = CARTESIAN_POINT('',(-67.5,-61.5,1.95E+03));
#4731 = DIRECTION('',(1.,0.,-0.));
#4732 = DIRECTION('',(0.,0.,1.));
#4733 = DEFINITIONAL_REPRESENTATION('',(#4734),#4737);
#4734 = B_SPLINE_CURVE_WITH_KNOTS('',1,(#4735,#4736),.UNSPECIFIED.,.F.,
  .F.,(2,2),(32.757400364832,36.673622232829),.PIECEWISE_BEZIER_KNOTS.);
#4735 = CARTESIAN_POINT('',(151.20413169134,-1.06581410364E-14));
#4736 = CARTESIAN_POINT('',(148.6868327978,-3.));
#4737 = ( GEOMETRIC_REPRESENTATION_CONTEXT(2) 
PARAMETRIC_REPRESENTATION_CONTEXT() REPRESENTATION_CONTEXT('2D SPACE',''
  ) );
#4738 = FACE_BOUND('',#4739,.T.);
#4739 = EDGE_LOOP('',(#4740,#4768,#4794,#4820));
#4740 = ORIENTED_EDGE('',*,*,#4741,.T.);
#4741 = EDGE_CURVE('',#4742,#4744,#4746,.T.);
#4742 = VERTEX_POINT('',#4743);
#4743 = CARTESIAN_POINT('',(92.5,-61.5,2.101204131691E+03));
#4744 = VERTEX_POINT('',#4745);
#4745 = CARTESIAN_POINT('',(67.5,-61.5,2.101204131691E+03));
#4746 = SURFACE_CURVE('',#4747,(#4751,#4757),.PCURVE_S1.);
#4747 = LINE('',#4748,#4749);
#4748 = CARTESIAN_POINT('',(-38.75,-61.5,2.101204131691E+03));
#4749 = VECTOR('',#4750,1.);
#4750 = DIRECTION('',(-1.,-0.,0.));
#4751 = PCURVE('',#4489,#4752);
#4752 = DEFINITIONAL_REPRESENTATION('',(#4753),#4756);
#4753 = B_SPLINE_CURVE_WITH_KNOTS('',1,(#4754,#4755),.UNSPECIFIED.,.F.,
  .F.,(2,2),(-131.25,-106.25),.PIECEWISE_BEZIER_KNOTS.);
#4754 = CARTESIAN_POINT('',(237.5,162.70694311427));
#4755 = CARTESIAN_POINT('',(212.5,162.70694311427));
#4756 = ( GEOMETRIC_REPRESENTATION_CONTEXT(2) 
PARAMETRIC_REPRESENTATION_CONTEXT() REPRESENTATION_CONTEXT('2D SPACE',''
  ) );
#4757 = PCURVE('',#4758,#4763);
#4758 = PLANE('',#4759);
#4759 = AXIS2_PLACEMENT_3D('',#4760,#4761,#4762);
#4760 = CARTESIAN_POINT('',(67.5,-61.5,1.95E+03));
#4761 = DIRECTION('',(-0.,1.,0.));
#4762 = DIRECTION('',(0.,0.,1.));
#4763 = DEFINITIONAL_REPRESENTATION('',(#4764),#4767);
#4764 = B_SPLINE_CURVE_WITH_KNOTS('',1,(#4765,#4766),.UNSPECIFIED.,.F.,
  .F.,(2,2),(-131.25,-106.25),.PIECEWISE_BEZIER_KNOTS.);
#4765 = CARTESIAN_POINT('',(151.20413169134,25.));
#4766 = CARTESIAN_POINT('',(151.20413169134,0.));
#4767 = ( GEOMETRIC_REPRESENTATION_CONTEXT(2) 
PARAMETRIC_REPRESENTATION_CONTEXT() REPRESENTATION_CONTEXT('2D SPACE',''
  ) );
#4768 = ORIENTED_EDGE('',*,*,#4769,.T.);
#4769 = EDGE_CURVE('',#4744,#4770,#4772,.T.);
#4770 = VERTEX_POINT('',#4771);
#4771 = CARTESIAN_POINT('',(67.5,-58.5,2.098686832798E+03));
#4772 = SURFACE_CURVE('',#4773,(#4777,#4783),.PCURVE_S1.);
#4773 = LINE('',#4774,#4775);
#4774 = CARTESIAN_POINT('',(67.5,-86.5936245205,2.122260182771E+03));
#4775 = VECTOR('',#4776,1.);
#4776 = DIRECTION('',(-0.,0.766044443119,-0.642787609687));
#4777 = PCURVE('',#4489,#4778);
#4778 = DEFINITIONAL_REPRESENTATION('',(#4779),#4782);
#4779 = B_SPLINE_CURVE_WITH_KNOTS('',1,(#4780,#4781),.UNSPECIFIED.,.F.,
  .F.,(2,2),(32.757400364832,36.673622232829),.PIECEWISE_BEZIER_KNOTS.);
#4780 = CARTESIAN_POINT('',(212.5,162.70694311427));
#4781 = CARTESIAN_POINT('',(212.5,166.62316498226));
#4782 = ( GEOMETRIC_REPRESENTATION_CONTEXT(2) 
PARAMETRIC_REPRESENTATION_CONTEXT() REPRESENTATION_CONTEXT('2D SPACE',''
  ) );
#4783 = PCURVE('',#4784,#4789);
#4784 = PLANE('',#4785);
#4785 = AXIS2_PLACEMENT_3D('',#4786,#4787,#4788);
#4786 = CARTESIAN_POINT('',(67.5,-61.5,1.95E+03));
#4787 = DIRECTION('',(1.,0.,-0.));
#4788 = DIRECTION('',(0.,0.,1.));
#4789 = DEFINITIONAL_REPRESENTATION('',(#4790),#4793);
#4790 = B_SPLINE_CURVE_WITH_KNOTS('',1,(#4791,#4792),.UNSPECIFIED.,.F.,
  .F.,(2,2),(32.757400364832,36.673622232829),.PIECEWISE_BEZIER_KNOTS.);
#4791 = CARTESIAN_POINT('',(151.20413169134,-1.06581410364E-14));
#4792 = CARTESIAN_POINT('',(148.6868327978,-3.));
#4793 = ( GEOMETRIC_REPRESENTATION_CONTEXT(2) 
PARAMETRIC_REPRESENTATION_CONTEXT() REPRESENTATION_CONTEXT('2D SPACE',''
  ) );
#4794 = ORIENTED_EDGE('',*,*,#4795,.F.);
#4795 = EDGE_CURVE('',#4796,#4770,#4798,.T.);
#4796 = VERTEX_POINT('',#4797);
#4797 = CARTESIAN_POINT('',(92.5,-58.5,2.098686832798E+03));
#4798 = SURFACE_CURVE('',#4799,(#4803,#4809),.PCURVE_S1.);
#4799 = LINE('',#4800,#4801);
#4800 = CARTESIAN_POINT('',(-38.75,-58.5,2.098686832798E+03));
#4801 = VECTOR('',#4802,1.);
#4802 = DIRECTION('',(-1.,-0.,0.));
#4803 = PCURVE('',#4489,#4804);
#4804 = DEFINITIONAL_REPRESENTATION('',(#4805),#4808);
#4805 = B_SPLINE_CURVE_WITH_KNOTS('',1,(#4806,#4807),.UNSPECIFIED.,.F.,
  .F.,(2,2),(-131.25,-106.25),.PIECEWISE_BEZIER_KNOTS.);
#4806 = CARTESIAN_POINT('',(237.5,166.62316498226));
#4807 = CARTESIAN_POINT('',(212.5,166.62316498226));
#4808 = ( GEOMETRIC_REPRESENTATION_CONTEXT(2) 
PARAMETRIC_REPRESENTATION_CONTEXT() REPRESENTATION_CONTEXT('2D SPACE',''
  ) );
#4809 = PCURVE('',#4810,#4815);
#4810 = PLANE('',#4811);
#4811 = AXIS2_PLACEMENT_3D('',#4812,#4813,#4814);
#4812 = CARTESIAN_POINT('',(67.5,-58.5,1.95E+03));
#4813 = DIRECTION('',(-0.,1.,0.));
#4814 = DIRECTION('',(0.,0.,1.));
#4815 = DEFINITIONAL_REPRESENTATION('',(#4816),#4819);
#4816 = B_SPLINE_CURVE_WITH_KNOTS('',1,(#4817,#4818),.UNSPECIFIED.,.F.,
  .F.,(2,2),(-131.25,-106.25),.PIECEWISE_BEZIER_KNOTS.);
#4817 = CARTESIAN_POINT('',(148.6868327978,25.));
#4818 = CARTESIAN_POINT('',(148.6868327978,0.));
#4819 = ( GEOMETRIC_REPRESENTATION_CONTEXT(2) 
PARAMETRIC_REPRESENTATION_CONTEXT() REPRESENTATION_CONTEXT('2D SPACE',''
  ) );
#4820 = ORIENTED_EDGE('',*,*,#4821,.F.);
#4821 = EDGE_CURVE('',#4742,#4796,#4822,.T.);
#4822 = SURFACE_CURVE('',#4823,(#4827,#4833),.PCURVE_S1.);
#4823 = LINE('',#4824,#4825);
#4824 = CARTESIAN_POINT('',(92.5,-86.5936245205,2.122260182771E+03));
#4825 = VECTOR('',#4826,1.);
#4826 = DIRECTION('',(-0.,0.766044443119,-0.642787609687));
#4827 = PCURVE('',#4489,#4828);
#4828 = DEFINITIONAL_REPRESENTATION('',(#4829),#4832);
#4829 = B_SPLINE_CURVE_WITH_KNOTS('',1,(#4830,#4831),.UNSPECIFIED.,.F.,
  .F.,(2,2),(32.757400364832,36.673622232829),.PIECEWISE_BEZIER_KNOTS.);
#4830 = CARTESIAN_POINT('',(237.5,162.70694311427));
#4831 = CARTESIAN_POINT('',(237.5,166.62316498226));
#4832 = ( GEOMETRIC_REPRESENTATION_CONTEXT(2) 
PARAMETRIC_REPRESENTATION_CONTEXT() REPRESENTATION_CONTEXT('2D SPACE',''
  ) );
#4833 = PCURVE('',#4834,#4839);
#4834 = PLANE('',#4835);
#4835 = AXIS2_PLACEMENT_3D('',#4836,#4837,#4838);
#4836 = CARTESIAN_POINT('',(92.5,-61.5,1.95E+03));
#4837 = DIRECTION('',(1.,0.,-0.));
#4838 = DIRECTION('',(0.,0.,1.));
#4839 = DEFINITIONAL_REPRESENTATION('',(#4840),#4843);
#4840 = B_SPLINE_CURVE_WITH_KNOTS('',1,(#4841,#4842),.UNSPECIFIED.,.F.,
  .F.,(2,2),(32.757400364832,36.673622232829),.PIECEWISE_BEZIER_KNOTS.);
#4841 = CARTESIAN_POINT('',(151.20413169134,-1.06581410364E-14));
#4842 = CARTESIAN_POINT('',(148.6868327978,-3.));
#4843 = ( GEOMETRIC_REPRESENTATION_CONTEXT(2) 
PARAMETRIC_REPRESENTATION_CONTEXT() REPRESENTATION_CONTEXT('2D SPACE',''
  ) );
#4844 = ADVANCED_FACE('',(#4845),#4652,.F.);
#4845 = FACE_BOUND('',#4846,.F.);
#4846 = EDGE_LOOP('',(#4847,#4848,#4871,#4899));
#4847 = ORIENTED_EDGE('',*,*,#4635,.T.);
#4848 = ORIENTED_EDGE('',*,*,#4849,.T.);
#4849 = EDGE_CURVE('',#4638,#4850,#4852,.T.);
#4850 = VERTEX_POINT('',#4851);
#4851 = CARTESIAN_POINT('',(-92.5,-61.5,2.15E+03));
#4852 = SURFACE_CURVE('',#4853,(#4857,#4864),.PCURVE_S1.);
#4853 = LINE('',#4854,#4855);
#4854 = CARTESIAN_POINT('',(-92.5,-61.5,1.95E+03));
#4855 = VECTOR('',#4856,1.);
#4856 = DIRECTION('',(0.,0.,1.));
#4857 = PCURVE('',#4652,#4858);
#4858 = DEFINITIONAL_REPRESENTATION('',(#4859),#4863);
#4859 = LINE('',#4860,#4861);
#4860 = CARTESIAN_POINT('',(0.,0.));
#4861 = VECTOR('',#4862,1.);
#4862 = DIRECTION('',(1.,0.));
#4863 = ( GEOMETRIC_REPRESENTATION_CONTEXT(2) 
PARAMETRIC_REPRESENTATION_CONTEXT() REPRESENTATION_CONTEXT('2D SPACE',''
  ) );
#4864 = PCURVE('',#4678,#4865);
#4865 = DEFINITIONAL_REPRESENTATION('',(#4866),#4870);
#4866 = LINE('',#4867,#4868);
#4867 = CARTESIAN_POINT('',(0.,0.));
#4868 = VECTOR('',#4869,1.);
#4869 = DIRECTION('',(1.,0.));
#4870 = ( GEOMETRIC_REPRESENTATION_CONTEXT(2) 
PARAMETRIC_REPRESENTATION_CONTEXT() REPRESENTATION_CONTEXT('2D SPACE',''
  ) );
#4871 = ORIENTED_EDGE('',*,*,#4872,.T.);
#4872 = EDGE_CURVE('',#4850,#4873,#4875,.T.);
#4873 = VERTEX_POINT('',#4874);
#4874 = CARTESIAN_POINT('',(-67.5,-61.5,2.15E+03));
#4875 = SURFACE_CURVE('',#4876,(#4880,#4887),.PCURVE_S1.);
#4876 = LINE('',#4877,#4878);
#4877 = CARTESIAN_POINT('',(-92.5,-61.5,2.15E+03));
#4878 = VECTOR('',#4879,1.);
#4879 = DIRECTION('',(1.,0.,-0.));
#4880 = PCURVE('',#4652,#4881);
#4881 = DEFINITIONAL_REPRESENTATION('',(#4882),#4886);
#4882 = LINE('',#4883,#4884);
#4883 = CARTESIAN_POINT('',(200.,0.));
#4884 = VECTOR('',#4885,1.);
#4885 = DIRECTION('',(0.,1.));
#4886 = ( GEOMETRIC_REPRESENTATION_CONTEXT(2) 
PARAMETRIC_REPRESENTATION_CONTEXT() REPRESENTATION_CONTEXT('2D SPACE',''
  ) );
#4887 = PCURVE('',#4888,#4893);
#4888 = PLANE('',#4889);
#4889 = AXIS2_PLACEMENT_3D('',#4890,#4891,#4892);
#4890 = CARTESIAN_POINT('',(-92.5,-61.5,2.15E+03));
#4891 = DIRECTION('',(0.,0.,1.));
#4892 = DIRECTION('',(1.,0.,-0.));
#4893 = DEFINITIONAL_REPRESENTATION('',(#4894),#4898);
#4894 = LINE('',#4895,#4896);
#4895 = CARTESIAN_POINT('',(0.,0.));
#4896 = VECTOR('',#4897,1.);
#4897 = DIRECTION('',(1.,0.));
#4898 = ( GEOMETRIC_REPRESENTATION_CONTEXT(2) 
PARAMETRIC_REPRESENTATION_CONTEXT() REPRESENTATION_CONTEXT('2D SPACE',''
  ) );
#4899 = ORIENTED_EDGE('',*,*,#4900,.F.);
#4900 = EDGE_CURVE('',#4636,#4873,#4901,.T.);
#4901 = SURFACE_CURVE('',#4902,(#4906,#4913),.PCURVE_S1.);
#4902 = LINE('',#4903,#4904);
#4903 = CARTESIAN_POINT('',(-67.5,-61.5,1.95E+03));
#4904 = VECTOR('',#4905,1.);
#4905 = DIRECTION('',(0.,0.,1.));
#4906 = PCURVE('',#4652,#4907);
#4907 = DEFINITIONAL_REPRESENTATION('',(#4908),#4912);
#4908 = LINE('',#4909,#4910);
#4909 = CARTESIAN_POINT('',(0.,25.));
#4910 = VECTOR('',#4911,1.);
#4911 = DIRECTION('',(1.,0.));
#4912 = ( GEOMETRIC_REPRESENTATION_CONTEXT(2) 
PARAMETRIC_REPRESENTATION_CONTEXT() REPRESENTATION_CONTEXT('2D SPACE',''
  ) );
#4913 = PCURVE('',#4728,#4914);
#4914 = DEFINITIONAL_REPRESENTATION('',(#4915),#4919);
#4915 = LINE('',#4916,#4917);
#4916 = CARTESIAN_POINT('',(0.,0.));
#4917 = VECTOR('',#4918,1.);
#4918 = DIRECTION('',(1.,0.));
#4919 = ( GEOMETRIC_REPRESENTATION_CONTEXT(2) 
PARAMETRIC_REPRESENTATION_CONTEXT() REPRESENTATION_CONTEXT('2D SPACE',''
  ) );
#4920 = ADVANCED_FACE('',(#4921),#4728,.T.);
#4921 = FACE_BOUND('',#4922,.T.);
#4922 = EDGE_LOOP('',(#4923,#4924,#4925,#4948));
#4923 = ORIENTED_EDGE('',*,*,#4900,.F.);
#4924 = ORIENTED_EDGE('',*,*,#4715,.T.);
#4925 = ORIENTED_EDGE('',*,*,#4926,.T.);
#4926 = EDGE_CURVE('',#4690,#4927,#4929,.T.);
#4927 = VERTEX_POINT('',#4928);
#4928 = CARTESIAN_POINT('',(-67.5,-58.5,2.15E+03));
#4929 = SURFACE_CURVE('',#4930,(#4934,#4941),.PCURVE_S1.);
#4930 = LINE('',#4931,#4932);
#4931 = CARTESIAN_POINT('',(-67.5,-58.5,1.95E+03));
#4932 = VECTOR('',#4933,1.);
#4933 = DIRECTION('',(0.,0.,1.));
#4934 = PCURVE('',#4728,#4935);
#4935 = DEFINITIONAL_REPRESENTATION('',(#4936),#4940);
#4936 = LINE('',#4937,#4938);
#4937 = CARTESIAN_POINT('',(0.,-3.));
#4938 = VECTOR('',#4939,1.);
#4939 = DIRECTION('',(1.,0.));
#4940 = ( GEOMETRIC_REPRESENTATION_CONTEXT(2) 
PARAMETRIC_REPRESENTATION_CONTEXT() REPRESENTATION_CONTEXT('2D SPACE',''
  ) );
#4941 = PCURVE('',#4704,#4942);
#4942 = DEFINITIONAL_REPRESENTATION('',(#4943),#4947);
#4943 = LINE('',#4944,#4945);
#4944 = CARTESIAN_POINT('',(0.,25.));
#4945 = VECTOR('',#4946,1.);
#4946 = DIRECTION('',(1.,0.));
#4947 = ( GEOMETRIC_REPRESENTATION_CONTEXT(2) 
PARAMETRIC_REPRESENTATION_CONTEXT() REPRESENTATION_CONTEXT('2D SPACE',''
  ) );
#4948 = ORIENTED_EDGE('',*,*,#4949,.F.);
#4949 = EDGE_CURVE('',#4873,#4927,#4950,.T.);
#4950 = SURFACE_CURVE('',#4951,(#4955,#4962),.PCURVE_S1.);
#4951 = LINE('',#4952,#4953);
#4952 = CARTESIAN_POINT('',(-67.5,-61.5,2.15E+03));
#4953 = VECTOR('',#4954,1.);
#4954 = DIRECTION('',(-0.,1.,0.));
#4955 = PCURVE('',#4728,#4956);
#4956 = DEFINITIONAL_REPRESENTATION('',(#4957),#4961);
#4957 = LINE('',#4958,#4959);
#4958 = CARTESIAN_POINT('',(200.,0.));
#4959 = VECTOR('',#4960,1.);
#4960 = DIRECTION('',(0.,-1.));
#4961 = ( GEOMETRIC_REPRESENTATION_CONTEXT(2) 
PARAMETRIC_REPRESENTATION_CONTEXT() REPRESENTATION_CONTEXT('2D SPACE',''
  ) );
#4962 = PCURVE('',#4888,#4963);
#4963 = DEFINITIONAL_REPRESENTATION('',(#4964),#4968);
#4964 = LINE('',#4965,#4966);
#4965 = CARTESIAN_POINT('',(25.,0.));
#4966 = VECTOR('',#4967,1.);
#4967 = DIRECTION('',(0.,1.));
#4968 = ( GEOMETRIC_REPRESENTATION_CONTEXT(2) 
PARAMETRIC_REPRESENTATION_CONTEXT() REPRESENTATION_CONTEXT('2D SPACE',''
  ) );
#4969 = ADVANCED_FACE('',(#4970),#4704,.T.);
#4970 = FACE_BOUND('',#4971,.T.);
#4971 = EDGE_LOOP('',(#4972,#4973,#4996,#5017));
#4972 = ORIENTED_EDGE('',*,*,#4689,.T.);
#4973 = ORIENTED_EDGE('',*,*,#4974,.T.);
#4974 = EDGE_CURVE('',#4664,#4975,#4977,.T.);
#4975 = VERTEX_POINT('',#4976);
#4976 = CARTESIAN_POINT('',(-92.5,-58.5,2.15E+03));
#4977 = SURFACE_CURVE('',#4978,(#4982,#4989),.PCURVE_S1.);
#4978 = LINE('',#4979,#4980);
#4979 = CARTESIAN_POINT('',(-92.5,-58.5,1.95E+03));
#4980 = VECTOR('',#4981,1.);
#4981 = DIRECTION('',(0.,0.,1.));
#4982 = PCURVE('',#4704,#4983);
#4983 = DEFINITIONAL_REPRESENTATION('',(#4984),#4988);
#4984 = LINE('',#4985,#4986);
#4985 = CARTESIAN_POINT('',(0.,0.));
#4986 = VECTOR('',#4987,1.);
#4987 = DIRECTION('',(1.,0.));
#4988 = ( GEOMETRIC_REPRESENTATION_CONTEXT(2) 
PARAMETRIC_REPRESENTATION_CONTEXT() REPRESENTATION_CONTEXT('2D SPACE',''
  ) );
#4989 = PCURVE('',#4678,#4990);
#4990 = DEFINITIONAL_REPRESENTATION('',(#4991),#4995);
#4991 = LINE('',#4992,#4993);
#4992 = CARTESIAN_POINT('',(0.,-3.));
#4993 = VECTOR('',#4994,1.);
#4994 = DIRECTION('',(1.,0.));
#4995 = ( GEOMETRIC_REPRESENTATION_CONTEXT(2) 
PARAMETRIC_REPRESENTATION_CONTEXT() REPRESENTATION_CONTEXT('2D SPACE',''
  ) );
#4996 = ORIENTED_EDGE('',*,*,#4997,.T.);
#4997 = EDGE_CURVE('',#4975,#4927,#4998,.T.);
#4998 = SURFACE_CURVE('',#4999,(#5003,#5010),.PCURVE_S1.);
#4999 = LINE('',#5000,#5001);
#5000 = CARTESIAN_POINT('',(-92.5,-58.5,2.15E+03));
#5001 = VECTOR('',#5002,1.);
#5002 = DIRECTION('',(1.,0.,-0.));
#5003 = PCURVE('',#4704,#5004);
#5004 = DEFINITIONAL_REPRESENTATION('',(#5005),#5009);
#5005 = LINE('',#5006,#5007);
#5006 = CARTESIAN_POINT('',(200.,0.));
#5007 = VECTOR('',#5008,1.);
#5008 = DIRECTION('',(0.,1.));
#5009 = ( GEOMETRIC_REPRESENTATION_CONTEXT(2) 
PARAMETRIC_REPRESENTATION_CONTEXT() REPRESENTATION_CONTEXT('2D SPACE',''
  ) );
#5010 = PCURVE('',#4888,#5011);
#5011 = DEFINITIONAL_REPRESENTATION('',(#5012),#5016);
#5012 = LINE('',#5013,#5014);
#5013 = CARTESIAN_POINT('',(0.,3.));
#5014 = VECTOR('',#5015,1.);
#5015 = DIRECTION('',(1.,0.));
#5016 = ( GEOMETRIC_REPRESENTATION_CONTEXT(2) 
PARAMETRIC_REPRESENTATION_CONTEXT() REPRESENTATION_CONTEXT('2D SPACE',''
  ) );
#5017 = ORIENTED_EDGE('',*,*,#4926,.F.);
#5018 = ADVANCED_FACE('',(#5019),#4678,.F.);
#5019 = FACE_BOUND('',#5020,.F.);
#5020 = EDGE_LOOP('',(#5021,#5022,#5023,#5024));
#5021 = ORIENTED_EDGE('',*,*,#4849,.F.);
#5022 = ORIENTED_EDGE('',*,*,#4663,.T.);
#5023 = ORIENTED_EDGE('',*,*,#4974,.T.);
#5024 = ORIENTED_EDGE('',*,*,#5025,.F.);
#5025 = EDGE_CURVE('',#4850,#4975,#5026,.T.);
#5026 = SURFACE_CURVE('',#5027,(#5031,#5038),.PCURVE_S1.);
#5027 = LINE('',#5028,#5029);
#5028 = CARTESIAN_POINT('',(-92.5,-61.5,2.15E+03));
#5029 = VECTOR('',#5030,1.);
#5030 = DIRECTION('',(-0.,1.,0.));
#5031 = PCURVE('',#4678,#5032);
#5032 = DEFINITIONAL_REPRESENTATION('',(#5033),#5037);
#5033 = LINE('',#5034,#5035);
#5034 = CARTESIAN_POINT('',(200.,0.));
#5035 = VECTOR('',#5036,1.);
#5036 = DIRECTION('',(0.,-1.));
#5037 = ( GEOMETRIC_REPRESENTATION_CONTEXT(2) 
PARAMETRIC_REPRESENTATION_CONTEXT() REPRESENTATION_CONTEXT('2D SPACE',''
  ) );
#5038 = PCURVE('',#4888,#5039);
#5039 = DEFINITIONAL_REPRESENTATION('',(#5040),#5044);
#5040 = LINE('',#5041,#5042);
#5041 = CARTESIAN_POINT('',(0.,0.));
#5042 = VECTOR('',#5043,1.);
#5043 = DIRECTION('',(0.,1.));
#5044 = ( GEOMETRIC_REPRESENTATION_CONTEXT(2) 
PARAMETRIC_REPRESENTATION_CONTEXT() REPRESENTATION_CONTEXT('2D SPACE',''
  ) );
#5045 = ADVANCED_FACE('',(#5046),#4758,.F.);
#5046 = FACE_BOUND('',#5047,.F.);
#5047 = EDGE_LOOP('',(#5048,#5049,#5072,#5100));
#5048 = ORIENTED_EDGE('',*,*,#4741,.T.);
#5049 = ORIENTED_EDGE('',*,*,#5050,.T.);
#5050 = EDGE_CURVE('',#4744,#5051,#5053,.T.);
#5051 = VERTEX_POINT('',#5052);
#5052 = CARTESIAN_POINT('',(67.5,-61.5,2.15E+03));
#5053 = SURFACE_CURVE('',#5054,(#5058,#5065),.PCURVE_S1.);
#5054 = LINE('',#5055,#5056);
#5055 = CARTESIAN_POINT('',(67.5,-61.5,1.95E+03));
#5056 = VECTOR('',#5057,1.);
#5057 = DIRECTION('',(0.,0.,1.));
#5058 = PCURVE('',#4758,#5059);
#5059 = DEFINITIONAL_REPRESENTATION('',(#5060),#5064);
#5060 = LINE('',#5061,#5062);
#5061 = CARTESIAN_POINT('',(0.,0.));
#5062 = VECTOR('',#5063,1.);
#5063 = DIRECTION('',(1.,0.));
#5064 = ( GEOMETRIC_REPRESENTATION_CONTEXT(2) 
PARAMETRIC_REPRESENTATION_CONTEXT() REPRESENTATION_CONTEXT('2D SPACE',''
  ) );
#5065 = PCURVE('',#4784,#5066);
#5066 = DEFINITIONAL_REPRESENTATION('',(#5067),#5071);
#5067 = LINE('',#5068,#5069);
#5068 = CARTESIAN_POINT('',(0.,0.));
#5069 = VECTOR('',#5070,1.);
#5070 = DIRECTION('',(1.,0.));
#5071 = ( GEOMETRIC_REPRESENTATION_CONTEXT(2) 
PARAMETRIC_REPRESENTATION_CONTEXT() REPRESENTATION_CONTEXT('2D SPACE',''
  ) );
#5072 = ORIENTED_EDGE('',*,*,#5073,.T.);
#5073 = EDGE_CURVE('',#5051,#5074,#5076,.T.);
#5074 = VERTEX_POINT('',#5075);
#5075 = CARTESIAN_POINT('',(92.5,-61.5,2.15E+03));
#5076 = SURFACE_CURVE('',#5077,(#5081,#5088),.PCURVE_S1.);
#5077 = LINE('',#5078,#5079);
#5078 = CARTESIAN_POINT('',(67.5,-61.5,2.15E+03));
#5079 = VECTOR('',#5080,1.);
#5080 = DIRECTION('',(1.,0.,-0.));
#5081 = PCURVE('',#4758,#5082);
#5082 = DEFINITIONAL_REPRESENTATION('',(#5083),#5087);
#5083 = LINE('',#5084,#5085);
#5084 = CARTESIAN_POINT('',(200.,0.));
#5085 = VECTOR('',#5086,1.);
#5086 = DIRECTION('',(0.,1.));
#5087 = ( GEOMETRIC_REPRESENTATION_CONTEXT(2) 
PARAMETRIC_REPRESENTATION_CONTEXT() REPRESENTATION_CONTEXT('2D SPACE',''
  ) );
#5088 = PCURVE('',#5089,#5094);
#5089 = PLANE('',#5090);
#5090 = AXIS2_PLACEMENT_3D('',#5091,#5092,#5093);
#5091 = CARTESIAN_POINT('',(67.5,-61.5,2.15E+03));
#5092 = DIRECTION('',(0.,0.,1.));
#5093 = DIRECTION('',(1.,0.,-0.));
#5094 = DEFINITIONAL_REPRESENTATION('',(#5095),#5099);
#5095 = LINE('',#5096,#5097);
#5096 = CARTESIAN_POINT('',(0.,0.));
#5097 = VECTOR('',#5098,1.);
#5098 = DIRECTION('',(1.,0.));
#5099 = ( GEOMETRIC_REPRESENTATION_CONTEXT(2) 
PARAMETRIC_REPRESENTATION_CONTEXT() REPRESENTATION_CONTEXT('2D SPACE',''
  ) );
#5100 = ORIENTED_EDGE('',*,*,#5101,.F.);
#5101 = EDGE_CURVE('',#4742,#5074,#5102,.T.);
#5102 = SURFACE_CURVE('',#5103,(#5107,#5114),.PCURVE_S1.);
#5103 = LINE('',#5104,#5105);
#5104 = CARTESIAN_POINT('',(92.5,-61.5,1.95E+03));
#5105 = VECTOR('',#5106,1.);
#5106 = DIRECTION('',(0.,0.,1.));
#5107 = PCURVE('',#4758,#5108);
#5108 = DEFINITIONAL_REPRESENTATION('',(#5109),#5113);
#5109 = LINE('',#5110,#5111);
#5110 = CARTESIAN_POINT('',(0.,25.));
#5111 = VECTOR('',#5112,1.);
#5112 = DIRECTION('',(1.,0.));
#5113 = ( GEOMETRIC_REPRESENTATION_CONTEXT(2) 
PARAMETRIC_REPRESENTATION_CONTEXT() REPRESENTATION_CONTEXT('2D SPACE',''
  ) );
#5114 = PCURVE('',#4834,#5115);
#5115 = DEFINITIONAL_REPRESENTATION('',(#5116),#5120);
#5116 = LINE('',#5117,#5118);
#5117 = CARTESIAN_POINT('',(0.,0.));
#5118 = VECTOR('',#5119,1.);
#5119 = DIRECTION('',(1.,0.));
#5120 = ( GEOMETRIC_REPRESENTATION_CONTEXT(2) 
PARAMETRIC_REPRESENTATION_CONTEXT() REPRESENTATION_CONTEXT('2D SPACE',''
  ) );
#5121 = ADVANCED_FACE('',(#5122),#4834,.T.);
#5122 = FACE_BOUND('',#5123,.T.);
#5123 = EDGE_LOOP('',(#5124,#5125,#5126,#5149));
#5124 = ORIENTED_EDGE('',*,*,#5101,.F.);
#5125 = ORIENTED_EDGE('',*,*,#4821,.T.);
#5126 = ORIENTED_EDGE('',*,*,#5127,.T.);
#5127 = EDGE_CURVE('',#4796,#5128,#5130,.T.);
#5128 = VERTEX_POINT('',#5129);
#5129 = CARTESIAN_POINT('',(92.5,-58.5,2.15E+03));
#5130 = SURFACE_CURVE('',#5131,(#5135,#5142),.PCURVE_S1.);
#5131 = LINE('',#5132,#5133);
#5132 = CARTESIAN_POINT('',(92.5,-58.5,1.95E+03));
#5133 = VECTOR('',#5134,1.);
#5134 = DIRECTION('',(0.,0.,1.));
#5135 = PCURVE('',#4834,#5136);
#5136 = DEFINITIONAL_REPRESENTATION('',(#5137),#5141);
#5137 = LINE('',#5138,#5139);
#5138 = CARTESIAN_POINT('',(0.,-3.));
#5139 = VECTOR('',#5140,1.);
#5140 = DIRECTION('',(1.,0.));
#5141 = ( GEOMETRIC_REPRESENTATION_CONTEXT(2) 
PARAMETRIC_REPRESENTATION_CONTEXT() REPRESENTATION_CONTEXT('2D SPACE',''
  ) );
#5142 = PCURVE('',#4810,#5143);
#5143 = DEFINITIONAL_REPRESENTATION('',(#5144),#5148);
#5144 = LINE('',#5145,#5146);
#5145 = CARTESIAN_POINT('',(0.,25.));
#5146 = VECTOR('',#5147,1.);
#5147 = DIRECTION('',(1.,0.));
#5148 = ( GEOMETRIC_REPRESENTATION_CONTEXT(2) 
PARAMETRIC_REPRESENTATION_CONTEXT() REPRESENTATION_CONTEXT('2D SPACE',''
  ) );
#5149 = ORIENTED_EDGE('',*,*,#5150,.F.);
#5150 = EDGE_CURVE('',#5074,#5128,#5151,.T.);
#5151 = SURFACE_CURVE('',#5152,(#5156,#5163),.PCURVE_S1.);
#5152 = LINE('',#5153,#5154);
#5153 = CARTESIAN_POINT('',(92.5,-61.5,2.15E+03));
#5154 = VECTOR('',#5155,1.);
#5155 = DIRECTION('',(-0.,1.,0.));
#5156 = PCURVE('',#4834,#5157);
#5157 = DEFINITIONAL_REPRESENTATION('',(#5158),#5162);
#5158 = LINE('',#5159,#5160);
#5159 = CARTESIAN_POINT('',(200.,0.));
#5160 = VECTOR('',#5161,1.);
#5161 = DIRECTION('',(0.,-1.));
#5162 = ( GEOMETRIC_REPRESENTATION_CONTEXT(2) 
PARAMETRIC_REPRESENTATION_CONTEXT() REPRESENTATION_CONTEXT('2D SPACE',''
  ) );
#5163 = PCURVE('',#5089,#5164);
#5164 = DEFINITIONAL_REPRESENTATION('',(#5165),#5169);
#5165 = LINE('',#5166,#5167);
#5166 = CARTESIAN_POINT('',(25.,0.));
#5167 = VECTOR('',#5168,1.);
#5168 = DIRECTION('',(0.,1.));
#5169 = ( GEOMETRIC_REPRESENTATION_CONTEXT(2) 
PARAMETRIC_REPRESENTATION_CONTEXT() REPRESENTATION_CONTEXT('2D SPACE',''
  ) );
#5170 = ADVANCED_FACE('',(#5171),#4810,.T.);
#5171 = FACE_BOUND('',#5172,.T.);
#5172 = EDGE_LOOP('',(#5173,#5174,#5197,#5218));
#5173 = ORIENTED_EDGE('',*,*,#4795,.T.);
#5174 = ORIENTED_EDGE('',*,*,#5175,.T.);
#5175 = EDGE_CURVE('',#4770,#5176,#5178,.T.);
#5176 = VERTEX_POINT('',#5177);
#5177 = CARTESIAN_POINT('',(67.5,-58.5,2.15E+03));
#5178 = SURFACE_CURVE('',#5179,(#5183,#5190),.PCURVE_S1.);
#5179 = LINE('',#5180,#5181);
#5180 = CARTESIAN_POINT('',(67.5,-58.5,1.95E+03));
#5181 = VECTOR('',#5182,1.);
#5182 = DIRECTION('',(0.,0.,1.));
#5183 = PCURVE('',#4810,#5184);
#5184 = DEFINITIONAL_REPRESENTATION('',(#5185),#5189);
#5185 = LINE('',#5186,#5187);
#5186 = CARTESIAN_POINT('',(0.,0.));
#5187 = VECTOR('',#5188,1.);
#5188 = DIRECTION('',(1.,0.));
#5189 = ( GEOMETRIC_REPRESENTATION_CONTEXT(2) 
PARAMETRIC_REPRESENTATION_CONTEXT() REPRESENTATION_CONTEXT('2D SPACE',''
  ) );
#5190 = PCURVE('',#4784,#5191);
#5191 = DEFINITIONAL_REPRESENTATION('',(#5192),#5196);
#5192 = LINE('',#5193,#5194);
#5193 = CARTESIAN_POINT('',(0.,-3.));
#5194 = VECTOR('',#5195,1.);
#5195 = DIRECTION('',(1.,0.));
#5196 = ( GEOMETRIC_REPRESENTATION_CONTEXT(2) 
PARAMETRIC_REPRESENTATION_CONTEXT() REPRESENTATION_CONTEXT('2D SPACE',''
  ) );
#5197 = ORIENTED_EDGE('',*,*,#5198,.T.);
#5198 = EDGE_CURVE('',#5176,#5128,#5199,.T.);
#5199 = SURFACE_CURVE('',#5200,(#5204,#5211),.PCURVE_S1.);
#5200 = LINE('',#5201,#5202);
#5201 = CARTESIAN_POINT('',(67.5,-58.5,2.15E+03));
#5202 = VECTOR('',#5203,1.);
#5203 = DIRECTION('',(1.,0.,-0.));
#5204 = PCURVE('',#4810,#5205);
#5205 = DEFINITIONAL_REPRESENTATION('',(#5206),#5210);
#5206 = LINE('',#5207,#5208);
#5207 = CARTESIAN_POINT('',(200.,0.));
#5208 = VECTOR('',#5209,1.);
#5209 = DIRECTION('',(0.,1.));
#5210 = ( GEOMETRIC_REPRESENTATION_CONTEXT(2) 
PARAMETRIC_REPRESENTATION_CONTEXT() REPRESENTATION_CONTEXT('2D SPACE',''
  ) );
#5211 = PCURVE('',#5089,#5212);
#5212 = DEFINITIONAL_REPRESENTATION('',(#5213),#5217);
#5213 = LINE('',#5214,#5215);
#5214 = CARTESIAN_POINT('',(0.,3.));
#5215 = VECTOR('',#5216,1.);
#5216 = DIRECTION('',(1.,0.));
#5217 = ( GEOMETRIC_REPRESENTATION_CONTEXT(2) 
PARAMETRIC_REPRESENTATION_CONTEXT() REPRESENTATION_CONTEXT('2D SPACE',''
  ) );
#5218 = ORIENTED_EDGE('',*,*,#5127,.F.);
#5219 = ADVANCED_FACE('',(#5220),#4784,.F.);
#5220 = FACE_BOUND('',#5221,.F.);
#5221 = EDGE_LOOP('',(#5222,#5223,#5224,#5225));
#5222 = ORIENTED_EDGE('',*,*,#5050,.F.);
#5223 = ORIENTED_EDGE('',*,*,#4769,.T.);
#5224 = ORIENTED_EDGE('',*,*,#5175,.T.);
#5225 = ORIENTED_EDGE('',*,*,#5226,.F.);
#5226 = EDGE_CURVE('',#5051,#5176,#5227,.T.);
#5227 = SURFACE_CURVE('',#5228,(#5232,#5239),.PCURVE_S1.);
#5228 = LINE('',#5229,#5230);
#5229 = CARTESIAN_POINT('',(67.5,-61.5,2.15E+03));
#5230 = VECTOR('',#5231,1.);
#5231 = DIRECTION('',(-0.,1.,0.));
#5232 = PCURVE('',#4784,#5233);
#5233 = DEFINITIONAL_REPRESENTATION('',(#5234),#5238);
#5234 = LINE('',#5235,#5236);
#5235 = CARTESIAN_POINT('',(200.,0.));
#5236 = VECTOR('',#5237,1.);
#5237 = DIRECTION('',(0.,-1.));
#5238 = ( GEOMETRIC_REPRESENTATION_CONTEXT(2) 
PARAMETRIC_REPRESENTATION_CONTEXT() REPRESENTATION_CONTEXT('2D SPACE',''
  ) );
#5239 = PCURVE('',#5089,#5240);
#5240 = DEFINITIONAL_REPRESENTATION('',(#5241),#5245);
#5241 = LINE('',#5242,#5243);
#5242 = CARTESIAN_POINT('',(0.,0.));
#5243 = VECTOR('',#5244,1.);
#5244 = DIRECTION('',(0.,1.));
#5245 = ( GEOMETRIC_REPRESENTATION_CONTEXT(2) 
PARAMETRIC_REPRESENTATION_CONTEXT() REPRESENTATION_CONTEXT('2D SPACE',''
  ) );
#5246 = ADVANCED_FACE('',(#5247),#4888,.T.);
#5247 = FACE_BOUND('',#5248,.T.);
#5248 = EDGE_LOOP('',(#5249,#5250,#5251,#5252));
#5249 = ORIENTED_EDGE('',*,*,#5025,.F.);
#5250 = ORIENTED_EDGE('',*,*,#4872,.T.);
#5251 = ORIENTED_EDGE('',*,*,#4949,.T.);
#5252 = ORIENTED_EDGE('',*,*,#4997,.F.);
#5253 = ADVANCED_FACE('',(#5254),#5089,.T.);
#5254 = FACE_BOUND('',#5255,.T.);
#5255 = EDGE_LOOP('',(#5256,#5257,#5258,#5259));
#5256 = ORIENTED_EDGE('',*,*,#5226,.F.);
#5257 = ORIENTED_EDGE('',*,*,#5073,.T.);
#5258 = ORIENTED_EDGE('',*,*,#5150,.T.);
#5259 = ORIENTED_EDGE('',*,*,#5198,.F.);
#5260 = ( GEOMETRIC_REPRESENTATION_CONTEXT(3) 
GLOBAL_UNCERTAINTY_ASSIGNED_CONTEXT((#5264)) 
GLOBAL_UNIT_ASSIGNED_CONTEXT((#5261,#5262,#5263)) REPRESENTATION_CONTEXT
('Context #1','3D Context with UNIT and UNCERTAINTY') );
#5261 = ( LENGTH_UNIT() NAMED_UNIT(*) SI_UNIT(.MILLI.,.METRE.) );
#5262 = ( NAMED_UNIT(*) PLANE_ANGLE_UNIT() SI_UNIT($,.RADIAN.) );
#5263 = ( NAMED_UNIT(*) SI_UNIT($,.STERADIAN.) SOLID_ANGLE_UNIT() );
#5264 = UNCERTAINTY_MEASURE_WITH_UNIT(LENGTH_MEASURE(2.E-07),#5261,
  'distance_accuracy_value','confusion accuracy');
#5265 = CONTEXT_DEPENDENT_SHAPE_REPRESENTATION(#5266,#5268);
#5266 = ( REPRESENTATION_RELATIONSHIP('','',#1493,#10) 
REPRESENTATION_RELATIONSHIP_WITH_TRANSFORMATION(#5267) 
SHAPE_REPRESENTATION_RELATIONSHIP() );
#5267 = ITEM_DEFINED_TRANSFORMATION('','',#11,#19);
#5268 = PRODUCT_DEFINITION_SHAPE('Placement','Placement of an item',
  #5269);
#5269 = NEXT_ASSEMBLY_USAGE_OCCURRENCE('9','=>[0:1:1:3]','',#5,#1488,$);
#5270 = PRODUCT_RELATED_PRODUCT_CATEGORY('part',$,(#1490));
#5271 = SHAPE_DEFINITION_REPRESENTATION(#5272,#5278);
#5272 = PRODUCT_DEFINITION_SHAPE('','',#5273);
#5273 = PRODUCT_DEFINITION('design','',#5274,#5277);
#5274 = PRODUCT_DEFINITION_FORMATION('','',#5275);
#5275 = PRODUCT('COMPOUND','COMPOUND','',(#5276));
#5276 = PRODUCT_CONTEXT('',#2,'mechanical');
#5277 = PRODUCT_DEFINITION_CONTEXT('part definition',#2,'design');
#5278 = SHAPE_REPRESENTATION('',(#11,#5279,#5793),#6123);
#5279 = MANIFOLD_SOLID_BREP('',#5280);
#5280 = CLOSED_SHELL('',(#5281,#5401,#5512,#5592,#5641,#5668,#5675,#5730
    ,#5785,#5789));
#5281 = ADVANCED_FACE('',(#5282),#5296,.F.);
#5282 = FACE_BOUND('',#5283,.F.);
#5283 = EDGE_LOOP('',(#5284,#5319,#5347,#5375));
#5284 = ORIENTED_EDGE('',*,*,#5285,.F.);
#5285 = EDGE_CURVE('',#5286,#5288,#5290,.T.);
#5286 = VERTEX_POINT('',#5287);
#5287 = CARTESIAN_POINT('',(-60.,-60.,3.2E+03));
#5288 = VERTEX_POINT('',#5289);
#5289 = CARTESIAN_POINT('',(-60.,-60.,3.32E+03));
#5290 = SURFACE_CURVE('',#5291,(#5295,#5307),.PCURVE_S1.);
#5291 = LINE('',#5292,#5293);
#5292 = CARTESIAN_POINT('',(-60.,-60.,3.2E+03));
#5293 = VECTOR('',#5294,1.);
#5294 = DIRECTION('',(0.,0.,1.));
#5295 = PCURVE('',#5296,#5301);
#5296 = PLANE('',#5297);
#5297 = AXIS2_PLACEMENT_3D('',#5298,#5299,#5300);
#5298 = CARTESIAN_POINT('',(-60.,-60.,3.2E+03));
#5299 = DIRECTION('',(1.,0.,-0.));
#5300 = DIRECTION('',(0.,0.,1.));
#5301 = DEFINITIONAL_REPRESENTATION('',(#5302),#5306);
#5302 = LINE('',#5303,#5304);
#5303 = CARTESIAN_POINT('',(0.,0.));
#5304 = VECTOR('',#5305,1.);
#5305 = DIRECTION('',(1.,0.));
#5306 = ( GEOMETRIC_REPRESENTATION_CONTEXT(2) 
PARAMETRIC_REPRESENTATION_CONTEXT() REPRESENTATION_CONTEXT('2D SPACE',''
  ) );
#5307 = PCURVE('',#5308,#5313);
#5308 = PLANE('',#5309);
#5309 = AXIS2_PLACEMENT_3D('',#5310,#5311,#5312);
#5310 = CARTESIAN_POINT('',(-60.,-60.,3.2E+03));
#5311 = DIRECTION('',(-0.,1.,0.));
#5312 = DIRECTION('',(0.,0.,1.));
#5313 = DEFINITIONAL_REPRESENTATION('',(#5314),#5318);
#5314 = LINE('',#5315,#5316);
#5315 = CARTESIAN_POINT('',(0.,0.));
#5316 = VECTOR('',#5317,1.);
#5317 = DIRECTION('',(1.,0.));
#5318 = ( GEOMETRIC_REPRESENTATION_CONTEXT(2) 
PARAMETRIC_REPRESENTATION_CONTEXT() REPRESENTATION_CONTEXT('2D SPACE',''
  ) );
#5319 = ORIENTED_EDGE('',*,*,#5320,.T.);
#5320 = EDGE_CURVE('',#5286,#5321,#5323,.T.);
#5321 = VERTEX_POINT('',#5322);
#5322 = CARTESIAN_POINT('',(-60.,60.,3.2E+03));
#5323 = SURFACE_CURVE('',#5324,(#5328,#5335),.PCURVE_S1.);
#5324 = LINE('',#5325,#5326);
#5325 = CARTESIAN_POINT('',(-60.,-60.,3.2E+03));
#5326 = VECTOR('',#5327,1.);
#5327 = DIRECTION('',(-0.,1.,0.));
#5328 = PCURVE('',#5296,#5329);
#5329 = DEFINITIONAL_REPRESENTATION('',(#5330),#5334);
#5330 = LINE('',#5331,#5332);
#5331 = CARTESIAN_POINT('',(0.,0.));
#5332 = VECTOR('',#5333,1.);
#5333 = DIRECTION('',(0.,-1.));
#5334 = ( GEOMETRIC_REPRESENTATION_CONTEXT(2) 
PARAMETRIC_REPRESENTATION_CONTEXT() REPRESENTATION_CONTEXT('2D SPACE',''
  ) );
#5335 = PCURVE('',#5336,#5341);
#5336 = PLANE('',#5337);
#5337 = AXIS2_PLACEMENT_3D('',#5338,#5339,#5340);
#5338 = CARTESIAN_POINT('',(-60.,-60.,3.2E+03));
#5339 = DIRECTION('',(0.,0.,1.));
#5340 = DIRECTION('',(1.,0.,-0.));
#5341 = DEFINITIONAL_REPRESENTATION('',(#5342),#5346);
#5342 = LINE('',#5343,#5344);
#5343 = CARTESIAN_POINT('',(0.,0.));
#5344 = VECTOR('',#5345,1.);
#5345 = DIRECTION('',(0.,1.));
#5346 = ( GEOMETRIC_REPRESENTATION_CONTEXT(2) 
PARAMETRIC_REPRESENTATION_CONTEXT() REPRESENTATION_CONTEXT('2D SPACE',''
  ) );
#5347 = ORIENTED_EDGE('',*,*,#5348,.T.);
#5348 = EDGE_CURVE('',#5321,#5349,#5351,.T.);
#5349 = VERTEX_POINT('',#5350);
#5350 = CARTESIAN_POINT('',(-60.,60.,3.32E+03));
#5351 = SURFACE_CURVE('',#5352,(#5356,#5363),.PCURVE_S1.);
#5352 = LINE('',#5353,#5354);
#5353 = CARTESIAN_POINT('',(-60.,60.,3.2E+03));
#5354 = VECTOR('',#5355,1.);
#5355 = DIRECTION('',(0.,0.,1.));
#5356 = PCURVE('',#5296,#5357);
#5357 = DEFINITIONAL_REPRESENTATION('',(#5358),#5362);
#5358 = LINE('',#5359,#5360);
#5359 = CARTESIAN_POINT('',(0.,-120.));
#5360 = VECTOR('',#5361,1.);
#5361 = DIRECTION('',(1.,0.));
#5362 = ( GEOMETRIC_REPRESENTATION_CONTEXT(2) 
PARAMETRIC_REPRESENTATION_CONTEXT() REPRESENTATION_CONTEXT('2D SPACE',''
  ) );
#5363 = PCURVE('',#5364,#5369);
#5364 = PLANE('',#5365);
#5365 = AXIS2_PLACEMENT_3D('',#5366,#5367,#5368);
#5366 = CARTESIAN_POINT('',(-60.,60.,3.2E+03));
#5367 = DIRECTION('',(-0.,1.,0.));
#5368 = DIRECTION('',(0.,0.,1.));
#5369 = DEFINITIONAL_REPRESENTATION('',(#5370),#5374);
#5370 = LINE('',#5371,#5372);
#5371 = CARTESIAN_POINT('',(0.,0.));
#5372 = VECTOR('',#5373,1.);
#5373 = DIRECTION('',(1.,0.));
#5374 = ( GEOMETRIC_REPRESENTATION_CONTEXT(2) 
PARAMETRIC_REPRESENTATION_CONTEXT() REPRESENTATION_CONTEXT('2D SPACE',''
  ) );
#5375 = ORIENTED_EDGE('',*,*,#5376,.F.);
#5376 = EDGE_CURVE('',#5288,#5349,#5377,.T.);
#5377 = SURFACE_CURVE('',#5378,(#5382,#5389),.PCURVE_S1.);
#5378 = LINE('',#5379,#5380);
#5379 = CARTESIAN_POINT('',(-60.,-60.,3.32E+03));
#5380 = VECTOR('',#5381,1.);
#5381 = DIRECTION('',(-0.,1.,0.));
#5382 = PCURVE('',#5296,#5383);
#5383 = DEFINITIONAL_REPRESENTATION('',(#5384),#5388);
#5384 = LINE('',#5385,#5386);
#5385 = CARTESIAN_POINT('',(120.,0.));
#5386 = VECTOR('',#5387,1.);
#5387 = DIRECTION('',(0.,-1.));
#5388 = ( GEOMETRIC_REPRESENTATION_CONTEXT(2) 
PARAMETRIC_REPRESENTATION_CONTEXT() REPRESENTATION_CONTEXT('2D SPACE',''
  ) );
#5389 = PCURVE('',#5390,#5395);
#5390 = PLANE('',#5391);
#5391 = AXIS2_PLACEMENT_3D('',#5392,#5393,#5394);
#5392 = CARTESIAN_POINT('',(-60.,-60.,3.32E+03));
#5393 = DIRECTION('',(0.,0.,1.));
#5394 = DIRECTION('',(1.,0.,-0.));
#5395 = DEFINITIONAL_REPRESENTATION('',(#5396),#5400);
#5396 = LINE('',#5397,#5398);
#5397 = CARTESIAN_POINT('',(0.,0.));
#5398 = VECTOR('',#5399,1.);
#5399 = DIRECTION('',(0.,1.));
#5400 = ( GEOMETRIC_REPRESENTATION_CONTEXT(2) 
PARAMETRIC_REPRESENTATION_CONTEXT() REPRESENTATION_CONTEXT('2D SPACE',''
  ) );
#5401 = ADVANCED_FACE('',(#5402,#5477),#5308,.F.);
#5402 = FACE_BOUND('',#5403,.F.);
#5403 = EDGE_LOOP('',(#5404,#5427,#5428,#5451));
#5404 = ORIENTED_EDGE('',*,*,#5405,.F.);
#5405 = EDGE_CURVE('',#5286,#5406,#5408,.T.);
#5406 = VERTEX_POINT('',#5407);
#5407 = CARTESIAN_POINT('',(60.,-60.,3.2E+03));
#5408 = SURFACE_CURVE('',#5409,(#5413,#5420),.PCURVE_S1.);
#5409 = LINE('',#5410,#5411);
#5410 = CARTESIAN_POINT('',(-60.,-60.,3.2E+03));
#5411 = VECTOR('',#5412,1.);
#5412 = DIRECTION('',(1.,0.,-0.));
#5413 = PCURVE('',#5308,#5414);
#5414 = DEFINITIONAL_REPRESENTATION('',(#5415),#5419);
#5415 = LINE('',#5416,#5417);
#5416 = CARTESIAN_POINT('',(0.,0.));
#5417 = VECTOR('',#5418,1.);
#5418 = DIRECTION('',(0.,1.));
#5419 = ( GEOMETRIC_REPRESENTATION_CONTEXT(2) 
PARAMETRIC_REPRESENTATION_CONTEXT() REPRESENTATION_CONTEXT('2D SPACE',''
  ) );
#5420 = PCURVE('',#5336,#5421);
#5421 = DEFINITIONAL_REPRESENTATION('',(#5422),#5426);
#5422 = LINE('',#5423,#5424);
#5423 = CARTESIAN_POINT('',(0.,0.));
#5424 = VECTOR('',#5425,1.);
#5425 = DIRECTION('',(1.,0.));
#5426 = ( GEOMETRIC_REPRESENTATION_CONTEXT(2) 
PARAMETRIC_REPRESENTATION_CONTEXT() REPRESENTATION_CONTEXT('2D SPACE',''
  ) );
#5427 = ORIENTED_EDGE('',*,*,#5285,.T.);
#5428 = ORIENTED_EDGE('',*,*,#5429,.T.);
#5429 = EDGE_CURVE('',#5288,#5430,#5432,.T.);
#5430 = VERTEX_POINT('',#5431);
#5431 = CARTESIAN_POINT('',(60.,-60.,3.32E+03));
#5432 = SURFACE_CURVE('',#5433,(#5437,#5444),.PCURVE_S1.);
#5433 = LINE('',#5434,#5435);
#5434 = CARTESIAN_POINT('',(-60.,-60.,3.32E+03));
#5435 = VECTOR('',#5436,1.);
#5436 = DIRECTION('',(1.,0.,-0.));
#5437 = PCURVE('',#5308,#5438);
#5438 = DEFINITIONAL_REPRESENTATION('',(#5439),#5443);
#5439 = LINE('',#5440,#5441);
#5440 = CARTESIAN_POINT('',(120.,0.));
#5441 = VECTOR('',#5442,1.);
#5442 = DIRECTION('',(0.,1.));
#5443 = ( GEOMETRIC_REPRESENTATION_CONTEXT(2) 
PARAMETRIC_REPRESENTATION_CONTEXT() REPRESENTATION_CONTEXT('2D SPACE',''
  ) );
#5444 = PCURVE('',#5390,#5445);
#5445 = DEFINITIONAL_REPRESENTATION('',(#5446),#5450);
#5446 = LINE('',#5447,#5448);
#5447 = CARTESIAN_POINT('',(0.,0.));
#5448 = VECTOR('',#5449,1.);
#5449 = DIRECTION('',(1.,0.));
#5450 = ( GEOMETRIC_REPRESENTATION_CONTEXT(2) 
PARAMETRIC_REPRESENTATION_CONTEXT() REPRESENTATION_CONTEXT('2D SPACE',''
  ) );
#5451 = ORIENTED_EDGE('',*,*,#5452,.F.);
#5452 = EDGE_CURVE('',#5406,#5430,#5453,.T.);
#5453 = SURFACE_CURVE('',#5454,(#5458,#5465),.PCURVE_S1.);
#5454 = LINE('',#5455,#5456);
#5455 = CARTESIAN_POINT('',(60.,-60.,3.2E+03));
#5456 = VECTOR('',#5457,1.);
#5457 = DIRECTION('',(0.,0.,1.));
#5458 = PCURVE('',#5308,#5459);
#5459 = DEFINITIONAL_REPRESENTATION('',(#5460),#5464);
#5460 = LINE('',#5461,#5462);
#5461 = CARTESIAN_POINT('',(0.,120.));
#5462 = VECTOR('',#5463,1.);
#5463 = DIRECTION('',(1.,0.));
#5464 = ( GEOMETRIC_REPRESENTATION_CONTEXT(2) 
PARAMETRIC_REPRESENTATION_CONTEXT() REPRESENTATION_CONTEXT('2D SPACE',''
  ) );
#5465 = PCURVE('',#5466,#5471);
#5466 = PLANE('',#5467);
#5467 = AXIS2_PLACEMENT_3D('',#5468,#5469,#5470);
#5468 = CARTESIAN_POINT('',(60.,-60.,3.2E+03));
#5469 = DIRECTION('',(1.,0.,-0.));
#5470 = DIRECTION('',(0.,0.,1.));
#5471 = DEFINITIONAL_REPRESENTATION('',(#5472),#5476);
#5472 = LINE('',#5473,#5474);
#5473 = CARTESIAN_POINT('',(0.,0.));
#5474 = VECTOR('',#5475,1.);
#5475 = DIRECTION('',(1.,0.));
#5476 = ( GEOMETRIC_REPRESENTATION_CONTEXT(2) 
PARAMETRIC_REPRESENTATION_CONTEXT() REPRESENTATION_CONTEXT('2D SPACE',''
  ) );
#5477 = FACE_BOUND('',#5478,.F.);
#5478 = EDGE_LOOP('',(#5479));
#5479 = ORIENTED_EDGE('',*,*,#5480,.T.);
#5480 = EDGE_CURVE('',#5481,#5481,#5483,.T.);
#5481 = VERTEX_POINT('',#5482);
#5482 = CARTESIAN_POINT('',(55.,-60.,3.26E+03));
#5483 = SURFACE_CURVE('',#5484,(#5489,#5500),.PCURVE_S1.);
#5484 = CIRCLE('',#5485,55.);
#5485 = AXIS2_PLACEMENT_3D('',#5486,#5487,#5488);
#5486 = CARTESIAN_POINT('',(0.,-60.,3.26E+03));
#5487 = DIRECTION('',(0.,-1.,2.22044604925E-16));
#5488 = DIRECTION('',(1.,0.,0.));
#5489 = PCURVE('',#5308,#5490);
#5490 = DEFINITIONAL_REPRESENTATION('',(#5491),#5499);
#5491 = ( BOUNDED_CURVE() B_SPLINE_CURVE(2,(#5492,#5493,#5494,#5495,
#5496,#5497,#5498),.UNSPECIFIED.,.T.,.F.) B_SPLINE_CURVE_WITH_KNOTS((1,2
    ,2,2,2,1),(-2.094395102393,0.,2.094395102393,4.188790204786,
6.28318530718,8.377580409573),.UNSPECIFIED.) CURVE() 
GEOMETRIC_REPRESENTATION_ITEM() RATIONAL_B_SPLINE_CURVE((1.,0.5,1.,0.5,
1.,0.5,1.)) REPRESENTATION_ITEM('') );
#5492 = CARTESIAN_POINT('',(60.,115.));
#5493 = CARTESIAN_POINT('',(155.26279441628,115.));
#5494 = CARTESIAN_POINT('',(107.63139720814,32.5));
#5495 = CARTESIAN_POINT('',(60.,-50.));
#5496 = CARTESIAN_POINT('',(12.368602791856,32.5));
#5497 = CARTESIAN_POINT('',(-35.26279441628,115.));
#5498 = CARTESIAN_POINT('',(60.,115.));
#5499 = ( GEOMETRIC_REPRESENTATION_CONTEXT(2) 
PARAMETRIC_REPRESENTATION_CONTEXT() REPRESENTATION_CONTEXT('2D SPACE',''
  ) );
#5500 = PCURVE('',#5501,#5506);
#5501 = CYLINDRICAL_SURFACE('',#5502,55.);
#5502 = AXIS2_PLACEMENT_3D('',#5503,#5504,#5505);
#5503 = CARTESIAN_POINT('',(0.,-60.,3.26E+03));
#5504 = DIRECTION('',(0.,-1.,2.22044604925E-16));
#5505 = DIRECTION('',(1.,0.,0.));
#5506 = DEFINITIONAL_REPRESENTATION('',(#5507),#5511);
#5507 = LINE('',#5508,#5509);
#5508 = CARTESIAN_POINT('',(0.,0.));
#5509 = VECTOR('',#5510,1.);
#5510 = DIRECTION('',(1.,0.));
#5511 = ( GEOMETRIC_REPRESENTATION_CONTEXT(2) 
PARAMETRIC_REPRESENTATION_CONTEXT() REPRESENTATION_CONTEXT('2D SPACE',''
  ) );
#5512 = ADVANCED_FACE('',(#5513,#5561),#5390,.T.);
#5513 = FACE_BOUND('',#5514,.T.);
#5514 = EDGE_LOOP('',(#5515,#5516,#5517,#5540));
#5515 = ORIENTED_EDGE('',*,*,#5376,.F.);
#5516 = ORIENTED_EDGE('',*,*,#5429,.T.);
#5517 = ORIENTED_EDGE('',*,*,#5518,.T.);
#5518 = EDGE_CURVE('',#5430,#5519,#5521,.T.);
#5519 = VERTEX_POINT('',#5520);
#5520 = CARTESIAN_POINT('',(60.,60.,3.32E+03));
#5521 = SURFACE_CURVE('',#5522,(#5526,#5533),.PCURVE_S1.);
#5522 = LINE('',#5523,#5524);
#5523 = CARTESIAN_POINT('',(60.,-60.,3.32E+03));
#5524 = VECTOR('',#5525,1.);
#5525 = DIRECTION('',(-0.,1.,0.));
#5526 = PCURVE('',#5390,#5527);
#5527 = DEFINITIONAL_REPRESENTATION('',(#5528),#5532);
#5528 = LINE('',#5529,#5530);
#5529 = CARTESIAN_POINT('',(120.,0.));
#5530 = VECTOR('',#5531,1.);
#5531 = DIRECTION('',(0.,1.));
#5532 = ( GEOMETRIC_REPRESENTATION_CONTEXT(2) 
PARAMETRIC_REPRESENTATION_CONTEXT() REPRESENTATION_CONTEXT('2D SPACE',''
  ) );
#5533 = PCURVE('',#5466,#5534);
#5534 = DEFINITIONAL_REPRESENTATION('',(#5535),#5539);
#5535 = LINE('',#5536,#5537);
#5536 = CARTESIAN_POINT('',(120.,0.));
#5537 = VECTOR('',#5538,1.);
#5538 = DIRECTION('',(0.,-1.));
#5539 = ( GEOMETRIC_REPRESENTATION_CONTEXT(2) 
PARAMETRIC_REPRESENTATION_CONTEXT() REPRESENTATION_CONTEXT('2D SPACE',''
  ) );
#5540 = ORIENTED_EDGE('',*,*,#5541,.F.);
#5541 = EDGE_CURVE('',#5349,#5519,#5542,.T.);
#5542 = SURFACE_CURVE('',#5543,(#5547,#5554),.PCURVE_S1.);
#5543 = LINE('',#5544,#5545);
#5544 = CARTESIAN_POINT('',(-60.,60.,3.32E+03));
#5545 = VECTOR('',#5546,1.);
#5546 = DIRECTION('',(1.,0.,-0.));
#5547 = PCURVE('',#5390,#5548);
#5548 = DEFINITIONAL_REPRESENTATION('',(#5549),#5553);
#5549 = LINE('',#5550,#5551);
#5550 = CARTESIAN_POINT('',(0.,120.));
#5551 = VECTOR('',#5552,1.);
#5552 = DIRECTION('',(1.,0.));
#5553 = ( GEOMETRIC_REPRESENTATION_CONTEXT(2) 
PARAMETRIC_REPRESENTATION_CONTEXT() REPRESENTATION_CONTEXT('2D SPACE',''
  ) );
#5554 = PCURVE('',#5364,#5555);
#5555 = DEFINITIONAL_REPRESENTATION('',(#5556),#5560);
#5556 = LINE('',#5557,#5558);
#5557 = CARTESIAN_POINT('',(120.,0.));
#5558 = VECTOR('',#5559,1.);
#5559 = DIRECTION('',(0.,1.));
#5560 = ( GEOMETRIC_REPRESENTATION_CONTEXT(2) 
PARAMETRIC_REPRESENTATION_CONTEXT() REPRESENTATION_CONTEXT('2D SPACE',''
  ) );
#5561 = FACE_BOUND('',#5562,.T.);
#5562 = EDGE_LOOP('',(#5563));
#5563 = ORIENTED_EDGE('',*,*,#5564,.F.);
#5564 = EDGE_CURVE('',#5565,#5565,#5567,.T.);
#5565 = VERTEX_POINT('',#5566);
#5566 = CARTESIAN_POINT('',(55.,-1.347111479062E-14,3.32E+03));
#5567 = SURFACE_CURVE('',#5568,(#5573,#5580),.PCURVE_S1.);
#5568 = CIRCLE('',#5569,55.);
#5569 = AXIS2_PLACEMENT_3D('',#5570,#5571,#5572);
#5570 = CARTESIAN_POINT('',(0.,0.,3.32E+03));
#5571 = DIRECTION('',(0.,0.,1.));
#5572 = DIRECTION('',(1.,0.,-0.));
#5573 = PCURVE('',#5390,#5574);
#5574 = DEFINITIONAL_REPRESENTATION('',(#5575),#5579);
#5575 = CIRCLE('',#5576,55.);
#5576 = AXIS2_PLACEMENT_2D('',#5577,#5578);
#5577 = CARTESIAN_POINT('',(60.,60.));
#5578 = DIRECTION('',(1.,0.));
#5579 = ( GEOMETRIC_REPRESENTATION_CONTEXT(2) 
PARAMETRIC_REPRESENTATION_CONTEXT() REPRESENTATION_CONTEXT('2D SPACE',''
  ) );
#5580 = PCURVE('',#5581,#5586);
#5581 = CYLINDRICAL_SURFACE('',#5582,55.);
#5582 = AXIS2_PLACEMENT_3D('',#5583,#5584,#5585);
#5583 = CARTESIAN_POINT('',(0.,0.,3.32E+03));
#5584 = DIRECTION('',(0.,0.,1.));
#5585 = DIRECTION('',(1.,0.,-0.));
#5586 = DEFINITIONAL_REPRESENTATION('',(#5587),#5591);
#5587 = LINE('',#5588,#5589);
#5588 = CARTESIAN_POINT('',(0.,0.));
#5589 = VECTOR('',#5590,1.);
#5590 = DIRECTION('',(1.,0.));
#5591 = ( GEOMETRIC_REPRESENTATION_CONTEXT(2) 
PARAMETRIC_REPRESENTATION_CONTEXT() REPRESENTATION_CONTEXT('2D SPACE',''
  ) );
#5592 = ADVANCED_FACE('',(#5593),#5364,.T.);
#5593 = FACE_BOUND('',#5594,.T.);
#5594 = EDGE_LOOP('',(#5595,#5618,#5619,#5620));
#5595 = ORIENTED_EDGE('',*,*,#5596,.F.);
#5596 = EDGE_CURVE('',#5321,#5597,#5599,.T.);
#5597 = VERTEX_POINT('',#5598);
#5598 = CARTESIAN_POINT('',(60.,60.,3.2E+03));
#5599 = SURFACE_CURVE('',#5600,(#5604,#5611),.PCURVE_S1.);
#5600 = LINE('',#5601,#5602);
#5601 = CARTESIAN_POINT('',(-60.,60.,3.2E+03));
#5602 = VECTOR('',#5603,1.);
#5603 = DIRECTION('',(1.,0.,-0.));
#5604 = PCURVE('',#5364,#5605);
#5605 = DEFINITIONAL_REPRESENTATION('',(#5606),#5610);
#5606 = LINE('',#5607,#5608);
#5607 = CARTESIAN_POINT('',(0.,0.));
#5608 = VECTOR('',#5609,1.);
#5609 = DIRECTION('',(0.,1.));
#5610 = ( GEOMETRIC_REPRESENTATION_CONTEXT(2) 
PARAMETRIC_REPRESENTATION_CONTEXT() REPRESENTATION_CONTEXT('2D SPACE',''
  ) );
#5611 = PCURVE('',#5336,#5612);
#5612 = DEFINITIONAL_REPRESENTATION('',(#5613),#5617);
#5613 = LINE('',#5614,#5615);
#5614 = CARTESIAN_POINT('',(0.,120.));
#5615 = VECTOR('',#5616,1.);
#5616 = DIRECTION('',(1.,0.));
#5617 = ( GEOMETRIC_REPRESENTATION_CONTEXT(2) 
PARAMETRIC_REPRESENTATION_CONTEXT() REPRESENTATION_CONTEXT('2D SPACE',''
  ) );
#5618 = ORIENTED_EDGE('',*,*,#5348,.T.);
#5619 = ORIENTED_EDGE('',*,*,#5541,.T.);
#5620 = ORIENTED_EDGE('',*,*,#5621,.F.);
#5621 = EDGE_CURVE('',#5597,#5519,#5622,.T.);
#5622 = SURFACE_CURVE('',#5623,(#5627,#5634),.PCURVE_S1.);
#5623 = LINE('',#5624,#5625);
#5624 = CARTESIAN_POINT('',(60.,60.,3.2E+03));
#5625 = VECTOR('',#5626,1.);
#5626 = DIRECTION('',(0.,0.,1.));
#5627 = PCURVE('',#5364,#5628);
#5628 = DEFINITIONAL_REPRESENTATION('',(#5629),#5633);
#5629 = LINE('',#5630,#5631);
#5630 = CARTESIAN_POINT('',(0.,120.));
#5631 = VECTOR('',#5632,1.);
#5632 = DIRECTION('',(1.,0.));
#5633 = ( GEOMETRIC_REPRESENTATION_CONTEXT(2) 
PARAMETRIC_REPRESENTATION_CONTEXT() REPRESENTATION_CONTEXT('2D SPACE',''
  ) );
#5634 = PCURVE('',#5466,#5635);
#5635 = DEFINITIONAL_REPRESENTATION('',(#5636),#5640);
#5636 = LINE('',#5637,#5638);
#5637 = CARTESIAN_POINT('',(0.,-120.));
#5638 = VECTOR('',#5639,1.);
#5639 = DIRECTION('',(1.,0.));
#5640 = ( GEOMETRIC_REPRESENTATION_CONTEXT(2) 
PARAMETRIC_REPRESENTATION_CONTEXT() REPRESENTATION_CONTEXT('2D SPACE',''
  ) );
#5641 = ADVANCED_FACE('',(#5642),#5336,.F.);
#5642 = FACE_BOUND('',#5643,.F.);
#5643 = EDGE_LOOP('',(#5644,#5645,#5646,#5667));
#5644 = ORIENTED_EDGE('',*,*,#5320,.F.);
#5645 = ORIENTED_EDGE('',*,*,#5405,.T.);
#5646 = ORIENTED_EDGE('',*,*,#5647,.T.);
#5647 = EDGE_CURVE('',#5406,#5597,#5648,.T.);
#5648 = SURFACE_CURVE('',#5649,(#5653,#5660),.PCURVE_S1.);
#5649 = LINE('',#5650,#5651);
#5650 = CARTESIAN_POINT('',(60.,-60.,3.2E+03));
#5651 = VECTOR('',#5652,1.);
#5652 = DIRECTION('',(-0.,1.,0.));
#5653 = PCURVE('',#5336,#5654);
#5654 = DEFINITIONAL_REPRESENTATION('',(#5655),#5659);
#5655 = LINE('',#5656,#5657);
#5656 = CARTESIAN_POINT('',(120.,0.));
#5657 = VECTOR('',#5658,1.);
#5658 = DIRECTION('',(0.,1.));
#5659 = ( GEOMETRIC_REPRESENTATION_CONTEXT(2) 
PARAMETRIC_REPRESENTATION_CONTEXT() REPRESENTATION_CONTEXT('2D SPACE',''
  ) );
#5660 = PCURVE('',#5466,#5661);
#5661 = DEFINITIONAL_REPRESENTATION('',(#5662),#5666);
#5662 = LINE('',#5663,#5664);
#5663 = CARTESIAN_POINT('',(0.,0.));
#5664 = VECTOR('',#5665,1.);
#5665 = DIRECTION('',(0.,-1.));
#5666 = ( GEOMETRIC_REPRESENTATION_CONTEXT(2) 
PARAMETRIC_REPRESENTATION_CONTEXT() REPRESENTATION_CONTEXT('2D SPACE',''
  ) );
#5667 = ORIENTED_EDGE('',*,*,#5596,.F.);
#5668 = ADVANCED_FACE('',(#5669),#5466,.T.);
#5669 = FACE_BOUND('',#5670,.T.);
#5670 = EDGE_LOOP('',(#5671,#5672,#5673,#5674));
#5671 = ORIENTED_EDGE('',*,*,#5452,.F.);
#5672 = ORIENTED_EDGE('',*,*,#5647,.T.);
#5673 = ORIENTED_EDGE('',*,*,#5621,.T.);
#5674 = ORIENTED_EDGE('',*,*,#5518,.F.);
#5675 = ADVANCED_FACE('',(#5676),#5501,.T.);
#5676 = FACE_BOUND('',#5677,.T.);
#5677 = EDGE_LOOP('',(#5678,#5707,#5728,#5729));
#5678 = ORIENTED_EDGE('',*,*,#5679,.F.);
#5679 = EDGE_CURVE('',#5680,#5680,#5682,.T.);
#5680 = VERTEX_POINT('',#5681);
#5681 = CARTESIAN_POINT('',(55.,-200.,3.26E+03));
#5682 = SURFACE_CURVE('',#5683,(#5688,#5695),.PCURVE_S1.);
#5683 = CIRCLE('',#5684,55.);
#5684 = AXIS2_PLACEMENT_3D('',#5685,#5686,#5687);
#5685 = CARTESIAN_POINT('',(0.,-200.,3.26E+03));
#5686 = DIRECTION('',(0.,-1.,2.22044604925E-16));
#5687 = DIRECTION('',(1.,0.,0.));
#5688 = PCURVE('',#5501,#5689);
#5689 = DEFINITIONAL_REPRESENTATION('',(#5690),#5694);
#5690 = LINE('',#5691,#5692);
#5691 = CARTESIAN_POINT('',(0.,140.));
#5692 = VECTOR('',#5693,1.);
#5693 = DIRECTION('',(1.,0.));
#5694 = ( GEOMETRIC_REPRESENTATION_CONTEXT(2) 
PARAMETRIC_REPRESENTATION_CONTEXT() REPRESENTATION_CONTEXT('2D SPACE',''
  ) );
#5695 = PCURVE('',#5696,#5701);
#5696 = PLANE('',#5697);
#5697 = AXIS2_PLACEMENT_3D('',#5698,#5699,#5700);
#5698 = CARTESIAN_POINT('',(0.,-200.,3.26E+03));
#5699 = DIRECTION('',(0.,-1.,2.22044604925E-16));
#5700 = DIRECTION('',(1.,0.,0.));
#5701 = DEFINITIONAL_REPRESENTATION('',(#5702),#5706);
#5702 = CIRCLE('',#5703,55.);
#5703 = AXIS2_PLACEMENT_2D('',#5704,#5705);
#5704 = CARTESIAN_POINT('',(0.,0.));
#5705 = DIRECTION('',(1.,0.));
#5706 = ( GEOMETRIC_REPRESENTATION_CONTEXT(2) 
PARAMETRIC_REPRESENTATION_CONTEXT() REPRESENTATION_CONTEXT('2D SPACE',''
  ) );
#5707 = ORIENTED_EDGE('',*,*,#5708,.F.);
#5708 = EDGE_CURVE('',#5481,#5680,#5709,.T.);
#5709 = SEAM_CURVE('',#5710,(#5714,#5721),.PCURVE_S1.);
#5710 = LINE('',#5711,#5712);
#5711 = CARTESIAN_POINT('',(55.,-60.,3.26E+03));
#5712 = VECTOR('',#5713,1.);
#5713 = DIRECTION('',(0.,-1.,2.22044604925E-16));
#5714 = PCURVE('',#5501,#5715);
#5715 = DEFINITIONAL_REPRESENTATION('',(#5716),#5720);
#5716 = LINE('',#5717,#5718);
#5717 = CARTESIAN_POINT('',(6.28318530718,-0.));
#5718 = VECTOR('',#5719,1.);
#5719 = DIRECTION('',(0.,1.));
#5720 = ( GEOMETRIC_REPRESENTATION_CONTEXT(2) 
PARAMETRIC_REPRESENTATION_CONTEXT() REPRESENTATION_CONTEXT('2D SPACE',''
  ) );
#5721 = PCURVE('',#5501,#5722);
#5722 = DEFINITIONAL_REPRESENTATION('',(#5723),#5727);
#5723 = LINE('',#5724,#5725);
#5724 = CARTESIAN_POINT('',(0.,-0.));
#5725 = VECTOR('',#5726,1.);
#5726 = DIRECTION('',(0.,1.));
#5727 = ( GEOMETRIC_REPRESENTATION_CONTEXT(2) 
PARAMETRIC_REPRESENTATION_CONTEXT() REPRESENTATION_CONTEXT('2D SPACE',''
  ) );
#5728 = ORIENTED_EDGE('',*,*,#5480,.T.);
#5729 = ORIENTED_EDGE('',*,*,#5708,.T.);
#5730 = ADVANCED_FACE('',(#5731),#5581,.T.);
#5731 = FACE_BOUND('',#5732,.T.);
#5732 = EDGE_LOOP('',(#5733,#5762,#5783,#5784));
#5733 = ORIENTED_EDGE('',*,*,#5734,.F.);
#5734 = EDGE_CURVE('',#5735,#5735,#5737,.T.);
#5735 = VERTEX_POINT('',#5736);
#5736 = CARTESIAN_POINT('',(55.,-1.347111479062E-14,3.54E+03));
#5737 = SURFACE_CURVE('',#5738,(#5743,#5750),.PCURVE_S1.);
#5738 = CIRCLE('',#5739,55.);
#5739 = AXIS2_PLACEMENT_3D('',#5740,#5741,#5742);
#5740 = CARTESIAN_POINT('',(0.,0.,3.54E+03));
#5741 = DIRECTION('',(0.,0.,1.));
#5742 = DIRECTION('',(1.,0.,-0.));
#5743 = PCURVE('',#5581,#5744);
#5744 = DEFINITIONAL_REPRESENTATION('',(#5745),#5749);
#5745 = LINE('',#5746,#5747);
#5746 = CARTESIAN_POINT('',(0.,220.));
#5747 = VECTOR('',#5748,1.);
#5748 = DIRECTION('',(1.,0.));
#5749 = ( GEOMETRIC_REPRESENTATION_CONTEXT(2) 
PARAMETRIC_REPRESENTATION_CONTEXT() REPRESENTATION_CONTEXT('2D SPACE',''
  ) );
#5750 = PCURVE('',#5751,#5756);
#5751 = PLANE('',#5752);
#5752 = AXIS2_PLACEMENT_3D('',#5753,#5754,#5755);
#5753 = CARTESIAN_POINT('',(0.,0.,3.54E+03));
#5754 = DIRECTION('',(0.,0.,1.));
#5755 = DIRECTION('',(1.,0.,-0.));
#5756 = DEFINITIONAL_REPRESENTATION('',(#5757),#5761);
#5757 = CIRCLE('',#5758,55.);
#5758 = AXIS2_PLACEMENT_2D('',#5759,#5760);
#5759 = CARTESIAN_POINT('',(0.,0.));
#5760 = DIRECTION('',(1.,0.));
#5761 = ( GEOMETRIC_REPRESENTATION_CONTEXT(2) 
PARAMETRIC_REPRESENTATION_CONTEXT() REPRESENTATION_CONTEXT('2D SPACE',''
  ) );
#5762 = ORIENTED_EDGE('',*,*,#5763,.F.);
#5763 = EDGE_CURVE('',#5565,#5735,#5764,.T.);
#5764 = SEAM_CURVE('',#5765,(#5769,#5776),.PCURVE_S1.);
#5765 = LINE('',#5766,#5767);
#5766 = CARTESIAN_POINT('',(55.,-1.347111479062E-14,3.32E+03));
#5767 = VECTOR('',#5768,1.);
#5768 = DIRECTION('',(0.,0.,1.));
#5769 = PCURVE('',#5581,#5770);
#5770 = DEFINITIONAL_REPRESENTATION('',(#5771),#5775);
#5771 = LINE('',#5772,#5773);
#5772 = CARTESIAN_POINT('',(6.28318530718,-0.));
#5773 = VECTOR('',#5774,1.);
#5774 = DIRECTION('',(0.,1.));
#5775 = ( GEOMETRIC_REPRESENTATION_CONTEXT(2) 
PARAMETRIC_REPRESENTATION_CONTEXT() REPRESENTATION_CONTEXT('2D SPACE',''
  ) );
#5776 = PCURVE('',#5581,#5777);
#5777 = DEFINITIONAL_REPRESENTATION('',(#5778),#5782);
#5778 = LINE('',#5779,#5780);
#5779 = CARTESIAN_POINT('',(0.,-0.));
#5780 = VECTOR('',#5781,1.);
#5781 = DIRECTION('',(0.,1.));
#5782 = ( GEOMETRIC_REPRESENTATION_CONTEXT(2) 
PARAMETRIC_REPRESENTATION_CONTEXT() REPRESENTATION_CONTEXT('2D SPACE',''
  ) );
#5783 = ORIENTED_EDGE('',*,*,#5564,.T.);
#5784 = ORIENTED_EDGE('',*,*,#5763,.T.);
#5785 = ADVANCED_FACE('',(#5786),#5696,.T.);
#5786 = FACE_BOUND('',#5787,.T.);
#5787 = EDGE_LOOP('',(#5788));
#5788 = ORIENTED_EDGE('',*,*,#5679,.T.);
#5789 = ADVANCED_FACE('',(#5790),#5751,.T.);
#5790 = FACE_BOUND('',#5791,.T.);
#5791 = EDGE_LOOP('',(#5792));
#5792 = ORIENTED_EDGE('',*,*,#5734,.T.);
#5793 = MANIFOLD_SOLID_BREP('',#5794);
#5794 = CLOSED_SHELL('',(#5795,#5915,#6015,#6062,#6109,#6116));
#5795 = ADVANCED_FACE('',(#5796),#5810,.F.);
#5796 = FACE_BOUND('',#5797,.F.);
#5797 = EDGE_LOOP('',(#5798,#5833,#5861,#5889));
#5798 = ORIENTED_EDGE('',*,*,#5799,.F.);
#5799 = EDGE_CURVE('',#5800,#5802,#5804,.T.);
#5800 = VERTEX_POINT('',#5801);
#5801 = CARTESIAN_POINT('',(-50.,29.15,1.265E+03));
#5802 = VERTEX_POINT('',#5803);
#5803 = CARTESIAN_POINT('',(-50.,29.15,1.335E+03));
#5804 = SURFACE_CURVE('',#5805,(#5809,#5821),.PCURVE_S1.);
#5805 = LINE('',#5806,#5807);
#5806 = CARTESIAN_POINT('',(-50.,29.15,1.265E+03));
#5807 = VECTOR('',#5808,1.);
#5808 = DIRECTION('',(0.,0.,1.));
#5809 = PCURVE('',#5810,#5815);
#5810 = PLANE('',#5811);
#5811 = AXIS2_PLACEMENT_3D('',#5812,#5813,#5814);
#5812 = CARTESIAN_POINT('',(-50.,29.15,1.265E+03));
#5813 = DIRECTION('',(1.,0.,-0.));
#5814 = DIRECTION('',(0.,0.,1.));
#5815 = DEFINITIONAL_REPRESENTATION('',(#5816),#5820);
#5816 = LINE('',#5817,#5818);
#5817 = CARTESIAN_POINT('',(0.,0.));
#5818 = VECTOR('',#5819,1.);
#5819 = DIRECTION('',(1.,0.));
#5820 = ( GEOMETRIC_REPRESENTATION_CONTEXT(2) 
PARAMETRIC_REPRESENTATION_CONTEXT() REPRESENTATION_CONTEXT('2D SPACE',''
  ) );
#5821 = PCURVE('',#5822,#5827);
#5822 = PLANE('',#5823);
#5823 = AXIS2_PLACEMENT_3D('',#5824,#5825,#5826);
#5824 = CARTESIAN_POINT('',(-50.,29.15,1.265E+03));
#5825 = DIRECTION('',(-0.,1.,0.));
#5826 = DIRECTION('',(0.,0.,1.));
#5827 = DEFINITIONAL_REPRESENTATION('',(#5828),#5832);
#5828 = LINE('',#5829,#5830);
#5829 = CARTESIAN_POINT('',(0.,0.));
#5830 = VECTOR('',#5831,1.);
#5831 = DIRECTION('',(1.,0.));
#5832 = ( GEOMETRIC_REPRESENTATION_CONTEXT(2) 
PARAMETRIC_REPRESENTATION_CONTEXT() REPRESENTATION_CONTEXT('2D SPACE',''
  ) );
#5833 = ORIENTED_EDGE('',*,*,#5834,.T.);
#5834 = EDGE_CURVE('',#5800,#5835,#5837,.T.);
#5835 = VERTEX_POINT('',#5836);
#5836 = CARTESIAN_POINT('',(-50.,89.15,1.265E+03));
#5837 = SURFACE_CURVE('',#5838,(#5842,#5849),.PCURVE_S1.);
#5838 = LINE('',#5839,#5840);
#5839 = CARTESIAN_POINT('',(-50.,29.15,1.265E+03));
#5840 = VECTOR('',#5841,1.);
#5841 = DIRECTION('',(-0.,1.,0.));
#5842 = PCURVE('',#5810,#5843);
#5843 = DEFINITIONAL_REPRESENTATION('',(#5844),#5848);
#5844 = LINE('',#5845,#5846);
#5845 = CARTESIAN_POINT('',(0.,0.));
#5846 = VECTOR('',#5847,1.);
#5847 = DIRECTION('',(0.,-1.));
#5848 = ( GEOMETRIC_REPRESENTATION_CONTEXT(2) 
PARAMETRIC_REPRESENTATION_CONTEXT() REPRESENTATION_CONTEXT('2D SPACE',''
  ) );
#5849 = PCURVE('',#5850,#5855);
#5850 = PLANE('',#5851);
#5851 = AXIS2_PLACEMENT_3D('',#5852,#5853,#5854);
#5852 = CARTESIAN_POINT('',(-50.,29.15,1.265E+03));
#5853 = DIRECTION('',(0.,0.,1.));
#5854 = DIRECTION('',(1.,0.,-0.));
#5855 = DEFINITIONAL_REPRESENTATION('',(#5856),#5860);
#5856 = LINE('',#5857,#5858);
#5857 = CARTESIAN_POINT('',(0.,0.));
#5858 = VECTOR('',#5859,1.);
#5859 = DIRECTION('',(0.,1.));
#5860 = ( GEOMETRIC_REPRESENTATION_CONTEXT(2) 
PARAMETRIC_REPRESENTATION_CONTEXT() REPRESENTATION_CONTEXT('2D SPACE',''
  ) );
#5861 = ORIENTED_EDGE('',*,*,#5862,.T.);
#5862 = EDGE_CURVE('',#5835,#5863,#5865,.T.);
#5863 = VERTEX_POINT('',#5864);
#5864 = CARTESIAN_POINT('',(-50.,89.15,1.335E+03));
#5865 = SURFACE_CURVE('',#5866,(#5870,#5877),.PCURVE_S1.);
#5866 = LINE('',#5867,#5868);
#5867 = CARTESIAN_POINT('',(-50.,89.15,1.265E+03));
#5868 = VECTOR('',#5869,1.);
#5869 = DIRECTION('',(0.,0.,1.));
#5870 = PCURVE('',#5810,#5871);
#5871 = DEFINITIONAL_REPRESENTATION('',(#5872),#5876);
#5872 = LINE('',#5873,#5874);
#5873 = CARTESIAN_POINT('',(0.,-60.));
#5874 = VECTOR('',#5875,1.);
#5875 = DIRECTION('',(1.,0.));
#5876 = ( GEOMETRIC_REPRESENTATION_CONTEXT(2) 
PARAMETRIC_REPRESENTATION_CONTEXT() REPRESENTATION_CONTEXT('2D SPACE',''
  ) );
#5877 = PCURVE('',#5878,#5883);
#5878 = PLANE('',#5879);
#5879 = AXIS2_PLACEMENT_3D('',#5880,#5881,#5882);
#5880 = CARTESIAN_POINT('',(-50.,89.15,1.265E+03));
#5881 = DIRECTION('',(-0.,1.,0.));
#5882 = DIRECTION('',(0.,0.,1.));
#5883 = DEFINITIONAL_REPRESENTATION('',(#5884),#5888);
#5884 = LINE('',#5885,#5886);
#5885 = CARTESIAN_POINT('',(0.,0.));
#5886 = VECTOR('',#5887,1.);
#5887 = DIRECTION('',(1.,0.));
#5888 = ( GEOMETRIC_REPRESENTATION_CONTEXT(2) 
PARAMETRIC_REPRESENTATION_CONTEXT() REPRESENTATION_CONTEXT('2D SPACE',''
  ) );
#5889 = ORIENTED_EDGE('',*,*,#5890,.F.);
#5890 = EDGE_CURVE('',#5802,#5863,#5891,.T.);
#5891 = SURFACE_CURVE('',#5892,(#5896,#5903),.PCURVE_S1.);
#5892 = LINE('',#5893,#5894);
#5893 = CARTESIAN_POINT('',(-50.,29.15,1.335E+03));
#5894 = VECTOR('',#5895,1.);
#5895 = DIRECTION('',(-0.,1.,0.));
#5896 = PCURVE('',#5810,#5897);
#5897 = DEFINITIONAL_REPRESENTATION('',(#5898),#5902);
#5898 = LINE('',#5899,#5900);
#5899 = CARTESIAN_POINT('',(70.,0.));
#5900 = VECTOR('',#5901,1.);
#5901 = DIRECTION('',(0.,-1.));
#5902 = ( GEOMETRIC_REPRESENTATION_CONTEXT(2) 
PARAMETRIC_REPRESENTATION_CONTEXT() REPRESENTATION_CONTEXT('2D SPACE',''
  ) );
#5903 = PCURVE('',#5904,#5909);
#5904 = PLANE('',#5905);
#5905 = AXIS2_PLACEMENT_3D('',#5906,#5907,#5908);
#5906 = CARTESIAN_POINT('',(-50.,29.15,1.335E+03));
#5907 = DIRECTION('',(0.,0.,1.));
#5908 = DIRECTION('',(1.,0.,-0.));
#5909 = DEFINITIONAL_REPRESENTATION('',(#5910),#5914);
#5910 = LINE('',#5911,#5912);
#5911 = CARTESIAN_POINT('',(0.,0.));
#5912 = VECTOR('',#5913,1.);
#5913 = DIRECTION('',(0.,1.));
#5914 = ( GEOMETRIC_REPRESENTATION_CONTEXT(2) 
PARAMETRIC_REPRESENTATION_CONTEXT() REPRESENTATION_CONTEXT('2D SPACE',''
  ) );
#5915 = ADVANCED_FACE('',(#5916),#5930,.T.);
#5916 = FACE_BOUND('',#5917,.T.);
#5917 = EDGE_LOOP('',(#5918,#5948,#5971,#5994));
#5918 = ORIENTED_EDGE('',*,*,#5919,.F.);
#5919 = EDGE_CURVE('',#5920,#5922,#5924,.T.);
#5920 = VERTEX_POINT('',#5921);
#5921 = CARTESIAN_POINT('',(50.,29.15,1.265E+03));
#5922 = VERTEX_POINT('',#5923);
#5923 = CARTESIAN_POINT('',(50.,29.15,1.335E+03));
#5924 = SURFACE_CURVE('',#5925,(#5929,#5941),.PCURVE_S1.);
#5925 = LINE('',#5926,#5927);
#5926 = CARTESIAN_POINT('',(50.,29.15,1.265E+03));
#5927 = VECTOR('',#5928,1.);
#5928 = DIRECTION('',(0.,0.,1.));
#5929 = PCURVE('',#5930,#5935);
#5930 = PLANE('',#5931);
#5931 = AXIS2_PLACEMENT_3D('',#5932,#5933,#5934);
#5932 = CARTESIAN_POINT('',(50.,29.15,1.265E+03));
#5933 = DIRECTION('',(1.,0.,-0.));
#5934 = DIRECTION('',(0.,0.,1.));
#5935 = DEFINITIONAL_REPRESENTATION('',(#5936),#5940);
#5936 = LINE('',#5937,#5938);
#5937 = CARTESIAN_POINT('',(0.,0.));
#5938 = VECTOR('',#5939,1.);
#5939 = DIRECTION('',(1.,0.));
#5940 = ( GEOMETRIC_REPRESENTATION_CONTEXT(2) 
PARAMETRIC_REPRESENTATION_CONTEXT() REPRESENTATION_CONTEXT('2D SPACE',''
  ) );
#5941 = PCURVE('',#5822,#5942);
#5942 = DEFINITIONAL_REPRESENTATION('',(#5943),#5947);
#5943 = LINE('',#5944,#5945);
#5944 = CARTESIAN_POINT('',(0.,100.));
#5945 = VECTOR('',#5946,1.);
#5946 = DIRECTION('',(1.,0.));
#5947 = ( GEOMETRIC_REPRESENTATION_CONTEXT(2) 
PARAMETRIC_REPRESENTATION_CONTEXT() REPRESENTATION_CONTEXT('2D SPACE',''
  ) );
#5948 = ORIENTED_EDGE('',*,*,#5949,.T.);
#5949 = EDGE_CURVE('',#5920,#5950,#5952,.T.);
#5950 = VERTEX_POINT('',#5951);
#5951 = CARTESIAN_POINT('',(50.,89.15,1.265E+03));
#5952 = SURFACE_CURVE('',#5953,(#5957,#5964),.PCURVE_S1.);
#5953 = LINE('',#5954,#5955);
#5954 = CARTESIAN_POINT('',(50.,29.15,1.265E+03));
#5955 = VECTOR('',#5956,1.);
#5956 = DIRECTION('',(-0.,1.,0.));
#5957 = PCURVE('',#5930,#5958);
#5958 = DEFINITIONAL_REPRESENTATION('',(#5959),#5963);
#5959 = LINE('',#5960,#5961);
#5960 = CARTESIAN_POINT('',(0.,0.));
#5961 = VECTOR('',#5962,1.);
#5962 = DIRECTION('',(0.,-1.));
#5963 = ( GEOMETRIC_REPRESENTATION_CONTEXT(2) 
PARAMETRIC_REPRESENTATION_CONTEXT() REPRESENTATION_CONTEXT('2D SPACE',''
  ) );
#5964 = PCURVE('',#5850,#5965);
#5965 = DEFINITIONAL_REPRESENTATION('',(#5966),#5970);
#5966 = LINE('',#5967,#5968);
#5967 = CARTESIAN_POINT('',(100.,0.));
#5968 = VECTOR('',#5969,1.);
#5969 = DIRECTION('',(0.,1.));
#5970 = ( GEOMETRIC_REPRESENTATION_CONTEXT(2) 
PARAMETRIC_REPRESENTATION_CONTEXT() REPRESENTATION_CONTEXT('2D SPACE',''
  ) );
#5971 = ORIENTED_EDGE('',*,*,#5972,.T.);
#5972 = EDGE_CURVE('',#5950,#5973,#5975,.T.);
#5973 = VERTEX_POINT('',#5974);
#5974 = CARTESIAN_POINT('',(50.,89.15,1.335E+03));
#5975 = SURFACE_CURVE('',#5976,(#5980,#5987),.PCURVE_S1.);
#5976 = LINE('',#5977,#5978);
#5977 = CARTESIAN_POINT('',(50.,89.15,1.265E+03));
#5978 = VECTOR('',#5979,1.);
#5979 = DIRECTION('',(0.,0.,1.));
#5980 = PCURVE('',#5930,#5981);
#5981 = DEFINITIONAL_REPRESENTATION('',(#5982),#5986);
#5982 = LINE('',#5983,#5984);
#5983 = CARTESIAN_POINT('',(0.,-60.));
#5984 = VECTOR('',#5985,1.);
#5985 = DIRECTION('',(1.,0.));
#5986 = ( GEOMETRIC_REPRESENTATION_CONTEXT(2) 
PARAMETRIC_REPRESENTATION_CONTEXT() REPRESENTATION_CONTEXT('2D SPACE',''
  ) );
#5987 = PCURVE('',#5878,#5988);
#5988 = DEFINITIONAL_REPRESENTATION('',(#5989),#5993);
#5989 = LINE('',#5990,#5991);
#5990 = CARTESIAN_POINT('',(0.,100.));
#5991 = VECTOR('',#5992,1.);
#5992 = DIRECTION('',(1.,0.));
#5993 = ( GEOMETRIC_REPRESENTATION_CONTEXT(2) 
PARAMETRIC_REPRESENTATION_CONTEXT() REPRESENTATION_CONTEXT('2D SPACE',''
  ) );
#5994 = ORIENTED_EDGE('',*,*,#5995,.F.);
#5995 = EDGE_CURVE('',#5922,#5973,#5996,.T.);
#5996 = SURFACE_CURVE('',#5997,(#6001,#6008),.PCURVE_S1.);
#5997 = LINE('',#5998,#5999);
#5998 = CARTESIAN_POINT('',(50.,29.15,1.335E+03));
#5999 = VECTOR('',#6000,1.);
#6000 = DIRECTION('',(-0.,1.,0.));
#6001 = PCURVE('',#5930,#6002);
#6002 = DEFINITIONAL_REPRESENTATION('',(#6003),#6007);
#6003 = LINE('',#6004,#6005);
#6004 = CARTESIAN_POINT('',(70.,0.));
#6005 = VECTOR('',#6006,1.);
#6006 = DIRECTION('',(0.,-1.));
#6007 = ( GEOMETRIC_REPRESENTATION_CONTEXT(2) 
PARAMETRIC_REPRESENTATION_CONTEXT() REPRESENTATION_CONTEXT('2D SPACE',''
  ) );
#6008 = PCURVE('',#5904,#6009);
#6009 = DEFINITIONAL_REPRESENTATION('',(#6010),#6014);
#6010 = LINE('',#6011,#6012);
#6011 = CARTESIAN_POINT('',(100.,0.));
#6012 = VECTOR('',#6013,1.);
#6013 = DIRECTION('',(0.,1.));
#6014 = ( GEOMETRIC_REPRESENTATION_CONTEXT(2) 
PARAMETRIC_REPRESENTATION_CONTEXT() REPRESENTATION_CONTEXT('2D SPACE',''
  ) );
#6015 = ADVANCED_FACE('',(#6016),#5822,.F.);
#6016 = FACE_BOUND('',#6017,.F.);
#6017 = EDGE_LOOP('',(#6018,#6039,#6040,#6061));
#6018 = ORIENTED_EDGE('',*,*,#6019,.F.);
#6019 = EDGE_CURVE('',#5800,#5920,#6020,.T.);
#6020 = SURFACE_CURVE('',#6021,(#6025,#6032),.PCURVE_S1.);
#6021 = LINE('',#6022,#6023);
#6022 = CARTESIAN_POINT('',(-50.,29.15,1.265E+03));
#6023 = VECTOR('',#6024,1.);
#6024 = DIRECTION('',(1.,0.,-0.));
#6025 = PCURVE('',#5822,#6026);
#6026 = DEFINITIONAL_REPRESENTATION('',(#6027),#6031);
#6027 = LINE('',#6028,#6029);
#6028 = CARTESIAN_POINT('',(0.,0.));
#6029 = VECTOR('',#6030,1.);
#6030 = DIRECTION('',(0.,1.));
#6031 = ( GEOMETRIC_REPRESENTATION_CONTEXT(2) 
PARAMETRIC_REPRESENTATION_CONTEXT() REPRESENTATION_CONTEXT('2D SPACE',''
  ) );
#6032 = PCURVE('',#5850,#6033);
#6033 = DEFINITIONAL_REPRESENTATION('',(#6034),#6038);
#6034 = LINE('',#6035,#6036);
#6035 = CARTESIAN_POINT('',(0.,0.));
#6036 = VECTOR('',#6037,1.);
#6037 = DIRECTION('',(1.,0.));
#6038 = ( GEOMETRIC_REPRESENTATION_CONTEXT(2) 
PARAMETRIC_REPRESENTATION_CONTEXT() REPRESENTATION_CONTEXT('2D SPACE',''
  ) );
#6039 = ORIENTED_EDGE('',*,*,#5799,.T.);
#6040 = ORIENTED_EDGE('',*,*,#6041,.T.);
#6041 = EDGE_CURVE('',#5802,#5922,#6042,.T.);
#6042 = SURFACE_CURVE('',#6043,(#6047,#6054),.PCURVE_S1.);
#6043 = LINE('',#6044,#6045);
#6044 = CARTESIAN_POINT('',(-50.,29.15,1.335E+03));
#6045 = VECTOR('',#6046,1.);
#6046 = DIRECTION('',(1.,0.,-0.));
#6047 = PCURVE('',#5822,#6048);
#6048 = DEFINITIONAL_REPRESENTATION('',(#6049),#6053);
#6049 = LINE('',#6050,#6051);
#6050 = CARTESIAN_POINT('',(70.,0.));
#6051 = VECTOR('',#6052,1.);
#6052 = DIRECTION('',(0.,1.));
#6053 = ( GEOMETRIC_REPRESENTATION_CONTEXT(2) 
PARAMETRIC_REPRESENTATION_CONTEXT() REPRESENTATION_CONTEXT('2D SPACE',''
  ) );
#6054 = PCURVE('',#5904,#6055);
#6055 = DEFINITIONAL_REPRESENTATION('',(#6056),#6060);
#6056 = LINE('',#6057,#6058);
#6057 = CARTESIAN_POINT('',(0.,0.));
#6058 = VECTOR('',#6059,1.);
#6059 = DIRECTION('',(1.,0.));
#6060 = ( GEOMETRIC_REPRESENTATION_CONTEXT(2) 
PARAMETRIC_REPRESENTATION_CONTEXT() REPRESENTATION_CONTEXT('2D SPACE',''
  ) );
#6061 = ORIENTED_EDGE('',*,*,#5919,.F.);
#6062 = ADVANCED_FACE('',(#6063),#5878,.T.);
#6063 = FACE_BOUND('',#6064,.T.);
#6064 = EDGE_LOOP('',(#6065,#6086,#6087,#6108));
#6065 = ORIENTED_EDGE('',*,*,#6066,.F.);
#6066 = EDGE_CURVE('',#5835,#5950,#6067,.T.);
#6067 = SURFACE_CURVE('',#6068,(#6072,#6079),.PCURVE_S1.);
#6068 = LINE('',#6069,#6070);
#6069 = CARTESIAN_POINT('',(-50.,89.15,1.265E+03));
#6070 = VECTOR('',#6071,1.);
#6071 = DIRECTION('',(1.,0.,-0.));
#6072 = PCURVE('',#5878,#6073);
#6073 = DEFINITIONAL_REPRESENTATION('',(#6074),#6078);
#6074 = LINE('',#6075,#6076);
#6075 = CARTESIAN_POINT('',(0.,0.));
#6076 = VECTOR('',#6077,1.);
#6077 = DIRECTION('',(0.,1.));
#6078 = ( GEOMETRIC_REPRESENTATION_CONTEXT(2) 
PARAMETRIC_REPRESENTATION_CONTEXT() REPRESENTATION_CONTEXT('2D SPACE',''
  ) );
#6079 = PCURVE('',#5850,#6080);
#6080 = DEFINITIONAL_REPRESENTATION('',(#6081),#6085);
#6081 = LINE('',#6082,#6083);
#6082 = CARTESIAN_POINT('',(0.,60.));
#6083 = VECTOR('',#6084,1.);
#6084 = DIRECTION('',(1.,0.));
#6085 = ( GEOMETRIC_REPRESENTATION_CONTEXT(2) 
PARAMETRIC_REPRESENTATION_CONTEXT() REPRESENTATION_CONTEXT('2D SPACE',''
  ) );
#6086 = ORIENTED_EDGE('',*,*,#5862,.T.);
#6087 = ORIENTED_EDGE('',*,*,#6088,.T.);
#6088 = EDGE_CURVE('',#5863,#5973,#6089,.T.);
#6089 = SURFACE_CURVE('',#6090,(#6094,#6101),.PCURVE_S1.);
#6090 = LINE('',#6091,#6092);
#6091 = CARTESIAN_POINT('',(-50.,89.15,1.335E+03));
#6092 = VECTOR('',#6093,1.);
#6093 = DIRECTION('',(1.,0.,-0.));
#6094 = PCURVE('',#5878,#6095);
#6095 = DEFINITIONAL_REPRESENTATION('',(#6096),#6100);
#6096 = LINE('',#6097,#6098);
#6097 = CARTESIAN_POINT('',(70.,0.));
#6098 = VECTOR('',#6099,1.);
#6099 = DIRECTION('',(0.,1.));
#6100 = ( GEOMETRIC_REPRESENTATION_CONTEXT(2) 
PARAMETRIC_REPRESENTATION_CONTEXT() REPRESENTATION_CONTEXT('2D SPACE',''
  ) );
#6101 = PCURVE('',#5904,#6102);
#6102 = DEFINITIONAL_REPRESENTATION('',(#6103),#6107);
#6103 = LINE('',#6104,#6105);
#6104 = CARTESIAN_POINT('',(0.,60.));
#6105 = VECTOR('',#6106,1.);
#6106 = DIRECTION('',(1.,0.));
#6107 = ( GEOMETRIC_REPRESENTATION_CONTEXT(2) 
PARAMETRIC_REPRESENTATION_CONTEXT() REPRESENTATION_CONTEXT('2D SPACE',''
  ) );
#6108 = ORIENTED_EDGE('',*,*,#5972,.F.);
#6109 = ADVANCED_FACE('',(#6110),#5850,.F.);
#6110 = FACE_BOUND('',#6111,.F.);
#6111 = EDGE_LOOP('',(#6112,#6113,#6114,#6115));
#6112 = ORIENTED_EDGE('',*,*,#5834,.F.);
#6113 = ORIENTED_EDGE('',*,*,#6019,.T.);
#6114 = ORIENTED_EDGE('',*,*,#5949,.T.);
#6115 = ORIENTED_EDGE('',*,*,#6066,.F.);
#6116 = ADVANCED_FACE('',(#6117),#5904,.T.);
#6117 = FACE_BOUND('',#6118,.T.);
#6118 = EDGE_LOOP('',(#6119,#6120,#6121,#6122));
#6119 = ORIENTED_EDGE('',*,*,#5890,.F.);
#6120 = ORIENTED_EDGE('',*,*,#6041,.T.);
#6121 = ORIENTED_EDGE('',*,*,#5995,.T.);
#6122 = ORIENTED_EDGE('',*,*,#6088,.F.);
#6123 = ( GEOMETRIC_REPRESENTATION_CONTEXT(3) 
GLOBAL_UNCERTAINTY_ASSIGNED_CONTEXT((#6127)) 
GLOBAL_UNIT_ASSIGNED_CONTEXT((#6124,#6125,#6126)) REPRESENTATION_CONTEXT
('Context #1','3D Context with UNIT and UNCERTAINTY') );
#6124 = ( LENGTH_UNIT() NAMED_UNIT(*) SI_UNIT(.MILLI.,.METRE.) );
#6125 = ( NAMED_UNIT(*) PLANE_ANGLE_UNIT() SI_UNIT($,.RADIAN.) );
#6126 = ( NAMED_UNIT(*) SI_UNIT($,.STERADIAN.) SOLID_ANGLE_UNIT() );
#6127 = UNCERTAINTY_MEASURE_WITH_UNIT(LENGTH_MEASURE(1.E-07),#6124,
  'distance_accuracy_value','confusion accuracy');
#6128 = CONTEXT_DEPENDENT_SHAPE_REPRESENTATION(#6129,#6131);
#6129 = ( REPRESENTATION_RELATIONSHIP('','',#5278,#10) 
REPRESENTATION_RELATIONSHIP_WITH_TRANSFORMATION(#6130) 
SHAPE_REPRESENTATION_RELATIONSHIP() );
#6130 = ITEM_DEFINED_TRANSFORMATION('','',#11,#23);
#6131 = PRODUCT_DEFINITION_SHAPE('Placement','Placement of an item',
  #6132);
#6132 = NEXT_ASSEMBLY_USAGE_OCCURRENCE('10','=>[0:1:1:4]','',#5,#5273,$
  );
#6133 = PRODUCT_RELATED_PRODUCT_CATEGORY('part',$,(#5275));
ENDSEC;
END-ISO-10303-21;
